symbol,tag,fvg_tf,ch_tf,buf,seg,n,fill,risk_bps,gross,fee,net,ctrl,win,zero,month,month_net
ADA,순수CHoCH,—,5m,0.0,전체,17774.0,0.9895885529758922,188.55958294387156,0.005344885788229999,0.04287805678533663,-0.037533170997106645,0.0012025993023517501,0.32631934286035785,0.02638685720715652,,
ADA,순수CHoCH,—,5m,0.0,홀드아웃 전,14639.0,0.9895885529758922,191.05382865807516,0.004235261971446137,0.04290212220630651,-0.03866686023486037,,0.32584192909351734,0.026709474690894186,,
ADA,순수CHoCH,—,5m,0.0,홀드아웃 12개월,3135.0,0.9895885529758922,178.2233361180719,0.010526315789473684,0.04276568240014428,-0.03223936661067059,,0.32854864433811803,0.024880382775119617,,
ADA,순수CHoCH,—,5m,0.0,월,,,,,,,,,,24258.0,-0.04980363242553315
ADA,순수CHoCH,—,5m,0.0,월,,,,,,,,,,24259.0,-0.0047590851064848415
ADA,순수CHoCH,—,5m,0.0,월,,,,,,,,,,24260.0,-0.06342909871614165
ADA,순수CHoCH,—,5m,0.0,월,,,,,,,,,,24261.0,0.11882165800907839
ADA,순수CHoCH,—,5m,0.0,월,,,,,,,,,,24262.0,-0.11644582004534962
ADA,순수CHoCH,—,5m,0.0,월,,,,,,,,,,24263.0,0.06657370587176874
ADA,순수CHoCH,—,5m,0.0,월,,,,,,,,,,24264.0,0.0011116598295283424
ADA,순수CHoCH,—,5m,0.0,월,,,,,,,,,,24265.0,0.01583503974440892
ADA,순수CHoCH,—,5m,0.0,월,,,,,,,,,,24266.0,-0.02829171288181774
ADA,순수CHoCH,—,5m,0.0,월,,,,,,,,,,24267.0,-0.005496536481879194
ADA,순수CHoCH,—,5m,0.0,월,,,,,,,,,,24268.0,0.06503624759447671
ADA,순수CHoCH,—,5m,0.0,월,,,,,,,,,,24269.0,-0.017750383066102396
ADA,순수CHoCH,—,5m,0.0,월,,,,,,,,,,24270.0,0.09808598402653791
ADA,순수CHoCH,—,5m,0.0,월,,,,,,,,,,24271.0,-0.10028101017801481
ADA,순수CHoCH,—,5m,0.0,월,,,,,,,,,,24272.0,-0.07507419711443737
ADA,순수CHoCH,—,5m,0.0,월,,,,,,,,,,24273.0,-0.13363910756999525
ADA,순수CHoCH,—,5m,0.0,월,,,,,,,,,,24274.0,0.026869754135581382
ADA,순수CHoCH,—,5m,0.0,월,,,,,,,,,,24275.0,-0.10931026852711986
ADA,순수CHoCH,—,5m,0.0,월,,,,,,,,,,24276.0,-0.12568581290962216
ADA,순수CHoCH,—,5m,0.0,월,,,,,,,,,,24277.0,-0.09298350168137547
ADA,순수CHoCH,—,5m,0.0,월,,,,,,,,,,24278.0,0.12289057790502723
ADA,순수CHoCH,—,5m,0.0,월,,,,,,,,,,24279.0,0.15053910723561686
ADA,순수CHoCH,—,5m,0.0,월,,,,,,,,,,24280.0,-0.014416562824187414
ADA,순수CHoCH,—,5m,0.0,월,,,,,,,,,,24281.0,-0.17175656490784477
ADA,순수CHoCH,—,5m,0.0,월,,,,,,,,,,24282.0,-0.05284969681740581
ADA,순수CHoCH,—,5m,0.0,월,,,,,,,,,,24283.0,-0.09030638476431853
ADA,순수CHoCH,—,5m,0.0,월,,,,,,,,,,24284.0,-0.15420331947832314
ADA,순수CHoCH,—,5m,0.0,월,,,,,,,,,,24285.0,-0.2517662664427242
ADA,순수CHoCH,—,5m,0.0,월,,,,,,,,,,24286.0,-0.09404046626744128
ADA,순수CHoCH,—,5m,0.0,월,,,,,,,,,,24287.0,0.023348299511373884
ADA,순수CHoCH,—,5m,0.0,월,,,,,,,,,,24288.0,0.101270130658971
ADA,순수CHoCH,—,5m,0.0,월,,,,,,,,,,24289.0,0.019921898722677873
ADA,순수CHoCH,—,5m,0.0,월,,,,,,,,,,24290.0,-0.1330116007747622
ADA,순수CHoCH,—,5m,0.0,월,,,,,,,,,,24291.0,0.0017719311450016763
ADA,순수CHoCH,—,5m,0.0,월,,,,,,,,,,24292.0,-0.08439731322881973
ADA,순수CHoCH,—,5m,0.0,월,,,,,,,,,,24293.0,-0.18828460479516768
ADA,순수CHoCH,—,5m,0.0,월,,,,,,,,,,24294.0,-0.07172106595206498
ADA,순수CHoCH,—,5m,0.0,월,,,,,,,,,,24295.0,0.18504469587889283
ADA,순수CHoCH,—,5m,0.0,월,,,,,,,,,,24296.0,0.03338926066712409
ADA,순수CHoCH,—,5m,0.0,월,,,,,,,,,,24297.0,-0.06755396303255148
ADA,순수CHoCH,—,5m,0.0,월,,,,,,,,,,24298.0,-0.10274729866955103
ADA,순수CHoCH,—,5m,0.0,월,,,,,,,,,,24299.0,0.09592228062155671
ADA,순수CHoCH,—,5m,0.0,월,,,,,,,,,,24300.0,-0.02996306803245358
ADA,순수CHoCH,—,5m,0.0,월,,,,,,,,,,24301.0,-0.030405643101003087
ADA,순수CHoCH,—,5m,0.0,월,,,,,,,,,,24302.0,-0.16776053276093955
ADA,순수CHoCH,—,5m,0.0,월,,,,,,,,,,24303.0,-0.19037528671522322
ADA,순수CHoCH,—,5m,0.0,월,,,,,,,,,,24304.0,-0.12650366888312933
ADA,순수CHoCH,—,5m,0.0,월,,,,,,,,,,24305.0,-0.017409006235579134
ADA,순수CHoCH,—,5m,0.0,월,,,,,,,,,,24306.0,-0.004117973750467073
ADA,순수CHoCH,—,5m,0.0,월,,,,,,,,,,24307.0,0.05179604362504362
ADA,순수CHoCH,—,5m,0.0,월,,,,,,,,,,24308.0,-0.11929392935036295
ADA,순수CHoCH,—,5m,0.0,월,,,,,,,,,,24309.0,0.017712011704132936
ADA,순수CHoCH,—,5m,0.0,월,,,,,,,,,,24310.0,-0.059360856090734146
ADA,순수CHoCH,—,5m,0.0,월,,,,,,,,,,24311.0,-0.0406373841079718
ADA,순수CHoCH,—,5m,0.0,월,,,,,,,,,,24312.0,0.06359333679010035
ADA,순수CHoCH,—,5m,0.0,월,,,,,,,,,,24313.0,-0.08448188510395796
ADA,순수CHoCH,—,5m,0.0,월,,,,,,,,,,24314.0,-0.03870280796554811
ADA,순수CHoCH,—,5m,0.0,월,,,,,,,,,,24315.0,-0.19275603464787233
ADA,순수CHoCH,—,5m,0.0,월,,,,,,,,,,24316.0,-0.0751338918229055
ADA,순수CHoCH,—,5m,0.0,월,,,,,,,,,,24317.0,-0.037961729634317515
ADA,순수CHoCH,—,5m,0.0,월,,,,,,,,,,24318.0,0.13233362720058592
ADA,순수CHoCH,—,15m,0.0,전체,6060.0,0.9879360939028367,215.1342024421993,0.005610561056105611,0.03652542553253704,-0.030914864476431433,0.007714521452145214,0.3264026402640264,0.026402640264026403,,
ADA,순수CHoCH,—,15m,0.0,홀드아웃 전,4935.0,0.9879360939028367,216.97707296084613,0.015400202634245188,0.03653962162400419,-0.021139418989759004,,0.32948328267477206,0.02695035460992908,,
ADA,순수CHoCH,—,15m,0.0,홀드아웃 12개월,1125.0,0.9879360939028367,209.0807868365709,-0.037333333333333336,0.03646315201130114,-0.07379648534463447,,0.3128888888888889,0.024,,
ADA,순수CHoCH,—,15m,0.0,월,,,,,,,,,,24258.0,0.08271915204972259
ADA,순수CHoCH,—,15m,0.0,월,,,,,,,,,,24259.0,-0.01352062790839977
ADA,순수CHoCH,—,15m,0.0,월,,,,,,,,,,24260.0,-0.11157247335158886
ADA,순수CHoCH,—,15m,0.0,월,,,,,,,,,,24261.0,0.07257905413826542
ADA,순수CHoCH,—,15m,0.0,월,,,,,,,,,,24262.0,0.07259510714682461
ADA,순수CHoCH,—,15m,0.0,월,,,,,,,,,,24263.0,-0.06392959131805453
ADA,순수CHoCH,—,15m,0.0,월,,,,,,,,,,24264.0,0.05066215142407521
ADA,순수CHoCH,—,15m,0.0,월,,,,,,,,,,24265.0,-0.07928370864001517
ADA,순수CHoCH,—,15m,0.0,월,,,,,,,,,,24266.0,0.05861225963437463
ADA,순수CHoCH,—,15m,0.0,월,,,,,,,,,,24267.0,0.06031710623971053
ADA,순수CHoCH,—,15m,0.0,월,,,,,,,,,,24268.0,0.07700646360615092
ADA,순수CHoCH,—,15m,0.0,월,,,,,,,,,,24269.0,0.019480157001385202
ADA,순수CHoCH,—,15m,0.0,월,,,,,,,,,,24270.0,0.1301850508970537
ADA,순수CHoCH,—,15m,0.0,월,,,,,,,,,,24271.0,0.12500855666122423
ADA,순수CHoCH,—,15m,0.0,월,,,,,,,,,,24272.0,-0.23644711803138402
ADA,순수CHoCH,—,15m,0.0,월,,,,,,,,,,24273.0,-0.1309717998982732
ADA,순수CHoCH,—,15m,0.0,월,,,,,,,,,,24274.0,0.06698050551190407
ADA,순수CHoCH,—,15m,0.0,월,,,,,,,,,,24275.0,-0.09361728966175789
ADA,순수CHoCH,—,15m,0.0,월,,,,,,,,,,24276.0,-0.03228517013827327
ADA,순수CHoCH,—,15m,0.0,월,,,,,,,,,,24277.0,-0.010835188949006671
ADA,순수CHoCH,—,15m,0.0,월,,,,,,,,,,24278.0,0.06253104256878401
ADA,순수CHoCH,—,15m,0.0,월,,,,,,,,,,24279.0,0.07562430297191254
ADA,순수CHoCH,—,15m,0.0,월,,,,,,,,,,24280.0,0.1781492281133091
ADA,순수CHoCH,—,15m,0.0,월,,,,,,,,,,24281.0,-0.11677530125096501
ADA,순수CHoCH,—,15m,0.0,월,,,,,,,,,,24282.0,-0.11311979673094898
ADA,순수CHoCH,—,15m,0.0,월,,,,,,,,,,24283.0,-0.10954937559878598
ADA,순수CHoCH,—,15m,0.0,월,,,,,,,,,,24284.0,-0.10549750240518896
ADA,순수CHoCH,—,15m,0.0,월,,,,,,,,,,24285.0,-0.28750159860567964
ADA,순수CHoCH,—,15m,0.0,월,,,,,,,,,,24286.0,-0.129823988595371
ADA,순수CHoCH,—,15m,0.0,월,,,,,,,,,,24287.0,-0.04350592132828796
ADA,순수CHoCH,—,15m,0.0,월,,,,,,,,,,24288.0,0.16092347695317713
ADA,순수CHoCH,—,15m,0.0,월,,,,,,,,,,24289.0,0.0670249171799559
ADA,순수CHoCH,—,15m,0.0,월,,,,,,,,,,24290.0,-0.14375009623691887
ADA,순수CHoCH,—,15m,0.0,월,,,,,,,,,,24291.0,0.08176864570320275
ADA,순수CHoCH,—,15m,0.0,월,,,,,,,,,,24292.0,-0.03166801534978705
ADA,순수CHoCH,—,15m,0.0,월,,,,,,,,,,24293.0,-0.12035731960783569
ADA,순수CHoCH,—,15m,0.0,월,,,,,,,,,,24294.0,0.12097390163689645
ADA,순수CHoCH,—,15m,0.0,월,,,,,,,,,,24295.0,0.28477171015671704
ADA,순수CHoCH,—,15m,0.0,월,,,,,,,,,,24296.0,0.06357862565055201
ADA,순수CHoCH,—,15m,0.0,월,,,,,,,,,,24297.0,-0.09016996154092212
ADA,순수CHoCH,—,15m,0.0,월,,,,,,,,,,24298.0,-0.02766421417419092
ADA,순수CHoCH,—,15m,0.0,월,,,,,,,,,,24299.0,0.10222331478266923
ADA,순수CHoCH,—,15m,0.0,월,,,,,,,,,,24300.0,-0.13679614121754438
ADA,순수CHoCH,—,15m,0.0,월,,,,,,,,,,24301.0,-0.03547587136847238
ADA,순수CHoCH,—,15m,0.0,월,,,,,,,,,,24302.0,-0.11092456998387784
ADA,순수CHoCH,—,15m,0.0,월,,,,,,,,,,24303.0,-0.16907989935629397
ADA,순수CHoCH,—,15m,0.0,월,,,,,,,,,,24304.0,-0.14789303749718827
ADA,순수CHoCH,—,15m,0.0,월,,,,,,,,,,24305.0,-0.11234207290964521
ADA,순수CHoCH,—,15m,0.0,월,,,,,,,,,,24306.0,-0.1043860638637133
ADA,순수CHoCH,—,15m,0.0,월,,,,,,,,,,24307.0,-0.031216488122585262
ADA,순수CHoCH,—,15m,0.0,월,,,,,,,,,,24308.0,-0.367980012354931
ADA,순수CHoCH,—,15m,0.0,월,,,,,,,,,,24309.0,-0.044701941328911185
ADA,순수CHoCH,—,15m,0.0,월,,,,,,,,,,24310.0,0.008275670440310976
ADA,순수CHoCH,—,15m,0.0,월,,,,,,,,,,24311.0,-0.0673403089922482
ADA,순수CHoCH,—,15m,0.0,월,,,,,,,,,,24312.0,0.0637400803805797
ADA,순수CHoCH,—,15m,0.0,월,,,,,,,,,,24313.0,-0.06954324510264476
ADA,순수CHoCH,—,15m,0.0,월,,,,,,,,,,24314.0,-0.030578296239271573
ADA,순수CHoCH,—,15m,0.0,월,,,,,,,,,,24315.0,-0.16561801458016848
ADA,순수CHoCH,—,15m,0.0,월,,,,,,,,,,24316.0,-0.032725340996783016
ADA,순수CHoCH,—,15m,0.0,월,,,,,,,,,,24317.0,-0.11636509282224493
ADA,순수CHoCH,—,15m,0.0,월,,,,,,,,,,24318.0,0.027605840354662927
ADA,순수CHoCH,—,1h,0.0,전체,1505.0,0.9830176355323318,328.4932159009768,-0.03122923588039867,0.023375385103590537,-0.0546046209839892,-0.008388704318936877,0.29833887043189367,0.07375415282392027,,
ADA,순수CHoCH,—,1h,0.0,홀드아웃 전,1204.0,0.9830176355323318,336.1014998486816,-0.013289036544850499,0.023183452405188133,-0.03647248895003863,,0.303156146179402,0.07724252491694353,,
ADA,순수CHoCH,—,1h,0.0,홀드아웃 12개월,301.0,0.9830176355323318,302.1641486320955,-0.10299003322259136,0.024143115897200165,-0.12713314911979157,,0.27906976744186046,0.059800664451827246,,
ADA,순수CHoCH,—,1h,0.0,월,,,,,,,,,,24258.0,-0.05164304717119332
ADA,순수CHoCH,—,1h,0.0,월,,,,,,,,,,24259.0,0.15622815785689487
ADA,순수CHoCH,—,1h,0.0,월,,,,,,,,,,24260.0,0.30557485555966685
ADA,순수CHoCH,—,1h,0.0,월,,,,,,,,,,24261.0,0.09116596972721405
ADA,순수CHoCH,—,1h,0.0,월,,,,,,,,,,24262.0,-0.11598852088661295
ADA,순수CHoCH,—,1h,0.0,월,,,,,,,,,,24263.0,-0.10431393494489964
ADA,순수CHoCH,—,1h,0.0,월,,,,,,,,,,24264.0,0.05690489412873453
ADA,순수CHoCH,—,1h,0.0,월,,,,,,,,,,24265.0,-0.12568983525297717
ADA,순수CHoCH,—,1h,0.0,월,,,,,,,,,,24266.0,-0.015366060922036002
ADA,순수CHoCH,—,1h,0.0,월,,,,,,,,,,24267.0,-0.25732212227766693
ADA,순수CHoCH,—,1h,0.0,월,,,,,,,,,,24268.0,-0.06814046270205674
ADA,순수CHoCH,—,1h,0.0,월,,,,,,,,,,24269.0,0.09254986614756795
ADA,순수CHoCH,—,1h,0.0,월,,,,,,,,,,24270.0,-0.05855183304646552
ADA,순수CHoCH,—,1h,0.0,월,,,,,,,,,,24271.0,0.13835565674951159
ADA,순수CHoCH,—,1h,0.0,월,,,,,,,,,,24272.0,-0.09908383322937828
ADA,순수CHoCH,—,1h,0.0,월,,,,,,,,,,24273.0,-0.42223681359900633
ADA,순수CHoCH,—,1h,0.0,월,,,,,,,,,,24274.0,0.3173790897431038
ADA,순수CHoCH,—,1h,0.0,월,,,,,,,,,,24275.0,0.17044177285587025
ADA,순수CHoCH,—,1h,0.0,월,,,,,,,,,,24276.0,-0.3428256441069823
ADA,순수CHoCH,—,1h,0.0,월,,,,,,,,,,24277.0,0.39567696276915765
ADA,순수CHoCH,—,1h,0.0,월,,,,,,,,,,24278.0,0.4490931070639229
ADA,순수CHoCH,—,1h,0.0,월,,,,,,,,,,24279.0,0.021151844731356118
ADA,순수CHoCH,—,1h,0.0,월,,,,,,,,,,24280.0,-0.07701541161884298
ADA,순수CHoCH,—,1h,0.0,월,,,,,,,,,,24281.0,-0.18040060700742186
ADA,순수CHoCH,—,1h,0.0,월,,,,,,,,,,24282.0,-0.12051883947559779
ADA,순수CHoCH,—,1h,0.0,월,,,,,,,,,,24283.0,0.09047548946546108
ADA,순수CHoCH,—,1h,0.0,월,,,,,,,,,,24284.0,0.05471622169703657
ADA,순수CHoCH,—,1h,0.0,월,,,,,,,,,,24285.0,-0.4831658056332676
ADA,순수CHoCH,—,1h,0.0,월,,,,,,,,,,24286.0,0.11209969032450776
ADA,순수CHoCH,—,1h,0.0,월,,,,,,,,,,24287.0,0.2527858583012115
ADA,순수CHoCH,—,1h,0.0,월,,,,,,,,,,24288.0,0.05940539473318204
ADA,순수CHoCH,—,1h,0.0,월,,,,,,,,,,24289.0,0.5043278216968154
ADA,순수CHoCH,—,1h,0.0,월,,,,,,,,,,24290.0,-0.10492771164830887
ADA,순수CHoCH,—,1h,0.0,월,,,,,,,,,,24291.0,0.20367218315785196
ADA,순수CHoCH,—,1h,0.0,월,,,,,,,,,,24292.0,-0.3079562093547319
ADA,순수CHoCH,—,1h,0.0,월,,,,,,,,,,24293.0,-0.37536476389202317
ADA,순수CHoCH,—,1h,0.0,월,,,,,,,,,,24294.0,-0.2644173869877105
ADA,순수CHoCH,—,1h,0.0,월,,,,,,,,,,24295.0,-0.40260095009333086
ADA,순수CHoCH,—,1h,0.0,월,,,,,,,,,,24296.0,0.023671343568493104
ADA,순수CHoCH,—,1h,0.0,월,,,,,,,,,,24297.0,-0.1129890480588772
ADA,순수CHoCH,—,1h,0.0,월,,,,,,,,,,24298.0,-0.2485119623371196
ADA,순수CHoCH,—,1h,0.0,월,,,,,,,,,,24299.0,0.3082999296233852
ADA,순수CHoCH,—,1h,0.0,월,,,,,,,,,,24300.0,-0.12471342590615858
ADA,순수CHoCH,—,1h,0.0,월,,,,,,,,,,24301.0,0.22386512737081143
ADA,순수CHoCH,—,1h,0.0,월,,,,,,,,,,24302.0,0.1219589556951278
ADA,순수CHoCH,—,1h,0.0,월,,,,,,,,,,24303.0,-0.07625084369712852
ADA,순수CHoCH,—,1h,0.0,월,,,,,,,,,,24304.0,-0.5103113068519803
ADA,순수CHoCH,—,1h,0.0,월,,,,,,,,,,24305.0,-0.11075230085298703
ADA,순수CHoCH,—,1h,0.0,월,,,,,,,,,,24306.0,-0.11921593853186299
ADA,순수CHoCH,—,1h,0.0,월,,,,,,,,,,24307.0,-0.08969948685266853
ADA,순수CHoCH,—,1h,0.0,월,,,,,,,,,,24308.0,-0.4074453810408365
ADA,순수CHoCH,—,1h,0.0,월,,,,,,,,,,24309.0,-0.15195732275415808
ADA,순수CHoCH,—,1h,0.0,월,,,,,,,,,,24310.0,0.038055136392712095
ADA,순수CHoCH,—,1h,0.0,월,,,,,,,,,,24311.0,-0.022337018181519324
ADA,순수CHoCH,—,1h,0.0,월,,,,,,,,,,24312.0,-0.018310608850811746
ADA,순수CHoCH,—,1h,0.0,월,,,,,,,,,,24313.0,-0.15345667801661744
ADA,순수CHoCH,—,1h,0.0,월,,,,,,,,,,24314.0,-0.23803672881794213
ADA,순수CHoCH,—,1h,0.0,월,,,,,,,,,,24315.0,-0.01994243373070239
ADA,순수CHoCH,—,1h,0.0,월,,,,,,,,,,24316.0,-0.25932211379757053
ADA,순수CHoCH,—,1h,0.0,월,,,,,,,,,,24317.0,0.07417058170480174
ADA,순수CHoCH,—,1h,0.0,월,,,,,,,,,,24318.0,-0.32200742101780466
ADA,스윕+CHoCH,1h,5m,0.0,전체,4844.0,0.9899856938483548,118.54038547187466,-0.0012386457473162675,0.06357565177353898,-0.06481429752085524,0.01912159372419488,0.33175061932287364,0.003509496284062758,,
ADA,스윕+CHoCH,1h,5m,0.0,홀드아웃 전,3955.0,0.9899856938483548,118.53959222380372,0.0,0.06424014099799752,-0.06424014099799752,,0.33223767383059416,0.0032869785082174463,,
ADA,스윕+CHoCH,1h,5m,0.0,홀드아웃 12개월,889.0,0.9899856938483548,118.58726475895973,-0.006749156355455568,0.06061945955449115,-0.06736861590994671,,0.3295838020247469,0.0044994375703037125,,
ADA,스윕+CHoCH,1h,5m,0.0,월,,,,,,,,,,24258.0,-0.055989099467629394
ADA,스윕+CHoCH,1h,5m,0.0,월,,,,,,,,,,24259.0,-0.262034958304139
ADA,스윕+CHoCH,1h,5m,0.0,월,,,,,,,,,,24260.0,-0.22081720756341788
ADA,스윕+CHoCH,1h,5m,0.0,월,,,,,,,,,,24261.0,0.42222253074447136
ADA,스윕+CHoCH,1h,5m,0.0,월,,,,,,,,,,24262.0,-0.20858756079233337
ADA,스윕+CHoCH,1h,5m,0.0,월,,,,,,,,,,24263.0,-0.15899565176719707
ADA,스윕+CHoCH,1h,5m,0.0,월,,,,,,,,,,24264.0,-0.08580867845490313
ADA,스윕+CHoCH,1h,5m,0.0,월,,,,,,,,,,24265.0,-0.008267905533242142
ADA,스윕+CHoCH,1h,5m,0.0,월,,,,,,,,,,24266.0,0.05070664926908369
ADA,스윕+CHoCH,1h,5m,0.0,월,,,,,,,,,,24267.0,-0.1668237848931031
ADA,스윕+CHoCH,1h,5m,0.0,월,,,,,,,,,,24268.0,-0.008176563427516548
ADA,스윕+CHoCH,1h,5m,0.0,월,,,,,,,,,,24269.0,0.20673996909122205
ADA,스윕+CHoCH,1h,5m,0.0,월,,,,,,,,,,24270.0,0.17544594035469227
ADA,스윕+CHoCH,1h,5m,0.0,월,,,,,,,,,,24271.0,-0.06616750825442615
ADA,스윕+CHoCH,1h,5m,0.0,월,,,,,,,,,,24272.0,-0.13523180033130716
ADA,스윕+CHoCH,1h,5m,0.0,월,,,,,,,,,,24273.0,-0.1681571902128442
ADA,스윕+CHoCH,1h,5m,0.0,월,,,,,,,,,,24274.0,-0.07304691037710881
ADA,스윕+CHoCH,1h,5m,0.0,월,,,,,,,,,,24275.0,-0.12442618750175051
ADA,스윕+CHoCH,1h,5m,0.0,월,,,,,,,,,,24276.0,-0.15134573631637502
ADA,스윕+CHoCH,1h,5m,0.0,월,,,,,,,,,,24277.0,0.1493299203077399
ADA,스윕+CHoCH,1h,5m,0.0,월,,,,,,,,,,24278.0,-0.1559468959644432
ADA,스윕+CHoCH,1h,5m,0.0,월,,,,,,,,,,24279.0,-0.03944266809426171
ADA,스윕+CHoCH,1h,5m,0.0,월,,,,,,,,,,24280.0,-0.027038364515337823
ADA,스윕+CHoCH,1h,5m,0.0,월,,,,,,,,,,24281.0,-0.19875100444650795
ADA,스윕+CHoCH,1h,5m,0.0,월,,,,,,,,,,24282.0,0.028979541674882633
ADA,스윕+CHoCH,1h,5m,0.0,월,,,,,,,,,,24283.0,-0.4086605919036642
ADA,스윕+CHoCH,1h,5m,0.0,월,,,,,,,,,,24284.0,-0.2928001920538907
ADA,스윕+CHoCH,1h,5m,0.0,월,,,,,,,,,,24285.0,-0.23931331615651408
ADA,스윕+CHoCH,1h,5m,0.0,월,,,,,,,,,,24286.0,-0.22337014097310645
ADA,스윕+CHoCH,1h,5m,0.0,월,,,,,,,,,,24287.0,0.11447884322286583
ADA,스윕+CHoCH,1h,5m,0.0,월,,,,,,,,,,24288.0,0.0614359910824619
ADA,스윕+CHoCH,1h,5m,0.0,월,,,,,,,,,,24289.0,-0.179425571116875
ADA,스윕+CHoCH,1h,5m,0.0,월,,,,,,,,,,24290.0,0.018625320968700725
ADA,스윕+CHoCH,1h,5m,0.0,월,,,,,,,,,,24291.0,0.03709264880774649
ADA,스윕+CHoCH,1h,5m,0.0,월,,,,,,,,,,24292.0,-0.092479533892476
ADA,스윕+CHoCH,1h,5m,0.0,월,,,,,,,,,,24293.0,-0.04574352835183734
ADA,스윕+CHoCH,1h,5m,0.0,월,,,,,,,,,,24294.0,-0.29695364657533485
ADA,스윕+CHoCH,1h,5m,0.0,월,,,,,,,,,,24295.0,0.05761263632889573
ADA,스윕+CHoCH,1h,5m,0.0,월,,,,,,,,,,24296.0,-0.1680886812492868
ADA,스윕+CHoCH,1h,5m,0.0,월,,,,,,,,,,24297.0,-0.0215217589012086
ADA,스윕+CHoCH,1h,5m,0.0,월,,,,,,,,,,24298.0,-0.23049337987427018
ADA,스윕+CHoCH,1h,5m,0.0,월,,,,,,,,,,24299.0,0.0782971459138683
ADA,스윕+CHoCH,1h,5m,0.0,월,,,,,,,,,,24300.0,0.0457227725223928
ADA,스윕+CHoCH,1h,5m,0.0,월,,,,,,,,,,24301.0,-0.13990784250084196
ADA,스윕+CHoCH,1h,5m,0.0,월,,,,,,,,,,24302.0,0.049449036074272014
ADA,스윕+CHoCH,1h,5m,0.0,월,,,,,,,,,,24303.0,-0.17512753499094832
ADA,스윕+CHoCH,1h,5m,0.0,월,,,,,,,,,,24304.0,-0.11489331995295783
ADA,스윕+CHoCH,1h,5m,0.0,월,,,,,,,,,,24305.0,0.22223344798361291
ADA,스윕+CHoCH,1h,5m,0.0,월,,,,,,,,,,24306.0,0.20294778364567634
ADA,스윕+CHoCH,1h,5m,0.0,월,,,,,,,,,,24307.0,0.017495565179634527
ADA,스윕+CHoCH,1h,5m,0.0,월,,,,,,,,,,24308.0,-0.09608511157885198
ADA,스윕+CHoCH,1h,5m,0.0,월,,,,,,,,,,24309.0,0.06026789006936156
ADA,스윕+CHoCH,1h,5m,0.0,월,,,,,,,,,,24310.0,0.043683889783513286
ADA,스윕+CHoCH,1h,5m,0.0,월,,,,,,,,,,24311.0,-0.1681191824837367
ADA,스윕+CHoCH,1h,5m,0.0,월,,,,,,,,,,24312.0,-0.10158775864654461
ADA,스윕+CHoCH,1h,5m,0.0,월,,,,,,,,,,24313.0,0.02336888833049293
ADA,스윕+CHoCH,1h,5m,0.0,월,,,,,,,,,,24314.0,-0.2296331470579558
ADA,스윕+CHoCH,1h,5m,0.0,월,,,,,,,,,,24315.0,-0.1561263689279609
ADA,스윕+CHoCH,1h,5m,0.0,월,,,,,,,,,,24316.0,-0.1971847222612867
ADA,스윕+CHoCH,1h,5m,0.0,월,,,,,,,,,,24317.0,0.07332072317953993
ADA,스윕+CHoCH,1h,5m,0.0,월,,,,,,,,,,24318.0,-0.15212905319505343
ADA,스윕+CHoCH,1h,5m,0.25,전체,5026.0,0.9895648749753888,123.72465008905087,-0.01432550736171906,0.06109363021007168,-0.07541913757179074,0.008232192598487864,0.32749701551929966,0.0031834460803820135,,
ADA,스윕+CHoCH,1h,5m,0.25,홀드아웃 전,4113.0,0.9895648749753888,123.13406899725659,-0.013858497447118891,0.0618277465827857,-0.07568624402990459,,0.3277413080476538,0.0029175784099197666,,
ADA,스윕+CHoCH,1h,5m,0.25,홀드아웃 12개월,913.0,0.9895648749753888,125.3663124369534,-0.01642935377875137,0.05778648821557787,-0.07421584199432926,,0.3263964950711939,0.004381161007667032,,
ADA,스윕+CHoCH,1h,5m,0.25,월,,,,,,,,,,24258.0,0.06671273843116643
ADA,스윕+CHoCH,1h,5m,0.25,월,,,,,,,,,,24259.0,-0.2529587862654274
ADA,스윕+CHoCH,1h,5m,0.25,월,,,,,,,,,,24260.0,-0.2128272986645863
ADA,스윕+CHoCH,1h,5m,0.25,월,,,,,,,,,,24261.0,0.3177217527025801
ADA,스윕+CHoCH,1h,5m,0.25,월,,,,,,,,,,24262.0,-0.18681680033822823
ADA,스윕+CHoCH,1h,5m,0.25,월,,,,,,,,,,24263.0,-0.06172378355715845
ADA,스윕+CHoCH,1h,5m,0.25,월,,,,,,,,,,24264.0,0.01922306259343816
ADA,스윕+CHoCH,1h,5m,0.25,월,,,,,,,,,,24265.0,-0.04108927613048325
ADA,스윕+CHoCH,1h,5m,0.25,월,,,,,,,,,,24266.0,-0.049905423167016724
ADA,스윕+CHoCH,1h,5m,0.25,월,,,,,,,,,,24267.0,-0.14964099624637783
ADA,스윕+CHoCH,1h,5m,0.25,월,,,,,,,,,,24268.0,-0.01630225135525485
ADA,스윕+CHoCH,1h,5m,0.25,월,,,,,,,,,,24269.0,0.198592768134046
ADA,스윕+CHoCH,1h,5m,0.25,월,,,,,,,,,,24270.0,0.24875588651755484
ADA,스윕+CHoCH,1h,5m,0.25,월,,,,,,,,,,24271.0,-0.12066021036100417
ADA,스윕+CHoCH,1h,5m,0.25,월,,,,,,,,,,24272.0,-0.184485180447212
ADA,스윕+CHoCH,1h,5m,0.25,월,,,,,,,,,,24273.0,-0.15958507394701413
ADA,스윕+CHoCH,1h,5m,0.25,월,,,,,,,,,,24274.0,-0.16067628412343862
ADA,스윕+CHoCH,1h,5m,0.25,월,,,,,,,,,,24275.0,-0.1754341273744968
ADA,스윕+CHoCH,1h,5m,0.25,월,,,,,,,,,,24276.0,-0.13041554760206492
ADA,스윕+CHoCH,1h,5m,0.25,월,,,,,,,,,,24277.0,0.07304237480653593
ADA,스윕+CHoCH,1h,5m,0.25,월,,,,,,,,,,24278.0,-0.10568454182221265
ADA,스윕+CHoCH,1h,5m,0.25,월,,,,,,,,,,24279.0,-0.023832602626189164
ADA,스윕+CHoCH,1h,5m,0.25,월,,,,,,,,,,24280.0,-0.05101050492343514
ADA,스윕+CHoCH,1h,5m,0.25,월,,,,,,,,,,24281.0,-0.145255427085352
ADA,스윕+CHoCH,1h,5m,0.25,월,,,,,,,,,,24282.0,0.005152553752694144
ADA,스윕+CHoCH,1h,5m,0.25,월,,,,,,,,,,24283.0,-0.35493437727785043
ADA,스윕+CHoCH,1h,5m,0.25,월,,,,,,,,,,24284.0,-0.257973309290748
ADA,스윕+CHoCH,1h,5m,0.25,월,,,,,,,,,,24285.0,-0.29762740619346156
ADA,스윕+CHoCH,1h,5m,0.25,월,,,,,,,,,,24286.0,-0.19335998917379185
ADA,스윕+CHoCH,1h,5m,0.25,월,,,,,,,,,,24287.0,0.11888171741995877
ADA,스윕+CHoCH,1h,5m,0.25,월,,,,,,,,,,24288.0,0.0736977771215821
ADA,스윕+CHoCH,1h,5m,0.25,월,,,,,,,,,,24289.0,-0.13761823848634908
ADA,스윕+CHoCH,1h,5m,0.25,월,,,,,,,,,,24290.0,-0.0358203536626243
ADA,스윕+CHoCH,1h,5m,0.25,월,,,,,,,,,,24291.0,0.011105768081261957
ADA,스윕+CHoCH,1h,5m,0.25,월,,,,,,,,,,24292.0,-0.1147102717832802
ADA,스윕+CHoCH,1h,5m,0.25,월,,,,,,,,,,24293.0,-0.12319997433612254
ADA,스윕+CHoCH,1h,5m,0.25,월,,,,,,,,,,24294.0,-0.25413564679698686
ADA,스윕+CHoCH,1h,5m,0.25,월,,,,,,,,,,24295.0,0.11765660292256085
ADA,스윕+CHoCH,1h,5m,0.25,월,,,,,,,,,,24296.0,-0.14983859888358486
ADA,스윕+CHoCH,1h,5m,0.25,월,,,,,,,,,,24297.0,-0.18664285173568312
ADA,스윕+CHoCH,1h,5m,0.25,월,,,,,,,,,,24298.0,-0.21285263923990336
ADA,스윕+CHoCH,1h,5m,0.25,월,,,,,,,,,,24299.0,0.07387628190031331
ADA,스윕+CHoCH,1h,5m,0.25,월,,,,,,,,,,24300.0,0.05719251885378384
ADA,스윕+CHoCH,1h,5m,0.25,월,,,,,,,,,,24301.0,-0.19483553463498976
ADA,스윕+CHoCH,1h,5m,0.25,월,,,,,,,,,,24302.0,-0.07842392952277623
ADA,스윕+CHoCH,1h,5m,0.25,월,,,,,,,,,,24303.0,-0.1567125296097655
ADA,스윕+CHoCH,1h,5m,0.25,월,,,,,,,,,,24304.0,-0.1773123249524568
ADA,스윕+CHoCH,1h,5m,0.25,월,,,,,,,,,,24305.0,0.08031875002537325
ADA,스윕+CHoCH,1h,5m,0.25,월,,,,,,,,,,24306.0,0.0757154826228182
ADA,스윕+CHoCH,1h,5m,0.25,월,,,,,,,,,,24307.0,0.008419058287912626
ADA,스윕+CHoCH,1h,5m,0.25,월,,,,,,,,,,24308.0,-0.1321615190506483
ADA,스윕+CHoCH,1h,5m,0.25,월,,,,,,,,,,24309.0,0.049310752566099646
ADA,스윕+CHoCH,1h,5m,0.25,월,,,,,,,,,,24310.0,0.05824849815045915
ADA,스윕+CHoCH,1h,5m,0.25,월,,,,,,,,,,24311.0,-0.1580193240425462
ADA,스윕+CHoCH,1h,5m,0.25,월,,,,,,,,,,24312.0,-0.15307977525874933
ADA,스윕+CHoCH,1h,5m,0.25,월,,,,,,,,,,24313.0,-0.01865830894084141
ADA,스윕+CHoCH,1h,5m,0.25,월,,,,,,,,,,24314.0,-0.14301947684465383
ADA,스윕+CHoCH,1h,5m,0.25,월,,,,,,,,,,24315.0,-0.1890930542333506
ADA,스윕+CHoCH,1h,5m,0.25,월,,,,,,,,,,24316.0,-0.20415531293973818
ADA,스윕+CHoCH,1h,5m,0.25,월,,,,,,,,,,24317.0,0.10252646039527837
ADA,스윕+CHoCH,1h,5m,0.25,월,,,,,,,,,,24318.0,-0.1325775744776586
ADA,스윕+CHoCH,1h,15m,0.0,전체,3834.0,0.9889089502192416,198.41530196264614,-0.0198226395409494,0.03947731962224141,-0.05929995916319081,-0.004140584246218049,0.31846635367762127,0.02477829942618675,,
ADA,스윕+CHoCH,1h,15m,0.0,홀드아웃 전,3120.0,0.9889089502192416,199.27737076636438,-0.02403846153846154,0.0399023705741029,-0.06394083211256445,,0.31666666666666665,0.025961538461538463,,
ADA,스윕+CHoCH,1h,15m,0.0,홀드아웃 12개월,714.0,0.9889089502192416,195.92554824650534,-0.0014005602240896359,0.03761995411830884,-0.03902051434239847,,0.32633053221288516,0.0196078431372549,,
ADA,스윕+CHoCH,1h,15m,0.0,월,,,,,,,,,,24258.0,-0.040238374147318894
ADA,스윕+CHoCH,1h,15m,0.0,월,,,,,,,,,,24259.0,-0.17991503948632034
ADA,스윕+CHoCH,1h,15m,0.0,월,,,,,,,,,,24260.0,-0.20617885150521859
ADA,스윕+CHoCH,1h,15m,0.0,월,,,,,,,,,,24261.0,-0.10298827588491923
ADA,스윕+CHoCH,1h,15m,0.0,월,,,,,,,,,,24262.0,0.08979239603425149
ADA,스윕+CHoCH,1h,15m,0.0,월,,,,,,,,,,24263.0,0.12303599584193824
ADA,스윕+CHoCH,1h,15m,0.0,월,,,,,,,,,,24264.0,0.09681081661974779
ADA,스윕+CHoCH,1h,15m,0.0,월,,,,,,,,,,24265.0,-0.15836585618758295
ADA,스윕+CHoCH,1h,15m,0.0,월,,,,,,,,,,24266.0,0.2975901198201827
ADA,스윕+CHoCH,1h,15m,0.0,월,,,,,,,,,,24267.0,0.10774640335846665
ADA,스윕+CHoCH,1h,15m,0.0,월,,,,,,,,,,24268.0,0.06049634652268689
ADA,스윕+CHoCH,1h,15m,0.0,월,,,,,,,,,,24269.0,0.009554301416407797
ADA,스윕+CHoCH,1h,15m,0.0,월,,,,,,,,,,24270.0,0.16878836164150351
ADA,스윕+CHoCH,1h,15m,0.0,월,,,,,,,,,,24271.0,0.14858888891571667
ADA,스윕+CHoCH,1h,15m,0.0,월,,,,,,,,,,24272.0,-0.34817866947986836
ADA,스윕+CHoCH,1h,15m,0.0,월,,,,,,,,,,24273.0,-0.3033092936706169
ADA,스윕+CHoCH,1h,15m,0.0,월,,,,,,,,,,24274.0,-0.26154989909816434
ADA,스윕+CHoCH,1h,15m,0.0,월,,,,,,,,,,24275.0,-0.1170571990759101
ADA,스윕+CHoCH,1h,15m,0.0,월,,,,,,,,,,24276.0,-0.21932131053545614
ADA,스윕+CHoCH,1h,15m,0.0,월,,,,,,,,,,24277.0,-0.040703064917438234
ADA,스윕+CHoCH,1h,15m,0.0,월,,,,,,,,,,24278.0,-0.14990640695148955
ADA,스윕+CHoCH,1h,15m,0.0,월,,,,,,,,,,24279.0,0.23862711534283784
ADA,스윕+CHoCH,1h,15m,0.0,월,,,,,,,,,,24280.0,0.10677730379296246
ADA,스윕+CHoCH,1h,15m,0.0,월,,,,,,,,,,24281.0,-0.19733073757572317
ADA,스윕+CHoCH,1h,15m,0.0,월,,,,,,,,,,24282.0,-0.04336744644775666
ADA,스윕+CHoCH,1h,15m,0.0,월,,,,,,,,,,24283.0,-0.10374111354333583
ADA,스윕+CHoCH,1h,15m,0.0,월,,,,,,,,,,24284.0,-0.13454931263281977
ADA,스윕+CHoCH,1h,15m,0.0,월,,,,,,,,,,24285.0,-0.2542317613954639
ADA,스윕+CHoCH,1h,15m,0.0,월,,,,,,,,,,24286.0,0.01044869306302653
ADA,스윕+CHoCH,1h,15m,0.0,월,,,,,,,,,,24287.0,-0.1554222717594565
ADA,스윕+CHoCH,1h,15m,0.0,월,,,,,,,,,,24288.0,0.1730148799396406
ADA,스윕+CHoCH,1h,15m,0.0,월,,,,,,,,,,24289.0,0.12599736466506523
ADA,스윕+CHoCH,1h,15m,0.0,월,,,,,,,,,,24290.0,-0.12586300760786756
ADA,스윕+CHoCH,1h,15m,0.0,월,,,,,,,,,,24291.0,-0.06144284759407702
ADA,스윕+CHoCH,1h,15m,0.0,월,,,,,,,,,,24292.0,-0.06932727474297568
ADA,스윕+CHoCH,1h,15m,0.0,월,,,,,,,,,,24293.0,-0.2562516844493515
ADA,스윕+CHoCH,1h,15m,0.0,월,,,,,,,,,,24294.0,-0.2354467004111627
ADA,스윕+CHoCH,1h,15m,0.0,월,,,,,,,,,,24295.0,0.17781006343585914
ADA,스윕+CHoCH,1h,15m,0.0,월,,,,,,,,,,24296.0,0.06210872016830717
ADA,스윕+CHoCH,1h,15m,0.0,월,,,,,,,,,,24297.0,-0.1775096973832483
ADA,스윕+CHoCH,1h,15m,0.0,월,,,,,,,,,,24298.0,-0.13125445391217416
ADA,스윕+CHoCH,1h,15m,0.0,월,,,,,,,,,,24299.0,0.05238269155833082
ADA,스윕+CHoCH,1h,15m,0.0,월,,,,,,,,,,24300.0,-0.20606785037690428
ADA,스윕+CHoCH,1h,15m,0.0,월,,,,,,,,,,24301.0,-0.19243887721687375
ADA,스윕+CHoCH,1h,15m,0.0,월,,,,,,,,,,24302.0,-0.20686192803108328
ADA,스윕+CHoCH,1h,15m,0.0,월,,,,,,,,,,24303.0,-0.0911405755737752
ADA,스윕+CHoCH,1h,15m,0.0,월,,,,,,,,,,24304.0,0.02306743815323287
ADA,스윕+CHoCH,1h,15m,0.0,월,,,,,,,,,,24305.0,-0.2565319483639327
ADA,스윕+CHoCH,1h,15m,0.0,월,,,,,,,,,,24306.0,-0.09274837211761634
ADA,스윕+CHoCH,1h,15m,0.0,월,,,,,,,,,,24307.0,-0.1045637338003825
ADA,스윕+CHoCH,1h,15m,0.0,월,,,,,,,,,,24308.0,-0.306561409086038
ADA,스윕+CHoCH,1h,15m,0.0,월,,,,,,,,,,24309.0,0.06339393512203764
ADA,스윕+CHoCH,1h,15m,0.0,월,,,,,,,,,,24310.0,0.01259120979044844
ADA,스윕+CHoCH,1h,15m,0.0,월,,,,,,,,,,24311.0,-0.005840045460847798
ADA,스윕+CHoCH,1h,15m,0.0,월,,,,,,,,,,24312.0,-0.038965518067556354
ADA,스윕+CHoCH,1h,15m,0.0,월,,,,,,,,,,24313.0,-0.03766444098946447
ADA,스윕+CHoCH,1h,15m,0.0,월,,,,,,,,,,24314.0,0.006244298435740916
ADA,스윕+CHoCH,1h,15m,0.0,월,,,,,,,,,,24315.0,-0.22622445509914219
ADA,스윕+CHoCH,1h,15m,0.0,월,,,,,,,,,,24316.0,0.002686007551746045
ADA,스윕+CHoCH,1h,15m,0.0,월,,,,,,,,,,24317.0,0.06464363306367055
ADA,스윕+CHoCH,1h,15m,0.0,월,,,,,,,,,,24318.0,0.15231095785597976
ADA,스윕+CHoCH,1h,15m,0.25,전체,3840.0,0.9889260880762297,206.27940034042717,-0.027864583333333335,0.03787958008999075,-0.06574416342332408,0.007194010416666667,0.315625,0.025260416666666667,,
ADA,스윕+CHoCH,1h,15m,0.25,홀드아웃 전,3126.0,0.9889260880762297,206.96138403078112,-0.03230966090850928,0.03828188039181672,-0.070591541300326,,0.31381957773512476,0.026231605886116442,,
ADA,스윕+CHoCH,1h,15m,0.25,홀드아웃 12개월,714.0,0.9889260880762297,203.05462124686187,-0.008403361344537815,0.036118248516450166,-0.044521609860987986,,0.3235294117647059,0.02100840336134454,,
ADA,스윕+CHoCH,1h,15m,0.25,월,,,,,,,,,,24258.0,-0.039053199223034435
ADA,스윕+CHoCH,1h,15m,0.25,월,,,,,,,,,,24259.0,-0.2180506066781953
ADA,스윕+CHoCH,1h,15m,0.25,월,,,,,,,,,,24260.0,-0.20487310413988585
ADA,스윕+CHoCH,1h,15m,0.25,월,,,,,,,,,,24261.0,-0.1018091060580215
ADA,스윕+CHoCH,1h,15m,0.25,월,,,,,,,,,,24262.0,0.09184124515971907
ADA,스윕+CHoCH,1h,15m,0.25,월,,,,,,,,,,24263.0,0.15214765935470656
ADA,스윕+CHoCH,1h,15m,0.25,월,,,,,,,,,,24264.0,0.14616387661648345
ADA,스윕+CHoCH,1h,15m,0.25,월,,,,,,,,,,24265.0,-0.15730903787478157
ADA,스윕+CHoCH,1h,15m,0.25,월,,,,,,,,,,24266.0,0.24973905645046654
ADA,스윕+CHoCH,1h,15m,0.25,월,,,,,,,,,,24267.0,0.06144337405165578
ADA,스윕+CHoCH,1h,15m,0.25,월,,,,,,,,,,24268.0,0.11167797232221893
ADA,스윕+CHoCH,1h,15m,0.25,월,,,,,,,,,,24269.0,-0.037363714622143676
ADA,스윕+CHoCH,1h,15m,0.25,월,,,,,,,,,,24270.0,0.21124579146785719
ADA,스윕+CHoCH,1h,15m,0.25,월,,,,,,,,,,24271.0,0.06623311900615297
ADA,스윕+CHoCH,1h,15m,0.25,월,,,,,,,,,,24272.0,-0.30390475998231586
ADA,스윕+CHoCH,1h,15m,0.25,월,,,,,,,,,,24273.0,-0.25695685763142023
ADA,스윕+CHoCH,1h,15m,0.25,월,,,,,,,,,,24274.0,-0.2583636790877844
ADA,스윕+CHoCH,1h,15m,0.25,월,,,,,,,,,,24275.0,-0.19174560422791792
ADA,스윕+CHoCH,1h,15m,0.25,월,,,,,,,,,,24276.0,-0.23439785374939692
ADA,스윕+CHoCH,1h,15m,0.25,월,,,,,,,,,,24277.0,-0.038952547760180325
ADA,스윕+CHoCH,1h,15m,0.25,월,,,,,,,,,,24278.0,-0.1045229289704509
ADA,스윕+CHoCH,1h,15m,0.25,월,,,,,,,,,,24279.0,0.2401227611942083
ADA,스윕+CHoCH,1h,15m,0.25,월,,,,,,,,,,24280.0,0.10928201642562363
ADA,스윕+CHoCH,1h,15m,0.25,월,,,,,,,,,,24281.0,-0.19424137535190752
ADA,스윕+CHoCH,1h,15m,0.25,월,,,,,,,,,,24282.0,0.01540087779171251
ADA,스윕+CHoCH,1h,15m,0.25,월,,,,,,,,,,24283.0,-0.05303023661036443
ADA,스윕+CHoCH,1h,15m,0.25,월,,,,,,,,,,24284.0,-0.1468353971992073
ADA,스윕+CHoCH,1h,15m,0.25,월,,,,,,,,,,24285.0,-0.29643698213846875
ADA,스윕+CHoCH,1h,15m,0.25,월,,,,,,,,,,24286.0,-0.07868720056586842
ADA,스윕+CHoCH,1h,15m,0.25,월,,,,,,,,,,24287.0,-0.15372987114168674
ADA,스윕+CHoCH,1h,15m,0.25,월,,,,,,,,,,24288.0,0.12725473653881814
ADA,스윕+CHoCH,1h,15m,0.25,월,,,,,,,,,,24289.0,0.17660973913949554
ADA,스윕+CHoCH,1h,15m,0.25,월,,,,,,,,,,24290.0,-0.12428993119002077
ADA,스윕+CHoCH,1h,15m,0.25,월,,,,,,,,,,24291.0,-0.011334684883179598
ADA,스윕+CHoCH,1h,15m,0.25,월,,,,,,,,,,24292.0,-0.06783060108234844
ADA,스윕+CHoCH,1h,15m,0.25,월,,,,,,,,,,24293.0,-0.25409791886578514
ADA,스윕+CHoCH,1h,15m,0.25,월,,,,,,,,,,24294.0,-0.36937555598454797
ADA,스윕+CHoCH,1h,15m,0.25,월,,,,,,,,,,24295.0,0.23016285458537886
ADA,스윕+CHoCH,1h,15m,0.25,월,,,,,,,,,,24296.0,0.11242254557086669
ADA,스윕+CHoCH,1h,15m,0.25,월,,,,,,,,,,24297.0,-0.27302687575639767
ADA,스윕+CHoCH,1h,15m,0.25,월,,,,,,,,,,24298.0,-0.1823172157406035
ADA,스윕+CHoCH,1h,15m,0.25,월,,,,,,,,,,24299.0,0.00032341919031718234
ADA,스윕+CHoCH,1h,15m,0.25,월,,,,,,,,,,24300.0,-0.20485363248993155
ADA,스윕+CHoCH,1h,15m,0.25,월,,,,,,,,,,24301.0,-0.23656021347990253
ADA,스윕+CHoCH,1h,15m,0.25,월,,,,,,,,,,24302.0,-0.2812273490214679
ADA,스윕+CHoCH,1h,15m,0.25,월,,,,,,,,,,24303.0,-0.012842849587693762
ADA,스윕+CHoCH,1h,15m,0.25,월,,,,,,,,,,24304.0,0.024714864860717608
ADA,스윕+CHoCH,1h,15m,0.25,월,,,,,,,,,,24305.0,-0.25487140552889453
ADA,스윕+CHoCH,1h,15m,0.25,월,,,,,,,,,,24306.0,-0.183827836363942
ADA,스윕+CHoCH,1h,15m,0.25,월,,,,,,,,,,24307.0,-0.10310841691609816
ADA,스윕+CHoCH,1h,15m,0.25,월,,,,,,,,,,24308.0,-0.2593859480955279
ADA,스윕+CHoCH,1h,15m,0.25,월,,,,,,,,,,24309.0,0.018678229902186625
ADA,스윕+CHoCH,1h,15m,0.25,월,,,,,,,,,,24310.0,0.06469820083124125
ADA,스윕+CHoCH,1h,15m,0.25,월,,,,,,,,,,24311.0,0.01046607632818329
ADA,스윕+CHoCH,1h,15m,0.25,월,,,,,,,,,,24312.0,-0.09012740038627538
ADA,스윕+CHoCH,1h,15m,0.25,월,,,,,,,,,,24313.0,-0.08668656622877378
ADA,스윕+CHoCH,1h,15m,0.25,월,,,,,,,,,,24314.0,0.007807666496847579
ADA,스윕+CHoCH,1h,15m,0.25,월,,,,,,,,,,24315.0,-0.27667575788383886
ADA,스윕+CHoCH,1h,15m,0.25,월,,,,,,,,,,24316.0,0.004726467497042064
ADA,스윕+CHoCH,1h,15m,0.25,월,,,,,,,,,,24317.0,0.06669112729317644
ADA,스윕+CHoCH,1h,15m,0.25,월,,,,,,,,,,24318.0,0.15307795089720297
ADA,스윕+CHoCH,1h,1h,0.0,전체,1435.0,0.9822039698836413,382.5956489122276,-0.037630662020905925,0.020077258105761487,-0.05770792012666741,-0.020557491289198607,0.2787456445993031,0.12613240418118468,,
ADA,스윕+CHoCH,1h,1h,0.0,홀드아웃 전,1151.0,0.9822039698836413,391.33289560078714,-0.02780191138140747,0.019833130140915277,-0.04763504152232274,,0.2797567332754127,0.13292788879235448,,
ADA,스윕+CHoCH,1h,1h,0.0,홀드아웃 12개월,284.0,0.9822039698836413,352.4897473325698,-0.07746478873239436,0.021066664047796665,-0.09853145278019103,,0.2746478873239437,0.09859154929577464,,
ADA,스윕+CHoCH,1h,1h,0.0,월,,,,,,,,,,24258.0,-0.011442057427922182
ADA,스윕+CHoCH,1h,1h,0.0,월,,,,,,,,,,24259.0,0.3486220133468279
ADA,스윕+CHoCH,1h,1h,0.0,월,,,,,,,,,,24260.0,0.30641736189318125
ADA,스윕+CHoCH,1h,1h,0.0,월,,,,,,,,,,24261.0,-0.06517366098331677
ADA,스윕+CHoCH,1h,1h,0.0,월,,,,,,,,,,24262.0,-0.23076483055045824
ADA,스윕+CHoCH,1h,1h,0.0,월,,,,,,,,,,24263.0,0.02624411189388015
ADA,스윕+CHoCH,1h,1h,0.0,월,,,,,,,,,,24264.0,0.024070433524490367
ADA,스윕+CHoCH,1h,1h,0.0,월,,,,,,,,,,24265.0,0.051213986114758095
ADA,스윕+CHoCH,1h,1h,0.0,월,,,,,,,,,,24266.0,-0.15793198789438673
ADA,스윕+CHoCH,1h,1h,0.0,월,,,,,,,,,,24267.0,-0.16740686071205987
ADA,스윕+CHoCH,1h,1h,0.0,월,,,,,,,,,,24268.0,-0.0167608889150213
ADA,스윕+CHoCH,1h,1h,0.0,월,,,,,,,,,,24269.0,0.025858967824855108
ADA,스윕+CHoCH,1h,1h,0.0,월,,,,,,,,,,24270.0,0.034528640969619585
ADA,스윕+CHoCH,1h,1h,0.0,월,,,,,,,,,,24271.0,0.17816450276300075
ADA,스윕+CHoCH,1h,1h,0.0,월,,,,,,,,,,24272.0,-0.18076669544240784
ADA,스윕+CHoCH,1h,1h,0.0,월,,,,,,,,,,24273.0,-0.21815587445232437
ADA,스윕+CHoCH,1h,1h,0.0,월,,,,,,,,,,24274.0,0.36111389150005674
ADA,스윕+CHoCH,1h,1h,0.0,월,,,,,,,,,,24275.0,0.22030144585069475
ADA,스윕+CHoCH,1h,1h,0.0,월,,,,,,,,,,24276.0,-0.16253624848024947
ADA,스윕+CHoCH,1h,1h,0.0,월,,,,,,,,,,24277.0,0.2312602570055066
ADA,스윕+CHoCH,1h,1h,0.0,월,,,,,,,,,,24278.0,0.19079952416424079
ADA,스윕+CHoCH,1h,1h,0.0,월,,,,,,,,,,24279.0,0.031206004853920725
ADA,스윕+CHoCH,1h,1h,0.0,월,,,,,,,,,,24280.0,0.1253287874227152
ADA,스윕+CHoCH,1h,1h,0.0,월,,,,,,,,,,24281.0,-0.06904521533480358
ADA,스윕+CHoCH,1h,1h,0.0,월,,,,,,,,,,24282.0,-0.28456299835502663
ADA,스윕+CHoCH,1h,1h,0.0,월,,,,,,,,,,24283.0,0.016324246998404467
ADA,스윕+CHoCH,1h,1h,0.0,월,,,,,,,,,,24284.0,-0.1018829100938741
ADA,스윕+CHoCH,1h,1h,0.0,월,,,,,,,,,,24285.0,-0.25641487581502714
ADA,스윕+CHoCH,1h,1h,0.0,월,,,,,,,,,,24286.0,0.1710990613455054
ADA,스윕+CHoCH,1h,1h,0.0,월,,,,,,,,,,24287.0,0.21163665743383284
ADA,스윕+CHoCH,1h,1h,0.0,월,,,,,,,,,,24288.0,-0.24513801473608096
ADA,스윕+CHoCH,1h,1h,0.0,월,,,,,,,,,,24289.0,0.40403107291262197
ADA,스윕+CHoCH,1h,1h,0.0,월,,,,,,,,,,24290.0,-0.18833174218471838
ADA,스윕+CHoCH,1h,1h,0.0,월,,,,,,,,,,24291.0,-0.058092425171823746
ADA,스윕+CHoCH,1h,1h,0.0,월,,,,,,,,,,24292.0,-0.25696861478114474
ADA,스윕+CHoCH,1h,1h,0.0,월,,,,,,,,,,24293.0,-0.3347393652146958
ADA,스윕+CHoCH,1h,1h,0.0,월,,,,,,,,,,24294.0,-0.13414083986528538
ADA,스윕+CHoCH,1h,1h,0.0,월,,,,,,,,,,24295.0,-0.3528826272636152
ADA,스윕+CHoCH,1h,1h,0.0,월,,,,,,,,,,24296.0,-0.020719666743524365
ADA,스윕+CHoCH,1h,1h,0.0,월,,,,,,,,,,24297.0,-0.19638300267643666
ADA,스윕+CHoCH,1h,1h,0.0,월,,,,,,,,,,24298.0,-0.22427564361371172
ADA,스윕+CHoCH,1h,1h,0.0,월,,,,,,,,,,24299.0,0.3990924875354565
ADA,스윕+CHoCH,1h,1h,0.0,월,,,,,,,,,,24300.0,-0.09175001585936986
ADA,스윕+CHoCH,1h,1h,0.0,월,,,,,,,,,,24301.0,-0.013004805512323876
ADA,스윕+CHoCH,1h,1h,0.0,월,,,,,,,,,,24302.0,0.0828719272264403
ADA,스윕+CHoCH,1h,1h,0.0,월,,,,,,,,,,24303.0,-0.10388403897382177
ADA,스윕+CHoCH,1h,1h,0.0,월,,,,,,,,,,24304.0,-0.5487017240700076
ADA,스윕+CHoCH,1h,1h,0.0,월,,,,,,,,,,24305.0,-0.15940567841822825
ADA,스윕+CHoCH,1h,1h,0.0,월,,,,,,,,,,24306.0,-0.2107763535534247
ADA,스윕+CHoCH,1h,1h,0.0,월,,,,,,,,,,24307.0,-0.017034679143946425
ADA,스윕+CHoCH,1h,1h,0.0,월,,,,,,,,,,24308.0,-0.43527355414626506
ADA,스윕+CHoCH,1h,1h,0.0,월,,,,,,,,,,24309.0,-0.08919002072005748
ADA,스윕+CHoCH,1h,1h,0.0,월,,,,,,,,,,24310.0,0.2133466799832967
ADA,스윕+CHoCH,1h,1h,0.0,월,,,,,,,,,,24311.0,-0.12636463845442697
ADA,스윕+CHoCH,1h,1h,0.0,월,,,,,,,,,,24312.0,-0.22607173287284152
ADA,스윕+CHoCH,1h,1h,0.0,월,,,,,,,,,,24313.0,-0.15947017423276935
ADA,스윕+CHoCH,1h,1h,0.0,월,,,,,,,,,,24314.0,-0.15280250996761532
ADA,스윕+CHoCH,1h,1h,0.0,월,,,,,,,,,,24315.0,0.03428037386605647
ADA,스윕+CHoCH,1h,1h,0.0,월,,,,,,,,,,24316.0,-0.2250931560773058
ADA,스윕+CHoCH,1h,1h,0.0,월,,,,,,,,,,24317.0,0.16425393748461306
ADA,스윕+CHoCH,1h,1h,0.0,월,,,,,,,,,,24318.0,-0.26900450617577304
ADA,스윕+CHoCH,1h,1h,0.25,전체,1435.0,0.9822039698836413,390.50052145540326,-0.036933797909407665,0.019636858054845756,-0.056570655964253425,-0.037630662020905925,0.27735191637630663,0.13101045296167246,,
ADA,스윕+CHoCH,1h,1h,0.25,홀드아웃 전,1151.0,0.9822039698836413,398.6132174811916,-0.028670721112076455,0.019413309726772868,-0.048084030838849316,,0.27801911381407474,0.1372719374456994,,
ADA,스윕+CHoCH,1h,1h,0.25,홀드아웃 12개월,284.0,0.9822039698836413,360.49986526650656,-0.07042253521126761,0.020542858497141176,-0.0909653937084088,,0.2746478873239437,0.1056338028169014,,
ADA,스윕+CHoCH,1h,1h,0.25,월,,,,,,,,,,24258.0,-0.01119754161691759
ADA,스윕+CHoCH,1h,1h,0.25,월,,,,,,,,,,24259.0,0.3489340269833887
ADA,스윕+CHoCH,1h,1h,0.25,월,,,,,,,,,,24260.0,0.30669404502532205
ADA,스윕+CHoCH,1h,1h,0.25,월,,,,,,,,,,24261.0,0.09343504016817426
ADA,스윕+CHoCH,1h,1h,0.25,월,,,,,,,,,,24262.0,-0.23032770686844004
ADA,스윕+CHoCH,1h,1h,0.25,월,,,,,,,,,,24263.0,0.026537798802680035
ADA,스윕+CHoCH,1h,1h,0.25,월,,,,,,,,,,24264.0,-0.08715364991935305
ADA,스윕+CHoCH,1h,1h,0.25,월,,,,,,,,,,24265.0,0.05146195203529813
ADA,스윕+CHoCH,1h,1h,0.25,월,,,,,,,,,,24266.0,-0.15755597893055973
ADA,스윕+CHoCH,1h,1h,0.25,월,,,,,,,,,,24267.0,-0.1170469807572844
ADA,스윕+CHoCH,1h,1h,0.25,월,,,,,,,,,,24268.0,-0.016395584323753674
ADA,스윕+CHoCH,1h,1h,0.25,월,,,,,,,,,,24269.0,0.02616455998697167
ADA,스윕+CHoCH,1h,1h,0.25,월,,,,,,,,,,24270.0,0.03479007394667051
ADA,스윕+CHoCH,1h,1h,0.25,월,,,,,,,,,,24271.0,0.17845530377751445
ADA,스윕+CHoCH,1h,1h,0.25,월,,,,,,,,,,24272.0,-0.1803032169649127
ADA,스윕+CHoCH,1h,1h,0.25,월,,,,,,,,,,24273.0,-0.16779522180137377
ADA,스윕+CHoCH,1h,1h,0.25,월,,,,,,,,,,24274.0,0.361683250402024
ADA,스윕+CHoCH,1h,1h,0.25,월,,,,,,,,,,24275.0,0.22069658372174203
ADA,스윕+CHoCH,1h,1h,0.25,월,,,,,,,,,,24276.0,-0.16111141748718716
ADA,스윕+CHoCH,1h,1h,0.25,월,,,,,,,,,,24277.0,0.23166045550656414
ADA,스윕+CHoCH,1h,1h,0.25,월,,,,,,,,,,24278.0,0.1912174951532704
ADA,스윕+CHoCH,1h,1h,0.25,월,,,,,,,,,,24279.0,0.031551413178353374
ADA,스윕+CHoCH,1h,1h,0.25,월,,,,,,,,,,24280.0,0.12585635213891108
ADA,스윕+CHoCH,1h,1h,0.25,월,,,,,,,,,,24281.0,-0.06826383197105723
ADA,스윕+CHoCH,1h,1h,0.25,월,,,,,,,,,,24282.0,-0.28397623150092166
ADA,스윕+CHoCH,1h,1h,0.25,월,,,,,,,,,,24283.0,0.01686627020519015
ADA,스윕+CHoCH,1h,1h,0.25,월,,,,,,,,,,24284.0,-0.1011659422222528
ADA,스윕+CHoCH,1h,1h,0.25,월,,,,,,,,,,24285.0,-0.25569389276937776
ADA,스윕+CHoCH,1h,1h,0.25,월,,,,,,,,,,24286.0,0.1715562054890572
ADA,스윕+CHoCH,1h,1h,0.25,월,,,,,,,,,,24287.0,0.21195383681793176
ADA,스윕+CHoCH,1h,1h,0.25,월,,,,,,,,,,24288.0,-0.3220076985827029
ADA,스윕+CHoCH,1h,1h,0.25,월,,,,,,,,,,24289.0,0.29887677530069684
ADA,스윕+CHoCH,1h,1h,0.25,월,,,,,,,,,,24290.0,-0.1877951873750552
ADA,스윕+CHoCH,1h,1h,0.25,월,,,,,,,,,,24291.0,-0.05771518055266552
ADA,스윕+CHoCH,1h,1h,0.25,월,,,,,,,,,,24292.0,-0.2566709276689957
ADA,스윕+CHoCH,1h,1h,0.25,월,,,,,,,,,,24293.0,-0.33414010288185064
ADA,스윕+CHoCH,1h,1h,0.25,월,,,,,,,,,,24294.0,-0.1335907533781774
ADA,스윕+CHoCH,1h,1h,0.25,월,,,,,,,,,,24295.0,-0.3525048351143898
ADA,스윕+CHoCH,1h,1h,0.25,월,,,,,,,,,,24296.0,0.02738251279301314
ADA,스윕+CHoCH,1h,1h,0.25,월,,,,,,,,,,24297.0,-0.1959128078353023
ADA,스윕+CHoCH,1h,1h,0.25,월,,,,,,,,,,24298.0,-0.2237718687466198
ADA,스윕+CHoCH,1h,1h,0.25,월,,,,,,,,,,24299.0,0.399307969591482
ADA,스윕+CHoCH,1h,1h,0.25,월,,,,,,,,,,24300.0,-0.09147318206471017
ADA,스윕+CHoCH,1h,1h,0.25,월,,,,,,,,,,24301.0,-0.012712524833586787
ADA,스윕+CHoCH,1h,1h,0.25,월,,,,,,,,,,24302.0,0.08315334286090821
ADA,스윕+CHoCH,1h,1h,0.25,월,,,,,,,,,,24303.0,-0.18979579502107388
ADA,스윕+CHoCH,1h,1h,0.25,월,,,,,,,,,,24304.0,-0.46433088961128466
ADA,스윕+CHoCH,1h,1h,0.25,월,,,,,,,,,,24305.0,-0.1590959633622984
ADA,스윕+CHoCH,1h,1h,0.25,월,,,,,,,,,,24306.0,-0.21040585719120367
ADA,스윕+CHoCH,1h,1h,0.25,월,,,,,,,,,,24307.0,-0.016625880293465557
ADA,스윕+CHoCH,1h,1h,0.25,월,,,,,,,,,,24308.0,-0.30919987921585895
ADA,스윕+CHoCH,1h,1h,0.25,월,,,,,,,,,,24309.0,-0.08863115985331704
ADA,스윕+CHoCH,1h,1h,0.25,월,,,,,,,,,,24310.0,0.2138445488310153
ADA,스윕+CHoCH,1h,1h,0.25,월,,,,,,,,,,24311.0,0.03290553299764363
ADA,스윕+CHoCH,1h,1h,0.25,월,,,,,,,,,,24312.0,-0.22574886061452695
ADA,스윕+CHoCH,1h,1h,0.25,월,,,,,,,,,,24313.0,-0.15893574634031615
ADA,스윕+CHoCH,1h,1h,0.25,월,,,,,,,,,,24314.0,-0.2438015897983924
ADA,스윕+CHoCH,1h,1h,0.25,월,,,,,,,,,,24315.0,-0.07098196287727702
ADA,스윕+CHoCH,1h,1h,0.25,월,,,,,,,,,,24316.0,-0.22456767971652933
ADA,스윕+CHoCH,1h,1h,0.25,월,,,,,,,,,,24317.0,0.16485017509385533
ADA,스윕+CHoCH,1h,1h,0.25,월,,,,,,,,,,24318.0,-0.26857222896442023
ADA,스윕+CHoCH,4h,5m,0.0,전체,1332.0,0.9918093819806404,129.1079024098931,0.05630630630630631,0.05754446419264699,-0.0012381578863406859,0.006475225225225225,0.35135135135135137,0.0022522522522522522,,
ADA,스윕+CHoCH,4h,5m,0.0,홀드아웃 전,1056.0,0.9918093819806404,130.2804434113027,0.058712121212121215,0.05722064970312325,0.00149147150899795,,0.3522727272727273,0.001893939393939394,,
ADA,스윕+CHoCH,4h,5m,0.0,홀드아웃 12개월,276.0,0.9918093819806404,125.9061468552362,0.04710144927536232,0.058783406587346446,-0.011681957311984114,,0.34782608695652173,0.0036231884057971015,,
ADA,스윕+CHoCH,4h,5m,0.0,월,,,,,,,,,,24258.0,0.10165128397344454
ADA,스윕+CHoCH,4h,5m,0.0,월,,,,,,,,,,24259.0,-0.005369219067746943
ADA,스윕+CHoCH,4h,5m,0.0,월,,,,,,,,,,24260.0,-0.084552800434064
ADA,스윕+CHoCH,4h,5m,0.0,월,,,,,,,,,,24261.0,0.0022716951965080696
ADA,스윕+CHoCH,4h,5m,0.0,월,,,,,,,,,,24262.0,0.03036050624520381
ADA,스윕+CHoCH,4h,5m,0.0,월,,,,,,,,,,24263.0,-0.062020618006517085
ADA,스윕+CHoCH,4h,5m,0.0,월,,,,,,,,,,24264.0,-0.08730197154272513
ADA,스윕+CHoCH,4h,5m,0.0,월,,,,,,,,,,24265.0,0.17867505548504628
ADA,스윕+CHoCH,4h,5m,0.0,월,,,,,,,,,,24266.0,-0.04186841697432381
ADA,스윕+CHoCH,4h,5m,0.0,월,,,,,,,,,,24267.0,0.10377994390166838
ADA,스윕+CHoCH,4h,5m,0.0,월,,,,,,,,,,24268.0,-0.4483945940905843
ADA,스윕+CHoCH,4h,5m,0.0,월,,,,,,,,,,24269.0,0.26578676804475193
ADA,스윕+CHoCH,4h,5m,0.0,월,,,,,,,,,,24270.0,0.10917074498917456
ADA,스윕+CHoCH,4h,5m,0.0,월,,,,,,,,,,24271.0,-0.15428725800952345
ADA,스윕+CHoCH,4h,5m,0.0,월,,,,,,,,,,24272.0,0.35238991847494305
ADA,스윕+CHoCH,4h,5m,0.0,월,,,,,,,,,,24273.0,0.23424080010616932
ADA,스윕+CHoCH,4h,5m,0.0,월,,,,,,,,,,24274.0,0.6216597949272651
ADA,스윕+CHoCH,4h,5m,0.0,월,,,,,,,,,,24275.0,-0.11818595934860192
ADA,스윕+CHoCH,4h,5m,0.0,월,,,,,,,,,,24276.0,0.042679749292836945
ADA,스윕+CHoCH,4h,5m,0.0,월,,,,,,,,,,24277.0,-0.07286335847078357
ADA,스윕+CHoCH,4h,5m,0.0,월,,,,,,,,,,24278.0,-0.06368222132741069
ADA,스윕+CHoCH,4h,5m,0.0,월,,,,,,,,,,24279.0,-0.2166396178199371
ADA,스윕+CHoCH,4h,5m,0.0,월,,,,,,,,,,24280.0,-0.14082259516437848
ADA,스윕+CHoCH,4h,5m,0.0,월,,,,,,,,,,24281.0,0.41216981833348637
ADA,스윕+CHoCH,4h,5m,0.0,월,,,,,,,,,,24282.0,-0.011198563140215778
ADA,스윕+CHoCH,4h,5m,0.0,월,,,,,,,,,,24283.0,0.13187341252956863
ADA,스윕+CHoCH,4h,5m,0.0,월,,,,,,,,,,24284.0,-0.014739084179158679
ADA,스윕+CHoCH,4h,5m,0.0,월,,,,,,,,,,24285.0,-0.24712776689817045
ADA,스윕+CHoCH,4h,5m,0.0,월,,,,,,,,,,24286.0,0.060470391862259006
ADA,스윕+CHoCH,4h,5m,0.0,월,,,,,,,,,,24287.0,0.03551124153795635
ADA,스윕+CHoCH,4h,5m,0.0,월,,,,,,,,,,24288.0,-0.12227229488460058
ADA,스윕+CHoCH,4h,5m,0.0,월,,,,,,,,,,24289.0,-0.301791946294697
ADA,스윕+CHoCH,4h,5m,0.0,월,,,,,,,,,,24290.0,0.1057401936905134
ADA,스윕+CHoCH,4h,5m,0.0,월,,,,,,,,,,24291.0,0.20042021875722366
ADA,스윕+CHoCH,4h,5m,0.0,월,,,,,,,,,,24292.0,-0.5618143604289706
ADA,스윕+CHoCH,4h,5m,0.0,월,,,,,,,,,,24293.0,-0.23061632384054992
ADA,스윕+CHoCH,4h,5m,0.0,월,,,,,,,,,,24294.0,-0.294562838870654
ADA,스윕+CHoCH,4h,5m,0.0,월,,,,,,,,,,24295.0,0.09751391560486818
ADA,스윕+CHoCH,4h,5m,0.0,월,,,,,,,,,,24296.0,0.4482689011679618
ADA,스윕+CHoCH,4h,5m,0.0,월,,,,,,,,,,24297.0,0.08614895453056462
ADA,스윕+CHoCH,4h,5m,0.0,월,,,,,,,,,,24298.0,-0.10292591048316008
ADA,스윕+CHoCH,4h,5m,0.0,월,,,,,,,,,,24299.0,0.3089492374495331
ADA,스윕+CHoCH,4h,5m,0.0,월,,,,,,,,,,24300.0,-0.2443107522544435
ADA,스윕+CHoCH,4h,5m,0.0,월,,,,,,,,,,24301.0,0.0848132187679298
ADA,스윕+CHoCH,4h,5m,0.0,월,,,,,,,,,,24302.0,0.5860558997014906
ADA,스윕+CHoCH,4h,5m,0.0,월,,,,,,,,,,24303.0,-0.6331549019216516
ADA,스윕+CHoCH,4h,5m,0.0,월,,,,,,,,,,24304.0,0.6130011061833758
ADA,스윕+CHoCH,4h,5m,0.0,월,,,,,,,,,,24305.0,-0.1449759066056393
ADA,스윕+CHoCH,4h,5m,0.0,월,,,,,,,,,,24306.0,-0.2805344149161662
ADA,스윕+CHoCH,4h,5m,0.0,월,,,,,,,,,,24307.0,-0.10617915848517462
ADA,스윕+CHoCH,4h,5m,0.0,월,,,,,,,,,,24308.0,-0.27015592748002926
ADA,스윕+CHoCH,4h,5m,0.0,월,,,,,,,,,,24309.0,0.025078923756483063
ADA,스윕+CHoCH,4h,5m,0.0,월,,,,,,,,,,24310.0,0.45764029359129527
ADA,스윕+CHoCH,4h,5m,0.0,월,,,,,,,,,,24311.0,0.14779058166641382
ADA,스윕+CHoCH,4h,5m,0.0,월,,,,,,,,,,24312.0,-0.1767952700494171
ADA,스윕+CHoCH,4h,5m,0.0,월,,,,,,,,,,24313.0,-0.4358337887036748
ADA,스윕+CHoCH,4h,5m,0.0,월,,,,,,,,,,24314.0,-0.22934417002217966
ADA,스윕+CHoCH,4h,5m,0.0,월,,,,,,,,,,24315.0,0.021726838580136656
ADA,스윕+CHoCH,4h,5m,0.0,월,,,,,,,,,,24316.0,-0.07444979132619149
ADA,스윕+CHoCH,4h,5m,0.0,월,,,,,,,,,,24317.0,0.09383705806775779
ADA,스윕+CHoCH,4h,5m,0.0,월,,,,,,,,,,24318.0,0.4613373383332524
ADA,스윕+CHoCH,4h,5m,0.25,전체,1356.0,0.991953182150695,135.23056729327516,0.051622418879056046,0.05464455103964708,-0.003022132160591039,0.00967920353982301,0.3495575221238938,0.0029498525073746312,,
ADA,스윕+CHoCH,4h,5m,0.25,홀드아웃 전,1074.0,0.991953182150695,137.12078912725454,0.05307262569832402,0.05438364622327634,-0.0013110205249523329,,0.3500931098696462,0.002793296089385475,,
ADA,스윕+CHoCH,4h,5m,0.25,홀드아웃 12개월,282.0,0.991953182150695,132.09018039113744,0.04609929078014184,0.055638209808378185,-0.009538919028236352,,0.3475177304964539,0.0035460992907801418,,
ADA,스윕+CHoCH,4h,5m,0.25,월,,,,,,,,,,24258.0,0.1048353676136603
ADA,스윕+CHoCH,4h,5m,0.25,월,,,,,,,,,,24259.0,-0.0020221380248905867
ADA,스윕+CHoCH,4h,5m,0.25,월,,,,,,,,,,24260.0,-0.0819628203478021
ADA,스윕+CHoCH,4h,5m,0.25,월,,,,,,,,,,24261.0,-0.12175781657832555
ADA,스윕+CHoCH,4h,5m,0.25,월,,,,,,,,,,24262.0,0.03417072702683577
ADA,스윕+CHoCH,4h,5m,0.25,월,,,,,,,,,,24263.0,0.2802499931865195
ADA,스윕+CHoCH,4h,5m,0.25,월,,,,,,,,,,24264.0,-0.08379797802477779
ADA,스윕+CHoCH,4h,5m,0.25,월,,,,,,,,,,24265.0,0.18146836502149016
ADA,스윕+CHoCH,4h,5m,0.25,월,,,,,,,,,,24266.0,0.08717135298054739
ADA,스윕+CHoCH,4h,5m,0.25,월,,,,,,,,,,24267.0,0.06162756411894021
ADA,스윕+CHoCH,4h,5m,0.25,월,,,,,,,,,,24268.0,-0.4424166845021798
ADA,스윕+CHoCH,4h,5m,0.25,월,,,,,,,,,,24269.0,0.02512449471835622
ADA,스윕+CHoCH,4h,5m,0.25,월,,,,,,,,,,24270.0,0.11134033671272171
ADA,스윕+CHoCH,4h,5m,0.25,월,,,,,,,,,,24271.0,-0.15056834221522963
ADA,스윕+CHoCH,4h,5m,0.25,월,,,,,,,,,,24272.0,0.35642970431370236
ADA,스윕+CHoCH,4h,5m,0.25,월,,,,,,,,,,24273.0,0.23745256850633428
ADA,스윕+CHoCH,4h,5m,0.25,월,,,,,,,,,,24274.0,0.6261039135062592
ADA,스윕+CHoCH,4h,5m,0.25,월,,,,,,,,,,24275.0,-0.11385410290110125
ADA,스윕+CHoCH,4h,5m,0.25,월,,,,,,,,,,24276.0,-0.0064606432197621515
ADA,스윕+CHoCH,4h,5m,0.25,월,,,,,,,,,,24277.0,-0.06843021111116962
ADA,스윕+CHoCH,4h,5m,0.25,월,,,,,,,,,,24278.0,0.19193559896650927
ADA,스윕+CHoCH,4h,5m,0.25,월,,,,,,,,,,24279.0,-0.09217049703151314
ADA,스윕+CHoCH,4h,5m,0.25,월,,,,,,,,,,24280.0,-0.13634644578660915
ADA,스윕+CHoCH,4h,5m,0.25,월,,,,,,,,,,24281.0,0.41178668341680275
ADA,스윕+CHoCH,4h,5m,0.25,월,,,,,,,,,,24282.0,-0.10808677977660837
ADA,스윕+CHoCH,4h,5m,0.25,월,,,,,,,,,,24283.0,0.13648131252536957
ADA,스윕+CHoCH,4h,5m,0.25,월,,,,,,,,,,24284.0,0.01968875774506745
ADA,스윕+CHoCH,4h,5m,0.25,월,,,,,,,,,,24285.0,-0.023226329310665244
ADA,스윕+CHoCH,4h,5m,0.25,월,,,,,,,,,,24286.0,0.1956535997686502
ADA,스윕+CHoCH,4h,5m,0.25,월,,,,,,,,,,24287.0,-0.00535312485704994
ADA,스윕+CHoCH,4h,5m,0.25,월,,,,,,,,,,24288.0,-0.1186334019918479
ADA,스윕+CHoCH,4h,5m,0.25,월,,,,,,,,,,24289.0,-0.29851965751916953
ADA,스윕+CHoCH,4h,5m,0.25,월,,,,,,,,,,24290.0,0.10965529377144727
ADA,스윕+CHoCH,4h,5m,0.25,월,,,,,,,,,,24291.0,0.154703722857855
ADA,스윕+CHoCH,4h,5m,0.25,월,,,,,,,,,,24292.0,-0.5579714937883211
ADA,스윕+CHoCH,4h,5m,0.25,월,,,,,,,,,,24293.0,-0.2268976620395815
ADA,스윕+CHoCH,4h,5m,0.25,월,,,,,,,,,,24294.0,-0.3239831615124695
ADA,스윕+CHoCH,4h,5m,0.25,월,,,,,,,,,,24295.0,0.10091198974826725
ADA,스윕+CHoCH,4h,5m,0.25,월,,,,,,,,,,24296.0,0.21870301937777853
ADA,스윕+CHoCH,4h,5m,0.25,월,,,,,,,,,,24297.0,-0.05589624594808135
ADA,스윕+CHoCH,4h,5m,0.25,월,,,,,,,,,,24298.0,0.03759156799762964
ADA,스윕+CHoCH,4h,5m,0.25,월,,,,,,,,,,24299.0,0.23880036330934543
ADA,스윕+CHoCH,4h,5m,0.25,월,,,,,,,,,,24300.0,-0.2421673364187985
ADA,스윕+CHoCH,4h,5m,0.25,월,,,,,,,,,,24301.0,0.08777266309915471
ADA,스윕+CHoCH,4h,5m,0.25,월,,,,,,,,,,24302.0,0.5699235201193844
ADA,스윕+CHoCH,4h,5m,0.25,월,,,,,,,,,,24303.0,-0.6518753569917961
ADA,스윕+CHoCH,4h,5m,0.25,월,,,,,,,,,,24304.0,0.44757016796639526
ADA,스윕+CHoCH,4h,5m,0.25,월,,,,,,,,,,24305.0,-0.4058633846407354
ADA,스윕+CHoCH,4h,5m,0.25,월,,,,,,,,,,24306.0,-0.4091986226799079
ADA,스윕+CHoCH,4h,5m,0.25,월,,,,,,,,,,24307.0,0.08997642778992147
ADA,스윕+CHoCH,4h,5m,0.25,월,,,,,,,,,,24308.0,-0.30112389377147264
ADA,스윕+CHoCH,4h,5m,0.25,월,,,,,,,,,,24309.0,0.030226579341814126
ADA,스윕+CHoCH,4h,5m,0.25,월,,,,,,,,,,24310.0,0.5245596571038295
ADA,스윕+CHoCH,4h,5m,0.25,월,,,,,,,,,,24311.0,-0.012507436178410684
ADA,스윕+CHoCH,4h,5m,0.25,월,,,,,,,,,,24312.0,-0.17294310257105228
ADA,스윕+CHoCH,4h,5m,0.25,월,,,,,,,,,,24313.0,-0.43201911175159197
ADA,스윕+CHoCH,4h,5m,0.25,월,,,,,,,,,,24314.0,-0.0882889707070785
ADA,스윕+CHoCH,4h,5m,0.25,월,,,,,,,,,,24315.0,-0.017717489863080065
ADA,스윕+CHoCH,4h,5m,0.25,월,,,,,,,,,,24316.0,-0.1705679494746383
ADA,스윕+CHoCH,4h,5m,0.25,월,,,,,,,,,,24317.0,0.23142890851012035
ADA,스윕+CHoCH,4h,5m,0.25,월,,,,,,,,,,24318.0,0.463720195145019
ADA,스윕+CHoCH,4h,15m,0.0,전체,1287.0,0.98923904688701,201.85229161719323,-0.006993006993006993,0.03805093526278978,-0.04504394225579677,-0.019716394716394716,0.3247863247863248,0.018648018648018648,,
ADA,스윕+CHoCH,4h,15m,0.0,홀드아웃 전,1020.0,0.98923904688701,203.58068184104042,-0.00392156862745098,0.03812795506694816,-0.04204952369439914,,0.3254901960784314,0.0196078431372549,,
ADA,스윕+CHoCH,4h,15m,0.0,홀드아웃 12개월,267.0,0.98923904688701,194.6747048480276,-0.018726591760299626,0.03775670230308359,-0.056483294063383205,,0.32209737827715357,0.0149812734082397,,
ADA,스윕+CHoCH,4h,15m,0.0,월,,,,,,,,,,24258.0,0.13916840796932195
ADA,스윕+CHoCH,4h,15m,0.0,월,,,,,,,,,,24259.0,0.24419300502646052
ADA,스윕+CHoCH,4h,15m,0.0,월,,,,,,,,,,24260.0,-0.06831776294067132
ADA,스윕+CHoCH,4h,15m,0.0,월,,,,,,,,,,24261.0,-0.26775847655543655
ADA,스윕+CHoCH,4h,15m,0.0,월,,,,,,,,,,24262.0,-0.23672504392017538
ADA,스윕+CHoCH,4h,15m,0.0,월,,,,,,,,,,24263.0,0.22233320111039218
ADA,스윕+CHoCH,4h,15m,0.0,월,,,,,,,,,,24264.0,0.16153509409669037
ADA,스윕+CHoCH,4h,15m,0.0,월,,,,,,,,,,24265.0,-0.09343181478137626
ADA,스윕+CHoCH,4h,15m,0.0,월,,,,,,,,,,24266.0,0.06384943644640911
ADA,스윕+CHoCH,4h,15m,0.0,월,,,,,,,,,,24267.0,0.18812407485208743
ADA,스윕+CHoCH,4h,15m,0.0,월,,,,,,,,,,24268.0,-0.7109967475399442
ADA,스윕+CHoCH,4h,15m,0.0,월,,,,,,,,,,24269.0,-0.022460374068127155
ADA,스윕+CHoCH,4h,15m,0.0,월,,,,,,,,,,24270.0,0.12340426750641283
ADA,스윕+CHoCH,4h,15m,0.0,월,,,,,,,,,,24271.0,0.1698521853965283
ADA,스윕+CHoCH,4h,15m,0.0,월,,,,,,,,,,24272.0,-0.33522681751503974
ADA,스윕+CHoCH,4h,15m,0.0,월,,,,,,,,,,24273.0,0.5435939736541568
ADA,스윕+CHoCH,4h,15m,0.0,월,,,,,,,,,,24274.0,0.15198544534761124
ADA,스윕+CHoCH,4h,15m,0.0,월,,,,,,,,,,24275.0,-0.20124151275494712
ADA,스윕+CHoCH,4h,15m,0.0,월,,,,,,,,,,24276.0,0.29360503648403724
ADA,스윕+CHoCH,4h,15m,0.0,월,,,,,,,,,,24277.0,0.013921695866118392
ADA,스윕+CHoCH,4h,15m,0.0,월,,,,,,,,,,24278.0,-0.044000028850780776
ADA,스윕+CHoCH,4h,15m,0.0,월,,,,,,,,,,24279.0,0.08935587224615466
ADA,스윕+CHoCH,4h,15m,0.0,월,,,,,,,,,,24280.0,-0.013946001905293073
ADA,스윕+CHoCH,4h,15m,0.0,월,,,,,,,,,,24281.0,0.02384933380126876
ADA,스윕+CHoCH,4h,15m,0.0,월,,,,,,,,,,24282.0,-0.09102345156554228
ADA,스윕+CHoCH,4h,15m,0.0,월,,,,,,,,,,24283.0,-0.33997877362442924
ADA,스윕+CHoCH,4h,15m,0.0,월,,,,,,,,,,24284.0,-0.2671056568941724
ADA,스윕+CHoCH,4h,15m,0.0,월,,,,,,,,,,24285.0,-0.749923043269081
ADA,스윕+CHoCH,4h,15m,0.0,월,,,,,,,,,,24286.0,-0.27515632062983636
ADA,스윕+CHoCH,4h,15m,0.0,월,,,,,,,,,,24287.0,-0.07406499772133963
ADA,스윕+CHoCH,4h,15m,0.0,월,,,,,,,,,,24288.0,0.09569475323303696
ADA,스윕+CHoCH,4h,15m,0.0,월,,,,,,,,,,24289.0,0.283423655799876
ADA,스윕+CHoCH,4h,15m,0.0,월,,,,,,,,,,24290.0,0.29611107944193427
ADA,스윕+CHoCH,4h,15m,0.0,월,,,,,,,,,,24291.0,-0.19929006131335167
ADA,스윕+CHoCH,4h,15m,0.0,월,,,,,,,,,,24292.0,-0.4701335467493618
ADA,스윕+CHoCH,4h,15m,0.0,월,,,,,,,,,,24293.0,-0.0974469214677284
ADA,스윕+CHoCH,4h,15m,0.0,월,,,,,,,,,,24294.0,0.20303352164942562
ADA,스윕+CHoCH,4h,15m,0.0,월,,,,,,,,,,24295.0,-0.0013044852617615061
ADA,스윕+CHoCH,4h,15m,0.0,월,,,,,,,,,,24296.0,0.14636399947456222
ADA,스윕+CHoCH,4h,15m,0.0,월,,,,,,,,,,24297.0,-0.5803765925621547
ADA,스윕+CHoCH,4h,15m,0.0,월,,,,,,,,,,24298.0,-0.144228769481502
ADA,스윕+CHoCH,4h,15m,0.0,월,,,,,,,,,,24299.0,0.48222138367588674
ADA,스윕+CHoCH,4h,15m,0.0,월,,,,,,,,,,24300.0,-0.5569303979744875
ADA,스윕+CHoCH,4h,15m,0.0,월,,,,,,,,,,24301.0,-0.199059746215436
ADA,스윕+CHoCH,4h,15m,0.0,월,,,,,,,,,,24302.0,-0.10261917480352455
ADA,스윕+CHoCH,4h,15m,0.0,월,,,,,,,,,,24303.0,-0.23066157440154456
ADA,스윕+CHoCH,4h,15m,0.0,월,,,,,,,,,,24304.0,-0.09046438234718576
ADA,스윕+CHoCH,4h,15m,0.0,월,,,,,,,,,,24305.0,0.08338132810830723
ADA,스윕+CHoCH,4h,15m,0.0,월,,,,,,,,,,24306.0,-0.35251489934868735
ADA,스윕+CHoCH,4h,15m,0.0,월,,,,,,,,,,24307.0,0.16875749326537726
ADA,스윕+CHoCH,4h,15m,0.0,월,,,,,,,,,,24308.0,-0.5155733943146895
ADA,스윕+CHoCH,4h,15m,0.0,월,,,,,,,,,,24309.0,-0.15337522046263444
ADA,스윕+CHoCH,4h,15m,0.0,월,,,,,,,,,,24310.0,0.14225003675105696
ADA,스윕+CHoCH,4h,15m,0.0,월,,,,,,,,,,24311.0,0.16605970198066544
ADA,스윕+CHoCH,4h,15m,0.0,월,,,,,,,,,,24312.0,-0.3288587452848279
ADA,스윕+CHoCH,4h,15m,0.0,월,,,,,,,,,,24313.0,-0.4720598418222765
ADA,스윕+CHoCH,4h,15m,0.0,월,,,,,,,,,,24314.0,0.07186542232538762
ADA,스윕+CHoCH,4h,15m,0.0,월,,,,,,,,,,24315.0,0.008741508332131
ADA,스윕+CHoCH,4h,15m,0.0,월,,,,,,,,,,24316.0,0.3012732937207895
ADA,스윕+CHoCH,4h,15m,0.0,월,,,,,,,,,,24317.0,-0.0978602513186886
ADA,스윕+CHoCH,4h,15m,0.0,월,,,,,,,,,,24318.0,0.1125458925832981
ADA,스윕+CHoCH,4h,15m,0.25,전체,1289.0,0.9892555640828856,209.45528231791818,-0.017843289371605897,0.03653653542073005,-0.05437982479233593,0.007370054305663305,0.32117920868890615,0.018619084561675717,,
ADA,스윕+CHoCH,4h,15m,0.25,홀드아웃 전,1022.0,0.9892555640828856,211.27321161807697,-0.02054794520547945,0.03667123761857083,-0.05721918282405028,,0.3199608610567515,0.019569471624266144,,
ADA,스윕+CHoCH,4h,15m,0.25,홀드아웃 12개월,267.0,0.9892555640828856,201.598692115995,-0.00749063670411985,0.036020933749594156,-0.043511570453713976,,0.3258426966292135,0.0149812734082397,,
ADA,스윕+CHoCH,4h,15m,0.25,월,,,,,,,,,,24258.0,0.14081488282848384
ADA,스윕+CHoCH,4h,15m,0.25,월,,,,,,,,,,24259.0,0.24546972960368157
ADA,스윕+CHoCH,4h,15m,0.25,월,,,,,,,,,,24260.0,-0.06737969626123905
ADA,스윕+CHoCH,4h,15m,0.25,월,,,,,,,,,,24261.0,-0.26647437466233337
ADA,스윕+CHoCH,4h,15m,0.25,월,,,,,,,,,,24262.0,-0.2343778281052344
ADA,스윕+CHoCH,4h,15m,0.25,월,,,,,,,,,,24263.0,0.22434992444415178
ADA,스윕+CHoCH,4h,15m,0.25,월,,,,,,,,,,24264.0,0.279053078379822
ADA,스윕+CHoCH,4h,15m,0.25,월,,,,,,,,,,24265.0,-0.0923098883938377
ADA,스윕+CHoCH,4h,15m,0.25,월,,,,,,,,,,24266.0,0.06535017662681682
ADA,스윕+CHoCH,4h,15m,0.25,월,,,,,,,,,,24267.0,0.1898518930133267
ADA,스윕+CHoCH,4h,15m,0.25,월,,,,,,,,,,24268.0,-0.7091535112454013
ADA,스윕+CHoCH,4h,15m,0.25,월,,,,,,,,,,24269.0,-0.021330722694939623
ADA,스윕+CHoCH,4h,15m,0.25,월,,,,,,,,,,24270.0,0.1242158320972388
ADA,스윕+CHoCH,4h,15m,0.25,월,,,,,,,,,,24271.0,0.07032011968836462
ADA,스윕+CHoCH,4h,15m,0.25,월,,,,,,,,,,24272.0,-0.33328468204928385
ADA,스윕+CHoCH,4h,15m,0.25,월,,,,,,,,,,24273.0,0.5453301682364897
ADA,스윕+CHoCH,4h,15m,0.25,월,,,,,,,,,,24274.0,0.15394788724770234
ADA,스윕+CHoCH,4h,15m,0.25,월,,,,,,,,,,24275.0,-0.199018322667057
ADA,스윕+CHoCH,4h,15m,0.25,월,,,,,,,,,,24276.0,0.14412351951341967
ADA,스윕+CHoCH,4h,15m,0.25,월,,,,,,,,,,24277.0,0.0155373068637614
ADA,스윕+CHoCH,4h,15m,0.25,월,,,,,,,,,,24278.0,0.08345141995078365
ADA,스윕+CHoCH,4h,15m,0.25,월,,,,,,,,,,24279.0,-0.03431651056737033
ADA,스윕+CHoCH,4h,15m,0.25,월,,,,,,,,,,24280.0,-0.011317105377051757
ADA,스윕+CHoCH,4h,15m,0.25,월,,,,,,,,,,24281.0,-0.09688629892888072
ADA,스윕+CHoCH,4h,15m,0.25,월,,,,,,,,,,24282.0,-0.08939511076092355
ADA,스윕+CHoCH,4h,15m,0.25,월,,,,,,,,,,24283.0,-0.12224133634331243
ADA,스윕+CHoCH,4h,15m,0.25,월,,,,,,,,,,24284.0,-0.2636261226339393
ADA,스윕+CHoCH,4h,15m,0.25,월,,,,,,,,,,24285.0,-0.746095455014796
ADA,스윕+CHoCH,4h,15m,0.25,월,,,,,,,,,,24286.0,-0.2719210008604199
ADA,스윕+CHoCH,4h,15m,0.25,월,,,,,,,,,,24287.0,-0.07227683879674983
ADA,스윕+CHoCH,4h,15m,0.25,월,,,,,,,,,,24288.0,0.09690667388422802
ADA,스윕+CHoCH,4h,15m,0.25,월,,,,,,,,,,24289.0,0.0953337698982421
ADA,스윕+CHoCH,4h,15m,0.25,월,,,,,,,,,,24290.0,0.29761197731309563
ADA,스윕+CHoCH,4h,15m,0.25,월,,,,,,,,,,24291.0,-0.19825164718265742
ADA,스윕+CHoCH,4h,15m,0.25,월,,,,,,,,,,24292.0,-0.46887170423755276
ADA,스윕+CHoCH,4h,15m,0.25,월,,,,,,,,,,24293.0,-0.09606473036442759
ADA,스윕+CHoCH,4h,15m,0.25,월,,,,,,,,,,24294.0,0.14243882334554356
ADA,스윕+CHoCH,4h,15m,0.25,월,,,,,,,,,,24295.0,0.00052993453215129
ADA,스윕+CHoCH,4h,15m,0.25,월,,,,,,,,,,24296.0,0.14737182281421407
ADA,스윕+CHoCH,4h,15m,0.25,월,,,,,,,,,,24297.0,-0.7375792497930254
ADA,스윕+CHoCH,4h,15m,0.25,월,,,,,,,,,,24298.0,-0.2930672286084782
ADA,스윕+CHoCH,4h,15m,0.25,월,,,,,,,,,,24299.0,0.4828973346868622
ADA,스윕+CHoCH,4h,15m,0.25,월,,,,,,,,,,24300.0,-0.5553257963734552
ADA,스윕+CHoCH,4h,15m,0.25,월,,,,,,,,,,24301.0,-0.19793169983612774
ADA,스윕+CHoCH,4h,15m,0.25,월,,,,,,,,,,24302.0,-0.3326067902048783
ADA,스윕+CHoCH,4h,15m,0.25,월,,,,,,,,,,24303.0,-0.124420589940504
ADA,스윕+CHoCH,4h,15m,0.25,월,,,,,,,,,,24304.0,-0.08928877958543381
ADA,스윕+CHoCH,4h,15m,0.25,월,,,,,,,,,,24305.0,0.08572798995351065
ADA,스윕+CHoCH,4h,15m,0.25,월,,,,,,,,,,24306.0,-0.48204916674150666
ADA,스윕+CHoCH,4h,15m,0.25,월,,,,,,,,,,24307.0,0.17009315340518616
ADA,스윕+CHoCH,4h,15m,0.25,월,,,,,,,,,,24308.0,-0.5139412782945264
ADA,스윕+CHoCH,4h,15m,0.25,월,,,,,,,,,,24309.0,-0.15170698570812174
ADA,스윕+CHoCH,4h,15m,0.25,월,,,,,,,,,,24310.0,0.1434905506507053
ADA,스윕+CHoCH,4h,15m,0.25,월,,,,,,,,,,24311.0,0.2887230327641206
ADA,스윕+CHoCH,4h,15m,0.25,월,,,,,,,,,,24312.0,-0.3273370206746099
ADA,스윕+CHoCH,4h,15m,0.25,월,,,,,,,,,,24313.0,-0.46997288453253866
ADA,스윕+CHoCH,4h,15m,0.25,월,,,,,,,,,,24314.0,0.07307280135554592
ADA,스윕+CHoCH,4h,15m,0.25,월,,,,,,,,,,24315.0,0.01014376531199326
ADA,스윕+CHoCH,4h,15m,0.25,월,,,,,,,,,,24316.0,0.3033624174115985
ADA,스윕+CHoCH,4h,15m,0.25,월,,,,,,,,,,24317.0,-0.09571275154479099
ADA,스윕+CHoCH,4h,15m,0.25,월,,,,,,,,,,24318.0,0.11387533831686159
ADA,스윕+CHoCH,4h,1h,0.0,전체,767.0,0.9833333333333333,377.6411226742354,-0.02607561929595828,0.019731523380591386,-0.04580714267654966,-0.006355932203389832,0.28683181225554105,0.11342894393741851,,
ADA,스윕+CHoCH,4h,1h,0.0,홀드아웃 전,603.0,0.9833333333333333,389.7101171050103,-0.003316749585406302,0.019105547336507944,-0.022422296921914244,,0.29187396351575456,0.12106135986733002,,
ADA,스윕+CHoCH,4h,1h,0.0,홀드아웃 12개월,164.0,0.9833333333333333,332.93171418536303,-0.10975609756097561,0.02203313042072746,-0.13178922798170306,,0.2682926829268293,0.08536585365853659,,
ADA,스윕+CHoCH,4h,1h,0.0,월,,,,,,,,,,24258.0,-0.3743986473105547
ADA,스윕+CHoCH,4h,1h,0.0,월,,,,,,,,,,24259.0,0.805308779435348
ADA,스윕+CHoCH,4h,1h,0.0,월,,,,,,,,,,24260.0,0.7396398891054976
ADA,스윕+CHoCH,4h,1h,0.0,월,,,,,,,,,,24261.0,0.09918988638379382
ADA,스윕+CHoCH,4h,1h,0.0,월,,,,,,,,,,24262.0,-0.24267020342668527
ADA,스윕+CHoCH,4h,1h,0.0,월,,,,,,,,,,24263.0,-0.15917758726347264
ADA,스윕+CHoCH,4h,1h,0.0,월,,,,,,,,,,24264.0,0.48689482133010564
ADA,스윕+CHoCH,4h,1h,0.0,월,,,,,,,,,,24265.0,-0.01156935446041384
ADA,스윕+CHoCH,4h,1h,0.0,월,,,,,,,,,,24266.0,0.20187655269575672
ADA,스윕+CHoCH,4h,1h,0.0,월,,,,,,,,,,24267.0,0.317229668299363
ADA,스윕+CHoCH,4h,1h,0.0,월,,,,,,,,,,24268.0,0.18450599840911597
ADA,스윕+CHoCH,4h,1h,0.0,월,,,,,,,,,,24269.0,-0.012305470907324676
ADA,스윕+CHoCH,4h,1h,0.0,월,,,,,,,,,,24270.0,0.12184114495416297
ADA,스윕+CHoCH,4h,1h,0.0,월,,,,,,,,,,24271.0,0.22047600047732177
ADA,스윕+CHoCH,4h,1h,0.0,월,,,,,,,,,,24272.0,-0.15358094364298042
ADA,스윕+CHoCH,4h,1h,0.0,월,,,,,,,,,,24273.0,-0.520713452690589
ADA,스윕+CHoCH,4h,1h,0.0,월,,,,,,,,,,24274.0,0.7537123867853727
ADA,스윕+CHoCH,4h,1h,0.0,월,,,,,,,,,,24275.0,0.06278966476932442
ADA,스윕+CHoCH,4h,1h,0.0,월,,,,,,,,,,24276.0,-0.49972810296297954
ADA,스윕+CHoCH,4h,1h,0.0,월,,,,,,,,,,24277.0,0.7588435933507122
ADA,스윕+CHoCH,4h,1h,0.0,월,,,,,,,,,,24278.0,0.2559108029608094
ADA,스윕+CHoCH,4h,1h,0.0,월,,,,,,,,,,24279.0,-0.2524850500721872
ADA,스윕+CHoCH,4h,1h,0.0,월,,,,,,,,,,24280.0,0.43989274499804953
ADA,스윕+CHoCH,4h,1h,0.0,월,,,,,,,,,,24281.0,-0.702473441562716
ADA,스윕+CHoCH,4h,1h,0.0,월,,,,,,,,,,24282.0,-0.33443917873401446
ADA,스윕+CHoCH,4h,1h,0.0,월,,,,,,,,,,24283.0,-0.22913904724362172
ADA,스윕+CHoCH,4h,1h,0.0,월,,,,,,,,,,24284.0,-0.08351943449970056
ADA,스윕+CHoCH,4h,1h,0.0,월,,,,,,,,,,24285.0,-0.16076550397635384
ADA,스윕+CHoCH,4h,1h,0.0,월,,,,,,,,,,24286.0,0.9821792903619219
ADA,스윕+CHoCH,4h,1h,0.0,월,,,,,,,,,,24287.0,0.061738179856575155
ADA,스윕+CHoCH,4h,1h,0.0,월,,,,,,,,,,24288.0,-0.40617591348703475
ADA,스윕+CHoCH,4h,1h,0.0,월,,,,,,,,,,24289.0,0.08315212930578471
ADA,스윕+CHoCH,4h,1h,0.0,월,,,,,,,,,,24290.0,-0.4829126947403524
ADA,스윕+CHoCH,4h,1h,0.0,월,,,,,,,,,,24291.0,0.19860589053734173
ADA,스윕+CHoCH,4h,1h,0.0,월,,,,,,,,,,24292.0,-0.4683094889212674
ADA,스윕+CHoCH,4h,1h,0.0,월,,,,,,,,,,24293.0,-0.4892218796485788
ADA,스윕+CHoCH,4h,1h,0.0,월,,,,,,,,,,24294.0,-0.26033660450548135
ADA,스윕+CHoCH,4h,1h,0.0,월,,,,,,,,,,24295.0,-0.231943717155989
ADA,스윕+CHoCH,4h,1h,0.0,월,,,,,,,,,,24296.0,0.2798841889208848
ADA,스윕+CHoCH,4h,1h,0.0,월,,,,,,,,,,24297.0,-0.16685886710246842
ADA,스윕+CHoCH,4h,1h,0.0,월,,,,,,,,,,24298.0,-0.5960009476208088
ADA,스윕+CHoCH,4h,1h,0.0,월,,,,,,,,,,24299.0,0.6059235264067959
ADA,스윕+CHoCH,4h,1h,0.0,월,,,,,,,,,,24300.0,-0.12187536142431095
ADA,스윕+CHoCH,4h,1h,0.0,월,,,,,,,,,,24301.0,0.5887510873036532
ADA,스윕+CHoCH,4h,1h,0.0,월,,,,,,,,,,24302.0,0.4866084958543458
ADA,스윕+CHoCH,4h,1h,0.0,월,,,,,,,,,,24303.0,-0.49082125545865424
ADA,스윕+CHoCH,4h,1h,0.0,월,,,,,,,,,,24304.0,-0.3323487407420933
ADA,스윕+CHoCH,4h,1h,0.0,월,,,,,,,,,,24305.0,-0.01754373578442379
ADA,스윕+CHoCH,4h,1h,0.0,월,,,,,,,,,,24306.0,-0.02105513415776437
ADA,스윕+CHoCH,4h,1h,0.0,월,,,,,,,,,,24307.0,0.3161292519600692
ADA,스윕+CHoCH,4h,1h,0.0,월,,,,,,,,,,24308.0,-0.4216481036475803
ADA,스윕+CHoCH,4h,1h,0.0,월,,,,,,,,,,24309.0,-0.21535932504478048
ADA,스윕+CHoCH,4h,1h,0.0,월,,,,,,,,,,24310.0,-0.13837123419499128
ADA,스윕+CHoCH,4h,1h,0.0,월,,,,,,,,,,24311.0,-0.522702480666677
ADA,스윕+CHoCH,4h,1h,0.0,월,,,,,,,,,,24312.0,-0.18536318965185558
ADA,스윕+CHoCH,4h,1h,0.0,월,,,,,,,,,,24313.0,0.10286414323283247
ADA,스윕+CHoCH,4h,1h,0.0,월,,,,,,,,,,24314.0,-0.09945621906073344
ADA,스윕+CHoCH,4h,1h,0.0,월,,,,,,,,,,24315.0,-0.09293443161579018
ADA,스윕+CHoCH,4h,1h,0.0,월,,,,,,,,,,24316.0,0.09394606062663745
ADA,스윕+CHoCH,4h,1h,0.0,월,,,,,,,,,,24317.0,-0.21848554504960202
ADA,스윕+CHoCH,4h,1h,0.0,월,,,,,,,,,,24318.0,-0.128301800603446
ADA,스윕+CHoCH,4h,1h,0.25,전체,767.0,0.9833333333333333,385.8632602129748,-0.027379400260756193,0.019318626817399098,-0.04669802707815529,-0.031127770534550195,0.2842242503259452,0.11994784876140809,,
ADA,스윕+CHoCH,4h,1h,0.25,홀드아웃 전,603.0,0.9833333333333333,396.3073703959997,-0.006633499170812604,0.01873264992954124,-0.025366149100353844,,0.2885572139303483,0.12769485903814262,,
ADA,스윕+CHoCH,4h,1h,0.25,홀드아웃 12개월,164.0,0.9833333333333333,338.8643602971804,-0.10365853658536585,0.021473163789217924,-0.12513170037458377,,0.2682926829268293,0.09146341463414634,,
ADA,스윕+CHoCH,4h,1h,0.25,월,,,,,,,,,,24258.0,-0.3741724756254792
ADA,스윕+CHoCH,4h,1h,0.25,월,,,,,,,,,,24259.0,0.8055694812442753
ADA,스윕+CHoCH,4h,1h,0.25,월,,,,,,,,,,24260.0,0.7398612056674164
ADA,스윕+CHoCH,4h,1h,0.25,월,,,,,,,,,,24261.0,0.09940193777423295
ADA,스윕+CHoCH,4h,1h,0.25,월,,,,,,,,,,24262.0,-0.24219496904585794
ADA,스윕+CHoCH,4h,1h,0.25,월,,,,,,,,,,24263.0,-0.1588304936321236
ADA,스윕+CHoCH,4h,1h,0.25,월,,,,,,,,,,24264.0,0.29903982628671294
ADA,스윕+CHoCH,4h,1h,0.25,월,,,,,,,,,,24265.0,-0.01131587967235283
ADA,스윕+CHoCH,4h,1h,0.25,월,,,,,,,,,,24266.0,0.20213530940971372
ADA,스윕+CHoCH,4h,1h,0.25,월,,,,,,,,,,24267.0,0.40089717672118463
ADA,스윕+CHoCH,4h,1h,0.25,월,,,,,,,,,,24268.0,0.18481788439943334
ADA,스윕+CHoCH,4h,1h,0.25,월,,,,,,,,,,24269.0,-0.011958408249627546
ADA,스윕+CHoCH,4h,1h,0.25,월,,,,,,,,,,24270.0,0.12213403335274092
ADA,스윕+CHoCH,4h,1h,0.25,월,,,,,,,,,,24271.0,0.22078989593911055
ADA,스윕+CHoCH,4h,1h,0.25,월,,,,,,,,,,24272.0,-0.1531425121936369
ADA,스윕+CHoCH,4h,1h,0.25,월,,,,,,,,,,24273.0,-0.4202566582854267
ADA,스윕+CHoCH,4h,1h,0.25,월,,,,,,,,,,24274.0,0.7542246174002436
ADA,스윕+CHoCH,4h,1h,0.25,월,,,,,,,,,,24275.0,0.06318709098132617
ADA,스윕+CHoCH,4h,1h,0.25,월,,,,,,,,,,24276.0,-0.49903836764000364
ADA,스윕+CHoCH,4h,1h,0.25,월,,,,,,,,,,24277.0,0.7592338820652093
ADA,스윕+CHoCH,4h,1h,0.25,월,,,,,,,,,,24278.0,0.25620578025261503
ADA,스윕+CHoCH,4h,1h,0.25,월,,,,,,,,,,24279.0,-0.2521395163067896
ADA,스윕+CHoCH,4h,1h,0.25,월,,,,,,,,,,24280.0,0.4403210486283248
ADA,스윕+CHoCH,4h,1h,0.25,월,,,,,,,,,,24281.0,-0.7017628528791702
ADA,스윕+CHoCH,4h,1h,0.25,월,,,,,,,,,,24282.0,-0.3338525511917397
ADA,스윕+CHoCH,4h,1h,0.25,월,,,,,,,,,,24283.0,-0.22848180781778274
ADA,스윕+CHoCH,4h,1h,0.25,월,,,,,,,,,,24284.0,-0.08293254666384131
ADA,스윕+CHoCH,4h,1h,0.25,월,,,,,,,,,,24285.0,-0.16004627984298275
ADA,스윕+CHoCH,4h,1h,0.25,월,,,,,,,,,,24286.0,0.9823825483857365
ADA,스윕+CHoCH,4h,1h,0.25,월,,,,,,,,,,24287.0,0.06201856282328397
ADA,스윕+CHoCH,4h,1h,0.25,월,,,,,,,,,,24288.0,-0.405776891780246
ADA,스윕+CHoCH,4h,1h,0.25,월,,,,,,,,,,24289.0,-0.11695877200334433
ADA,스윕+CHoCH,4h,1h,0.25,월,,,,,,,,,,24290.0,-0.4824731690686569
ADA,스윕+CHoCH,4h,1h,0.25,월,,,,,,,,,,24291.0,0.19895208185402755
ADA,스윕+CHoCH,4h,1h,0.25,월,,,,,,,,,,24292.0,-0.46806446331698015
ADA,스윕+CHoCH,4h,1h,0.25,월,,,,,,,,,,24293.0,-0.4886171439186351
ADA,스윕+CHoCH,4h,1h,0.25,월,,,,,,,,,,24294.0,-0.20104336663078523
ADA,스윕+CHoCH,4h,1h,0.25,월,,,,,,,,,,24295.0,-0.23163383606310603
ADA,스윕+CHoCH,4h,1h,0.25,월,,,,,,,,,,24296.0,0.2803949541162026
ADA,스윕+CHoCH,4h,1h,0.25,월,,,,,,,,,,24297.0,-0.1662518340530892
ADA,스윕+CHoCH,4h,1h,0.25,월,,,,,,,,,,24298.0,-0.5955086992697893
ADA,스윕+CHoCH,4h,1h,0.25,월,,,,,,,,,,24299.0,0.6061130700583257
ADA,스윕+CHoCH,4h,1h,0.25,월,,,,,,,,,,24300.0,-0.12163648567705176
ADA,스윕+CHoCH,4h,1h,0.25,월,,,,,,,,,,24301.0,0.5890150524970774
ADA,스윕+CHoCH,4h,1h,0.25,월,,,,,,,,,,24302.0,0.48693088062699763
ADA,스윕+CHoCH,4h,1h,0.25,월,,,,,,,,,,24303.0,-0.4903053164521664
ADA,스윕+CHoCH,4h,1h,0.25,월,,,,,,,,,,24304.0,-0.33193598297969085
ADA,스윕+CHoCH,4h,1h,0.25,월,,,,,,,,,,24305.0,-0.01720802648541158
ADA,스윕+CHoCH,4h,1h,0.25,월,,,,,,,,,,24306.0,-0.020647186209503305
ADA,스윕+CHoCH,4h,1h,0.25,월,,,,,,,,,,24307.0,0.31657698557101926
ADA,스윕+CHoCH,4h,1h,0.25,월,,,,,,,,,,24308.0,-0.4210532115904693
ADA,스윕+CHoCH,4h,1h,0.25,월,,,,,,,,,,24309.0,-0.21483280628851306
ADA,스윕+CHoCH,4h,1h,0.25,월,,,,,,,,,,24310.0,-0.1378528852436455
ADA,스윕+CHoCH,4h,1h,0.25,월,,,,,,,,,,24311.0,-0.2707705013204842
ADA,스윕+CHoCH,4h,1h,0.25,월,,,,,,,,,,24312.0,-0.1849880552343092
ADA,스윕+CHoCH,4h,1h,0.25,월,,,,,,,,,,24313.0,0.10339208502987324
ADA,스윕+CHoCH,4h,1h,0.25,월,,,,,,,,,,24314.0,-0.09911958126848497
ADA,스윕+CHoCH,4h,1h,0.25,월,,,,,,,,,,24315.0,-0.23581662123973637
ADA,스윕+CHoCH,4h,1h,0.25,월,,,,,,,,,,24316.0,0.09445556444684879
ADA,스윕+CHoCH,4h,1h,0.25,월,,,,,,,,,,24317.0,-0.21784162759988215
ADA,스윕+CHoCH,4h,1h,0.25,월,,,,,,,,,,24318.0,-0.12793732010196945
AVAX,순수CHoCH,—,5m,0.0,전체,14673.0,0.991753970936127,205.99294672676692,0.007156000817828665,0.039118956149179034,-0.03196295533135038,0.010844748858447488,0.3276085326790704,0.02433040278061746,,
AVAX,순수CHoCH,—,5m,0.0,홀드아웃 전,11193.0,0.991753970936127,217.40552278048924,0.005271151612615027,0.03734612992695845,-0.03207497831434342,,0.32707942464040024,0.024032877691414278,,
AVAX,순수CHoCH,—,5m,0.0,홀드아웃 12개월,3480.0,0.991753970936127,174.87307096712755,0.013218390804597701,0.044821037731166115,-0.03160264692656842,,0.3293103448275862,0.02528735632183908,,
AVAX,순수CHoCH,—,5m,0.0,월,,,,,,,,,,24265.0,0.03891874765274165
AVAX,순수CHoCH,—,5m,0.0,월,,,,,,,,,,24266.0,-0.048253204477150036
AVAX,순수CHoCH,—,5m,0.0,월,,,,,,,,,,24267.0,0.11799174453504781
AVAX,순수CHoCH,—,5m,0.0,월,,,,,,,,,,24268.0,-0.0808347749773918
AVAX,순수CHoCH,—,5m,0.0,월,,,,,,,,,,24269.0,-0.035510318545165245
AVAX,순수CHoCH,—,5m,0.0,월,,,,,,,,,,24270.0,0.12273523396014599
AVAX,순수CHoCH,—,5m,0.0,월,,,,,,,,,,24271.0,-0.07344848333139696
AVAX,순수CHoCH,—,5m,0.0,월,,,,,,,,,,24272.0,-0.03081854280536753
AVAX,순수CHoCH,—,5m,0.0,월,,,,,,,,,,24273.0,-0.2460790321639198
AVAX,순수CHoCH,—,5m,0.0,월,,,,,,,,,,24274.0,-0.19832048129587182
AVAX,순수CHoCH,—,5m,0.0,월,,,,,,,,,,24275.0,0.06709309866576334
AVAX,순수CHoCH,—,5m,0.0,월,,,,,,,,,,24276.0,0.005791176677773875
AVAX,순수CHoCH,—,5m,0.0,월,,,,,,,,,,24277.0,0.0014134696838731765
AVAX,순수CHoCH,—,5m,0.0,월,,,,,,,,,,24278.0,0.02109967490473246
AVAX,순수CHoCH,—,5m,0.0,월,,,,,,,,,,24279.0,-0.008326079889935948
AVAX,순수CHoCH,—,5m,0.0,월,,,,,,,,,,24280.0,-0.04647226386165414
AVAX,순수CHoCH,—,5m,0.0,월,,,,,,,,,,24281.0,-0.25522819871289
AVAX,순수CHoCH,—,5m,0.0,월,,,,,,,,,,24282.0,-0.18358764903450225
AVAX,순수CHoCH,—,5m,0.0,월,,,,,,,,,,24283.0,-0.07728590196450433
AVAX,순수CHoCH,—,5m,0.0,월,,,,,,,,,,24284.0,-0.0759765718398175
AVAX,순수CHoCH,—,5m,0.0,월,,,,,,,,,,24285.0,-0.1563511817554855
AVAX,순수CHoCH,—,5m,0.0,월,,,,,,,,,,24286.0,0.048998931389209105
AVAX,순수CHoCH,—,5m,0.0,월,,,,,,,,,,24287.0,0.033782798673577245
AVAX,순수CHoCH,—,5m,0.0,월,,,,,,,,,,24288.0,-0.030783984562505688
AVAX,순수CHoCH,—,5m,0.0,월,,,,,,,,,,24289.0,-0.006892385583572411
AVAX,순수CHoCH,—,5m,0.0,월,,,,,,,,,,24290.0,0.07052886775087663
AVAX,순수CHoCH,—,5m,0.0,월,,,,,,,,,,24291.0,-0.13774049387925308
AVAX,순수CHoCH,—,5m,0.0,월,,,,,,,,,,24292.0,-0.18206068291245872
AVAX,순수CHoCH,—,5m,0.0,월,,,,,,,,,,24293.0,-0.040099964050493334
AVAX,순수CHoCH,—,5m,0.0,월,,,,,,,,,,24294.0,-0.022167141569725234
AVAX,순수CHoCH,—,5m,0.0,월,,,,,,,,,,24295.0,0.07789614446884828
AVAX,순수CHoCH,—,5m,0.0,월,,,,,,,,,,24296.0,-0.018414953774133328
AVAX,순수CHoCH,—,5m,0.0,월,,,,,,,,,,24297.0,-0.10123666831554957
AVAX,순수CHoCH,—,5m,0.0,월,,,,,,,,,,24298.0,0.04182791198078073
AVAX,순수CHoCH,—,5m,0.0,월,,,,,,,,,,24299.0,0.09144327107000097
AVAX,순수CHoCH,—,5m,0.0,월,,,,,,,,,,24300.0,-0.01866316519033923
AVAX,순수CHoCH,—,5m,0.0,월,,,,,,,,,,24301.0,0.015793833550472505
AVAX,순수CHoCH,—,5m,0.0,월,,,,,,,,,,24302.0,-0.007555993069906376
AVAX,순수CHoCH,—,5m,0.0,월,,,,,,,,,,24303.0,0.02231608514678131
AVAX,순수CHoCH,—,5m,0.0,월,,,,,,,,,,24304.0,0.06525363899175989
AVAX,순수CHoCH,—,5m,0.0,월,,,,,,,,,,24305.0,-0.12135578975169738
AVAX,순수CHoCH,—,5m,0.0,월,,,,,,,,,,24306.0,-0.07817797757567983
AVAX,순수CHoCH,—,5m,0.0,월,,,,,,,,,,24307.0,0.09412545351174705
AVAX,순수CHoCH,—,5m,0.0,월,,,,,,,,,,24308.0,-0.11228826209400335
AVAX,순수CHoCH,—,5m,0.0,월,,,,,,,,,,24309.0,-0.12065139398864042
AVAX,순수CHoCH,—,5m,0.0,월,,,,,,,,,,24310.0,0.035912854545424464
AVAX,순수CHoCH,—,5m,0.0,월,,,,,,,,,,24311.0,-0.094296186986739
AVAX,순수CHoCH,—,5m,0.0,월,,,,,,,,,,24312.0,0.005034312012385259
AVAX,순수CHoCH,—,5m,0.0,월,,,,,,,,,,24313.0,-0.04218667726490536
AVAX,순수CHoCH,—,5m,0.0,월,,,,,,,,,,24314.0,0.08140942497172612
AVAX,순수CHoCH,—,5m,0.0,월,,,,,,,,,,24315.0,-0.006569344938225021
AVAX,순수CHoCH,—,5m,0.0,월,,,,,,,,,,24316.0,-0.19743909708714164
AVAX,순수CHoCH,—,5m,0.0,월,,,,,,,,,,24317.0,-0.027572190922560007
AVAX,순수CHoCH,—,5m,0.0,월,,,,,,,,,,24318.0,-0.0021976034124139747
AVAX,순수CHoCH,—,15m,0.0,전체,5093.0,0.9895084515251603,234.13407966000705,0.029648537207932455,0.03327758066504482,-0.003629043457112363,0.00920380914981347,0.3359513057137247,0.021794620066758294,,
AVAX,순수CHoCH,—,15m,0.0,홀드아웃 전,3898.0,0.9895084515251603,247.82305371729956,0.0418163160595177,0.03164518598695844,0.010171130072559266,,0.3396613648024628,0.022832221652129298,,
AVAX,순수CHoCH,—,15m,0.0,홀드아웃 12개월,1195.0,0.9895084515251603,196.18183735892833,-0.0100418410041841,0.03860232916310399,-0.048644170167288094,,0.3238493723849372,0.018410041841004185,,
AVAX,순수CHoCH,—,15m,0.0,월,,,,,,,,,,24265.0,0.24329915357214119
AVAX,순수CHoCH,—,15m,0.0,월,,,,,,,,,,24266.0,0.06641415107035131
AVAX,순수CHoCH,—,15m,0.0,월,,,,,,,,,,24267.0,0.10382017025824836
AVAX,순수CHoCH,—,15m,0.0,월,,,,,,,,,,24268.0,0.010108133641820635
AVAX,순수CHoCH,—,15m,0.0,월,,,,,,,,,,24269.0,0.11091159354134325
AVAX,순수CHoCH,—,15m,0.0,월,,,,,,,,,,24270.0,0.28406339331841857
AVAX,순수CHoCH,—,15m,0.0,월,,,,,,,,,,24271.0,-0.1374166094095217
AVAX,순수CHoCH,—,15m,0.0,월,,,,,,,,,,24272.0,-0.11744346991457931
AVAX,순수CHoCH,—,15m,0.0,월,,,,,,,,,,24273.0,-0.06730571398634008
AVAX,순수CHoCH,—,15m,0.0,월,,,,,,,,,,24274.0,-0.09835384696475019
AVAX,순수CHoCH,—,15m,0.0,월,,,,,,,,,,24275.0,-0.014143894020185115
AVAX,순수CHoCH,—,15m,0.0,월,,,,,,,,,,24276.0,-0.03928812063899755
AVAX,순수CHoCH,—,15m,0.0,월,,,,,,,,,,24277.0,-0.12182375261529571
AVAX,순수CHoCH,—,15m,0.0,월,,,,,,,,,,24278.0,-0.11623292899785521
AVAX,순수CHoCH,—,15m,0.0,월,,,,,,,,,,24279.0,-0.12018880471917844
AVAX,순수CHoCH,—,15m,0.0,월,,,,,,,,,,24280.0,0.10796970775409719
AVAX,순수CHoCH,—,15m,0.0,월,,,,,,,,,,24281.0,-0.22586714257579332
AVAX,순수CHoCH,—,15m,0.0,월,,,,,,,,,,24282.0,-0.08917454536511651
AVAX,순수CHoCH,—,15m,0.0,월,,,,,,,,,,24283.0,0.16005390447655377
AVAX,순수CHoCH,—,15m,0.0,월,,,,,,,,,,24284.0,0.028826510200337652
AVAX,순수CHoCH,—,15m,0.0,월,,,,,,,,,,24285.0,-0.056678591850877806
AVAX,순수CHoCH,—,15m,0.0,월,,,,,,,,,,24286.0,0.06756934319648572
AVAX,순수CHoCH,—,15m,0.0,월,,,,,,,,,,24287.0,0.07085144193038048
AVAX,순수CHoCH,—,15m,0.0,월,,,,,,,,,,24288.0,0.18644368471412912
AVAX,순수CHoCH,—,15m,0.0,월,,,,,,,,,,24289.0,0.05352117138813692
AVAX,순수CHoCH,—,15m,0.0,월,,,,,,,,,,24290.0,0.0928059436732821
AVAX,순수CHoCH,—,15m,0.0,월,,,,,,,,,,24291.0,-0.05243994811454501
AVAX,순수CHoCH,—,15m,0.0,월,,,,,,,,,,24292.0,-0.08349572872529377
AVAX,순수CHoCH,—,15m,0.0,월,,,,,,,,,,24293.0,0.04929165887673857
AVAX,순수CHoCH,—,15m,0.0,월,,,,,,,,,,24294.0,0.12252091165675663
AVAX,순수CHoCH,—,15m,0.0,월,,,,,,,,,,24295.0,0.10826279807703029
AVAX,순수CHoCH,—,15m,0.0,월,,,,,,,,,,24296.0,0.06323400319433868
AVAX,순수CHoCH,—,15m,0.0,월,,,,,,,,,,24297.0,-0.13013452639411327
AVAX,순수CHoCH,—,15m,0.0,월,,,,,,,,,,24298.0,0.04154359916603222
AVAX,순수CHoCH,—,15m,0.0,월,,,,,,,,,,24299.0,-0.014351833629867474
AVAX,순수CHoCH,—,15m,0.0,월,,,,,,,,,,24300.0,-0.10177808122205514
AVAX,순수CHoCH,—,15m,0.0,월,,,,,,,,,,24301.0,-0.08670634515478798
AVAX,순수CHoCH,—,15m,0.0,월,,,,,,,,,,24302.0,0.0865380121836646
AVAX,순수CHoCH,—,15m,0.0,월,,,,,,,,,,24303.0,0.135469711685179
AVAX,순수CHoCH,—,15m,0.0,월,,,,,,,,,,24304.0,0.21858414124332526
AVAX,순수CHoCH,—,15m,0.0,월,,,,,,,,,,24305.0,-0.1401036622577493
AVAX,순수CHoCH,—,15m,0.0,월,,,,,,,,,,24306.0,-0.11133319418096184
AVAX,순수CHoCH,—,15m,0.0,월,,,,,,,,,,24307.0,0.13127401506521424
AVAX,순수CHoCH,—,15m,0.0,월,,,,,,,,,,24308.0,-0.07007745062373515
AVAX,순수CHoCH,—,15m,0.0,월,,,,,,,,,,24309.0,-0.06521300633103044
AVAX,순수CHoCH,—,15m,0.0,월,,,,,,,,,,24310.0,-0.006852598579887278
AVAX,순수CHoCH,—,15m,0.0,월,,,,,,,,,,24311.0,-0.05771134546505767
AVAX,순수CHoCH,—,15m,0.0,월,,,,,,,,,,24312.0,-0.09274302083586378
AVAX,순수CHoCH,—,15m,0.0,월,,,,,,,,,,24313.0,-0.04137249832138629
AVAX,순수CHoCH,—,15m,0.0,월,,,,,,,,,,24314.0,0.09177542682036799
AVAX,순수CHoCH,—,15m,0.0,월,,,,,,,,,,24315.0,-0.07600975092264349
AVAX,순수CHoCH,—,15m,0.0,월,,,,,,,,,,24316.0,-0.23279067021177674
AVAX,순수CHoCH,—,15m,0.0,월,,,,,,,,,,24317.0,-0.08689835507318083
AVAX,순수CHoCH,—,15m,0.0,월,,,,,,,,,,24318.0,-0.052668496509636925
AVAX,순수CHoCH,—,1h,0.0,전체,1239.0,0.9896166134185304,354.5232273838631,0.026634382566585957,0.021427810251278774,0.005206572315307166,-0.02411218724778047,0.321226795803067,0.06295399515738499,,
AVAX,순수CHoCH,—,1h,0.0,홀드아웃 전,930.0,0.9896166134185304,373.0563269032759,0.05161290322580645,0.020478774355758553,0.0311341288700479,,0.3301075268817204,0.06129032258064516,,
AVAX,순수CHoCH,—,1h,0.0,홀드아웃 12개월,309.0,0.9896166134185304,312.75452028017617,-0.04854368932038835,0.024284131878572646,-0.07282782119896102,,0.29449838187702265,0.06796116504854369,,
AVAX,순수CHoCH,—,1h,0.0,월,,,,,,,,,,24265.0,0.48773320600371173
AVAX,순수CHoCH,—,1h,0.0,월,,,,,,,,,,24266.0,0.1566531864095065
AVAX,순수CHoCH,—,1h,0.0,월,,,,,,,,,,24267.0,-0.2169078385516979
AVAX,순수CHoCH,—,1h,0.0,월,,,,,,,,,,24268.0,-0.021075732285104308
AVAX,순수CHoCH,—,1h,0.0,월,,,,,,,,,,24269.0,0.2022726032813364
AVAX,순수CHoCH,—,1h,0.0,월,,,,,,,,,,24270.0,0.4903219504529136
AVAX,순수CHoCH,—,1h,0.0,월,,,,,,,,,,24271.0,0.29603757715106005
AVAX,순수CHoCH,—,1h,0.0,월,,,,,,,,,,24272.0,-0.07380938770619307
AVAX,순수CHoCH,—,1h,0.0,월,,,,,,,,,,24273.0,-0.1599221373153633
AVAX,순수CHoCH,—,1h,0.0,월,,,,,,,,,,24274.0,0.19469200700607273
AVAX,순수CHoCH,—,1h,0.0,월,,,,,,,,,,24275.0,0.08212809168906976
AVAX,순수CHoCH,—,1h,0.0,월,,,,,,,,,,24276.0,0.32578435163662156
AVAX,순수CHoCH,—,1h,0.0,월,,,,,,,,,,24277.0,-0.06151802658887387
AVAX,순수CHoCH,—,1h,0.0,월,,,,,,,,,,24278.0,0.13926483671143813
AVAX,순수CHoCH,—,1h,0.0,월,,,,,,,,,,24279.0,0.30103864699465793
AVAX,순수CHoCH,—,1h,0.0,월,,,,,,,,,,24280.0,0.06477611521297139
AVAX,순수CHoCH,—,1h,0.0,월,,,,,,,,,,24281.0,0.040843513530185796
AVAX,순수CHoCH,—,1h,0.0,월,,,,,,,,,,24282.0,-0.060371525881400497
AVAX,순수CHoCH,—,1h,0.0,월,,,,,,,,,,24283.0,-0.11166914198391836
AVAX,순수CHoCH,—,1h,0.0,월,,,,,,,,,,24284.0,-0.09031238271969706
AVAX,순수CHoCH,—,1h,0.0,월,,,,,,,,,,24285.0,-0.3812250594748051
AVAX,순수CHoCH,—,1h,0.0,월,,,,,,,,,,24286.0,0.1669050215034605
AVAX,순수CHoCH,—,1h,0.0,월,,,,,,,,,,24287.0,0.16437066434304035
AVAX,순수CHoCH,—,1h,0.0,월,,,,,,,,,,24288.0,-0.5154199682956483
AVAX,순수CHoCH,—,1h,0.0,월,,,,,,,,,,24289.0,0.3407842015787622
AVAX,순수CHoCH,—,1h,0.0,월,,,,,,,,,,24290.0,-0.054674713161368446
AVAX,순수CHoCH,—,1h,0.0,월,,,,,,,,,,24291.0,-0.015000845486242288
AVAX,순수CHoCH,—,1h,0.0,월,,,,,,,,,,24292.0,-0.2481012031584965
AVAX,순수CHoCH,—,1h,0.0,월,,,,,,,,,,24293.0,0.022714829803530345
AVAX,순수CHoCH,—,1h,0.0,월,,,,,,,,,,24294.0,0.06490997632679033
AVAX,순수CHoCH,—,1h,0.0,월,,,,,,,,,,24295.0,0.28938253073521997
AVAX,순수CHoCH,—,1h,0.0,월,,,,,,,,,,24296.0,-0.31269940884173747
AVAX,순수CHoCH,—,1h,0.0,월,,,,,,,,,,24297.0,0.3426633637334304
AVAX,순수CHoCH,—,1h,0.0,월,,,,,,,,,,24298.0,-0.09486131657502586
AVAX,순수CHoCH,—,1h,0.0,월,,,,,,,,,,24299.0,0.12271096733944621
AVAX,순수CHoCH,—,1h,0.0,월,,,,,,,,,,24300.0,0.10455291575621463
AVAX,순수CHoCH,—,1h,0.0,월,,,,,,,,,,24301.0,-0.05735446791243696
AVAX,순수CHoCH,—,1h,0.0,월,,,,,,,,,,24302.0,-0.1883671785923964
AVAX,순수CHoCH,—,1h,0.0,월,,,,,,,,,,24303.0,0.31480402398616053
AVAX,순수CHoCH,—,1h,0.0,월,,,,,,,,,,24304.0,0.2002305020545519
AVAX,순수CHoCH,—,1h,0.0,월,,,,,,,,,,24305.0,-0.12172940623639616
AVAX,순수CHoCH,—,1h,0.0,월,,,,,,,,,,24306.0,-0.17814141822577698
AVAX,순수CHoCH,—,1h,0.0,월,,,,,,,,,,24307.0,-0.20307602182376672
AVAX,순수CHoCH,—,1h,0.0,월,,,,,,,,,,24308.0,0.06380173054266088
AVAX,순수CHoCH,—,1h,0.0,월,,,,,,,,,,24309.0,0.21027708743961823
AVAX,순수CHoCH,—,1h,0.0,월,,,,,,,,,,24310.0,-0.07869121551897272
AVAX,순수CHoCH,—,1h,0.0,월,,,,,,,,,,24311.0,0.3678258773650388
AVAX,순수CHoCH,—,1h,0.0,월,,,,,,,,,,24312.0,-0.6244282438142941
AVAX,순수CHoCH,—,1h,0.0,월,,,,,,,,,,24313.0,-0.06057888714620515
AVAX,순수CHoCH,—,1h,0.0,월,,,,,,,,,,24314.0,0.12544753964172767
AVAX,순수CHoCH,—,1h,0.0,월,,,,,,,,,,24315.0,0.11738685627599013
AVAX,순수CHoCH,—,1h,0.0,월,,,,,,,,,,24316.0,-0.028523262045655133
AVAX,순수CHoCH,—,1h,0.0,월,,,,,,,,,,24317.0,0.002339907873546919
AVAX,순수CHoCH,—,1h,0.0,월,,,,,,,,,,24318.0,-0.6713056988075624
AVAX,스윕+CHoCH,1h,5m,0.0,전체,4183.0,0.9933507480408454,129.66437356681257,0.027253167583074348,0.05745753947537902,-0.030204371892304665,0.010100406406885011,0.34185990915610803,0.0016734401147501792,,
AVAX,스윕+CHoCH,1h,5m,0.0,홀드아웃 전,3183.0,0.9933507480408454,138.1692573402419,0.020106817467797675,0.05443618981916248,-0.034329372351364795,,0.3393025447690858,0.002199183160540371,,
AVAX,스윕+CHoCH,1h,5m,0.0,홀드아웃 12개월,1000.0,0.9933507480408454,106.87798314508811,0.05,0.0670744954311163,-0.017074495431116304,,0.35,0.0,,
AVAX,스윕+CHoCH,1h,5m,0.0,월,,,,,,,,,,24265.0,-0.29163972147910017
AVAX,스윕+CHoCH,1h,5m,0.0,월,,,,,,,,,,24266.0,-0.12622732559744018
AVAX,스윕+CHoCH,1h,5m,0.0,월,,,,,,,,,,24267.0,-0.08555225140712984
AVAX,스윕+CHoCH,1h,5m,0.0,월,,,,,,,,,,24268.0,-0.2617062014384364
AVAX,스윕+CHoCH,1h,5m,0.0,월,,,,,,,,,,24269.0,0.0776393582106929
AVAX,스윕+CHoCH,1h,5m,0.0,월,,,,,,,,,,24270.0,-0.08398661812590896
AVAX,스윕+CHoCH,1h,5m,0.0,월,,,,,,,,,,24271.0,0.00315537476588864
AVAX,스윕+CHoCH,1h,5m,0.0,월,,,,,,,,,,24272.0,-0.08658423497077168
AVAX,스윕+CHoCH,1h,5m,0.0,월,,,,,,,,,,24273.0,-0.3052055461343873
AVAX,스윕+CHoCH,1h,5m,0.0,월,,,,,,,,,,24274.0,-0.2920532630776233
AVAX,스윕+CHoCH,1h,5m,0.0,월,,,,,,,,,,24275.0,0.14437534832587573
AVAX,스윕+CHoCH,1h,5m,0.0,월,,,,,,,,,,24276.0,-0.0075778454256464085
AVAX,스윕+CHoCH,1h,5m,0.0,월,,,,,,,,,,24277.0,0.017530030139085814
AVAX,스윕+CHoCH,1h,5m,0.0,월,,,,,,,,,,24278.0,-0.12607561560883973
AVAX,스윕+CHoCH,1h,5m,0.0,월,,,,,,,,,,24279.0,0.030204458702043142
AVAX,스윕+CHoCH,1h,5m,0.0,월,,,,,,,,,,24280.0,0.1015912016414101
AVAX,스윕+CHoCH,1h,5m,0.0,월,,,,,,,,,,24281.0,-0.05730788194240049
AVAX,스윕+CHoCH,1h,5m,0.0,월,,,,,,,,,,24282.0,-0.11811859361731614
AVAX,스윕+CHoCH,1h,5m,0.0,월,,,,,,,,,,24283.0,-0.0023149727863490577
AVAX,스윕+CHoCH,1h,5m,0.0,월,,,,,,,,,,24284.0,-0.02211992086879661
AVAX,스윕+CHoCH,1h,5m,0.0,월,,,,,,,,,,24285.0,-0.2725252182393776
AVAX,스윕+CHoCH,1h,5m,0.0,월,,,,,,,,,,24286.0,-0.131222833148543
AVAX,스윕+CHoCH,1h,5m,0.0,월,,,,,,,,,,24287.0,0.23934302593202195
AVAX,스윕+CHoCH,1h,5m,0.0,월,,,,,,,,,,24288.0,-0.08468239925783996
AVAX,스윕+CHoCH,1h,5m,0.0,월,,,,,,,,,,24289.0,0.09699757605472059
AVAX,스윕+CHoCH,1h,5m,0.0,월,,,,,,,,,,24290.0,0.14070999225950334
AVAX,스윕+CHoCH,1h,5m,0.0,월,,,,,,,,,,24291.0,-0.162952178082079
AVAX,스윕+CHoCH,1h,5m,0.0,월,,,,,,,,,,24292.0,-0.13787459048688347
AVAX,스윕+CHoCH,1h,5m,0.0,월,,,,,,,,,,24293.0,-0.07478492789066726
AVAX,스윕+CHoCH,1h,5m,0.0,월,,,,,,,,,,24294.0,0.045448792846085564
AVAX,스윕+CHoCH,1h,5m,0.0,월,,,,,,,,,,24295.0,-0.33362413496912735
AVAX,스윕+CHoCH,1h,5m,0.0,월,,,,,,,,,,24296.0,-0.4661525093037951
AVAX,스윕+CHoCH,1h,5m,0.0,월,,,,,,,,,,24297.0,0.15641012155356554
AVAX,스윕+CHoCH,1h,5m,0.0,월,,,,,,,,,,24298.0,-0.08145984905299275
AVAX,스윕+CHoCH,1h,5m,0.0,월,,,,,,,,,,24299.0,0.23284193605035927
AVAX,스윕+CHoCH,1h,5m,0.0,월,,,,,,,,,,24300.0,0.09536994992440194
AVAX,스윕+CHoCH,1h,5m,0.0,월,,,,,,,,,,24301.0,0.20918994867092172
AVAX,스윕+CHoCH,1h,5m,0.0,월,,,,,,,,,,24302.0,0.39539635049125404
AVAX,스윕+CHoCH,1h,5m,0.0,월,,,,,,,,,,24303.0,-0.021247532890006377
AVAX,스윕+CHoCH,1h,5m,0.0,월,,,,,,,,,,24304.0,-0.11522422835522769
AVAX,스윕+CHoCH,1h,5m,0.0,월,,,,,,,,,,24305.0,0.17591404759339174
AVAX,스윕+CHoCH,1h,5m,0.0,월,,,,,,,,,,24306.0,-0.05525172683842345
AVAX,스윕+CHoCH,1h,5m,0.0,월,,,,,,,,,,24307.0,-0.1403960938455401
AVAX,스윕+CHoCH,1h,5m,0.0,월,,,,,,,,,,24308.0,0.11710629736894362
AVAX,스윕+CHoCH,1h,5m,0.0,월,,,,,,,,,,24309.0,0.27474475624113265
AVAX,스윕+CHoCH,1h,5m,0.0,월,,,,,,,,,,24310.0,0.10271027092767762
AVAX,스윕+CHoCH,1h,5m,0.0,월,,,,,,,,,,24311.0,-0.011622378575942626
AVAX,스윕+CHoCH,1h,5m,0.0,월,,,,,,,,,,24312.0,0.20767666432187756
AVAX,스윕+CHoCH,1h,5m,0.0,월,,,,,,,,,,24313.0,-0.21038242276207636
AVAX,스윕+CHoCH,1h,5m,0.0,월,,,,,,,,,,24314.0,-0.15559893042072503
AVAX,스윕+CHoCH,1h,5m,0.0,월,,,,,,,,,,24315.0,-0.13253375417129684
AVAX,스윕+CHoCH,1h,5m,0.0,월,,,,,,,,,,24316.0,-0.21406748303731726
AVAX,스윕+CHoCH,1h,5m,0.0,월,,,,,,,,,,24317.0,-0.10981856720723361
AVAX,스윕+CHoCH,1h,5m,0.0,월,,,,,,,,,,24318.0,0.00021444735112507562
AVAX,스윕+CHoCH,1h,5m,0.25,전체,4327.0,0.9928866452501147,135.00170047199705,0.011324243124566674,0.05503979789956903,-0.043715554775002344,0.007424312456667437,0.33649179570140975,0.0018488560203374163,,
AVAX,스윕+CHoCH,1h,5m,0.25,홀드아웃 전,3300.0,0.9928866452501147,144.50534530355995,0.007575757575757576,0.05212645964235276,-0.04455070206659518,,0.33515151515151514,0.0021212121212121214,,
AVAX,스윕+CHoCH,1h,5m,0.25,홀드아웃 12개월,1027.0,0.9928866452501147,111.65667015836141,0.023369036027263874,0.06440106006978683,-0.04103202404252298,,0.34079844206426485,0.0009737098344693282,,
AVAX,스윕+CHoCH,1h,5m,0.25,월,,,,,,,,,,24265.0,-0.2885467975872516
AVAX,스윕+CHoCH,1h,5m,0.25,월,,,,,,,,,,24266.0,-0.006712657829994447
AVAX,스윕+CHoCH,1h,5m,0.25,월,,,,,,,,,,24267.0,-0.05223601160817527
AVAX,스윕+CHoCH,1h,5m,0.25,월,,,,,,,,,,24268.0,-0.2022637785480815
AVAX,스윕+CHoCH,1h,5m,0.25,월,,,,,,,,,,24269.0,0.07146689246339431
AVAX,스윕+CHoCH,1h,5m,0.25,월,,,,,,,,,,24270.0,0.027364637675183597
AVAX,스윕+CHoCH,1h,5m,0.25,월,,,,,,,,,,24271.0,-0.10101060609687593
AVAX,스윕+CHoCH,1h,5m,0.25,월,,,,,,,,,,24272.0,0.023180245380978178
AVAX,스윕+CHoCH,1h,5m,0.25,월,,,,,,,,,,24273.0,-0.2613815641821448
AVAX,스윕+CHoCH,1h,5m,0.25,월,,,,,,,,,,24274.0,-0.288246634940226
AVAX,스윕+CHoCH,1h,5m,0.25,월,,,,,,,,,,24275.0,0.17318505194328368
AVAX,스윕+CHoCH,1h,5m,0.25,월,,,,,,,,,,24276.0,0.09008793445372043
AVAX,스윕+CHoCH,1h,5m,0.25,월,,,,,,,,,,24277.0,-0.0950557846447103
AVAX,스윕+CHoCH,1h,5m,0.25,월,,,,,,,,,,24278.0,-0.12211441672703234
AVAX,스윕+CHoCH,1h,5m,0.25,월,,,,,,,,,,24279.0,-0.05056022456374765
AVAX,스윕+CHoCH,1h,5m,0.25,월,,,,,,,,,,24280.0,0.04973021519580694
AVAX,스윕+CHoCH,1h,5m,0.25,월,,,,,,,,,,24281.0,-0.1523547718710793
AVAX,스윕+CHoCH,1h,5m,0.25,월,,,,,,,,,,24282.0,-0.08204600671453052
AVAX,스윕+CHoCH,1h,5m,0.25,월,,,,,,,,,,24283.0,0.012796058193604399
AVAX,스윕+CHoCH,1h,5m,0.25,월,,,,,,,,,,24284.0,-0.05617749409742225
AVAX,스윕+CHoCH,1h,5m,0.25,월,,,,,,,,,,24285.0,-0.24854587744241105
AVAX,스윕+CHoCH,1h,5m,0.25,월,,,,,,,,,,24286.0,-0.16200571162990537
AVAX,스윕+CHoCH,1h,5m,0.25,월,,,,,,,,,,24287.0,0.047695287982662586
AVAX,스윕+CHoCH,1h,5m,0.25,월,,,,,,,,,,24288.0,-0.15460116569579505
AVAX,스윕+CHoCH,1h,5m,0.25,월,,,,,,,,,,24289.0,0.09033391174076802
AVAX,스윕+CHoCH,1h,5m,0.25,월,,,,,,,,,,24290.0,0.04058352063015652
AVAX,스윕+CHoCH,1h,5m,0.25,월,,,,,,,,,,24291.0,-0.14026026642741568
AVAX,스윕+CHoCH,1h,5m,0.25,월,,,,,,,,,,24292.0,-0.15889666494615826
AVAX,스윕+CHoCH,1h,5m,0.25,월,,,,,,,,,,24293.0,-0.07216939316643166
AVAX,스윕+CHoCH,1h,5m,0.25,월,,,,,,,,,,24294.0,0.01911084248780741
AVAX,스윕+CHoCH,1h,5m,0.25,월,,,,,,,,,,24295.0,-0.35402409604027263
AVAX,스윕+CHoCH,1h,5m,0.25,월,,,,,,,,,,24296.0,-0.4051532667010163
AVAX,스윕+CHoCH,1h,5m,0.25,월,,,,,,,,,,24297.0,0.18763658482068207
AVAX,스윕+CHoCH,1h,5m,0.25,월,,,,,,,,,,24298.0,-0.12203481065323
AVAX,스윕+CHoCH,1h,5m,0.25,월,,,,,,,,,,24299.0,0.1851546830718411
AVAX,스윕+CHoCH,1h,5m,0.25,월,,,,,,,,,,24300.0,0.014549129487583546
AVAX,스윕+CHoCH,1h,5m,0.25,월,,,,,,,,,,24301.0,0.20237996894070248
AVAX,스윕+CHoCH,1h,5m,0.25,월,,,,,,,,,,24302.0,0.3824724386024914
AVAX,스윕+CHoCH,1h,5m,0.25,월,,,,,,,,,,24303.0,-0.12877216420013085
AVAX,스윕+CHoCH,1h,5m,0.25,월,,,,,,,,,,24304.0,-0.09918419374215053
AVAX,스윕+CHoCH,1h,5m,0.25,월,,,,,,,,,,24305.0,0.14511654570023855
AVAX,스윕+CHoCH,1h,5m,0.25,월,,,,,,,,,,24306.0,0.004554653931031832
AVAX,스윕+CHoCH,1h,5m,0.25,월,,,,,,,,,,24307.0,-0.07830950166279603
AVAX,스윕+CHoCH,1h,5m,0.25,월,,,,,,,,,,24308.0,0.14196258344297086
AVAX,스윕+CHoCH,1h,5m,0.25,월,,,,,,,,,,24309.0,0.2810773682257442
AVAX,스윕+CHoCH,1h,5m,0.25,월,,,,,,,,,,24310.0,-0.016567139055978328
AVAX,스윕+CHoCH,1h,5m,0.25,월,,,,,,,,,,24311.0,-0.10445600291128025
AVAX,스윕+CHoCH,1h,5m,0.25,월,,,,,,,,,,24312.0,0.13764098978683045
AVAX,스윕+CHoCH,1h,5m,0.25,월,,,,,,,,,,24313.0,-0.1807098945275824
AVAX,스윕+CHoCH,1h,5m,0.25,월,,,,,,,,,,24314.0,-0.16558649704595307
AVAX,스윕+CHoCH,1h,5m,0.25,월,,,,,,,,,,24315.0,-0.13934629221061878
AVAX,스윕+CHoCH,1h,5m,0.25,월,,,,,,,,,,24316.0,-0.36200066803956926
AVAX,스윕+CHoCH,1h,5m,0.25,월,,,,,,,,,,24317.0,-0.12769235303779963
AVAX,스윕+CHoCH,1h,5m,0.25,월,,,,,,,,,,24318.0,0.042785883079364526
AVAX,스윕+CHoCH,1h,15m,0.0,전체,3258.0,0.990273556231003,221.80212219000634,0.03038674033149171,0.03517267383153411,-0.004785933500042385,0.012814610190300798,0.3354818907305095,0.02394106813996317,,
AVAX,스윕+CHoCH,1h,15m,0.0,홀드아웃 전,2492.0,0.990273556231003,234.9088629903854,0.04373996789727127,0.033176322152858755,0.010563645744412513,,0.3402889245585875,0.022873194221508828,,
AVAX,스윕+CHoCH,1h,15m,0.0,홀드아웃 12개월,766.0,0.990273556231003,184.17583664065492,-0.013054830287206266,0.041667332295318646,-0.05472216258252491,,0.3198433420365535,0.02741514360313316,,
AVAX,스윕+CHoCH,1h,15m,0.0,월,,,,,,,,,,24265.0,-0.12825252508201218
AVAX,스윕+CHoCH,1h,15m,0.0,월,,,,,,,,,,24266.0,-0.11007283289514144
AVAX,스윕+CHoCH,1h,15m,0.0,월,,,,,,,,,,24267.0,0.036970488483918214
AVAX,스윕+CHoCH,1h,15m,0.0,월,,,,,,,,,,24268.0,-0.03684872930439827
AVAX,스윕+CHoCH,1h,15m,0.0,월,,,,,,,,,,24269.0,-0.002863162862879579
AVAX,스윕+CHoCH,1h,15m,0.0,월,,,,,,,,,,24270.0,0.328271707363403
AVAX,스윕+CHoCH,1h,15m,0.0,월,,,,,,,,,,24271.0,-0.023729035089202186
AVAX,스윕+CHoCH,1h,15m,0.0,월,,,,,,,,,,24272.0,0.08295331141372338
AVAX,스윕+CHoCH,1h,15m,0.0,월,,,,,,,,,,24273.0,-0.17644493088014265
AVAX,스윕+CHoCH,1h,15m,0.0,월,,,,,,,,,,24274.0,-0.2887510396286381
AVAX,스윕+CHoCH,1h,15m,0.0,월,,,,,,,,,,24275.0,0.0730074391862558
AVAX,스윕+CHoCH,1h,15m,0.0,월,,,,,,,,,,24276.0,0.026618294578882578
AVAX,스윕+CHoCH,1h,15m,0.0,월,,,,,,,,,,24277.0,-0.17540297096109578
AVAX,스윕+CHoCH,1h,15m,0.0,월,,,,,,,,,,24278.0,-0.10577731553309395
AVAX,스윕+CHoCH,1h,15m,0.0,월,,,,,,,,,,24279.0,-0.1807969382201269
AVAX,스윕+CHoCH,1h,15m,0.0,월,,,,,,,,,,24280.0,0.11368578707293586
AVAX,스윕+CHoCH,1h,15m,0.0,월,,,,,,,,,,24281.0,-0.3134480298301371
AVAX,스윕+CHoCH,1h,15m,0.0,월,,,,,,,,,,24282.0,0.08983599233859123
AVAX,스윕+CHoCH,1h,15m,0.0,월,,,,,,,,,,24283.0,0.052977621804729993
AVAX,스윕+CHoCH,1h,15m,0.0,월,,,,,,,,,,24284.0,0.09363125424796843
AVAX,스윕+CHoCH,1h,15m,0.0,월,,,,,,,,,,24285.0,-0.1854540889676613
AVAX,스윕+CHoCH,1h,15m,0.0,월,,,,,,,,,,24286.0,0.10005542767938234
AVAX,스윕+CHoCH,1h,15m,0.0,월,,,,,,,,,,24287.0,-0.04347629523505795
AVAX,스윕+CHoCH,1h,15m,0.0,월,,,,,,,,,,24288.0,0.2012389101610625
AVAX,스윕+CHoCH,1h,15m,0.0,월,,,,,,,,,,24289.0,0.1534102694348105
AVAX,스윕+CHoCH,1h,15m,0.0,월,,,,,,,,,,24290.0,-0.008640806297589239
AVAX,스윕+CHoCH,1h,15m,0.0,월,,,,,,,,,,24291.0,-0.0906504734561124
AVAX,스윕+CHoCH,1h,15m,0.0,월,,,,,,,,,,24292.0,-0.23337653206745193
AVAX,스윕+CHoCH,1h,15m,0.0,월,,,,,,,,,,24293.0,0.26007731269318624
AVAX,스윕+CHoCH,1h,15m,0.0,월,,,,,,,,,,24294.0,0.029538413757638677
AVAX,스윕+CHoCH,1h,15m,0.0,월,,,,,,,,,,24295.0,-0.003936526482189248
AVAX,스윕+CHoCH,1h,15m,0.0,월,,,,,,,,,,24296.0,0.1358346376939903
AVAX,스윕+CHoCH,1h,15m,0.0,월,,,,,,,,,,24297.0,0.019595764312350345
AVAX,스윕+CHoCH,1h,15m,0.0,월,,,,,,,,,,24298.0,-0.026224966616286944
AVAX,스윕+CHoCH,1h,15m,0.0,월,,,,,,,,,,24299.0,0.11876811656518341
AVAX,스윕+CHoCH,1h,15m,0.0,월,,,,,,,,,,24300.0,0.005458702285625226
AVAX,스윕+CHoCH,1h,15m,0.0,월,,,,,,,,,,24301.0,0.02918207374094175
AVAX,스윕+CHoCH,1h,15m,0.0,월,,,,,,,,,,24302.0,0.31405017287395864
AVAX,스윕+CHoCH,1h,15m,0.0,월,,,,,,,,,,24303.0,0.23320854914032693
AVAX,스윕+CHoCH,1h,15m,0.0,월,,,,,,,,,,24304.0,0.07751807023801116
AVAX,스윕+CHoCH,1h,15m,0.0,월,,,,,,,,,,24305.0,-0.00045217232726119024
AVAX,스윕+CHoCH,1h,15m,0.0,월,,,,,,,,,,24306.0,-0.15200206761470947
AVAX,스윕+CHoCH,1h,15m,0.0,월,,,,,,,,,,24307.0,0.09715665992542864
AVAX,스윕+CHoCH,1h,15m,0.0,월,,,,,,,,,,24308.0,-0.06416667367017816
AVAX,스윕+CHoCH,1h,15m,0.0,월,,,,,,,,,,24309.0,-0.16291936281136904
AVAX,스윕+CHoCH,1h,15m,0.0,월,,,,,,,,,,24310.0,-0.15985863221402138
AVAX,스윕+CHoCH,1h,15m,0.0,월,,,,,,,,,,24311.0,-0.023988664385253634
AVAX,스윕+CHoCH,1h,15m,0.0,월,,,,,,,,,,24312.0,-0.048052487734762395
AVAX,스윕+CHoCH,1h,15m,0.0,월,,,,,,,,,,24313.0,-0.05714577469354384
AVAX,스윕+CHoCH,1h,15m,0.0,월,,,,,,,,,,24314.0,0.2293459207661287
AVAX,스윕+CHoCH,1h,15m,0.0,월,,,,,,,,,,24315.0,-0.14407630088535972
AVAX,스윕+CHoCH,1h,15m,0.0,월,,,,,,,,,,24316.0,-0.2566122366017285
AVAX,스윕+CHoCH,1h,15m,0.0,월,,,,,,,,,,24317.0,-0.13946349477145514
AVAX,스윕+CHoCH,1h,15m,0.0,월,,,,,,,,,,24318.0,0.08686897546638178
AVAX,스윕+CHoCH,1h,15m,0.25,전체,3268.0,0.9903030303030304,229.91612698872882,0.018665850673194616,0.033788616078499464,-0.015122765405304849,0.002868727050183599,0.33078335373317014,0.02631578947368421,,
AVAX,스윕+CHoCH,1h,15m,0.25,홀드아웃 전,2501.0,0.9903030303030304,243.71776969772577,0.027189124350259896,0.031957013856133774,-0.004767889505873869,,0.3338664534186325,0.025589764094362255,,
AVAX,스윕+CHoCH,1h,15m,0.25,홀드아웃 12개월,767.0,0.9903030303030304,191.99644912806662,-0.009126466753585397,0.03976102436811692,-0.04888749112170232,,0.32073011734028684,0.028683181225554105,,
AVAX,스윕+CHoCH,1h,15m,0.25,월,,,,,,,,,,24265.0,-0.32716647340430194
AVAX,스윕+CHoCH,1h,15m,0.25,월,,,,,,,,,,24266.0,-0.2145530473070506
AVAX,스윕+CHoCH,1h,15m,0.25,월,,,,,,,,,,24267.0,0.024283160790636443
AVAX,스윕+CHoCH,1h,15m,0.25,월,,,,,,,,,,24268.0,-0.03499013479233829
AVAX,스윕+CHoCH,1h,15m,0.25,월,,,,,,,,,,24269.0,-0.0020876703712911474
AVAX,스윕+CHoCH,1h,15m,0.25,월,,,,,,,,,,24270.0,0.3809831615960265
AVAX,스윕+CHoCH,1h,15m,0.25,월,,,,,,,,,,24271.0,-0.12847919607553604
AVAX,스윕+CHoCH,1h,15m,0.25,월,,,,,,,,,,24272.0,0.13778583550759602
AVAX,스윕+CHoCH,1h,15m,0.25,월,,,,,,,,,,24273.0,-0.2110808590203841
AVAX,스윕+CHoCH,1h,15m,0.25,월,,,,,,,,,,24274.0,-0.22640396166055662
AVAX,스윕+CHoCH,1h,15m,0.25,월,,,,,,,,,,24275.0,0.07411270332083726
AVAX,스윕+CHoCH,1h,15m,0.25,월,,,,,,,,,,24276.0,0.08466022364138712
AVAX,스윕+CHoCH,1h,15m,0.25,월,,,,,,,,,,24277.0,-0.17410572696855967
AVAX,스윕+CHoCH,1h,15m,0.25,월,,,,,,,,,,24278.0,-0.12203473116226034
AVAX,스윕+CHoCH,1h,15m,0.25,월,,,,,,,,,,24279.0,-0.2522577935731473
AVAX,스윕+CHoCH,1h,15m,0.25,월,,,,,,,,,,24280.0,0.11549638468475198
AVAX,스윕+CHoCH,1h,15m,0.25,월,,,,,,,,,,24281.0,-0.31172006633436933
AVAX,스윕+CHoCH,1h,15m,0.25,월,,,,,,,,,,24282.0,-0.07978668863252063
AVAX,스윕+CHoCH,1h,15m,0.25,월,,,,,,,,,,24283.0,0.03160300705282737
AVAX,스윕+CHoCH,1h,15m,0.25,월,,,,,,,,,,24284.0,0.03078332407327838
AVAX,스윕+CHoCH,1h,15m,0.25,월,,,,,,,,,,24285.0,-0.18309228062875177
AVAX,스윕+CHoCH,1h,15m,0.25,월,,,,,,,,,,24286.0,0.10146288036441119
AVAX,스윕+CHoCH,1h,15m,0.25,월,,,,,,,,,,24287.0,-0.04197951558045787
AVAX,스윕+CHoCH,1h,15m,0.25,월,,,,,,,,,,24288.0,0.20226666161255652
AVAX,스윕+CHoCH,1h,15m,0.25,월,,,,,,,,,,24289.0,0.154577807664383
AVAX,스윕+CHoCH,1h,15m,0.25,월,,,,,,,,,,24290.0,-0.051166693380770345
AVAX,스윕+CHoCH,1h,15m,0.25,월,,,,,,,,,,24291.0,-0.15379322520648778
AVAX,스윕+CHoCH,1h,15m,0.25,월,,,,,,,,,,24292.0,-0.3343311004407918
AVAX,스윕+CHoCH,1h,15m,0.25,월,,,,,,,,,,24293.0,0.40343928006058505
AVAX,스윕+CHoCH,1h,15m,0.25,월,,,,,,,,,,24294.0,-0.017843550892113286
AVAX,스윕+CHoCH,1h,15m,0.25,월,,,,,,,,,,24295.0,-0.002196549529428025
AVAX,스윕+CHoCH,1h,15m,0.25,월,,,,,,,,,,24296.0,0.11890704206553421
AVAX,스윕+CHoCH,1h,15m,0.25,월,,,,,,,,,,24297.0,0.06773349535011418
AVAX,스윕+CHoCH,1h,15m,0.25,월,,,,,,,,,,24298.0,-0.024483293022789027
AVAX,스윕+CHoCH,1h,15m,0.25,월,,,,,,,,,,24299.0,0.04010578987762472
AVAX,스윕+CHoCH,1h,15m,0.25,월,,,,,,,,,,24300.0,-0.0392278053235286
AVAX,스윕+CHoCH,1h,15m,0.25,월,,,,,,,,,,24301.0,-0.01425139415937954
AVAX,스윕+CHoCH,1h,15m,0.25,월,,,,,,,,,,24302.0,0.26142924725248956
AVAX,스윕+CHoCH,1h,15m,0.25,월,,,,,,,,,,24303.0,0.2917479610112848
AVAX,스윕+CHoCH,1h,15m,0.25,월,,,,,,,,,,24304.0,0.015299210326568655
AVAX,스윕+CHoCH,1h,15m,0.25,월,,,,,,,,,,24305.0,0.04603048643399581
AVAX,스윕+CHoCH,1h,15m,0.25,월,,,,,,,,,,24306.0,-0.19870714606246748
AVAX,스윕+CHoCH,1h,15m,0.25,월,,,,,,,,,,24307.0,0.09940017112256899
AVAX,스윕+CHoCH,1h,15m,0.25,월,,,,,,,,,,24308.0,-0.093178334803974
AVAX,스윕+CHoCH,1h,15m,0.25,월,,,,,,,,,,24309.0,-0.17662604750557914
AVAX,스윕+CHoCH,1h,15m,0.25,월,,,,,,,,,,24310.0,-0.1577879118799312
AVAX,스윕+CHoCH,1h,15m,0.25,월,,,,,,,,,,24311.0,-0.021762459468727516
AVAX,스윕+CHoCH,1h,15m,0.25,월,,,,,,,,,,24312.0,-0.04590199079220492
AVAX,스윕+CHoCH,1h,15m,0.25,월,,,,,,,,,,24313.0,-0.010217247214959157
AVAX,스윕+CHoCH,1h,15m,0.25,월,,,,,,,,,,24314.0,0.2310196322564838
AVAX,스윕+CHoCH,1h,15m,0.25,월,,,,,,,,,,24315.0,-0.18615521299601961
AVAX,스윕+CHoCH,1h,15m,0.25,월,,,,,,,,,,24316.0,-0.2540746861735581
AVAX,스윕+CHoCH,1h,15m,0.25,월,,,,,,,,,,24317.0,-0.09358663449925525
AVAX,스윕+CHoCH,1h,15m,0.25,월,,,,,,,,,,24318.0,0.1395397659847627
AVAX,스윕+CHoCH,1h,1h,0.0,전체,1183.0,0.990787269681742,425.8997328304257,-0.026204564666103127,0.01790272127502071,-0.04410728594112384,-0.02768385460693153,0.2865595942519019,0.11411665257819104,,
AVAX,스윕+CHoCH,1h,1h,0.0,홀드아웃 전,886.0,0.990787269681742,448.70292270439245,-0.012415349887133182,0.01726187712588516,-0.029677227013018344,,0.291196388261851,0.11399548532731377,,
AVAX,스윕+CHoCH,1h,1h,0.0,홀드아웃 12개월,297.0,0.990787269681742,374.5180833486318,-0.06734006734006734,0.019814465100388066,-0.0871545324404554,,0.2727272727272727,0.11447811447811448,,
AVAX,스윕+CHoCH,1h,1h,0.0,월,,,,,,,,,,24265.0,-0.5116433646011849
AVAX,스윕+CHoCH,1h,1h,0.0,월,,,,,,,,,,24266.0,0.04639471927925787
AVAX,스윕+CHoCH,1h,1h,0.0,월,,,,,,,,,,24267.0,-0.254545136996825
AVAX,스윕+CHoCH,1h,1h,0.0,월,,,,,,,,,,24268.0,0.03075185292801344
AVAX,스윕+CHoCH,1h,1h,0.0,월,,,,,,,,,,24269.0,0.25573842796723134
AVAX,스윕+CHoCH,1h,1h,0.0,월,,,,,,,,,,24270.0,0.2413467374614462
AVAX,스윕+CHoCH,1h,1h,0.0,월,,,,,,,,,,24271.0,0.15541327998941523
AVAX,스윕+CHoCH,1h,1h,0.0,월,,,,,,,,,,24272.0,0.16202062723772487
AVAX,스윕+CHoCH,1h,1h,0.0,월,,,,,,,,,,24273.0,-0.16997173212051495
AVAX,스윕+CHoCH,1h,1h,0.0,월,,,,,,,,,,24274.0,0.5500114836361579
AVAX,스윕+CHoCH,1h,1h,0.0,월,,,,,,,,,,24275.0,-0.013963394267833894
AVAX,스윕+CHoCH,1h,1h,0.0,월,,,,,,,,,,24276.0,0.18782832318874393
AVAX,스윕+CHoCH,1h,1h,0.0,월,,,,,,,,,,24277.0,0.03476729470682635
AVAX,스윕+CHoCH,1h,1h,0.0,월,,,,,,,,,,24278.0,0.10033253303597695
AVAX,스윕+CHoCH,1h,1h,0.0,월,,,,,,,,,,24279.0,0.16622788011965656
AVAX,스윕+CHoCH,1h,1h,0.0,월,,,,,,,,,,24280.0,0.17343501848805915
AVAX,스윕+CHoCH,1h,1h,0.0,월,,,,,,,,,,24281.0,-0.12105252772495292
AVAX,스윕+CHoCH,1h,1h,0.0,월,,,,,,,,,,24282.0,-0.21980809818021807
AVAX,스윕+CHoCH,1h,1h,0.0,월,,,,,,,,,,24283.0,-0.1093106119866978
AVAX,스윕+CHoCH,1h,1h,0.0,월,,,,,,,,,,24284.0,0.016710296507546022
AVAX,스윕+CHoCH,1h,1h,0.0,월,,,,,,,,,,24285.0,-0.39314518635685136
AVAX,스윕+CHoCH,1h,1h,0.0,월,,,,,,,,,,24286.0,-0.019460615502255908
AVAX,스윕+CHoCH,1h,1h,0.0,월,,,,,,,,,,24287.0,0.2394112053631116
AVAX,스윕+CHoCH,1h,1h,0.0,월,,,,,,,,,,24288.0,-0.2731813209444079
AVAX,스윕+CHoCH,1h,1h,0.0,월,,,,,,,,,,24289.0,0.06387193617313454
AVAX,스윕+CHoCH,1h,1h,0.0,월,,,,,,,,,,24290.0,-0.2681973815638545
AVAX,스윕+CHoCH,1h,1h,0.0,월,,,,,,,,,,24291.0,-0.012757437989356083
AVAX,스윕+CHoCH,1h,1h,0.0,월,,,,,,,,,,24292.0,-0.33635189971094726
AVAX,스윕+CHoCH,1h,1h,0.0,월,,,,,,,,,,24293.0,-0.20170133785849528
AVAX,스윕+CHoCH,1h,1h,0.0,월,,,,,,,,,,24294.0,0.08109778051513229
AVAX,스윕+CHoCH,1h,1h,0.0,월,,,,,,,,,,24295.0,0.24705335930028788
AVAX,스윕+CHoCH,1h,1h,0.0,월,,,,,,,,,,24296.0,-0.07491419814591659
AVAX,스윕+CHoCH,1h,1h,0.0,월,,,,,,,,,,24297.0,0.2668001322472667
AVAX,스윕+CHoCH,1h,1h,0.0,월,,,,,,,,,,24298.0,-0.27074328687334454
AVAX,스윕+CHoCH,1h,1h,0.0,월,,,,,,,,,,24299.0,-0.20281293619911928
AVAX,스윕+CHoCH,1h,1h,0.0,월,,,,,,,,,,24300.0,0.030126231819675275
AVAX,스윕+CHoCH,1h,1h,0.0,월,,,,,,,,,,24301.0,-0.016529941523235864
AVAX,스윕+CHoCH,1h,1h,0.0,월,,,,,,,,,,24302.0,-0.3605239259737737
AVAX,스윕+CHoCH,1h,1h,0.0,월,,,,,,,,,,24303.0,0.28299542084448825
AVAX,스윕+CHoCH,1h,1h,0.0,월,,,,,,,,,,24304.0,0.22572144055689394
AVAX,스윕+CHoCH,1h,1h,0.0,월,,,,,,,,,,24305.0,-0.27880452919217796
AVAX,스윕+CHoCH,1h,1h,0.0,월,,,,,,,,,,24306.0,-0.4564219039576941
AVAX,스윕+CHoCH,1h,1h,0.0,월,,,,,,,,,,24307.0,-0.1972555756564651
AVAX,스윕+CHoCH,1h,1h,0.0,월,,,,,,,,,,24308.0,0.15661123842176752
AVAX,스윕+CHoCH,1h,1h,0.0,월,,,,,,,,,,24309.0,0.0920283885141229
AVAX,스윕+CHoCH,1h,1h,0.0,월,,,,,,,,,,24310.0,-0.07723855873410483
AVAX,스윕+CHoCH,1h,1h,0.0,월,,,,,,,,,,24311.0,0.4290537473501334
AVAX,스윕+CHoCH,1h,1h,0.0,월,,,,,,,,,,24312.0,-0.6040823725565784
AVAX,스윕+CHoCH,1h,1h,0.0,월,,,,,,,,,,24313.0,-0.2809819198593022
AVAX,스윕+CHoCH,1h,1h,0.0,월,,,,,,,,,,24314.0,0.031103215470430216
AVAX,스윕+CHoCH,1h,1h,0.0,월,,,,,,,,,,24315.0,-0.02013413901544508
AVAX,스윕+CHoCH,1h,1h,0.0,월,,,,,,,,,,24316.0,-0.09905982374708712
AVAX,스윕+CHoCH,1h,1h,0.0,월,,,,,,,,,,24317.0,0.13651484653281257
AVAX,스윕+CHoCH,1h,1h,0.0,월,,,,,,,,,,24318.0,-0.5171372322836624
AVAX,스윕+CHoCH,1h,1h,0.25,전체,1183.0,0.990787269681742,432.9770769995503,-0.037193575655114115,0.01758789129596246,-0.054781466951076586,-0.01658918005071851,0.28148774302620455,0.11834319526627218,,
AVAX,스윕+CHoCH,1h,1h,0.25,홀드아웃 전,886.0,0.990787269681742,457.64595533600243,-0.024830699774266364,0.016959545791929063,-0.04179024556619543,,0.28555304740406323,0.11851015801354402,,
AVAX,스윕+CHoCH,1h,1h,0.25,홀드아웃 12개월,297.0,0.990787269681742,382.43322702000205,-0.07407407407407407,0.019462349600924047,-0.09353642367499815,,0.26936026936026936,0.11784511784511785,,
AVAX,스윕+CHoCH,1h,1h,0.25,월,,,,,,,,,,24265.0,-0.511421934948369
AVAX,스윕+CHoCH,1h,1h,0.25,월,,,,,,,,,,24266.0,0.04657396221650364
AVAX,스윕+CHoCH,1h,1h,0.25,월,,,,,,,,,,24267.0,-0.25419962883279207
AVAX,스윕+CHoCH,1h,1h,0.25,월,,,,,,,,,,24268.0,0.03113598338589298
AVAX,스윕+CHoCH,1h,1h,0.25,월,,,,,,,,,,24269.0,0.2558958633473106
AVAX,스윕+CHoCH,1h,1h,0.25,월,,,,,,,,,,24270.0,0.09128779418299479
AVAX,스윕+CHoCH,1h,1h,0.25,월,,,,,,,,,,24271.0,0.1556835133081533
AVAX,스윕+CHoCH,1h,1h,0.25,월,,,,,,,,,,24272.0,0.16237541252743676
AVAX,스윕+CHoCH,1h,1h,0.25,월,,,,,,,,,,24273.0,-0.16952481138602843
AVAX,스윕+CHoCH,1h,1h,0.25,월,,,,,,,,,,24274.0,0.5503989677287108
AVAX,스윕+CHoCH,1h,1h,0.25,월,,,,,,,,,,24275.0,-0.013741011073746156
AVAX,스윕+CHoCH,1h,1h,0.25,월,,,,,,,,,,24276.0,0.18830746911432275
AVAX,스윕+CHoCH,1h,1h,0.25,월,,,,,,,,,,24277.0,0.035020333259602854
AVAX,스윕+CHoCH,1h,1h,0.25,월,,,,,,,,,,24278.0,0.10075983534088752
AVAX,스윕+CHoCH,1h,1h,0.25,월,,,,,,,,,,24279.0,0.16651986034714739
AVAX,스윕+CHoCH,1h,1h,0.25,월,,,,,,,,,,24280.0,0.0736318549574917
AVAX,스윕+CHoCH,1h,1h,0.25,월,,,,,,,,,,24281.0,-0.25804347538421085
AVAX,스윕+CHoCH,1h,1h,0.25,월,,,,,,,,,,24282.0,-0.09896573659075379
AVAX,스윕+CHoCH,1h,1h,0.25,월,,,,,,,,,,24283.0,-0.10847686653689442
AVAX,스윕+CHoCH,1h,1h,0.25,월,,,,,,,,,,24284.0,0.017270662363828355
AVAX,스윕+CHoCH,1h,1h,0.25,월,,,,,,,,,,24285.0,-0.3926274946778401
AVAX,스윕+CHoCH,1h,1h,0.25,월,,,,,,,,,,24286.0,-0.019107459599245036
AVAX,스윕+CHoCH,1h,1h,0.25,월,,,,,,,,,,24287.0,0.23961100994355328
AVAX,스윕+CHoCH,1h,1h,0.25,월,,,,,,,,,,24288.0,-0.2730171913713398
AVAX,스윕+CHoCH,1h,1h,0.25,월,,,,,,,,,,24289.0,0.06417598663617728
AVAX,스윕+CHoCH,1h,1h,0.25,월,,,,,,,,,,24290.0,-0.26779298831164866
AVAX,스윕+CHoCH,1h,1h,0.25,월,,,,,,,,,,24291.0,-0.012466454572294911
AVAX,스윕+CHoCH,1h,1h,0.25,월,,,,,,,,,,24292.0,-0.3359325422074479
AVAX,스윕+CHoCH,1h,1h,0.25,월,,,,,,,,,,24293.0,-0.20128606617710137
AVAX,스윕+CHoCH,1h,1h,0.25,월,,,,,,,,,,24294.0,-0.018835769055962022
AVAX,스윕+CHoCH,1h,1h,0.25,월,,,,,,,,,,24295.0,0.24731698472474603
AVAX,스윕+CHoCH,1h,1h,0.25,월,,,,,,,,,,24296.0,-0.07456165650234776
AVAX,스윕+CHoCH,1h,1h,0.25,월,,,,,,,,,,24297.0,0.12372161668742591
AVAX,스윕+CHoCH,1h,1h,0.25,월,,,,,,,,,,24298.0,-0.34217120031469656
AVAX,스윕+CHoCH,1h,1h,0.25,월,,,,,,,,,,24299.0,-0.20252965844626375
AVAX,스윕+CHoCH,1h,1h,0.25,월,,,,,,,,,,24300.0,0.07204718186628313
AVAX,스윕+CHoCH,1h,1h,0.25,월,,,,,,,,,,24301.0,-0.01614611837892272
AVAX,스윕+CHoCH,1h,1h,0.25,월,,,,,,,,,,24302.0,-0.3602768211235031
AVAX,스윕+CHoCH,1h,1h,0.25,월,,,,,,,,,,24303.0,0.28346376673193296
AVAX,스윕+CHoCH,1h,1h,0.25,월,,,,,,,,,,24304.0,0.22606549249126842
AVAX,스윕+CHoCH,1h,1h,0.25,월,,,,,,,,,,24305.0,-0.27848012831082625
AVAX,스윕+CHoCH,1h,1h,0.25,월,,,,,,,,,,24306.0,-0.45591463180120334
AVAX,스윕+CHoCH,1h,1h,0.25,월,,,,,,,,,,24307.0,-0.19697653466573783
AVAX,스윕+CHoCH,1h,1h,0.25,월,,,,,,,,,,24308.0,0.1569973236895007
AVAX,스윕+CHoCH,1h,1h,0.25,월,,,,,,,,,,24309.0,0.09242639932127426
AVAX,스윕+CHoCH,1h,1h,0.25,월,,,,,,,,,,24310.0,-0.07691621289424107
AVAX,스윕+CHoCH,1h,1h,0.25,월,,,,,,,,,,24311.0,0.42935939985204097
AVAX,스윕+CHoCH,1h,1h,0.25,월,,,,,,,,,,24312.0,-0.6036627198847843
AVAX,스윕+CHoCH,1h,1h,0.25,월,,,,,,,,,,24313.0,-0.2806356082861577
AVAX,스윕+CHoCH,1h,1h,0.25,월,,,,,,,,,,24314.0,-0.0642040525722574
AVAX,스윕+CHoCH,1h,1h,0.25,월,,,,,,,,,,24315.0,-0.019735432800047
AVAX,스윕+CHoCH,1h,1h,0.25,월,,,,,,,,,,24316.0,-0.09856053496763402
AVAX,스윕+CHoCH,1h,1h,0.25,월,,,,,,,,,,24317.0,0.13698821208701834
AVAX,스윕+CHoCH,1h,1h,0.25,월,,,,,,,,,,24318.0,-0.5168243271259212
AVAX,스윕+CHoCH,4h,5m,0.0,전체,1180.0,0.9941027801179444,144.57957083361777,-0.015254237288135594,0.0515405414013184,-0.06679477868945398,-0.00423728813559322,0.3271186440677966,0.003389830508474576,,
AVAX,스윕+CHoCH,4h,5m,0.0,홀드아웃 전,897.0,0.9941027801179444,156.08180839612442,-0.03901895206243032,0.04858269207352056,-0.08760164413595091,,0.3188405797101449,0.004459308807134894,,
AVAX,스윕+CHoCH,4h,5m,0.0,홀드아웃 12개월,283.0,0.9941027801179444,120.16888600194939,0.06007067137809187,0.060915774076352486,-0.0008451026982606349,,0.35335689045936397,0.0,,
AVAX,스윕+CHoCH,4h,5m,0.0,월,,,,,,,,,,24265.0,0.45526913148664283
AVAX,스윕+CHoCH,4h,5m,0.0,월,,,,,,,,,,24266.0,-0.399281437634099
AVAX,스윕+CHoCH,4h,5m,0.0,월,,,,,,,,,,24267.0,0.3964408315465806
AVAX,스윕+CHoCH,4h,5m,0.0,월,,,,,,,,,,24268.0,-0.5566402557727934
AVAX,스윕+CHoCH,4h,5m,0.0,월,,,,,,,,,,24269.0,-0.20948653020456798
AVAX,스윕+CHoCH,4h,5m,0.0,월,,,,,,,,,,24270.0,-0.15228758369884843
AVAX,스윕+CHoCH,4h,5m,0.0,월,,,,,,,,,,24271.0,-0.2202122852409758
AVAX,스윕+CHoCH,4h,5m,0.0,월,,,,,,,,,,24272.0,-0.32984240550944904
AVAX,스윕+CHoCH,4h,5m,0.0,월,,,,,,,,,,24273.0,-0.4904343213304816
AVAX,스윕+CHoCH,4h,5m,0.0,월,,,,,,,,,,24274.0,-0.4888475772328919
AVAX,스윕+CHoCH,4h,5m,0.0,월,,,,,,,,,,24275.0,0.06174192412405461
AVAX,스윕+CHoCH,4h,5m,0.0,월,,,,,,,,,,24276.0,0.1745684217381286
AVAX,스윕+CHoCH,4h,5m,0.0,월,,,,,,,,,,24277.0,-0.26309879229662136
AVAX,스윕+CHoCH,4h,5m,0.0,월,,,,,,,,,,24278.0,0.3788298045081974
AVAX,스윕+CHoCH,4h,5m,0.0,월,,,,,,,,,,24279.0,-0.40227046438842173
AVAX,스윕+CHoCH,4h,5m,0.0,월,,,,,,,,,,24280.0,0.10700909624402717
AVAX,스윕+CHoCH,4h,5m,0.0,월,,,,,,,,,,24281.0,0.1583191614386801
AVAX,스윕+CHoCH,4h,5m,0.0,월,,,,,,,,,,24282.0,-0.40906917846588103
AVAX,스윕+CHoCH,4h,5m,0.0,월,,,,,,,,,,24283.0,0.008471719622794608
AVAX,스윕+CHoCH,4h,5m,0.0,월,,,,,,,,,,24284.0,0.4281557610790691
AVAX,스윕+CHoCH,4h,5m,0.0,월,,,,,,,,,,24285.0,-0.44741410655636676
AVAX,스윕+CHoCH,4h,5m,0.0,월,,,,,,,,,,24286.0,0.13027152296834923
AVAX,스윕+CHoCH,4h,5m,0.0,월,,,,,,,,,,24287.0,-0.13148614031364425
AVAX,스윕+CHoCH,4h,5m,0.0,월,,,,,,,,,,24288.0,0.1035495432073862
AVAX,스윕+CHoCH,4h,5m,0.0,월,,,,,,,,,,24289.0,-0.17167867760542718
AVAX,스윕+CHoCH,4h,5m,0.0,월,,,,,,,,,,24290.0,0.1857382622085245
AVAX,스윕+CHoCH,4h,5m,0.0,월,,,,,,,,,,24291.0,-0.7583532531858389
AVAX,스윕+CHoCH,4h,5m,0.0,월,,,,,,,,,,24292.0,-0.18407723106783214
AVAX,스윕+CHoCH,4h,5m,0.0,월,,,,,,,,,,24293.0,-0.20337010697165137
AVAX,스윕+CHoCH,4h,5m,0.0,월,,,,,,,,,,24294.0,0.02265849583772651
AVAX,스윕+CHoCH,4h,5m,0.0,월,,,,,,,,,,24295.0,-0.056214815489350645
AVAX,스윕+CHoCH,4h,5m,0.0,월,,,,,,,,,,24296.0,-0.23162478513726684
AVAX,스윕+CHoCH,4h,5m,0.0,월,,,,,,,,,,24297.0,-0.18720057844476382
AVAX,스윕+CHoCH,4h,5m,0.0,월,,,,,,,,,,24298.0,0.08275883805698225
AVAX,스윕+CHoCH,4h,5m,0.0,월,,,,,,,,,,24299.0,0.3960993616366634
AVAX,스윕+CHoCH,4h,5m,0.0,월,,,,,,,,,,24300.0,0.07030270528408541
AVAX,스윕+CHoCH,4h,5m,0.0,월,,,,,,,,,,24301.0,-0.00408864947847211
AVAX,스윕+CHoCH,4h,5m,0.0,월,,,,,,,,,,24302.0,0.24464572642605983
AVAX,스윕+CHoCH,4h,5m,0.0,월,,,,,,,,,,24303.0,-0.2323665022293105
AVAX,스윕+CHoCH,4h,5m,0.0,월,,,,,,,,,,24304.0,0.10164357472235482
AVAX,스윕+CHoCH,4h,5m,0.0,월,,,,,,,,,,24305.0,0.09545172588064882
AVAX,스윕+CHoCH,4h,5m,0.0,월,,,,,,,,,,24306.0,-0.21693310224647555
AVAX,스윕+CHoCH,4h,5m,0.0,월,,,,,,,,,,24307.0,-0.21946966913894717
AVAX,스윕+CHoCH,4h,5m,0.0,월,,,,,,,,,,24308.0,0.9154621956059467
AVAX,스윕+CHoCH,4h,5m,0.0,월,,,,,,,,,,24309.0,0.10977873221149642
AVAX,스윕+CHoCH,4h,5m,0.0,월,,,,,,,,,,24310.0,0.22498561542961262
AVAX,스윕+CHoCH,4h,5m,0.0,월,,,,,,,,,,24311.0,-0.20176298213883065
AVAX,스윕+CHoCH,4h,5m,0.0,월,,,,,,,,,,24312.0,0.049057919352085706
AVAX,스윕+CHoCH,4h,5m,0.0,월,,,,,,,,,,24313.0,-0.2152065243840115
AVAX,스윕+CHoCH,4h,5m,0.0,월,,,,,,,,,,24314.0,-0.4195625469368014
AVAX,스윕+CHoCH,4h,5m,0.0,월,,,,,,,,,,24315.0,-0.35883256533900015
AVAX,스윕+CHoCH,4h,5m,0.0,월,,,,,,,,,,24316.0,-0.21936308328835816
AVAX,스윕+CHoCH,4h,5m,0.0,월,,,,,,,,,,24317.0,-0.284738192529096
AVAX,스윕+CHoCH,4h,5m,0.0,월,,,,,,,,,,24318.0,0.1221365096291555
AVAX,스윕+CHoCH,4h,5m,0.25,전체,1195.0,0.9933499584372403,151.88130529692023,-0.02510460251046025,0.04914447853301581,-0.07424908104347606,0.00910041841004184,0.3238493723849372,0.0033472803347280333,,
AVAX,스윕+CHoCH,4h,5m,0.25,홀드아웃 전,906.0,0.9933499584372403,162.97560356608227,-0.03863134657836645,0.0459538162681184,-0.08458516284648485,,0.3189845474613687,0.004415011037527594,,
AVAX,스윕+CHoCH,4h,5m,0.25,홀드아웃 12개월,289.0,0.9933499584372403,125.38261197197365,0.01730103806228374,0.0591470391281613,-0.04184600106587758,,0.3391003460207612,0.0,,
AVAX,스윕+CHoCH,4h,5m,0.25,월,,,,,,,,,,24265.0,0.4591399183690725
AVAX,스윕+CHoCH,4h,5m,0.25,월,,,,,,,,,,24266.0,-0.23868306295246872
AVAX,스윕+CHoCH,4h,5m,0.25,월,,,,,,,,,,24267.0,0.3985283541738826
AVAX,스윕+CHoCH,4h,5m,0.25,월,,,,,,,,,,24268.0,-0.5800530224606298
AVAX,스윕+CHoCH,4h,5m,0.25,월,,,,,,,,,,24269.0,-0.20771454771422065
AVAX,스윕+CHoCH,4h,5m,0.25,월,,,,,,,,,,24270.0,-0.14964280240668765
AVAX,스윕+CHoCH,4h,5m,0.25,월,,,,,,,,,,24271.0,-0.12430389904599877
AVAX,스윕+CHoCH,4h,5m,0.25,월,,,,,,,,,,24272.0,-0.4711718018683464
AVAX,스윕+CHoCH,4h,5m,0.25,월,,,,,,,,,,24273.0,-0.48716718098289186
AVAX,스윕+CHoCH,4h,5m,0.25,월,,,,,,,,,,24274.0,-0.6300610085090341
AVAX,스윕+CHoCH,4h,5m,0.25,월,,,,,,,,,,24275.0,0.1768155766230553
AVAX,스윕+CHoCH,4h,5m,0.25,월,,,,,,,,,,24276.0,0.3561425872189445
AVAX,스윕+CHoCH,4h,5m,0.25,월,,,,,,,,,,24277.0,-0.2607056150039699
AVAX,스윕+CHoCH,4h,5m,0.25,월,,,,,,,,,,24278.0,0.3813521805056023
AVAX,스윕+CHoCH,4h,5m,0.25,월,,,,,,,,,,24279.0,-0.3990791698781264
AVAX,스윕+CHoCH,4h,5m,0.25,월,,,,,,,,,,24280.0,0.11022465662657799
AVAX,스윕+CHoCH,4h,5m,0.25,월,,,,,,,,,,24281.0,0.16155701498573485
AVAX,스윕+CHoCH,4h,5m,0.25,월,,,,,,,,,,24282.0,-0.40722515962008604
AVAX,스윕+CHoCH,4h,5m,0.25,월,,,,,,,,,,24283.0,0.18897075983369435
AVAX,스윕+CHoCH,4h,5m,0.25,월,,,,,,,,,,24284.0,0.4324535452155436
AVAX,스윕+CHoCH,4h,5m,0.25,월,,,,,,,,,,24285.0,-0.4433926172476714
AVAX,스윕+CHoCH,4h,5m,0.25,월,,,,,,,,,,24286.0,0.08873631067804927
AVAX,스윕+CHoCH,4h,5m,0.25,월,,,,,,,,,,24287.0,-0.17711298162948072
AVAX,스윕+CHoCH,4h,5m,0.25,월,,,,,,,,,,24288.0,0.0012574034747623154
AVAX,스윕+CHoCH,4h,5m,0.25,월,,,,,,,,,,24289.0,-0.16893206571315153
AVAX,스윕+CHoCH,4h,5m,0.25,월,,,,,,,,,,24290.0,0.011940714115981469
AVAX,스윕+CHoCH,4h,5m,0.25,월,,,,,,,,,,24291.0,-0.8931769871985078
AVAX,스윕+CHoCH,4h,5m,0.25,월,,,,,,,,,,24292.0,-0.22319281393584942
AVAX,스윕+CHoCH,4h,5m,0.25,월,,,,,,,,,,24293.0,-0.19912797884405492
AVAX,스윕+CHoCH,4h,5m,0.25,월,,,,,,,,,,24294.0,0.026719650186808518
AVAX,스윕+CHoCH,4h,5m,0.25,월,,,,,,,,,,24295.0,-0.051293725892119425
AVAX,스윕+CHoCH,4h,5m,0.25,월,,,,,,,,,,24296.0,-0.2650298347501952
AVAX,스윕+CHoCH,4h,5m,0.25,월,,,,,,,,,,24297.0,-0.1834358591678139
AVAX,스윕+CHoCH,4h,5m,0.25,월,,,,,,,,,,24298.0,0.11293611155418545
AVAX,스윕+CHoCH,4h,5m,0.25,월,,,,,,,,,,24299.0,0.3988877761085649
AVAX,스윕+CHoCH,4h,5m,0.25,월,,,,,,,,,,24300.0,0.07306969413305403
AVAX,스윕+CHoCH,4h,5m,0.25,월,,,,,,,,,,24301.0,-0.044653878754785874
AVAX,스윕+CHoCH,4h,5m,0.25,월,,,,,,,,,,24302.0,0.39146846938165614
AVAX,스윕+CHoCH,4h,5m,0.25,월,,,,,,,,,,24303.0,-0.22974091865209817
AVAX,스윕+CHoCH,4h,5m,0.25,월,,,,,,,,,,24304.0,0.10531455116192193
AVAX,스윕+CHoCH,4h,5m,0.25,월,,,,,,,,,,24305.0,0.09879136846117247
AVAX,스윕+CHoCH,4h,5m,0.25,월,,,,,,,,,,24306.0,-0.0908986719439854
AVAX,스윕+CHoCH,4h,5m,0.25,월,,,,,,,,,,24307.0,-0.24983352759008154
AVAX,스윕+CHoCH,4h,5m,0.25,월,,,,,,,,,,24308.0,0.802444571442622
AVAX,스윕+CHoCH,4h,5m,0.25,월,,,,,,,,,,24309.0,0.07361914212141105
AVAX,스윕+CHoCH,4h,5m,0.25,월,,,,,,,,,,24310.0,0.17928738143819792
AVAX,스윕+CHoCH,4h,5m,0.25,월,,,,,,,,,,24311.0,-0.23844950663909825
AVAX,스윕+CHoCH,4h,5m,0.25,월,,,,,,,,,,24312.0,0.05274468254430707
AVAX,스윕+CHoCH,4h,5m,0.25,월,,,,,,,,,,24313.0,-0.21109327335850228
AVAX,스윕+CHoCH,4h,5m,0.25,월,,,,,,,,,,24314.0,-0.41677300254054755
AVAX,스윕+CHoCH,4h,5m,0.25,월,,,,,,,,,,24315.0,-0.4756063198188409
AVAX,스윕+CHoCH,4h,5m,0.25,월,,,,,,,,,,24316.0,-0.27666957722003266
AVAX,스윕+CHoCH,4h,5m,0.25,월,,,,,,,,,,24317.0,-0.28069707667773036
AVAX,스윕+CHoCH,4h,5m,0.25,월,,,,,,,,,,24318.0,0.12466688493573683
AVAX,스윕+CHoCH,4h,15m,0.0,전체,1127.0,0.9885964912280701,217.8217821782179,0.023957409050576754,0.03400386904910066,-0.010046459998523908,0.007431233362910381,0.33540372670807456,0.01774622892635315,,
AVAX,스윕+CHoCH,4h,15m,0.0,홀드아웃 전,861.0,0.9885964912280701,233.47853803655036,0.024390243902439025,0.03240499080752323,-0.00801474690508422,,0.3344947735191638,0.020905923344947737,,
AVAX,스윕+CHoCH,4h,15m,0.0,홀드아웃 12개월,266.0,0.9885964912280701,187.1114340619515,0.022556390977443608,0.039179185462627594,-0.016622794485183997,,0.3383458646616541,0.007518796992481203,,
AVAX,스윕+CHoCH,4h,15m,0.0,월,,,,,,,,,,24265.0,0.4707852978886166
AVAX,스윕+CHoCH,4h,15m,0.0,월,,,,,,,,,,24266.0,0.5805473712230227
AVAX,스윕+CHoCH,4h,15m,0.0,월,,,,,,,,,,24267.0,-0.022880657742395772
AVAX,스윕+CHoCH,4h,15m,0.0,월,,,,,,,,,,24268.0,-0.0934226929599867
AVAX,스윕+CHoCH,4h,15m,0.0,월,,,,,,,,,,24269.0,-0.2928999082483004
AVAX,스윕+CHoCH,4h,15m,0.0,월,,,,,,,,,,24270.0,0.482669221065573
AVAX,스윕+CHoCH,4h,15m,0.0,월,,,,,,,,,,24271.0,-0.16271464206359768
AVAX,스윕+CHoCH,4h,15m,0.0,월,,,,,,,,,,24272.0,0.2625759514970068
AVAX,스윕+CHoCH,4h,15m,0.0,월,,,,,,,,,,24273.0,0.16442904001764075
AVAX,스윕+CHoCH,4h,15m,0.0,월,,,,,,,,,,24274.0,-0.2140469450286326
AVAX,스윕+CHoCH,4h,15m,0.0,월,,,,,,,,,,24275.0,0.1085220734508114
AVAX,스윕+CHoCH,4h,15m,0.0,월,,,,,,,,,,24276.0,-0.3034722578255079
AVAX,스윕+CHoCH,4h,15m,0.0,월,,,,,,,,,,24277.0,-0.2508611397809051
AVAX,스윕+CHoCH,4h,15m,0.0,월,,,,,,,,,,24278.0,-0.2409787653136813
AVAX,스윕+CHoCH,4h,15m,0.0,월,,,,,,,,,,24279.0,-0.6125194766909936
AVAX,스윕+CHoCH,4h,15m,0.0,월,,,,,,,,,,24280.0,0.15480200851786222
AVAX,스윕+CHoCH,4h,15m,0.0,월,,,,,,,,,,24281.0,-0.15232797009317156
AVAX,스윕+CHoCH,4h,15m,0.0,월,,,,,,,,,,24282.0,-0.1301211044566455
AVAX,스윕+CHoCH,4h,15m,0.0,월,,,,,,,,,,24283.0,0.6558295775700853
AVAX,스윕+CHoCH,4h,15m,0.0,월,,,,,,,,,,24284.0,0.6743224462649181
AVAX,스윕+CHoCH,4h,15m,0.0,월,,,,,,,,,,24285.0,0.003223294683058511
AVAX,스윕+CHoCH,4h,15m,0.0,월,,,,,,,,,,24286.0,0.2992501987986718
AVAX,스윕+CHoCH,4h,15m,0.0,월,,,,,,,,,,24287.0,-0.6006349384434831
AVAX,스윕+CHoCH,4h,15m,0.0,월,,,,,,,,,,24288.0,-0.17561096395056344
AVAX,스윕+CHoCH,4h,15m,0.0,월,,,,,,,,,,24289.0,0.1593067451885285
AVAX,스윕+CHoCH,4h,15m,0.0,월,,,,,,,,,,24290.0,0.021340838136294712
AVAX,스윕+CHoCH,4h,15m,0.0,월,,,,,,,,,,24291.0,-0.4566095041522135
AVAX,스윕+CHoCH,4h,15m,0.0,월,,,,,,,,,,24292.0,-0.07495787748414603
AVAX,스윕+CHoCH,4h,15m,0.0,월,,,,,,,,,,24293.0,-0.07888487517279616
AVAX,스윕+CHoCH,4h,15m,0.0,월,,,,,,,,,,24294.0,0.40206265833071975
AVAX,스윕+CHoCH,4h,15m,0.0,월,,,,,,,,,,24295.0,0.13160181964945597
AVAX,스윕+CHoCH,4h,15m,0.0,월,,,,,,,,,,24296.0,0.06052372145377846
AVAX,스윕+CHoCH,4h,15m,0.0,월,,,,,,,,,,24297.0,-0.22663655635043112
AVAX,스윕+CHoCH,4h,15m,0.0,월,,,,,,,,,,24298.0,-0.36022645978618095
AVAX,스윕+CHoCH,4h,15m,0.0,월,,,,,,,,,,24299.0,0.23007507081058876
AVAX,스윕+CHoCH,4h,15m,0.0,월,,,,,,,,,,24300.0,-0.10424575607114552
AVAX,스윕+CHoCH,4h,15m,0.0,월,,,,,,,,,,24301.0,-0.07670922460544985
AVAX,스윕+CHoCH,4h,15m,0.0,월,,,,,,,,,,24302.0,1.078398784612447
AVAX,스윕+CHoCH,4h,15m,0.0,월,,,,,,,,,,24303.0,-0.3361538625411085
AVAX,스윕+CHoCH,4h,15m,0.0,월,,,,,,,,,,24304.0,0.27292413979430447
AVAX,스윕+CHoCH,4h,15m,0.0,월,,,,,,,,,,24305.0,-0.2399106651814661
AVAX,스윕+CHoCH,4h,15m,0.0,월,,,,,,,,,,24306.0,-0.24519403884397795
AVAX,스윕+CHoCH,4h,15m,0.0,월,,,,,,,,,,24307.0,-0.084617370302499
AVAX,스윕+CHoCH,4h,15m,0.0,월,,,,,,,,,,24308.0,0.2887464752022321
AVAX,스윕+CHoCH,4h,15m,0.0,월,,,,,,,,,,24309.0,-0.15989618553629792
AVAX,스윕+CHoCH,4h,15m,0.0,월,,,,,,,,,,24310.0,0.3060372176209575
AVAX,스윕+CHoCH,4h,15m,0.0,월,,,,,,,,,,24311.0,0.19626558638917357
AVAX,스윕+CHoCH,4h,15m,0.0,월,,,,,,,,,,24312.0,-0.5299494781021195
AVAX,스윕+CHoCH,4h,15m,0.0,월,,,,,,,,,,24313.0,-0.13962116336819275
AVAX,스윕+CHoCH,4h,15m,0.0,월,,,,,,,,,,24314.0,-0.09522149889471476
AVAX,스윕+CHoCH,4h,15m,0.0,월,,,,,,,,,,24315.0,-0.08864498269867398
AVAX,스윕+CHoCH,4h,15m,0.0,월,,,,,,,,,,24316.0,0.1302536999906461
AVAX,스윕+CHoCH,4h,15m,0.0,월,,,,,,,,,,24317.0,-0.1560536029345373
AVAX,스윕+CHoCH,4h,15m,0.0,월,,,,,,,,,,24318.0,0.03010666240943058
AVAX,스윕+CHoCH,4h,15m,0.25,전체,1129.0,0.98861646234676,225.5249622608109,0.0008857395925597874,0.03280292219156101,-0.03191718259900121,0.0037643932683790985,0.32683790965456155,0.02037201062887511,,
AVAX,스윕+CHoCH,4h,15m,0.25,홀드아웃 전,862.0,0.98861646234676,243.44553794595595,-0.001160092807424594,0.031238971714638967,-0.03239906452206355,,0.3248259860788863,0.024361948955916472,,
AVAX,스윕+CHoCH,4h,15m,0.25,홀드아웃 12개월,267.0,0.98861646234676,192.59870698665895,0.00749063670411985,0.03785208066012579,-0.03036144395600594,,0.3333333333333333,0.00749063670411985,,
AVAX,스윕+CHoCH,4h,15m,0.25,월,,,,,,,,,,24265.0,-0.02898193329693488
AVAX,스윕+CHoCH,4h,15m,0.25,월,,,,,,,,,,24266.0,0.38098091101535564
AVAX,스윕+CHoCH,4h,15m,0.25,월,,,,,,,,,,24267.0,-0.06752964954006097
AVAX,스윕+CHoCH,4h,15m,0.25,월,,,,,,,,,,24268.0,-0.09205587714946027
AVAX,스윕+CHoCH,4h,15m,0.25,월,,,,,,,,,,24269.0,-0.2918746145405762
AVAX,스윕+CHoCH,4h,15m,0.25,월,,,,,,,,,,24270.0,0.4835341822754901
AVAX,스윕+CHoCH,4h,15m,0.25,월,,,,,,,,,,24271.0,-0.1614270517688209
AVAX,스윕+CHoCH,4h,15m,0.25,월,,,,,,,,,,24272.0,0.2635068116168656
AVAX,스윕+CHoCH,4h,15m,0.25,월,,,,,,,,,,24273.0,0.03154094139987995
AVAX,스윕+CHoCH,4h,15m,0.25,월,,,,,,,,,,24274.0,-0.2120680180354852
AVAX,스윕+CHoCH,4h,15m,0.25,월,,,,,,,,,,24275.0,0.10971287921857584
AVAX,스윕+CHoCH,4h,15m,0.25,월,,,,,,,,,,24276.0,-0.1117620247615033
AVAX,스윕+CHoCH,4h,15m,0.25,월,,,,,,,,,,24277.0,-0.24943131278304836
AVAX,스윕+CHoCH,4h,15m,0.25,월,,,,,,,,,,24278.0,-0.23984814758046316
AVAX,스윕+CHoCH,4h,15m,0.25,월,,,,,,,,,,24279.0,-0.6106668008643836
AVAX,스윕+CHoCH,4h,15m,0.25,월,,,,,,,,,,24280.0,0.15601186903029612
AVAX,스윕+CHoCH,4h,15m,0.25,월,,,,,,,,,,24281.0,-0.1502719740064413
AVAX,스윕+CHoCH,4h,15m,0.25,월,,,,,,,,,,24282.0,-0.26616349634519504
AVAX,스윕+CHoCH,4h,15m,0.25,월,,,,,,,,,,24283.0,0.6570138953390647
AVAX,스윕+CHoCH,4h,15m,0.25,월,,,,,,,,,,24284.0,0.4598666018957031
AVAX,스윕+CHoCH,4h,15m,0.25,월,,,,,,,,,,24285.0,-0.165699591701303
AVAX,스윕+CHoCH,4h,15m,0.25,월,,,,,,,,,,24286.0,0.30048414386262706
AVAX,스윕+CHoCH,4h,15m,0.25,월,,,,,,,,,,24287.0,-0.5991088097002064
AVAX,스윕+CHoCH,4h,15m,0.25,월,,,,,,,,,,24288.0,-0.17467372603287146
AVAX,스윕+CHoCH,4h,15m,0.25,월,,,,,,,,,,24289.0,0.16089038505062792
AVAX,스윕+CHoCH,4h,15m,0.25,월,,,,,,,,,,24290.0,0.023206381475352922
AVAX,스윕+CHoCH,4h,15m,0.25,월,,,,,,,,,,24291.0,-0.6741564918748032
AVAX,스윕+CHoCH,4h,15m,0.25,월,,,,,,,,,,24292.0,-0.21114811735574213
AVAX,스윕+CHoCH,4h,15m,0.25,월,,,,,,,,,,24293.0,-0.07758768175802143
AVAX,스윕+CHoCH,4h,15m,0.25,월,,,,,,,,,,24294.0,0.40359046395700576
AVAX,스윕+CHoCH,4h,15m,0.25,월,,,,,,,,,,24295.0,0.13356011908518986
AVAX,스윕+CHoCH,4h,15m,0.25,월,,,,,,,,,,24296.0,0.061870339193151616
AVAX,스윕+CHoCH,4h,15m,0.25,월,,,,,,,,,,24297.0,-0.22453433439887463
AVAX,스윕+CHoCH,4h,15m,0.25,월,,,,,,,,,,24298.0,-0.3583791693902768
AVAX,스윕+CHoCH,4h,15m,0.25,월,,,,,,,,,,24299.0,0.23086630283081933
AVAX,스윕+CHoCH,4h,15m,0.25,월,,,,,,,,,,24300.0,-0.10313082963584395
AVAX,스윕+CHoCH,4h,15m,0.25,월,,,,,,,,,,24301.0,-0.0749772290358936
AVAX,스윕+CHoCH,4h,15m,0.25,월,,,,,,,,,,24302.0,1.0793425309600957
AVAX,스윕+CHoCH,4h,15m,0.25,월,,,,,,,,,,24303.0,-0.33476385431579886
AVAX,스윕+CHoCH,4h,15m,0.25,월,,,,,,,,,,24304.0,0.2744591764334757
AVAX,스윕+CHoCH,4h,15m,0.25,월,,,,,,,,,,24305.0,-0.23872994153372426
AVAX,스윕+CHoCH,4h,15m,0.25,월,,,,,,,,,,24306.0,-0.2434759150039265
AVAX,스윕+CHoCH,4h,15m,0.25,월,,,,,,,,,,24307.0,-0.08270085367853165
AVAX,스윕+CHoCH,4h,15m,0.25,월,,,,,,,,,,24308.0,0.2900315145803046
AVAX,스윕+CHoCH,4h,15m,0.25,월,,,,,,,,,,24309.0,-0.3171097239913909
AVAX,스윕+CHoCH,4h,15m,0.25,월,,,,,,,,,,24310.0,0.3079469177530197
AVAX,스윕+CHoCH,4h,15m,0.25,월,,,,,,,,,,24311.0,0.19768772048409647
AVAX,스윕+CHoCH,4h,15m,0.25,월,,,,,,,,,,24312.0,-0.5277969239778291
AVAX,스윕+CHoCH,4h,15m,0.25,월,,,,,,,,,,24313.0,0.013341221585155816
AVAX,스윕+CHoCH,4h,15m,0.25,월,,,,,,,,,,24314.0,-0.09381937625622311
AVAX,스윕+CHoCH,4h,15m,0.25,월,,,,,,,,,,24315.0,-0.20763726110485894
AVAX,스윕+CHoCH,4h,15m,0.25,월,,,,,,,,,,24316.0,0.13234430395404836
AVAX,스윕+CHoCH,4h,15m,0.25,월,,,,,,,,,,24317.0,-0.1550548925205173
AVAX,스윕+CHoCH,4h,15m,0.25,월,,,,,,,,,,24318.0,0.031169583623101862
AVAX,스윕+CHoCH,4h,1h,0.0,전체,663.0,0.9880774962742176,427.58620689655277,-0.0693815987933635,0.018027066491983268,-0.08740866528534678,-0.03676470588235294,0.27450980392156865,0.10708898944193061,,
AVAX,스윕+CHoCH,4h,1h,0.0,홀드아웃 전,499.0,0.9880774962742176,459.0408658331766,-0.06412825651302605,0.01727836361035607,-0.08140662012338212,,0.27655310621242485,0.1062124248496994,,
AVAX,스윕+CHoCH,4h,1h,0.0,홀드아웃 12개월,164.0,0.9880774962742176,386.8973165891155,-0.08536585365853659,0.020305131967178227,-0.10567098562571488,,0.2682926829268293,0.10975609756097561,,
AVAX,스윕+CHoCH,4h,1h,0.0,월,,,,,,,,,,24265.0,-0.00987369202226345
AVAX,스윕+CHoCH,4h,1h,0.0,월,,,,,,,,,,24266.0,0.278442232250156
AVAX,스윕+CHoCH,4h,1h,0.0,월,,,,,,,,,,24267.0,-0.011506808374000145
AVAX,스윕+CHoCH,4h,1h,0.0,월,,,,,,,,,,24268.0,0.16598406510116975
AVAX,스윕+CHoCH,4h,1h,0.0,월,,,,,,,,,,24269.0,0.5381980838948933
AVAX,스윕+CHoCH,4h,1h,0.0,월,,,,,,,,,,24270.0,-0.15088617305999064
AVAX,스윕+CHoCH,4h,1h,0.0,월,,,,,,,,,,24271.0,0.07953397807737565
AVAX,스윕+CHoCH,4h,1h,0.0,월,,,,,,,,,,24272.0,0.2582663571184371
AVAX,스윕+CHoCH,4h,1h,0.0,월,,,,,,,,,,24273.0,-0.42274505717947103
AVAX,스윕+CHoCH,4h,1h,0.0,월,,,,,,,,,,24274.0,0.47860839035024283
AVAX,스윕+CHoCH,4h,1h,0.0,월,,,,,,,,,,24275.0,-0.18222716946116646
AVAX,스윕+CHoCH,4h,1h,0.0,월,,,,,,,,,,24276.0,0.9687932148285813
AVAX,스윕+CHoCH,4h,1h,0.0,월,,,,,,,,,,24277.0,0.3719142654925005
AVAX,스윕+CHoCH,4h,1h,0.0,월,,,,,,,,,,24278.0,0.48576197782961217
AVAX,스윕+CHoCH,4h,1h,0.0,월,,,,,,,,,,24279.0,0.3670477730248062
AVAX,스윕+CHoCH,4h,1h,0.0,월,,,,,,,,,,24280.0,-0.025259131990642593
AVAX,스윕+CHoCH,4h,1h,0.0,월,,,,,,,,,,24281.0,-0.34549217815745714
AVAX,스윕+CHoCH,4h,1h,0.0,월,,,,,,,,,,24282.0,-0.2888327179794317
AVAX,스윕+CHoCH,4h,1h,0.0,월,,,,,,,,,,24283.0,0.4839224388743796
AVAX,스윕+CHoCH,4h,1h,0.0,월,,,,,,,,,,24284.0,0.27330942416385806
AVAX,스윕+CHoCH,4h,1h,0.0,월,,,,,,,,,,24285.0,-0.2993425134980376
AVAX,스윕+CHoCH,4h,1h,0.0,월,,,,,,,,,,24286.0,-0.2724451423840311
AVAX,스윕+CHoCH,4h,1h,0.0,월,,,,,,,,,,24287.0,0.15820198451180856
AVAX,스윕+CHoCH,4h,1h,0.0,월,,,,,,,,,,24288.0,-0.595797433909579
AVAX,스윕+CHoCH,4h,1h,0.0,월,,,,,,,,,,24289.0,-0.3993548456230055
AVAX,스윕+CHoCH,4h,1h,0.0,월,,,,,,,,,,24290.0,-0.016223912843690458
AVAX,스윕+CHoCH,4h,1h,0.0,월,,,,,,,,,,24291.0,-0.387691091877191
AVAX,스윕+CHoCH,4h,1h,0.0,월,,,,,,,,,,24292.0,-0.5154172503487946
AVAX,스윕+CHoCH,4h,1h,0.0,월,,,,,,,,,,24293.0,0.06418058743508465
AVAX,스윕+CHoCH,4h,1h,0.0,월,,,,,,,,,,24294.0,-0.4359393737940669
AVAX,스윕+CHoCH,4h,1h,0.0,월,,,,,,,,,,24295.0,0.18525605745473459
AVAX,스윕+CHoCH,4h,1h,0.0,월,,,,,,,,,,24296.0,-0.18475586446221448
AVAX,스윕+CHoCH,4h,1h,0.0,월,,,,,,,,,,24297.0,0.22891344032781968
AVAX,스윕+CHoCH,4h,1h,0.0,월,,,,,,,,,,24298.0,-0.6014080609774977
AVAX,스윕+CHoCH,4h,1h,0.0,월,,,,,,,,,,24299.0,-0.1990804452561086
AVAX,스윕+CHoCH,4h,1h,0.0,월,,,,,,,,,,24300.0,0.12922406114957682
AVAX,스윕+CHoCH,4h,1h,0.0,월,,,,,,,,,,24301.0,-0.35173280082945546
AVAX,스윕+CHoCH,4h,1h,0.0,월,,,,,,,,,,24302.0,-0.31987983932486813
AVAX,스윕+CHoCH,4h,1h,0.0,월,,,,,,,,,,24303.0,-0.3254595874303238
AVAX,스윕+CHoCH,4h,1h,0.0,월,,,,,,,,,,24304.0,-0.01615887079179607
AVAX,스윕+CHoCH,4h,1h,0.0,월,,,,,,,,,,24305.0,-0.6156631765547759
AVAX,스윕+CHoCH,4h,1h,0.0,월,,,,,,,,,,24306.0,-0.20241900248921604
AVAX,스윕+CHoCH,4h,1h,0.0,월,,,,,,,,,,24307.0,-0.10649564565130037
AVAX,스윕+CHoCH,4h,1h,0.0,월,,,,,,,,,,24308.0,-0.09182310769626678
AVAX,스윕+CHoCH,4h,1h,0.0,월,,,,,,,,,,24309.0,0.18250783046080238
AVAX,스윕+CHoCH,4h,1h,0.0,월,,,,,,,,,,24310.0,0.17476320551230612
AVAX,스윕+CHoCH,4h,1h,0.0,월,,,,,,,,,,24311.0,-0.15767894480700145
AVAX,스윕+CHoCH,4h,1h,0.0,월,,,,,,,,,,24312.0,-0.6507714287755944
AVAX,스윕+CHoCH,4h,1h,0.0,월,,,,,,,,,,24313.0,-0.3323489489431265
AVAX,스윕+CHoCH,4h,1h,0.0,월,,,,,,,,,,24314.0,-0.4182819644726141
AVAX,스윕+CHoCH,4h,1h,0.0,월,,,,,,,,,,24315.0,-0.20453305983966805
AVAX,스윕+CHoCH,4h,1h,0.0,월,,,,,,,,,,24316.0,0.126586834915604
AVAX,스윕+CHoCH,4h,1h,0.0,월,,,,,,,,,,24317.0,-0.023571641407524508
AVAX,스윕+CHoCH,4h,1h,0.0,월,,,,,,,,,,24318.0,-0.3192038999866796
AVAX,스윕+CHoCH,4h,1h,0.25,전체,663.0,0.9880774962742176,435.57222520205,-0.08446455505279035,0.017747990683027598,-0.10221254573581794,-0.014328808446455506,0.2669683257918552,0.11463046757164404,,
AVAX,스윕+CHoCH,4h,1h,0.25,홀드아웃 전,499.0,0.9880774962742176,466.91223918171204,-0.08016032064128256,0.017024603530455443,-0.09718492417173799,,0.2685370741482966,0.11422845691382766,,
AVAX,스윕+CHoCH,4h,1h,0.25,홀드아웃 12개월,164.0,0.9880774962742176,393.2239004629937,-0.0975609756097561,0.01994902842164653,-0.11751000403140265,,0.2621951219512195,0.11585365853658537,,
AVAX,스윕+CHoCH,4h,1h,0.25,월,,,,,,,,,,24265.0,-0.009692863700642311
AVAX,스윕+CHoCH,4h,1h,0.25,월,,,,,,,,,,24266.0,0.2785638529240779
AVAX,스윕+CHoCH,4h,1h,0.25,월,,,,,,,,,,24267.0,-0.011291647264201905
AVAX,스윕+CHoCH,4h,1h,0.25,월,,,,,,,,,,24268.0,0.1663613198611114
AVAX,스윕+CHoCH,4h,1h,0.25,월,,,,,,,,,,24269.0,0.5383547790648305
AVAX,스윕+CHoCH,4h,1h,0.25,월,,,,,,,,,,24270.0,-0.15071395509765936
AVAX,스윕+CHoCH,4h,1h,0.25,월,,,,,,,,,,24271.0,0.07980733619341139
AVAX,스윕+CHoCH,4h,1h,0.25,월,,,,,,,,,,24272.0,0.2586064213754505
AVAX,스윕+CHoCH,4h,1h,0.25,월,,,,,,,,,,24273.0,-0.42222191150665844
AVAX,스윕+CHoCH,4h,1h,0.25,월,,,,,,,,,,24274.0,0.4790530476891054
AVAX,스윕+CHoCH,4h,1h,0.25,월,,,,,,,,,,24275.0,-0.18196063869562418
AVAX,스윕+CHoCH,4h,1h,0.25,월,,,,,,,,,,24276.0,0.6347592595454139
AVAX,스윕+CHoCH,4h,1h,0.25,월,,,,,,,,,,24277.0,0.3721387601039466
AVAX,스윕+CHoCH,4h,1h,0.25,월,,,,,,,,,,24278.0,0.4861262676264557
AVAX,스윕+CHoCH,4h,1h,0.25,월,,,,,,,,,,24279.0,0.367411949785729
AVAX,스윕+CHoCH,4h,1h,0.25,월,,,,,,,,,,24280.0,-0.20719698418580268
AVAX,스윕+CHoCH,4h,1h,0.25,월,,,,,,,,,,24281.0,-0.5340085793268896
AVAX,스윕+CHoCH,4h,1h,0.25,월,,,,,,,,,,24282.0,-0.08761550889354558
AVAX,스윕+CHoCH,4h,1h,0.25,월,,,,,,,,,,24283.0,0.48422315176139763
AVAX,스윕+CHoCH,4h,1h,0.25,월,,,,,,,,,,24284.0,0.27375503490714453
AVAX,스윕+CHoCH,4h,1h,0.25,월,,,,,,,,,,24285.0,-0.2989027713314845
AVAX,스윕+CHoCH,4h,1h,0.25,월,,,,,,,,,,24286.0,-0.27201071567198776
AVAX,스윕+CHoCH,4h,1h,0.25,월,,,,,,,,,,24287.0,0.1583145711195095
AVAX,스윕+CHoCH,4h,1h,0.25,월,,,,,,,,,,24288.0,-0.5955660777933279
AVAX,스윕+CHoCH,4h,1h,0.25,월,,,,,,,,,,24289.0,-0.3989458544324719
AVAX,스윕+CHoCH,4h,1h,0.25,월,,,,,,,,,,24290.0,-0.015884575801992002
AVAX,스윕+CHoCH,4h,1h,0.25,월,,,,,,,,,,24291.0,-0.38738390520237004
AVAX,스윕+CHoCH,4h,1h,0.25,월,,,,,,,,,,24292.0,-0.5150932296877755
AVAX,스윕+CHoCH,4h,1h,0.25,월,,,,,,,,,,24293.0,0.06460173169008482
AVAX,스윕+CHoCH,4h,1h,0.25,월,,,,,,,,,,24294.0,-0.4355918391673774
AVAX,스윕+CHoCH,4h,1h,0.25,월,,,,,,,,,,24295.0,0.18554926736763183
AVAX,스윕+CHoCH,4h,1h,0.25,월,,,,,,,,,,24296.0,-0.18432967069693065
AVAX,스윕+CHoCH,4h,1h,0.25,월,,,,,,,,,,24297.0,-0.021700043701609162
AVAX,스윕+CHoCH,4h,1h,0.25,월,,,,,,,,,,24298.0,-0.7068079903935004
AVAX,스윕+CHoCH,4h,1h,0.25,월,,,,,,,,,,24299.0,-0.19884554848402394
AVAX,스윕+CHoCH,4h,1h,0.25,월,,,,,,,,,,24300.0,0.20105197560839258
AVAX,스윕+CHoCH,4h,1h,0.25,월,,,,,,,,,,24301.0,-0.3513146204373793
AVAX,스윕+CHoCH,4h,1h,0.25,월,,,,,,,,,,24302.0,-0.3196612432798143
AVAX,스윕+CHoCH,4h,1h,0.25,월,,,,,,,,,,24303.0,-0.3249742196137498
AVAX,스윕+CHoCH,4h,1h,0.25,월,,,,,,,,,,24304.0,-0.01581752865582958
AVAX,스윕+CHoCH,4h,1h,0.25,월,,,,,,,,,,24305.0,-0.6153630858092541
AVAX,스윕+CHoCH,4h,1h,0.25,월,,,,,,,,,,24306.0,-0.2019489910870603
AVAX,스윕+CHoCH,4h,1h,0.25,월,,,,,,,,,,24307.0,-0.10623334406650144
AVAX,스윕+CHoCH,4h,1h,0.25,월,,,,,,,,,,24308.0,-0.0912549984403697
AVAX,스윕+CHoCH,4h,1h,0.25,월,,,,,,,,,,24309.0,0.18286055524082165
AVAX,스윕+CHoCH,4h,1h,0.25,월,,,,,,,,,,24310.0,0.17505691145104035
AVAX,스윕+CHoCH,4h,1h,0.25,월,,,,,,,,,,24311.0,-0.15737739310762758
AVAX,스윕+CHoCH,4h,1h,0.25,월,,,,,,,,,,24312.0,-0.6502627647025242
AVAX,스윕+CHoCH,4h,1h,0.25,월,,,,,,,,,,24313.0,-0.3319478014035702
AVAX,스윕+CHoCH,4h,1h,0.25,월,,,,,,,,,,24314.0,-0.6187278412524361
AVAX,스윕+CHoCH,4h,1h,0.25,월,,,,,,,,,,24315.0,-0.20403206138425842
AVAX,스윕+CHoCH,4h,1h,0.25,월,,,,,,,,,,24316.0,0.12705660192935425
AVAX,스윕+CHoCH,4h,1h,0.25,월,,,,,,,,,,24317.0,-0.023187762220038433
AVAX,스윕+CHoCH,4h,1h,0.25,월,,,,,,,,,,24318.0,-0.3187869334380876
BNB,순수CHoCH,—,5m,0.0,전체,10198.0,0.994829772705102,115.09848710790718,0.02029809766620906,0.0726212110208331,-0.05232311335462405,-0.000318689939203766,0.33173171210041186,0.025102961364973524,,
BNB,순수CHoCH,—,5m,0.0,홀드아웃 전,6879.0,0.994829772705102,116.14401858304298,-0.0018898095653437999,0.07319559478245642,-0.07508540434780023,,0.32417502543974414,0.025585114115423753,,
BNB,순수CHoCH,—,5m,0.0,홀드아웃 12개월,3319.0,0.994829772705102,114.00469431094271,0.06628502561012353,0.0714307362102857,-0.005145710600162168,,0.3473937933112383,0.024103645676408558,,
BNB,순수CHoCH,—,5m,0.0,월,,,,,,,,,,24281.0,-0.22981365627465047
BNB,순수CHoCH,—,5m,0.0,월,,,,,,,,,,24282.0,0.031496095762447794
BNB,순수CHoCH,—,5m,0.0,월,,,,,,,,,,24283.0,-0.22390982166372078
BNB,순수CHoCH,—,5m,0.0,월,,,,,,,,,,24284.0,-0.12993245811840953
BNB,순수CHoCH,—,5m,0.0,월,,,,,,,,,,24285.0,-0.09819193025887073
BNB,순수CHoCH,—,5m,0.0,월,,,,,,,,,,24286.0,-0.12293511418239442
BNB,순수CHoCH,—,5m,0.0,월,,,,,,,,,,24287.0,-0.05312548225777795
BNB,순수CHoCH,—,5m,0.0,월,,,,,,,,,,24288.0,-0.0902276326066673
BNB,순수CHoCH,—,5m,0.0,월,,,,,,,,,,24289.0,-0.11502885901121095
BNB,순수CHoCH,—,5m,0.0,월,,,,,,,,,,24290.0,-0.0838817950837996
BNB,순수CHoCH,—,5m,0.0,월,,,,,,,,,,24291.0,0.10494826088977088
BNB,순수CHoCH,—,5m,0.0,월,,,,,,,,,,24292.0,-0.03484907017883701
BNB,순수CHoCH,—,5m,0.0,월,,,,,,,,,,24293.0,-0.0064775241150003245
BNB,순수CHoCH,—,5m,0.0,월,,,,,,,,,,24294.0,-0.2127988313607209
BNB,순수CHoCH,—,5m,0.0,월,,,,,,,,,,24295.0,0.016367098060800306
BNB,순수CHoCH,—,5m,0.0,월,,,,,,,,,,24296.0,-0.04445975801738792
BNB,순수CHoCH,—,5m,0.0,월,,,,,,,,,,24297.0,-0.05247424945575885
BNB,순수CHoCH,—,5m,0.0,월,,,,,,,,,,24298.0,-0.04081939285569761
BNB,순수CHoCH,—,5m,0.0,월,,,,,,,,,,24299.0,-0.027639854942207994
BNB,순수CHoCH,—,5m,0.0,월,,,,,,,,,,24300.0,-0.10494437250095064
BNB,순수CHoCH,—,5m,0.0,월,,,,,,,,,,24301.0,-0.1824701569251393
BNB,순수CHoCH,—,5m,0.0,월,,,,,,,,,,24302.0,0.01888757154541372
BNB,순수CHoCH,—,5m,0.0,월,,,,,,,,,,24303.0,-0.11108779714157241
BNB,순수CHoCH,—,5m,0.0,월,,,,,,,,,,24304.0,-0.16620759757146458
BNB,순수CHoCH,—,5m,0.0,월,,,,,,,,,,24305.0,-0.0642302632636916
BNB,순수CHoCH,—,5m,0.0,월,,,,,,,,,,24306.0,-0.006655181374465763
BNB,순수CHoCH,—,5m,0.0,월,,,,,,,,,,24307.0,0.13072656793450962
BNB,순수CHoCH,—,5m,0.0,월,,,,,,,,,,24308.0,-0.06889094942434984
BNB,순수CHoCH,—,5m,0.0,월,,,,,,,,,,24309.0,0.08438174238447003
BNB,순수CHoCH,—,5m,0.0,월,,,,,,,,,,24310.0,0.08838796141240415
BNB,순수CHoCH,—,5m,0.0,월,,,,,,,,,,24311.0,-0.10780079952986457
BNB,순수CHoCH,—,5m,0.0,월,,,,,,,,,,24312.0,-0.08143670891806741
BNB,순수CHoCH,—,5m,0.0,월,,,,,,,,,,24313.0,-0.016524971834920438
BNB,순수CHoCH,—,5m,0.0,월,,,,,,,,,,24314.0,-0.05813265508442074
BNB,순수CHoCH,—,5m,0.0,월,,,,,,,,,,24315.0,-0.08538723858964453
BNB,순수CHoCH,—,5m,0.0,월,,,,,,,,,,24316.0,-0.06448369551466812
BNB,순수CHoCH,—,5m,0.0,월,,,,,,,,,,24317.0,0.08707869937627369
BNB,순수CHoCH,—,5m,0.0,월,,,,,,,,,,24318.0,0.024659732181675838
BNB,순수CHoCH,—,15m,0.0,전체,3552.0,0.9910714285714286,130.47078251916042,0.026463963963963964,0.06175060962532383,-0.03528664566135986,0.0023226351351351357,0.3344594594594595,0.023085585585585586,,
BNB,순수CHoCH,—,15m,0.0,홀드아웃 전,2354.0,0.9910714285714286,130.6095411598655,0.02463891248937978,0.061570506313835954,-0.03693159382445617,,0.33305012744265083,0.025488530161427356,,
BNB,순수CHoCH,—,15m,0.0,홀드아웃 12개월,1198.0,0.9910714285714286,130.03000133763933,0.03005008347245409,0.062104502108831755,-0.03205441863637766,,0.337228714524207,0.018363939899833055,,
BNB,순수CHoCH,—,15m,0.0,월,,,,,,,,,,24281.0,-0.039026815083886016
BNB,순수CHoCH,—,15m,0.0,월,,,,,,,,,,24282.0,-0.1174969320044087
BNB,순수CHoCH,—,15m,0.0,월,,,,,,,,,,24283.0,-0.1669382980627022
BNB,순수CHoCH,—,15m,0.0,월,,,,,,,,,,24284.0,-0.014289535578402233
BNB,순수CHoCH,—,15m,0.0,월,,,,,,,,,,24285.0,-0.052790759917372074
BNB,순수CHoCH,—,15m,0.0,월,,,,,,,,,,24286.0,-0.1508693587904621
BNB,순수CHoCH,—,15m,0.0,월,,,,,,,,,,24287.0,-0.15585435895887667
BNB,순수CHoCH,—,15m,0.0,월,,,,,,,,,,24288.0,0.11075152337471526
BNB,순수CHoCH,—,15m,0.0,월,,,,,,,,,,24289.0,-0.05452359250260371
BNB,순수CHoCH,—,15m,0.0,월,,,,,,,,,,24290.0,-0.11812475735894436
BNB,순수CHoCH,—,15m,0.0,월,,,,,,,,,,24291.0,-0.023136634049919648
BNB,순수CHoCH,—,15m,0.0,월,,,,,,,,,,24292.0,0.04145557337975606
BNB,순수CHoCH,—,15m,0.0,월,,,,,,,,,,24293.0,-0.11751964452021323
BNB,순수CHoCH,—,15m,0.0,월,,,,,,,,,,24294.0,-0.10347797643370686
BNB,순수CHoCH,—,15m,0.0,월,,,,,,,,,,24295.0,0.22245600158286075
BNB,순수CHoCH,—,15m,0.0,월,,,,,,,,,,24296.0,0.19186442047104052
BNB,순수CHoCH,—,15m,0.0,월,,,,,,,,,,24297.0,0.09260319750456118
BNB,순수CHoCH,—,15m,0.0,월,,,,,,,,,,24298.0,-0.01891174966963489
BNB,순수CHoCH,—,15m,0.0,월,,,,,,,,,,24299.0,-0.14520349708721905
BNB,순수CHoCH,—,15m,0.0,월,,,,,,,,,,24300.0,-0.10613925898973177
BNB,순수CHoCH,—,15m,0.0,월,,,,,,,,,,24301.0,-0.1030911333808576
BNB,순수CHoCH,—,15m,0.0,월,,,,,,,,,,24302.0,0.09303513079876487
BNB,순수CHoCH,—,15m,0.0,월,,,,,,,,,,24303.0,-0.04296156062111463
BNB,순수CHoCH,—,15m,0.0,월,,,,,,,,,,24304.0,-0.0891175444623898
BNB,순수CHoCH,—,15m,0.0,월,,,,,,,,,,24305.0,-0.044162485951115445
BNB,순수CHoCH,—,15m,0.0,월,,,,,,,,,,24306.0,0.08360846682341415
BNB,순수CHoCH,—,15m,0.0,월,,,,,,,,,,24307.0,0.1408982679014432
BNB,순수CHoCH,—,15m,0.0,월,,,,,,,,,,24308.0,-0.00756374006576285
BNB,순수CHoCH,—,15m,0.0,월,,,,,,,,,,24309.0,0.013356565267111016
BNB,순수CHoCH,—,15m,0.0,월,,,,,,,,,,24310.0,0.19702858126027048
BNB,순수CHoCH,—,15m,0.0,월,,,,,,,,,,24311.0,-0.22539038378309162
BNB,순수CHoCH,—,15m,0.0,월,,,,,,,,,,24312.0,-0.08375499600456633
BNB,순수CHoCH,—,15m,0.0,월,,,,,,,,,,24313.0,0.07663726150651175
BNB,순수CHoCH,—,15m,0.0,월,,,,,,,,,,24314.0,-0.00279716933877751
BNB,순수CHoCH,—,15m,0.0,월,,,,,,,,,,24315.0,-0.12498108086059778
BNB,순수CHoCH,—,15m,0.0,월,,,,,,,,,,24316.0,-0.14420948236656034
BNB,순수CHoCH,—,15m,0.0,월,,,,,,,,,,24317.0,-0.10317582058807045
BNB,순수CHoCH,—,15m,0.0,월,,,,,,,,,,24318.0,-0.1111806493049337
BNB,순수CHoCH,—,1h,0.0,전체,899.0,0.9933701657458563,199.3191978017465,-0.0011123470522803114,0.03928632359117638,-0.040398670643456695,-0.010706340378197997,0.3114571746384872,0.06451612903225806,,
BNB,순수CHoCH,—,1h,0.0,홀드아웃 전,606.0,0.9933701657458563,206.4362478186659,-0.034653465346534656,0.03942506200446278,-0.07407852735099743,,0.297029702970297,0.07425742574257425,,
BNB,순수CHoCH,—,1h,0.0,홀드아웃 12개월,293.0,0.9933701657458563,191.51601933058967,0.06825938566552901,0.038999376565744405,0.02926000909978458,,0.3412969283276451,0.04436860068259386,,
BNB,순수CHoCH,—,1h,0.0,월,,,,,,,,,,24281.0,0.2277332113294128
BNB,순수CHoCH,—,1h,0.0,월,,,,,,,,,,24282.0,-0.12741597330737078
BNB,순수CHoCH,—,1h,0.0,월,,,,,,,,,,24283.0,-0.20707319742550587
BNB,순수CHoCH,—,1h,0.0,월,,,,,,,,,,24284.0,0.07590298261900051
BNB,순수CHoCH,—,1h,0.0,월,,,,,,,,,,24285.0,-0.06781220033690538
BNB,순수CHoCH,—,1h,0.0,월,,,,,,,,,,24286.0,-0.37344952446847635
BNB,순수CHoCH,—,1h,0.0,월,,,,,,,,,,24287.0,-0.4317529679082296
BNB,순수CHoCH,—,1h,0.0,월,,,,,,,,,,24288.0,-0.2833269130635797
BNB,순수CHoCH,—,1h,0.0,월,,,,,,,,,,24289.0,-0.14615022173343276
BNB,순수CHoCH,—,1h,0.0,월,,,,,,,,,,24290.0,0.22355411561571198
BNB,순수CHoCH,—,1h,0.0,월,,,,,,,,,,24291.0,0.19969410316332273
BNB,순수CHoCH,—,1h,0.0,월,,,,,,,,,,24292.0,0.00010083065712632178
BNB,순수CHoCH,—,1h,0.0,월,,,,,,,,,,24293.0,-0.2348967362839798
BNB,순수CHoCH,—,1h,0.0,월,,,,,,,,,,24294.0,-0.038952105886525645
BNB,순수CHoCH,—,1h,0.0,월,,,,,,,,,,24295.0,0.36866920641511125
BNB,순수CHoCH,—,1h,0.0,월,,,,,,,,,,24296.0,-0.26131292776811954
BNB,순수CHoCH,—,1h,0.0,월,,,,,,,,,,24297.0,0.24269037375615427
BNB,순수CHoCH,—,1h,0.0,월,,,,,,,,,,24298.0,-0.1196939176721284
BNB,순수CHoCH,—,1h,0.0,월,,,,,,,,,,24299.0,-0.07183285334571665
BNB,순수CHoCH,—,1h,0.0,월,,,,,,,,,,24300.0,-0.25888350142258443
BNB,순수CHoCH,—,1h,0.0,월,,,,,,,,,,24301.0,0.09413682021936687
BNB,순수CHoCH,—,1h,0.0,월,,,,,,,,,,24302.0,-0.0695332128058658
BNB,순수CHoCH,—,1h,0.0,월,,,,,,,,,,24303.0,-0.09792514928916429
BNB,순수CHoCH,—,1h,0.0,월,,,,,,,,,,24304.0,-0.17686493513852905
BNB,순수CHoCH,—,1h,0.0,월,,,,,,,,,,24305.0,0.08880480393294206
BNB,순수CHoCH,—,1h,0.0,월,,,,,,,,,,24306.0,-0.021527095934802582
BNB,순수CHoCH,—,1h,0.0,월,,,,,,,,,,24307.0,0.5089842130027867
BNB,순수CHoCH,—,1h,0.0,월,,,,,,,,,,24308.0,0.12313894954362271
BNB,순수CHoCH,—,1h,0.0,월,,,,,,,,,,24309.0,0.1538306960832719
BNB,순수CHoCH,—,1h,0.0,월,,,,,,,,,,24310.0,0.3999599819509297
BNB,순수CHoCH,—,1h,0.0,월,,,,,,,,,,24311.0,-0.1690082375054344
BNB,순수CHoCH,—,1h,0.0,월,,,,,,,,,,24312.0,-0.5625160552123569
BNB,순수CHoCH,—,1h,0.0,월,,,,,,,,,,24313.0,0.34785758467950934
BNB,순수CHoCH,—,1h,0.0,월,,,,,,,,,,24314.0,-0.148160965587043
BNB,순수CHoCH,—,1h,0.0,월,,,,,,,,,,24315.0,0.16259508140080192
BNB,순수CHoCH,—,1h,0.0,월,,,,,,,,,,24316.0,-0.08713235466107899
BNB,순수CHoCH,—,1h,0.0,월,,,,,,,,,,24317.0,-0.29774723257389957
BNB,순수CHoCH,—,1h,0.0,월,,,,,,,,,,24318.0,0.09151441196951726
BNB,스윕+CHoCH,1h,5m,0.0,전체,3035.0,0.9954083306001967,72.49879168680522,0.023064250411861616,0.10657166620822574,-0.08350741579636413,0.02903624382207578,0.33970345963756177,0.003953871499176277,,
BNB,스윕+CHoCH,1h,5m,0.0,홀드아웃 전,2035.0,0.9954083306001967,73.02699009224496,0.008353808353808353,0.10717584964603145,-0.09882204129222308,,0.33415233415233414,0.005896805896805897,,
BNB,스윕+CHoCH,1h,5m,0.0,홀드아웃 12개월,1000.0,0.9954083306001967,71.53458013856871,0.053,0.10534215291229114,-0.052342152912291134,,0.351,0.0,,
BNB,스윕+CHoCH,1h,5m,0.0,월,,,,,,,,,,24281.0,-0.41612146963867686
BNB,스윕+CHoCH,1h,5m,0.0,월,,,,,,,,,,24282.0,-0.23116287688374068
BNB,스윕+CHoCH,1h,5m,0.0,월,,,,,,,,,,24283.0,-0.03066039681529736
BNB,스윕+CHoCH,1h,5m,0.0,월,,,,,,,,,,24284.0,-0.16164865680513044
BNB,스윕+CHoCH,1h,5m,0.0,월,,,,,,,,,,24285.0,-0.11703868721163269
BNB,스윕+CHoCH,1h,5m,0.0,월,,,,,,,,,,24286.0,-0.12783486413540315
BNB,스윕+CHoCH,1h,5m,0.0,월,,,,,,,,,,24287.0,0.20276955620553774
BNB,스윕+CHoCH,1h,5m,0.0,월,,,,,,,,,,24288.0,-0.14658744279596467
BNB,스윕+CHoCH,1h,5m,0.0,월,,,,,,,,,,24289.0,0.09897742689980996
BNB,스윕+CHoCH,1h,5m,0.0,월,,,,,,,,,,24290.0,-0.0935242632051929
BNB,스윕+CHoCH,1h,5m,0.0,월,,,,,,,,,,24291.0,-0.09946381251162759
BNB,스윕+CHoCH,1h,5m,0.0,월,,,,,,,,,,24292.0,-0.03056513472849216
BNB,스윕+CHoCH,1h,5m,0.0,월,,,,,,,,,,24293.0,0.03693247180376756
BNB,스윕+CHoCH,1h,5m,0.0,월,,,,,,,,,,24294.0,-0.27042338902959645
BNB,스윕+CHoCH,1h,5m,0.0,월,,,,,,,,,,24295.0,-0.0938493828584778
BNB,스윕+CHoCH,1h,5m,0.0,월,,,,,,,,,,24296.0,0.024144395661230233
BNB,스윕+CHoCH,1h,5m,0.0,월,,,,,,,,,,24297.0,-0.18976594922702905
BNB,스윕+CHoCH,1h,5m,0.0,월,,,,,,,,,,24298.0,-0.1639575508622176
BNB,스윕+CHoCH,1h,5m,0.0,월,,,,,,,,,,24299.0,-0.06530389983072131
BNB,스윕+CHoCH,1h,5m,0.0,월,,,,,,,,,,24300.0,-0.10363971206497626
BNB,스윕+CHoCH,1h,5m,0.0,월,,,,,,,,,,24301.0,-0.03445783442729235
BNB,스윕+CHoCH,1h,5m,0.0,월,,,,,,,,,,24302.0,0.0864218519061915
BNB,스윕+CHoCH,1h,5m,0.0,월,,,,,,,,,,24303.0,-0.31631995960217507
BNB,스윕+CHoCH,1h,5m,0.0,월,,,,,,,,,,24304.0,-0.27936428102576033
BNB,스윕+CHoCH,1h,5m,0.0,월,,,,,,,,,,24305.0,-0.08223683548059046
BNB,스윕+CHoCH,1h,5m,0.0,월,,,,,,,,,,24306.0,-0.18126975219203745
BNB,스윕+CHoCH,1h,5m,0.0,월,,,,,,,,,,24307.0,0.005798937982839492
BNB,스윕+CHoCH,1h,5m,0.0,월,,,,,,,,,,24308.0,-0.15127362432055788
BNB,스윕+CHoCH,1h,5m,0.0,월,,,,,,,,,,24309.0,0.15568959766777316
BNB,스윕+CHoCH,1h,5m,0.0,월,,,,,,,,,,24310.0,0.015131982442381118
BNB,스윕+CHoCH,1h,5m,0.0,월,,,,,,,,,,24311.0,-0.20235285534963873
BNB,스윕+CHoCH,1h,5m,0.0,월,,,,,,,,,,24312.0,0.14515232848003315
BNB,스윕+CHoCH,1h,5m,0.0,월,,,,,,,,,,24313.0,-0.11137089406943088
BNB,스윕+CHoCH,1h,5m,0.0,월,,,,,,,,,,24314.0,-0.31687816991491946
BNB,스윕+CHoCH,1h,5m,0.0,월,,,,,,,,,,24315.0,-0.002607668878218992
BNB,스윕+CHoCH,1h,5m,0.0,월,,,,,,,,,,24316.0,-0.10799083374832179
BNB,스윕+CHoCH,1h,5m,0.0,월,,,,,,,,,,24317.0,-0.02930294456605301
BNB,스윕+CHoCH,1h,5m,0.0,월,,,,,,,,,,24318.0,-0.016547280295133585
BNB,스윕+CHoCH,1h,5m,0.25,전체,3123.0,0.9955371373924131,75.44728202782956,0.01472942683317323,0.10208229882758306,-0.08735287199440982,0.0164905539545309,0.33685558757604867,0.004162664105027218,,
BNB,스윕+CHoCH,1h,5m,0.25,홀드아웃 전,2103.0,0.9955371373924131,75.95705751197265,0.016167379933428434,0.10252738908625521,-0.08636000915282677,,0.33666191155492153,0.006181645268663814,,
BNB,스윕+CHoCH,1h,5m,0.25,홀드아웃 12개월,1020.0,0.9955371373924131,74.74534095439074,0.011764705882352941,0.10116462744132079,-0.08939992155896782,,0.33725490196078434,0.0,,
BNB,스윕+CHoCH,1h,5m,0.25,월,,,,,,,,,,24281.0,-0.3253560493659408
BNB,스윕+CHoCH,1h,5m,0.25,월,,,,,,,,,,24282.0,-0.14621893138114267
BNB,스윕+CHoCH,1h,5m,0.25,월,,,,,,,,,,24283.0,0.005091337850508935
BNB,스윕+CHoCH,1h,5m,0.25,월,,,,,,,,,,24284.0,-0.21331953671898002
BNB,스윕+CHoCH,1h,5m,0.25,월,,,,,,,,,,24285.0,-0.13528073012915445
BNB,스윕+CHoCH,1h,5m,0.25,월,,,,,,,,,,24286.0,-0.18004738996514133
BNB,스윕+CHoCH,1h,5m,0.25,월,,,,,,,,,,24287.0,0.23123690892580695
BNB,스윕+CHoCH,1h,5m,0.25,월,,,,,,,,,,24288.0,-0.05919974418783435
BNB,스윕+CHoCH,1h,5m,0.25,월,,,,,,,,,,24289.0,0.10083928004225809
BNB,스윕+CHoCH,1h,5m,0.25,월,,,,,,,,,,24290.0,0.004843183256597293
BNB,스윕+CHoCH,1h,5m,0.25,월,,,,,,,,,,24291.0,-0.019322042739150367
BNB,스윕+CHoCH,1h,5m,0.25,월,,,,,,,,,,24292.0,-0.053861907327749085
BNB,스윕+CHoCH,1h,5m,0.25,월,,,,,,,,,,24293.0,0.06615900948619506
BNB,스윕+CHoCH,1h,5m,0.25,월,,,,,,,,,,24294.0,-0.4015389580219331
BNB,스윕+CHoCH,1h,5m,0.25,월,,,,,,,,,,24295.0,-0.10461975528203217
BNB,스윕+CHoCH,1h,5m,0.25,월,,,,,,,,,,24296.0,0.05915138524204247
BNB,스윕+CHoCH,1h,5m,0.25,월,,,,,,,,,,24297.0,-0.11078063504977384
BNB,스윕+CHoCH,1h,5m,0.25,월,,,,,,,,,,24298.0,-0.12001966188109113
BNB,스윕+CHoCH,1h,5m,0.25,월,,,,,,,,,,24299.0,-0.04940434045514516
BNB,스윕+CHoCH,1h,5m,0.25,월,,,,,,,,,,24300.0,-0.13262146143967965
BNB,스윕+CHoCH,1h,5m,0.25,월,,,,,,,,,,24301.0,-0.026721071137033484
BNB,스윕+CHoCH,1h,5m,0.25,월,,,,,,,,,,24302.0,0.12493112273161242
BNB,스윕+CHoCH,1h,5m,0.25,월,,,,,,,,,,24303.0,-0.36863550883832347
BNB,스윕+CHoCH,1h,5m,0.25,월,,,,,,,,,,24304.0,-0.35572169566465545
BNB,스윕+CHoCH,1h,5m,0.25,월,,,,,,,,,,24305.0,-0.027724129716913522
BNB,스윕+CHoCH,1h,5m,0.25,월,,,,,,,,,,24306.0,-0.14877459407220567
BNB,스윕+CHoCH,1h,5m,0.25,월,,,,,,,,,,24307.0,-0.006856843183119907
BNB,스윕+CHoCH,1h,5m,0.25,월,,,,,,,,,,24308.0,-0.18205692138191346
BNB,스윕+CHoCH,1h,5m,0.25,월,,,,,,,,,,24309.0,0.11469169469381697
BNB,스윕+CHoCH,1h,5m,0.25,월,,,,,,,,,,24310.0,-0.022072187518435454
BNB,스윕+CHoCH,1h,5m,0.25,월,,,,,,,,,,24311.0,-0.20921913515590343
BNB,스윕+CHoCH,1h,5m,0.25,월,,,,,,,,,,24312.0,0.04481420470247402
BNB,스윕+CHoCH,1h,5m,0.25,월,,,,,,,,,,24313.0,-0.10344833167052285
BNB,스윕+CHoCH,1h,5m,0.25,월,,,,,,,,,,24314.0,-0.4406620788927013
BNB,스윕+CHoCH,1h,5m,0.25,월,,,,,,,,,,24315.0,-0.08358364922134796
BNB,스윕+CHoCH,1h,5m,0.25,월,,,,,,,,,,24316.0,-0.10242777292125177
BNB,스윕+CHoCH,1h,5m,0.25,월,,,,,,,,,,24317.0,-0.021839221829113555
BNB,스윕+CHoCH,1h,5m,0.25,월,,,,,,,,,,24318.0,-0.04886959652900111
BNB,스윕+CHoCH,1h,15m,0.0,전체,2341.0,0.9923696481559983,122.98631560713511,0.04143528406663819,0.06565865571096378,-0.024223371644325593,-0.003951302862024775,0.3387441264416916,0.025202904741563434,,
BNB,스윕+CHoCH,1h,15m,0.0,홀드아웃 전,1557.0,0.9923696481559983,124.97917013831028,0.046885035324341684,0.06545476715311883,-0.01856973182877716,,0.3397559409120103,0.027617212588310854,,
BNB,스윕+CHoCH,1h,15m,0.0,홀드아웃 12개월,784.0,0.9923696481559983,117.82281195465728,0.030612244897959183,0.06606357214535735,-0.03545132724739818,,0.336734693877551,0.02040816326530612,,
BNB,스윕+CHoCH,1h,15m,0.0,월,,,,,,,,,,24281.0,0.39058940172294004
BNB,스윕+CHoCH,1h,15m,0.0,월,,,,,,,,,,24282.0,-0.28714607977209344
BNB,스윕+CHoCH,1h,15m,0.0,월,,,,,,,,,,24283.0,-0.2587111896641637
BNB,스윕+CHoCH,1h,15m,0.0,월,,,,,,,,,,24284.0,-0.03860805465567935
BNB,스윕+CHoCH,1h,15m,0.0,월,,,,,,,,,,24285.0,-0.06366898937561409
BNB,스윕+CHoCH,1h,15m,0.0,월,,,,,,,,,,24286.0,0.0001782458173209414
BNB,스윕+CHoCH,1h,15m,0.0,월,,,,,,,,,,24287.0,-0.10254317437767804
BNB,스윕+CHoCH,1h,15m,0.0,월,,,,,,,,,,24288.0,0.16859285218699546
BNB,스윕+CHoCH,1h,15m,0.0,월,,,,,,,,,,24289.0,-0.07188200920095572
BNB,스윕+CHoCH,1h,15m,0.0,월,,,,,,,,,,24290.0,-0.11959789142269263
BNB,스윕+CHoCH,1h,15m,0.0,월,,,,,,,,,,24291.0,0.0320600579431353
BNB,스윕+CHoCH,1h,15m,0.0,월,,,,,,,,,,24292.0,-0.0419970931125249
BNB,스윕+CHoCH,1h,15m,0.0,월,,,,,,,,,,24293.0,-0.2129072044430397
BNB,스윕+CHoCH,1h,15m,0.0,월,,,,,,,,,,24294.0,-0.16272797092388708
BNB,스윕+CHoCH,1h,15m,0.0,월,,,,,,,,,,24295.0,0.09757684714863293
BNB,스윕+CHoCH,1h,15m,0.0,월,,,,,,,,,,24296.0,0.24020961048904974
BNB,스윕+CHoCH,1h,15m,0.0,월,,,,,,,,,,24297.0,0.178004159887087
BNB,스윕+CHoCH,1h,15m,0.0,월,,,,,,,,,,24298.0,0.11548548306558958
BNB,스윕+CHoCH,1h,15m,0.0,월,,,,,,,,,,24299.0,-0.12054350616051003
BNB,스윕+CHoCH,1h,15m,0.0,월,,,,,,,,,,24300.0,0.10101879704992477
BNB,스윕+CHoCH,1h,15m,0.0,월,,,,,,,,,,24301.0,-0.03196753466257575
BNB,스윕+CHoCH,1h,15m,0.0,월,,,,,,,,,,24302.0,0.04696609677905124
BNB,스윕+CHoCH,1h,15m,0.0,월,,,,,,,,,,24303.0,-0.12421715432133239
BNB,스윕+CHoCH,1h,15m,0.0,월,,,,,,,,,,24304.0,0.059208348313977546
BNB,스윕+CHoCH,1h,15m,0.0,월,,,,,,,,,,24305.0,-0.0809301573409534
BNB,스윕+CHoCH,1h,15m,0.0,월,,,,,,,,,,24306.0,0.09226614204515775
BNB,스윕+CHoCH,1h,15m,0.0,월,,,,,,,,,,24307.0,0.16284759585999684
BNB,스윕+CHoCH,1h,15m,0.0,월,,,,,,,,,,24308.0,-0.046071802615639756
BNB,스윕+CHoCH,1h,15m,0.0,월,,,,,,,,,,24309.0,0.2253917849550748
BNB,스윕+CHoCH,1h,15m,0.0,월,,,,,,,,,,24310.0,0.16400484380499208
BNB,스윕+CHoCH,1h,15m,0.0,월,,,,,,,,,,24311.0,-0.03978990847875533
BNB,스윕+CHoCH,1h,15m,0.0,월,,,,,,,,,,24312.0,-0.144815499952013
BNB,스윕+CHoCH,1h,15m,0.0,월,,,,,,,,,,24313.0,-0.0789581900733631
BNB,스윕+CHoCH,1h,15m,0.0,월,,,,,,,,,,24314.0,-0.181384790893087
BNB,스윕+CHoCH,1h,15m,0.0,월,,,,,,,,,,24315.0,-0.14244353787231123
BNB,스윕+CHoCH,1h,15m,0.0,월,,,,,,,,,,24316.0,-0.1313944940699581
BNB,스윕+CHoCH,1h,15m,0.0,월,,,,,,,,,,24317.0,-0.04824046505214426
BNB,스윕+CHoCH,1h,15m,0.0,월,,,,,,,,,,24318.0,-0.19245039106160955
BNB,스윕+CHoCH,1h,15m,0.25,전체,2346.0,0.9923857868020305,127.04814777535925,0.0319693094629156,0.06306286734575764,-0.03109355788284205,0.007992327365728899,0.3350383631713555,0.026854219948849106,,
BNB,스윕+CHoCH,1h,15m,0.25,홀드아웃 전,1561.0,0.9923857868020305,129.17564946027926,0.048046124279308135,0.06261351081544464,-0.014567386536136505,,0.3395259449071108,0.029468289557975657,,
BNB,스윕+CHoCH,1h,15m,0.25,홀드아웃 12개월,785.0,0.9923857868020305,122.42775462979859,0.0,0.06395642854807437,-0.06395642854807436,,0.32611464968152865,0.02165605095541401,,
BNB,스윕+CHoCH,1h,15m,0.25,월,,,,,,,,,,24281.0,0.3953937487157232
BNB,스윕+CHoCH,1h,15m,0.25,월,,,,,,,,,,24282.0,-0.28395799200662786
BNB,스윕+CHoCH,1h,15m,0.25,월,,,,,,,,,,24283.0,-0.30517857212837407
BNB,스윕+CHoCH,1h,15m,0.25,월,,,,,,,,,,24284.0,-0.034794533032611374
BNB,스윕+CHoCH,1h,15m,0.25,월,,,,,,,,,,24285.0,0.07938819436896638
BNB,스윕+CHoCH,1h,15m,0.25,월,,,,,,,,,,24286.0,-0.04127997342493262
BNB,스윕+CHoCH,1h,15m,0.25,월,,,,,,,,,,24287.0,-0.000801700246185307
BNB,스윕+CHoCH,1h,15m,0.25,월,,,,,,,,,,24288.0,0.14804225816720606
BNB,스윕+CHoCH,1h,15m,0.25,월,,,,,,,,,,24289.0,-0.06921898604530606
BNB,스윕+CHoCH,1h,15m,0.25,월,,,,,,,,,,24290.0,-0.23183576621434154
BNB,스윕+CHoCH,1h,15m,0.25,월,,,,,,,,,,24291.0,0.0650581588634987
BNB,스윕+CHoCH,1h,15m,0.25,월,,,,,,,,,,24292.0,-0.04248425684073391
BNB,스윕+CHoCH,1h,15m,0.25,월,,,,,,,,,,24293.0,-0.2569956889466444
BNB,스윕+CHoCH,1h,15m,0.25,월,,,,,,,,,,24294.0,-0.21043702425346308
BNB,스윕+CHoCH,1h,15m,0.25,월,,,,,,,,,,24295.0,0.100113946155875
BNB,스윕+CHoCH,1h,15m,0.25,월,,,,,,,,,,24296.0,0.16967529388734842
BNB,스윕+CHoCH,1h,15m,0.25,월,,,,,,,,,,24297.0,0.18052712829066725
BNB,스윕+CHoCH,1h,15m,0.25,월,,,,,,,,,,24298.0,0.16357766445442756
BNB,스윕+CHoCH,1h,15m,0.25,월,,,,,,,,,,24299.0,-0.11846018168800354
BNB,스윕+CHoCH,1h,15m,0.25,월,,,,,,,,,,24300.0,0.06009569217009071
BNB,스윕+CHoCH,1h,15m,0.25,월,,,,,,,,,,24301.0,-0.11184923693111953
BNB,스윕+CHoCH,1h,15m,0.25,월,,,,,,,,,,24302.0,0.048976253044617946
BNB,스윕+CHoCH,1h,15m,0.25,월,,,,,,,,,,24303.0,-0.06857879261155714
BNB,스윕+CHoCH,1h,15m,0.25,월,,,,,,,,,,24304.0,0.15860948083684243
BNB,스윕+CHoCH,1h,15m,0.25,월,,,,,,,,,,24305.0,-0.07858987070669753
BNB,스윕+CHoCH,1h,15m,0.25,월,,,,,,,,,,24306.0,0.061972437512190844
BNB,스윕+CHoCH,1h,15m,0.25,월,,,,,,,,,,24307.0,0.20793061935740786
BNB,스윕+CHoCH,1h,15m,0.25,월,,,,,,,,,,24308.0,-0.043215715400177594
BNB,스윕+CHoCH,1h,15m,0.25,월,,,,,,,,,,24309.0,0.08791335391240511
BNB,스윕+CHoCH,1h,15m,0.25,월,,,,,,,,,,24310.0,0.16518998052486478
BNB,스윕+CHoCH,1h,15m,0.25,월,,,,,,,,,,24311.0,-0.08452958190899504
BNB,스윕+CHoCH,1h,15m,0.25,월,,,,,,,,,,24312.0,-0.14189595088769044
BNB,스윕+CHoCH,1h,15m,0.25,월,,,,,,,,,,24313.0,-0.07573499217835321
BNB,스윕+CHoCH,1h,15m,0.25,월,,,,,,,,,,24314.0,-0.17902281012802204
BNB,스윕+CHoCH,1h,15m,0.25,월,,,,,,,,,,24315.0,-0.1394149531405334
BNB,스윕+CHoCH,1h,15m,0.25,월,,,,,,,,,,24316.0,-0.18233324792575317
BNB,스윕+CHoCH,1h,15m,0.25,월,,,,,,,,,,24317.0,-0.08990876986373805
BNB,스윕+CHoCH,1h,15m,0.25,월,,,,,,,,,,24318.0,-0.24053842141229576
BNB,스윕+CHoCH,1h,1h,0.0,전체,857.0,0.994199535962877,242.56559766763795,0.014002333722287048,0.033228459747851234,-0.0192261260255642,-0.012689614935822636,0.2998833138856476,0.11435239206534423,,
BNB,스윕+CHoCH,1h,1h,0.0,홀드아웃 전,579.0,0.994199535962877,248.31500532103587,-0.013816925734024179,0.03350187929476786,-0.04731880502879203,,0.2849740932642487,0.13126079447322972,,
BNB,스윕+CHoCH,1h,1h,0.0,홀드아웃 12개월,278.0,0.994199535962877,233.12973097777189,0.07194244604316546,0.03265899961236662,0.039283446430798855,,0.33093525179856115,0.07913669064748201,,
BNB,스윕+CHoCH,1h,1h,0.0,월,,,,,,,,,,24281.0,0.23582787874525044
BNB,스윕+CHoCH,1h,1h,0.0,월,,,,,,,,,,24282.0,0.08452153441002086
BNB,스윕+CHoCH,1h,1h,0.0,월,,,,,,,,,,24283.0,-0.2144214386593745
BNB,스윕+CHoCH,1h,1h,0.0,월,,,,,,,,,,24284.0,-0.05131811547461498
BNB,스윕+CHoCH,1h,1h,0.0,월,,,,,,,,,,24285.0,-0.05344300797820248
BNB,스윕+CHoCH,1h,1h,0.0,월,,,,,,,,,,24286.0,-0.37779641729108304
BNB,스윕+CHoCH,1h,1h,0.0,월,,,,,,,,,,24287.0,-0.39292710905507294
BNB,스윕+CHoCH,1h,1h,0.0,월,,,,,,,,,,24288.0,-0.13456148828017264
BNB,스윕+CHoCH,1h,1h,0.0,월,,,,,,,,,,24289.0,-0.3719062692153647
BNB,스윕+CHoCH,1h,1h,0.0,월,,,,,,,,,,24290.0,0.4670470655776813
BNB,스윕+CHoCH,1h,1h,0.0,월,,,,,,,,,,24291.0,0.4535333806397323
BNB,스윕+CHoCH,1h,1h,0.0,월,,,,,,,,,,24292.0,0.04697235454613287
BNB,스윕+CHoCH,1h,1h,0.0,월,,,,,,,,,,24293.0,-0.18185220549861583
BNB,스윕+CHoCH,1h,1h,0.0,월,,,,,,,,,,24294.0,-0.1721382160029821
BNB,스윕+CHoCH,1h,1h,0.0,월,,,,,,,,,,24295.0,0.07586787585801917
BNB,스윕+CHoCH,1h,1h,0.0,월,,,,,,,,,,24296.0,-0.16610854802624853
BNB,스윕+CHoCH,1h,1h,0.0,월,,,,,,,,,,24297.0,0.16220463604098523
BNB,스윕+CHoCH,1h,1h,0.0,월,,,,,,,,,,24298.0,-0.23887391740901756
BNB,스윕+CHoCH,1h,1h,0.0,월,,,,,,,,,,24299.0,-0.068673914034029
BNB,스윕+CHoCH,1h,1h,0.0,월,,,,,,,,,,24300.0,-0.22871035451463553
BNB,스윕+CHoCH,1h,1h,0.0,월,,,,,,,,,,24301.0,0.011673642467177133
BNB,스윕+CHoCH,1h,1h,0.0,월,,,,,,,,,,24302.0,0.18533783563161743
BNB,스윕+CHoCH,1h,1h,0.0,월,,,,,,,,,,24303.0,0.23532650667657687
BNB,스윕+CHoCH,1h,1h,0.0,월,,,,,,,,,,24304.0,-0.039294112626993984
BNB,스윕+CHoCH,1h,1h,0.0,월,,,,,,,,,,24305.0,0.14148456042319585
BNB,스윕+CHoCH,1h,1h,0.0,월,,,,,,,,,,24306.0,-0.1580658379704554
BNB,스윕+CHoCH,1h,1h,0.0,월,,,,,,,,,,24307.0,0.5242420249960986
BNB,스윕+CHoCH,1h,1h,0.0,월,,,,,,,,,,24308.0,0.18108370238538252
BNB,스윕+CHoCH,1h,1h,0.0,월,,,,,,,,,,24309.0,0.21945991979608884
BNB,스윕+CHoCH,1h,1h,0.0,월,,,,,,,,,,24310.0,0.2309486951683145
BNB,스윕+CHoCH,1h,1h,0.0,월,,,,,,,,,,24311.0,-0.1331877121212911
BNB,스윕+CHoCH,1h,1h,0.0,월,,,,,,,,,,24312.0,-0.39302948758922596
BNB,스윕+CHoCH,1h,1h,0.0,월,,,,,,,,,,24313.0,0.23645541520438335
BNB,스윕+CHoCH,1h,1h,0.0,월,,,,,,,,,,24314.0,-0.16012774639945085
BNB,스윕+CHoCH,1h,1h,0.0,월,,,,,,,,,,24315.0,0.010841395618857469
BNB,스윕+CHoCH,1h,1h,0.0,월,,,,,,,,,,24316.0,0.03458354828397877
BNB,스윕+CHoCH,1h,1h,0.0,월,,,,,,,,,,24317.0,-0.11445031272195151
BNB,스윕+CHoCH,1h,1h,0.0,월,,,,,,,,,,24318.0,-0.03812115964238301
BNB,스윕+CHoCH,1h,1h,0.25,전체,857.0,0.994199535962877,248.03391999961337,0.010501750291715286,0.03263692299229476,-0.02213517270057949,-0.05061260210035006,0.29638273045507585,0.12135355892648775,,
BNB,스윕+CHoCH,1h,1h,0.25,홀드아웃 전,579.0,0.994199535962877,253.46398296874432,-0.015544041450777202,0.032910792636190636,-0.04845483408696783,,0.2815198618307427,0.13989637305699482,,
BNB,스윕+CHoCH,1h,1h,0.25,홀드아웃 12개월,278.0,0.994199535962877,238.0857743412335,0.06474820143884892,0.032066525424612344,0.032681676014236584,,0.3273381294964029,0.08273381294964029,,
BNB,스윕+CHoCH,1h,1h,0.25,월,,,,,,,,,,24281.0,0.23673936052716765
BNB,스윕+CHoCH,1h,1h,0.25,월,,,,,,,,,,24282.0,0.08546617683194042
BNB,스윕+CHoCH,1h,1h,0.25,월,,,,,,,,,,24283.0,-0.2130706698084504
BNB,스윕+CHoCH,1h,1h,0.25,월,,,,,,,,,,24284.0,-0.19594994809646374
BNB,스윕+CHoCH,1h,1h,0.25,월,,,,,,,,,,24285.0,-0.05248393700843481
BNB,스윕+CHoCH,1h,1h,0.25,월,,,,,,,,,,24286.0,-0.3770296084731694
BNB,스윕+CHoCH,1h,1h,0.25,월,,,,,,,,,,24287.0,-0.23378726241017708
BNB,스윕+CHoCH,1h,1h,0.25,월,,,,,,,,,,24288.0,0.0252816173844769
BNB,스윕+CHoCH,1h,1h,0.25,월,,,,,,,,,,24289.0,-0.3329589064325899
BNB,스윕+CHoCH,1h,1h,0.25,월,,,,,,,,,,24290.0,0.4677992998811201
BNB,스윕+CHoCH,1h,1h,0.25,월,,,,,,,,,,24291.0,0.45387444045051545
BNB,스윕+CHoCH,1h,1h,0.25,월,,,,,,,,,,24292.0,0.04750468024997391
BNB,스윕+CHoCH,1h,1h,0.25,월,,,,,,,,,,24293.0,-0.27694451061114667
BNB,스윕+CHoCH,1h,1h,0.25,월,,,,,,,,,,24294.0,-0.1713515186299089
BNB,스윕+CHoCH,1h,1h,0.25,월,,,,,,,,,,24295.0,0.2359342155560368
BNB,스윕+CHoCH,1h,1h,0.25,월,,,,,,,,,,24296.0,-0.057972388758493525
BNB,스윕+CHoCH,1h,1h,0.25,월,,,,,,,,,,24297.0,0.162776338134977
BNB,스윕+CHoCH,1h,1h,0.25,월,,,,,,,,,,24298.0,-0.23801871970493124
BNB,스윕+CHoCH,1h,1h,0.25,월,,,,,,,,,,24299.0,-0.06831168629800413
BNB,스윕+CHoCH,1h,1h,0.25,월,,,,,,,,,,24300.0,-0.40223756544810074
BNB,스윕+CHoCH,1h,1h,0.25,월,,,,,,,,,,24301.0,0.012416160191937984
BNB,스윕+CHoCH,1h,1h,0.25,월,,,,,,,,,,24302.0,0.10194644388216367
BNB,스윕+CHoCH,1h,1h,0.25,월,,,,,,,,,,24303.0,0.2357765040774852
BNB,스윕+CHoCH,1h,1h,0.25,월,,,,,,,,,,24304.0,-0.03839858930346549
BNB,스윕+CHoCH,1h,1h,0.25,월,,,,,,,,,,24305.0,0.054594614555446695
BNB,스윕+CHoCH,1h,1h,0.25,월,,,,,,,,,,24306.0,-0.15719478265743836
BNB,스윕+CHoCH,1h,1h,0.25,월,,,,,,,,,,24307.0,0.3934504513999448
BNB,스윕+CHoCH,1h,1h,0.25,월,,,,,,,,,,24308.0,0.18175377221881436
BNB,스윕+CHoCH,1h,1h,0.25,월,,,,,,,,,,24309.0,0.2700636019457745
BNB,스윕+CHoCH,1h,1h,0.25,월,,,,,,,,,,24310.0,0.2314116107657195
BNB,스윕+CHoCH,1h,1h,0.25,월,,,,,,,,,,24311.0,-0.13246349056887358
BNB,스윕+CHoCH,1h,1h,0.25,월,,,,,,,,,,24312.0,-0.39246916113645497
BNB,스윕+CHoCH,1h,1h,0.25,월,,,,,,,,,,24313.0,0.23722867467371112
BNB,스윕+CHoCH,1h,1h,0.25,월,,,,,,,,,,24314.0,-0.29664651199116254
BNB,스윕+CHoCH,1h,1h,0.25,월,,,,,,,,,,24315.0,0.011415784042670343
BNB,스윕+CHoCH,1h,1h,0.25,월,,,,,,,,,,24316.0,0.15151194913340998
BNB,스윕+CHoCH,1h,1h,0.25,월,,,,,,,,,,24317.0,-0.11365625056921008
BNB,스윕+CHoCH,1h,1h,0.25,월,,,,,,,,,,24318.0,-0.037264015873015886
BNB,스윕+CHoCH,4h,5m,0.0,전체,778.0,0.9987163029525032,79.82004001230413,-0.005141388174807198,0.09598207994790917,-0.10112346812271637,0.022011568123393315,0.33033419023136246,0.0038560411311053984,,
BNB,스윕+CHoCH,4h,5m,0.0,홀드아웃 전,522.0,0.9987163029525032,79.97310849832137,0.005747126436781609,0.0961598860470784,-0.09041275961029678,,0.3333333333333333,0.005747126436781609,,
BNB,스윕+CHoCH,4h,5m,0.0,홀드아웃 12개월,256.0,0.9987163029525032,79.4308942838872,-0.02734375,0.0956195221988219,-0.12296327219882192,,0.32421875,0.0,,
BNB,스윕+CHoCH,4h,5m,0.0,월,,,,,,,,,,24281.0,-0.42270621298790184
BNB,스윕+CHoCH,4h,5m,0.0,월,,,,,,,,,,24282.0,0.028961364411869094
BNB,스윕+CHoCH,4h,5m,0.0,월,,,,,,,,,,24283.0,0.12959680759567208
BNB,스윕+CHoCH,4h,5m,0.0,월,,,,,,,,,,24284.0,-0.15246205404542928
BNB,스윕+CHoCH,4h,5m,0.0,월,,,,,,,,,,24285.0,-0.28868859523864093
BNB,스윕+CHoCH,4h,5m,0.0,월,,,,,,,,,,24286.0,0.32132317034437974
BNB,스윕+CHoCH,4h,5m,0.0,월,,,,,,,,,,24287.0,-0.23642518992246517
BNB,스윕+CHoCH,4h,5m,0.0,월,,,,,,,,,,24288.0,-0.29275094193767554
BNB,스윕+CHoCH,4h,5m,0.0,월,,,,,,,,,,24289.0,0.1220666773864275
BNB,스윕+CHoCH,4h,5m,0.0,월,,,,,,,,,,24290.0,0.2838847546984599
BNB,스윕+CHoCH,4h,5m,0.0,월,,,,,,,,,,24291.0,-0.1697047466430035
BNB,스윕+CHoCH,4h,5m,0.0,월,,,,,,,,,,24292.0,0.20377371205591166
BNB,스윕+CHoCH,4h,5m,0.0,월,,,,,,,,,,24293.0,0.05235838435080912
BNB,스윕+CHoCH,4h,5m,0.0,월,,,,,,,,,,24294.0,-0.02523245885475018
BNB,스윕+CHoCH,4h,5m,0.0,월,,,,,,,,,,24295.0,-0.15746727856647946
BNB,스윕+CHoCH,4h,5m,0.0,월,,,,,,,,,,24296.0,-0.0683423070037019
BNB,스윕+CHoCH,4h,5m,0.0,월,,,,,,,,,,24297.0,-0.29836741234955805
BNB,스윕+CHoCH,4h,5m,0.0,월,,,,,,,,,,24298.0,-0.04771920786362136
BNB,스윕+CHoCH,4h,5m,0.0,월,,,,,,,,,,24299.0,-0.28270252188494555
BNB,스윕+CHoCH,4h,5m,0.0,월,,,,,,,,,,24300.0,-0.3652541728463787
BNB,스윕+CHoCH,4h,5m,0.0,월,,,,,,,,,,24301.0,-0.27870875164163317
BNB,스윕+CHoCH,4h,5m,0.0,월,,,,,,,,,,24302.0,0.337086244523489
BNB,스윕+CHoCH,4h,5m,0.0,월,,,,,,,,,,24303.0,0.009864649466289026
BNB,스윕+CHoCH,4h,5m,0.0,월,,,,,,,,,,24304.0,-0.35354220280297677
BNB,스윕+CHoCH,4h,5m,0.0,월,,,,,,,,,,24305.0,-0.373785217075947
BNB,스윕+CHoCH,4h,5m,0.0,월,,,,,,,,,,24306.0,0.14623381512017034
BNB,스윕+CHoCH,4h,5m,0.0,월,,,,,,,,,,24307.0,-0.6850687135533305
BNB,스윕+CHoCH,4h,5m,0.0,월,,,,,,,,,,24308.0,0.26897614780854723
BNB,스윕+CHoCH,4h,5m,0.0,월,,,,,,,,,,24309.0,-0.1413738116079368
BNB,스윕+CHoCH,4h,5m,0.0,월,,,,,,,,,,24310.0,-0.3462730320254041
BNB,스윕+CHoCH,4h,5m,0.0,월,,,,,,,,,,24311.0,-0.4398360271500732
BNB,스윕+CHoCH,4h,5m,0.0,월,,,,,,,,,,24312.0,-0.09956720048596976
BNB,스윕+CHoCH,4h,5m,0.0,월,,,,,,,,,,24313.0,0.129676367572682
BNB,스윕+CHoCH,4h,5m,0.0,월,,,,,,,,,,24314.0,-0.11671834501850327
BNB,스윕+CHoCH,4h,5m,0.0,월,,,,,,,,,,24315.0,-0.5736413393231844
BNB,스윕+CHoCH,4h,5m,0.0,월,,,,,,,,,,24316.0,0.05433169443676468
BNB,스윕+CHoCH,4h,5m,0.0,월,,,,,,,,,,24317.0,-0.130213322702358
BNB,스윕+CHoCH,4h,5m,0.0,월,,,,,,,,,,24318.0,0.26282514713096344
BNB,스윕+CHoCH,4h,5m,0.25,전체,791.0,0.9987373737373737,83.03816781045987,-0.029077117572692796,0.09263707082553196,-0.12171418839822477,-0.0033185840707964593,0.3223767383059418,0.0037926675094816687,,
BNB,스윕+CHoCH,4h,5m,0.25,홀드아웃 전,529.0,0.9987373737373737,82.80949584784955,-0.013232514177693762,0.09222632516690837,-0.10545883934460212,,0.3270321361058601,0.005671077504725898,,
BNB,스윕+CHoCH,4h,5m,0.25,홀드아웃 12개월,262.0,0.9987373737373737,83.54036998024338,-0.061068702290076333,0.09346640080038646,-0.15453510309046278,,0.31297709923664124,0.0,,
BNB,스윕+CHoCH,4h,5m,0.25,월,,,,,,,,,,24281.0,-0.41320986722188324
BNB,스윕+CHoCH,4h,5m,0.25,월,,,,,,,,,,24282.0,0.033454052316409764
BNB,스윕+CHoCH,4h,5m,0.25,월,,,,,,,,,,24283.0,0.13637602067693647
BNB,스윕+CHoCH,4h,5m,0.25,월,,,,,,,,,,24284.0,-0.437562465054201
BNB,스윕+CHoCH,4h,5m,0.25,월,,,,,,,,,,24285.0,-0.28344841001838766
BNB,스윕+CHoCH,4h,5m,0.25,월,,,,,,,,,,24286.0,0.18970268744192814
BNB,스윕+CHoCH,4h,5m,0.25,월,,,,,,,,,,24287.0,-0.23199450946924138
BNB,스윕+CHoCH,4h,5m,0.25,월,,,,,,,,,,24288.0,-0.2872845113409788
BNB,스윕+CHoCH,4h,5m,0.25,월,,,,,,,,,,24289.0,-0.06641041664207516
BNB,스윕+CHoCH,4h,5m,0.25,월,,,,,,,,,,24290.0,0.2926376441171541
BNB,스윕+CHoCH,4h,5m,0.25,월,,,,,,,,,,24291.0,-0.04177616080136693
BNB,스윕+CHoCH,4h,5m,0.25,월,,,,,,,,,,24292.0,0.2070463582989197
BNB,스윕+CHoCH,4h,5m,0.25,월,,,,,,,,,,24293.0,0.2302061177326474
BNB,스윕+CHoCH,4h,5m,0.25,월,,,,,,,,,,24294.0,-0.23587300456542484
BNB,스윕+CHoCH,4h,5m,0.25,월,,,,,,,,,,24295.0,-0.1538062979660638
BNB,스윕+CHoCH,4h,5m,0.25,월,,,,,,,,,,24296.0,-0.06298543332121116
BNB,스윕+CHoCH,4h,5m,0.25,월,,,,,,,,,,24297.0,-0.13277936995582743
BNB,스윕+CHoCH,4h,5m,0.25,월,,,,,,,,,,24298.0,-0.043227472543335276
BNB,스윕+CHoCH,4h,5m,0.25,월,,,,,,,,,,24299.0,-0.2775727020589386
BNB,스윕+CHoCH,4h,5m,0.25,월,,,,,,,,,,24300.0,-0.4538703976959731
BNB,스윕+CHoCH,4h,5m,0.25,월,,,,,,,,,,24301.0,-0.2704989889434873
BNB,스윕+CHoCH,4h,5m,0.25,월,,,,,,,,,,24302.0,0.3413299379132034
BNB,스윕+CHoCH,4h,5m,0.25,월,,,,,,,,,,24303.0,-0.12170020338007426
BNB,스윕+CHoCH,4h,5m,0.25,월,,,,,,,,,,24304.0,-0.37844283778746896
BNB,스윕+CHoCH,4h,5m,0.25,월,,,,,,,,,,24305.0,-0.40344210428465854
BNB,스윕+CHoCH,4h,5m,0.25,월,,,,,,,,,,24306.0,0.2650210049278799
BNB,스윕+CHoCH,4h,5m,0.25,월,,,,,,,,,,24307.0,-0.7340631748825104
BNB,스윕+CHoCH,4h,5m,0.25,월,,,,,,,,,,24308.0,0.16778058171571314
BNB,스윕+CHoCH,4h,5m,0.25,월,,,,,,,,,,24309.0,-0.27599658304577024
BNB,스윕+CHoCH,4h,5m,0.25,월,,,,,,,,,,24310.0,-0.3428308330716068
BNB,스윕+CHoCH,4h,5m,0.25,월,,,,,,,,,,24311.0,-0.5000935280444524
BNB,스윕+CHoCH,4h,5m,0.25,월,,,,,,,,,,24312.0,-0.025879930101192977
BNB,스윕+CHoCH,4h,5m,0.25,월,,,,,,,,,,24313.0,0.13472546504374935
BNB,스윕+CHoCH,4h,5m,0.25,월,,,,,,,,,,24314.0,-0.1114857512570074
BNB,스윕+CHoCH,4h,5m,0.25,월,,,,,,,,,,24315.0,-0.5660276471479084
BNB,스윕+CHoCH,4h,5m,0.25,월,,,,,,,,,,24316.0,0.1551581123049602
BNB,스윕+CHoCH,4h,5m,0.25,월,,,,,,,,,,24317.0,-0.12264061116362211
BNB,스윕+CHoCH,4h,5m,0.25,월,,,,,,,,,,24318.0,0.05170097486423551
BNB,스윕+CHoCH,4h,15m,0.0,전체,747.0,0.9907161803713528,121.10383164582139,-0.0428380187416332,0.06575083612483155,-0.10858885486646477,0.020080321285140562,0.31459170013386883,0.013386880856760375,,
BNB,스윕+CHoCH,4h,15m,0.0,홀드아웃 전,494.0,0.9907161803713528,121.68873009918374,0.018218623481781375,0.06511449778713715,-0.046895874305355786,,0.3340080971659919,0.016194331983805668,,
BNB,스윕+CHoCH,4h,15m,0.0,홀드아웃 12개월,253.0,0.9907161803713528,120.24353120243497,-0.16205533596837945,0.06699333074467752,-0.22904866671305696,,0.2766798418972332,0.007905138339920948,,
BNB,스윕+CHoCH,4h,15m,0.0,월,,,,,,,,,,24281.0,0.21366270772784252
BNB,스윕+CHoCH,4h,15m,0.0,월,,,,,,,,,,24282.0,-0.11913844589622463
BNB,스윕+CHoCH,4h,15m,0.0,월,,,,,,,,,,24283.0,-0.14494644168597764
BNB,스윕+CHoCH,4h,15m,0.0,월,,,,,,,,,,24284.0,-0.1471470520667796
BNB,스윕+CHoCH,4h,15m,0.0,월,,,,,,,,,,24285.0,0.16531541353607931
BNB,스윕+CHoCH,4h,15m,0.0,월,,,,,,,,,,24286.0,-0.17631067659088304
BNB,스윕+CHoCH,4h,15m,0.0,월,,,,,,,,,,24287.0,0.3634412507481183
BNB,스윕+CHoCH,4h,15m,0.0,월,,,,,,,,,,24288.0,0.23091092157609727
BNB,스윕+CHoCH,4h,15m,0.0,월,,,,,,,,,,24289.0,-0.3038466617253144
BNB,스윕+CHoCH,4h,15m,0.0,월,,,,,,,,,,24290.0,0.0048705716786348685
BNB,스윕+CHoCH,4h,15m,0.0,월,,,,,,,,,,24291.0,-0.4313712029800505
BNB,스윕+CHoCH,4h,15m,0.0,월,,,,,,,,,,24292.0,0.4680464202929401
BNB,스윕+CHoCH,4h,15m,0.0,월,,,,,,,,,,24293.0,-0.20891939983648014
BNB,스윕+CHoCH,4h,15m,0.0,월,,,,,,,,,,24294.0,0.09066510355369975
BNB,스윕+CHoCH,4h,15m,0.0,월,,,,,,,,,,24295.0,0.13490171073113938
BNB,스윕+CHoCH,4h,15m,0.0,월,,,,,,,,,,24296.0,0.5970182792935744
BNB,스윕+CHoCH,4h,15m,0.0,월,,,,,,,,,,24297.0,0.10173045106560347
BNB,스윕+CHoCH,4h,15m,0.0,월,,,,,,,,,,24298.0,-0.019923767338535552
BNB,스윕+CHoCH,4h,15m,0.0,월,,,,,,,,,,24299.0,-0.489090731197739
BNB,스윕+CHoCH,4h,15m,0.0,월,,,,,,,,,,24300.0,-0.3943298375171056
BNB,스윕+CHoCH,4h,15m,0.0,월,,,,,,,,,,24301.0,-0.2866717622623474
BNB,스윕+CHoCH,4h,15m,0.0,월,,,,,,,,,,24302.0,0.26624957004726085
BNB,스윕+CHoCH,4h,15m,0.0,월,,,,,,,,,,24303.0,-0.24015246494898584
BNB,스윕+CHoCH,4h,15m,0.0,월,,,,,,,,,,24304.0,-0.3513908072739162
BNB,스윕+CHoCH,4h,15m,0.0,월,,,,,,,,,,24305.0,-0.07257927961705901
BNB,스윕+CHoCH,4h,15m,0.0,월,,,,,,,,,,24306.0,0.07837463962635557
BNB,스윕+CHoCH,4h,15m,0.0,월,,,,,,,,,,24307.0,-0.27201084747876175
BNB,스윕+CHoCH,4h,15m,0.0,월,,,,,,,,,,24308.0,0.09134983474010673
BNB,스윕+CHoCH,4h,15m,0.0,월,,,,,,,,,,24309.0,-0.39677785233339563
BNB,스윕+CHoCH,4h,15m,0.0,월,,,,,,,,,,24310.0,-0.6354329330428947
BNB,스윕+CHoCH,4h,15m,0.0,월,,,,,,,,,,24311.0,0.3116919969590604
BNB,스윕+CHoCH,4h,15m,0.0,월,,,,,,,,,,24312.0,-0.4294796131929438
BNB,스윕+CHoCH,4h,15m,0.0,월,,,,,,,,,,24313.0,-0.07732067634093535
BNB,스윕+CHoCH,4h,15m,0.0,월,,,,,,,,,,24314.0,-0.05028111900978041
BNB,스윕+CHoCH,4h,15m,0.0,월,,,,,,,,,,24315.0,-0.5266540222882251
BNB,스윕+CHoCH,4h,15m,0.0,월,,,,,,,,,,24316.0,-0.45629067736773726
BNB,스윕+CHoCH,4h,15m,0.0,월,,,,,,,,,,24317.0,0.1433590501027668
BNB,스윕+CHoCH,4h,15m,0.0,월,,,,,,,,,,24318.0,-0.3607928635918762
BNB,스윕+CHoCH,4h,15m,0.25,전체,747.0,0.9907161803713528,126.7321117065261,-0.049531459170013385,0.0630129185839407,-0.1125443777539541,0.009705488621151273,0.3119143239625167,0.014725568942436412,,
BNB,스윕+CHoCH,4h,15m,0.25,홀드아웃 전,494.0,0.9907161803713528,126.3278875802039,0.020242914979757085,0.062337103967319035,-0.04209418898756193,,0.3340080971659919,0.018218623481781375,,
BNB,스윕+CHoCH,4h,15m,0.25,홀드아웃 12개월,253.0,0.9907161803713528,126.7321117065261,-0.1857707509881423,0.06433249336896482,-0.2501032443571071,,0.26877470355731226,0.007905138339920948,,
BNB,스윕+CHoCH,4h,15m,0.25,월,,,,,,,,,,24281.0,0.2184549720197589
BNB,스윕+CHoCH,4h,15m,0.25,월,,,,,,,,,,24282.0,-0.11697083326954559
BNB,스윕+CHoCH,4h,15m,0.25,월,,,,,,,,,,24283.0,-0.14049427908265316
BNB,스윕+CHoCH,4h,15m,0.25,월,,,,,,,,,,24284.0,-0.14316734724470673
BNB,스윕+CHoCH,4h,15m,0.25,월,,,,,,,,,,24285.0,0.16890031735926883
BNB,스윕+CHoCH,4h,15m,0.25,월,,,,,,,,,,24286.0,-0.17219553532960583
BNB,스윕+CHoCH,4h,15m,0.25,월,,,,,,,,,,24287.0,0.3648678790684318
BNB,스윕+CHoCH,4h,15m,0.25,월,,,,,,,,,,24288.0,0.08939310586287387
BNB,스윕+CHoCH,4h,15m,0.25,월,,,,,,,,,,24289.0,-0.30131284438248246
BNB,스윕+CHoCH,4h,15m,0.25,월,,,,,,,,,,24290.0,0.00746891613396388
BNB,스윕+CHoCH,4h,15m,0.25,월,,,,,,,,,,24291.0,-0.2795988024279677
BNB,스윕+CHoCH,4h,15m,0.25,월,,,,,,,,,,24292.0,0.46909823356692243
BNB,스윕+CHoCH,4h,15m,0.25,월,,,,,,,,,,24293.0,-0.38603905397550076
BNB,스윕+CHoCH,4h,15m,0.25,월,,,,,,,,,,24294.0,-0.13990566729369616
BNB,스윕+CHoCH,4h,15m,0.25,월,,,,,,,,,,24295.0,-0.008792683157899536
BNB,스윕+CHoCH,4h,15m,0.25,월,,,,,,,,,,24296.0,0.5987766937634018
BNB,스윕+CHoCH,4h,15m,0.25,월,,,,,,,,,,24297.0,0.10502964259530573
BNB,스윕+CHoCH,4h,15m,0.25,월,,,,,,,,,,24298.0,-0.017558329297258334
BNB,스윕+CHoCH,4h,15m,0.25,월,,,,,,,,,,24299.0,-0.4877111012157401
BNB,스윕+CHoCH,4h,15m,0.25,월,,,,,,,,,,24300.0,-0.39237087611949056
BNB,스윕+CHoCH,4h,15m,0.25,월,,,,,,,,,,24301.0,-0.15130829817976418
BNB,스윕+CHoCH,4h,15m,0.25,월,,,,,,,,,,24302.0,0.26826277606103444
BNB,스윕+CHoCH,4h,15m,0.25,월,,,,,,,,,,24303.0,-0.23861694872531514
BNB,스윕+CHoCH,4h,15m,0.25,월,,,,,,,,,,24304.0,-0.2186036480343405
BNB,스윕+CHoCH,4h,15m,0.25,월,,,,,,,,,,24305.0,-0.06986913738588736
BNB,스윕+CHoCH,4h,15m,0.25,월,,,,,,,,,,24306.0,0.0011442734967057183
BNB,스윕+CHoCH,4h,15m,0.25,월,,,,,,,,,,24307.0,0.012590415857452696
BNB,스윕+CHoCH,4h,15m,0.25,월,,,,,,,,,,24308.0,-0.021889031491089415
BNB,스윕+CHoCH,4h,15m,0.25,월,,,,,,,,,,24309.0,-0.3945219941576682
BNB,스윕+CHoCH,4h,15m,0.25,월,,,,,,,,,,24310.0,-0.6335167399960171
BNB,스윕+CHoCH,4h,15m,0.25,월,,,,,,,,,,24311.0,0.3142741482331501
BNB,스윕+CHoCH,4h,15m,0.25,월,,,,,,,,,,24312.0,-0.42686550749104724
BNB,스윕+CHoCH,4h,15m,0.25,월,,,,,,,,,,24313.0,-0.07436153422459184
BNB,스윕+CHoCH,4h,15m,0.25,월,,,,,,,,,,24314.0,-0.04785648264282471
BNB,스윕+CHoCH,4h,15m,0.25,월,,,,,,,,,,24315.0,-0.5237224936075685
BNB,스윕+CHoCH,4h,15m,0.25,월,,,,,,,,,,24316.0,-0.4520508073520059
BNB,스윕+CHoCH,4h,15m,0.25,월,,,,,,,,,,24317.0,0.014205460105878927
BNB,스윕+CHoCH,4h,15m,0.25,월,,,,,,,,,,24318.0,-0.3571345001292846
BNB,스윕+CHoCH,4h,1h,0.0,전체,435.0,0.9931506849315068,234.79936919572415,0.011494252873563218,0.03233307736260871,-0.020838824489045487,-0.041379310344827586,0.3057471264367816,0.09425287356321839,,
BNB,스윕+CHoCH,4h,1h,0.0,홀드아웃 전,287.0,0.9931506849315068,237.49066467513035,-0.03832752613240418,0.032563779048058066,-0.07089130518046223,,0.28222996515679444,0.11498257839721254,,
BNB,스윕+CHoCH,4h,1h,0.0,홀드아웃 12개월,148.0,0.9931506849315068,229.68853616023347,0.10810810810810811,0.03188570314825759,0.0762224049598505,,0.35135135135135137,0.05405405405405406,,
BNB,스윕+CHoCH,4h,1h,0.0,월,,,,,,,,,,24281.0,1.2008861307707548
BNB,스윕+CHoCH,4h,1h,0.0,월,,,,,,,,,,24282.0,0.3854590952329255
BNB,스윕+CHoCH,4h,1h,0.0,월,,,,,,,,,,24283.0,-0.4644215901113365
BNB,스윕+CHoCH,4h,1h,0.0,월,,,,,,,,,,24284.0,-0.13957088493846204
BNB,스윕+CHoCH,4h,1h,0.0,월,,,,,,,,,,24285.0,-0.035245239630960656
BNB,스윕+CHoCH,4h,1h,0.0,월,,,,,,,,,,24286.0,-0.5511080684334327
BNB,스윕+CHoCH,4h,1h,0.0,월,,,,,,,,,,24287.0,-0.2456000862808939
BNB,스윕+CHoCH,4h,1h,0.0,월,,,,,,,,,,24288.0,0.13928450526744482
BNB,스윕+CHoCH,4h,1h,0.0,월,,,,,,,,,,24289.0,-0.690775369591027
BNB,스윕+CHoCH,4h,1h,0.0,월,,,,,,,,,,24290.0,0.4622076665458292
BNB,스윕+CHoCH,4h,1h,0.0,월,,,,,,,,,,24291.0,-0.3529963187324882
BNB,스윕+CHoCH,4h,1h,0.0,월,,,,,,,,,,24292.0,0.3643487165586652
BNB,스윕+CHoCH,4h,1h,0.0,월,,,,,,,,,,24293.0,-0.6209321807164904
BNB,스윕+CHoCH,4h,1h,0.0,월,,,,,,,,,,24294.0,-0.13424102588150932
BNB,스윕+CHoCH,4h,1h,0.0,월,,,,,,,,,,24295.0,-0.22748101171612553
BNB,스윕+CHoCH,4h,1h,0.0,월,,,,,,,,,,24296.0,0.058530126013864654
BNB,스윕+CHoCH,4h,1h,0.0,월,,,,,,,,,,24297.0,-0.15310658889415865
BNB,스윕+CHoCH,4h,1h,0.0,월,,,,,,,,,,24298.0,-0.10199826460807193
BNB,스윕+CHoCH,4h,1h,0.0,월,,,,,,,,,,24299.0,-0.17464695178148967
BNB,스윕+CHoCH,4h,1h,0.0,월,,,,,,,,,,24300.0,-0.13002713859827006
BNB,스윕+CHoCH,4h,1h,0.0,월,,,,,,,,,,24301.0,-0.030669190940108317
BNB,스윕+CHoCH,4h,1h,0.0,월,,,,,,,,,,24302.0,0.47874413198992616
BNB,스윕+CHoCH,4h,1h,0.0,월,,,,,,,,,,24303.0,0.055930214028496565
BNB,스윕+CHoCH,4h,1h,0.0,월,,,,,,,,,,24304.0,0.2690197955179957
BNB,스윕+CHoCH,4h,1h,0.0,월,,,,,,,,,,24305.0,-0.20600389310589476
BNB,스윕+CHoCH,4h,1h,0.0,월,,,,,,,,,,24306.0,0.11909665948103865
BNB,스윕+CHoCH,4h,1h,0.0,월,,,,,,,,,,24307.0,0.445741017717246
BNB,스윕+CHoCH,4h,1h,0.0,월,,,,,,,,,,24308.0,0.059358223067258645
BNB,스윕+CHoCH,4h,1h,0.0,월,,,,,,,,,,24309.0,0.42045096695851186
BNB,스윕+CHoCH,4h,1h,0.0,월,,,,,,,,,,24310.0,0.17009454330538515
BNB,스윕+CHoCH,4h,1h,0.0,월,,,,,,,,,,24311.0,0.2609334174091694
BNB,스윕+CHoCH,4h,1h,0.0,월,,,,,,,,,,24312.0,-0.20967589389129973
BNB,스윕+CHoCH,4h,1h,0.0,월,,,,,,,,,,24313.0,0.4666651944816
BNB,스윕+CHoCH,4h,1h,0.0,월,,,,,,,,,,24314.0,-0.14505900598426286
BNB,스윕+CHoCH,4h,1h,0.0,월,,,,,,,,,,24315.0,0.0419224393759179
BNB,스윕+CHoCH,4h,1h,0.0,월,,,,,,,,,,24316.0,-0.2704926316382904
BNB,스윕+CHoCH,4h,1h,0.0,월,,,,,,,,,,24317.0,-0.28717553216157254
BNB,스윕+CHoCH,4h,1h,0.0,월,,,,,,,,,,24318.0,0.4577474885672457
BNB,스윕+CHoCH,4h,1h,0.25,전체,435.0,0.9931506849315068,240.1989305333828,0.004597701149425287,0.03172521173685386,-0.027127510587428585,-0.04080459770114942,0.30114942528735633,0.10114942528735632,,
BNB,스윕+CHoCH,4h,1h,0.25,홀드아웃 전,287.0,0.9931506849315068,245.75882170092095,-0.04878048780487805,0.03199850543724632,-0.08077899324212437,,0.27526132404181186,0.1254355400696864,,
BNB,스윕+CHoCH,4h,1h,0.25,홀드아웃 12개월,148.0,0.9931506849315068,233.8114132713598,0.10810810810810811,0.0311952435475793,0.07691286456052882,,0.35135135135135137,0.05405405405405406,,
BNB,스윕+CHoCH,4h,1h,0.25,월,,,,,,,,,,24281.0,1.201927025745732
BNB,스윕+CHoCH,4h,1h,0.25,월,,,,,,,,,,24282.0,0.3865575388239149
BNB,스윕+CHoCH,4h,1h,0.25,월,,,,,,,,,,24283.0,-0.46327381471351387
BNB,스윕+CHoCH,4h,1h,0.25,월,,,,,,,,,,24284.0,-0.13883975861147851
BNB,스윕+CHoCH,4h,1h,0.25,월,,,,,,,,,,24285.0,-0.034686947218321995
BNB,스윕+CHoCH,4h,1h,0.25,월,,,,,,,,,,24286.0,-0.5501291260178616
BNB,스윕+CHoCH,4h,1h,0.25,월,,,,,,,,,,24287.0,-0.24499485998382553
BNB,스윕+CHoCH,4h,1h,0.25,월,,,,,,,,,,24288.0,0.13983404429792864
BNB,스윕+CHoCH,4h,1h,0.25,월,,,,,,,,,,24289.0,-0.6236785675240767
BNB,스윕+CHoCH,4h,1h,0.25,월,,,,,,,,,,24290.0,0.4630705593553654
BNB,스윕+CHoCH,4h,1h,0.25,월,,,,,,,,,,24291.0,-0.35262943093708826
BNB,스윕+CHoCH,4h,1h,0.25,월,,,,,,,,,,24292.0,0.364754321788296
BNB,스윕+CHoCH,4h,1h,0.25,월,,,,,,,,,,24293.0,-0.6198515890823624
BNB,스윕+CHoCH,4h,1h,0.25,월,,,,,,,,,,24294.0,-0.13359702033967633
BNB,스윕+CHoCH,4h,1h,0.25,월,,,,,,,,,,24295.0,-0.22697188978529192
BNB,스윕+CHoCH,4h,1h,0.25,월,,,,,,,,,,24296.0,0.05912476242727108
BNB,스윕+CHoCH,4h,1h,0.25,월,,,,,,,,,,24297.0,-0.15258969030765018
BNB,스윕+CHoCH,4h,1h,0.25,월,,,,,,,,,,24298.0,-0.10115387311408583
BNB,스윕+CHoCH,4h,1h,0.25,월,,,,,,,,,,24299.0,-0.17419705014986414
BNB,스윕+CHoCH,4h,1h,0.25,월,,,,,,,,,,24300.0,-0.2356190955022237
BNB,스윕+CHoCH,4h,1h,0.25,월,,,,,,,,,,24301.0,-0.030045129480885002
BNB,스윕+CHoCH,4h,1h,0.25,월,,,,,,,,,,24302.0,0.4792226368377489
BNB,스윕+CHoCH,4h,1h,0.25,월,,,,,,,,,,24303.0,0.05634582843896658
BNB,스윕+CHoCH,4h,1h,0.25,월,,,,,,,,,,24304.0,0.2698195105470925
BNB,스윕+CHoCH,4h,1h,0.25,월,,,,,,,,,,24305.0,-0.372980722694282
BNB,스윕+CHoCH,4h,1h,0.25,월,,,,,,,,,,24306.0,0.11974354836751588
BNB,스윕+CHoCH,4h,1h,0.25,월,,,,,,,,,,24307.0,0.4470630147414648
BNB,스윕+CHoCH,4h,1h,0.25,월,,,,,,,,,,24308.0,0.0600424825358877
BNB,스윕+CHoCH,4h,1h,0.25,월,,,,,,,,,,24309.0,0.4209089100587695
BNB,스윕+CHoCH,4h,1h,0.25,월,,,,,,,,,,24310.0,0.17043732152302682
BNB,스윕+CHoCH,4h,1h,0.25,월,,,,,,,,,,24311.0,0.2615078547669207
BNB,스윕+CHoCH,4h,1h,0.25,월,,,,,,,,,,24312.0,-0.20908218601502448
BNB,스윕+CHoCH,4h,1h,0.25,월,,,,,,,,,,24313.0,0.4673218320393563
BNB,스윕+CHoCH,4h,1h,0.25,월,,,,,,,,,,24314.0,-0.32171694531704076
BNB,스윕+CHoCH,4h,1h,0.25,월,,,,,,,,,,24315.0,0.04250303216987174
BNB,스윕+CHoCH,4h,1h,0.25,월,,,,,,,,,,24316.0,-0.037551563504770735
BNB,스윕+CHoCH,4h,1h,0.25,월,,,,,,,,,,24317.0,-0.2865091084509515
BNB,스윕+CHoCH,4h,1h,0.25,월,,,,,,,,,,24318.0,0.45880260639395704
BTC,순수CHoCH,—,5m,0.0,전체,19817.0,0.9970315958945462,113.08527910522227,-0.006509562496846142,0.07489250117894752,-0.08140206367579367,-0.011013271433617602,0.3219458041075844,0.027653025180400664,,
BTC,순수CHoCH,—,5m,0.0,홀드아웃 전,16204.0,0.9970315958945462,117.29590249930635,-0.017773389286595904,0.07181575015924414,-0.08958913944584004,,0.3176376203406566,0.029313749691434215,,
BTC,순수CHoCH,—,5m,0.0,홀드아웃 12개월,3613.0,0.9970315958945462,93.253930434419,0.04400774979241628,0.08869146977105209,-0.044683719978635815,,0.34126764461666204,0.020204815942430114,,
BTC,순수CHoCH,—,5m,0.0,월,,,,,,,,,,24256.0,-0.07985198393474541
BTC,순수CHoCH,—,5m,0.0,월,,,,,,,,,,24257.0,-0.18619168842570857
BTC,순수CHoCH,—,5m,0.0,월,,,,,,,,,,24258.0,-0.08238833851461472
BTC,순수CHoCH,—,5m,0.0,월,,,,,,,,,,24259.0,-0.15933118644326236
BTC,순수CHoCH,—,5m,0.0,월,,,,,,,,,,24260.0,-0.31893898147058547
BTC,순수CHoCH,—,5m,0.0,월,,,,,,,,,,24261.0,-0.15440473403820548
BTC,순수CHoCH,—,5m,0.0,월,,,,,,,,,,24262.0,-0.04515195424469497
BTC,순수CHoCH,—,5m,0.0,월,,,,,,,,,,24263.0,-0.16437657166298814
BTC,순수CHoCH,—,5m,0.0,월,,,,,,,,,,24264.0,-0.14488051205950547
BTC,순수CHoCH,—,5m,0.0,월,,,,,,,,,,24265.0,-0.22149357058465655
BTC,순수CHoCH,—,5m,0.0,월,,,,,,,,,,24266.0,-0.054262219886764836
BTC,순수CHoCH,—,5m,0.0,월,,,,,,,,,,24267.0,-0.04472276767195013
BTC,순수CHoCH,—,5m,0.0,월,,,,,,,,,,24268.0,-0.09837559657107803
BTC,순수CHoCH,—,5m,0.0,월,,,,,,,,,,24269.0,-0.030490070781189142
BTC,순수CHoCH,—,5m,0.0,월,,,,,,,,,,24270.0,0.11099027959052762
BTC,순수CHoCH,—,5m,0.0,월,,,,,,,,,,24271.0,-0.043578518884134596
BTC,순수CHoCH,—,5m,0.0,월,,,,,,,,,,24272.0,-0.1486058436178489
BTC,순수CHoCH,—,5m,0.0,월,,,,,,,,,,24273.0,-0.11705351938175647
BTC,순수CHoCH,—,5m,0.0,월,,,,,,,,,,24274.0,-0.02923919911848005
BTC,순수CHoCH,—,5m,0.0,월,,,,,,,,,,24275.0,0.005709720971864972
BTC,순수CHoCH,—,5m,0.0,월,,,,,,,,,,24276.0,-0.31607460347713895
BTC,순수CHoCH,—,5m,0.0,월,,,,,,,,,,24277.0,-0.01672266186321706
BTC,순수CHoCH,—,5m,0.0,월,,,,,,,,,,24278.0,-0.10899416830681491
BTC,순수CHoCH,—,5m,0.0,월,,,,,,,,,,24279.0,0.04986943098565478
BTC,순수CHoCH,—,5m,0.0,월,,,,,,,,,,24280.0,-0.09336184772482854
BTC,순수CHoCH,—,5m,0.0,월,,,,,,,,,,24281.0,-0.09903173809875837
BTC,순수CHoCH,—,5m,0.0,월,,,,,,,,,,24282.0,-0.32266087590154563
BTC,순수CHoCH,—,5m,0.0,월,,,,,,,,,,24283.0,-0.12171592679648872
BTC,순수CHoCH,—,5m,0.0,월,,,,,,,,,,24284.0,-0.1882482798544028
BTC,순수CHoCH,—,5m,0.0,월,,,,,,,,,,24285.0,-0.08532068465566654
BTC,순수CHoCH,—,5m,0.0,월,,,,,,,,,,24286.0,0.032616229669315225
BTC,순수CHoCH,—,5m,0.0,월,,,,,,,,,,24287.0,-0.028385186614746115
BTC,순수CHoCH,—,5m,0.0,월,,,,,,,,,,24288.0,-0.008730778375512506
BTC,순수CHoCH,—,5m,0.0,월,,,,,,,,,,24289.0,-0.055338557449935065
BTC,순수CHoCH,—,5m,0.0,월,,,,,,,,,,24290.0,-0.07070351861519467
BTC,순수CHoCH,—,5m,0.0,월,,,,,,,,,,24291.0,-0.05981630552442437
BTC,순수CHoCH,—,5m,0.0,월,,,,,,,,,,24292.0,-0.17175560173098206
BTC,순수CHoCH,—,5m,0.0,월,,,,,,,,,,24293.0,-0.055514620303245735
BTC,순수CHoCH,—,5m,0.0,월,,,,,,,,,,24294.0,-0.2402449689756114
BTC,순수CHoCH,—,5m,0.0,월,,,,,,,,,,24295.0,0.027253540318559755
BTC,순수CHoCH,—,5m,0.0,월,,,,,,,,,,24296.0,0.05675363232111007
BTC,순수CHoCH,—,5m,0.0,월,,,,,,,,,,24297.0,-0.14464351531872008
BTC,순수CHoCH,—,5m,0.0,월,,,,,,,,,,24298.0,-0.09305786997604322
BTC,순수CHoCH,—,5m,0.0,월,,,,,,,,,,24299.0,0.10928780793907776
BTC,순수CHoCH,—,5m,0.0,월,,,,,,,,,,24300.0,-0.05916572107386016
BTC,순수CHoCH,—,5m,0.0,월,,,,,,,,,,24301.0,-0.06616345418355778
BTC,순수CHoCH,—,5m,0.0,월,,,,,,,,,,24302.0,-0.028754843141235074
BTC,순수CHoCH,—,5m,0.0,월,,,,,,,,,,24303.0,-0.04680499526836619
BTC,순수CHoCH,—,5m,0.0,월,,,,,,,,,,24304.0,-0.06423066057137021
BTC,순수CHoCH,—,5m,0.0,월,,,,,,,,,,24305.0,-0.08264337333706062
BTC,순수CHoCH,—,5m,0.0,월,,,,,,,,,,24306.0,-0.08472963506850617
BTC,순수CHoCH,—,5m,0.0,월,,,,,,,,,,24307.0,-0.21980830699297538
BTC,순수CHoCH,—,5m,0.0,월,,,,,,,,,,24308.0,-0.09751026938225194
BTC,순수CHoCH,—,5m,0.0,월,,,,,,,,,,24309.0,-0.0473781749563056
BTC,순수CHoCH,—,5m,0.0,월,,,,,,,,,,24310.0,-0.03075504755570097
BTC,순수CHoCH,—,5m,0.0,월,,,,,,,,,,24311.0,-0.08243538431256306
BTC,순수CHoCH,—,5m,0.0,월,,,,,,,,,,24312.0,-0.011673076409584744
BTC,순수CHoCH,—,5m,0.0,월,,,,,,,,,,24313.0,0.002870569916410128
BTC,순수CHoCH,—,5m,0.0,월,,,,,,,,,,24314.0,-0.09616785844049815
BTC,순수CHoCH,—,5m,0.0,월,,,,,,,,,,24315.0,0.0702163365646594
BTC,순수CHoCH,—,5m,0.0,월,,,,,,,,,,24316.0,-0.15769070469712906
BTC,순수CHoCH,—,5m,0.0,월,,,,,,,,,,24317.0,0.013497013879789646
BTC,순수CHoCH,—,5m,0.0,월,,,,,,,,,,24318.0,0.08487465932532283
BTC,순수CHoCH,—,15m,0.0,전체,6654.0,0.9961077844311377,128.83016689586196,0.004207995190862639,0.06561624407705044,-0.06140824888618781,-0.013488127442140067,0.32626991283438533,0.025398256687706643,,
BTC,순수CHoCH,—,15m,0.0,홀드아웃 전,5417.0,0.9961077844311377,135.3349687316452,0.0018460402436773122,0.06235675106291615,-0.060510710819238846,,0.3252722909359424,0.0260291674358501,,
BTC,순수CHoCH,—,15m,0.0,홀드아웃 12개월,1237.0,0.9961077844311377,102.1791888251834,0.014551333872271624,0.07989003038066031,-0.0653386965083887,,0.33063864187550523,0.02263540824575586,,
BTC,순수CHoCH,—,15m,0.0,월,,,,,,,,,,24256.0,-0.00982945481966952
BTC,순수CHoCH,—,15m,0.0,월,,,,,,,,,,24257.0,-0.008788497447942068
BTC,순수CHoCH,—,15m,0.0,월,,,,,,,,,,24258.0,0.047314171190695774
BTC,순수CHoCH,—,15m,0.0,월,,,,,,,,,,24259.0,-0.15061215589289856
BTC,순수CHoCH,—,15m,0.0,월,,,,,,,,,,24260.0,-0.36008260998425223
BTC,순수CHoCH,—,15m,0.0,월,,,,,,,,,,24261.0,-0.14138692822333615
BTC,순수CHoCH,—,15m,0.0,월,,,,,,,,,,24262.0,0.05663500341832326
BTC,순수CHoCH,—,15m,0.0,월,,,,,,,,,,24263.0,-0.10090983230678735
BTC,순수CHoCH,—,15m,0.0,월,,,,,,,,,,24264.0,-0.31592399345879296
BTC,순수CHoCH,—,15m,0.0,월,,,,,,,,,,24265.0,-0.24789600456025493
BTC,순수CHoCH,—,15m,0.0,월,,,,,,,,,,24266.0,-0.08431018821925944
BTC,순수CHoCH,—,15m,0.0,월,,,,,,,,,,24267.0,0.14302305626340123
BTC,순수CHoCH,—,15m,0.0,월,,,,,,,,,,24268.0,0.010414594063459964
BTC,순수CHoCH,—,15m,0.0,월,,,,,,,,,,24269.0,0.05419805085498868
BTC,순수CHoCH,—,15m,0.0,월,,,,,,,,,,24270.0,0.18727512249849768
BTC,순수CHoCH,—,15m,0.0,월,,,,,,,,,,24271.0,-0.13433215028518625
BTC,순수CHoCH,—,15m,0.0,월,,,,,,,,,,24272.0,-0.2184234289379411
BTC,순수CHoCH,—,15m,0.0,월,,,,,,,,,,24273.0,-0.12155202065108202
BTC,순수CHoCH,—,15m,0.0,월,,,,,,,,,,24274.0,0.023929698671179687
BTC,순수CHoCH,—,15m,0.0,월,,,,,,,,,,24275.0,0.09199237305485405
BTC,순수CHoCH,—,15m,0.0,월,,,,,,,,,,24276.0,-0.24074995614052777
BTC,순수CHoCH,—,15m,0.0,월,,,,,,,,,,24277.0,-0.02948901273196523
BTC,순수CHoCH,—,15m,0.0,월,,,,,,,,,,24278.0,-0.25903036356272774
BTC,순수CHoCH,—,15m,0.0,월,,,,,,,,,,24279.0,-0.08771036960368198
BTC,순수CHoCH,—,15m,0.0,월,,,,,,,,,,24280.0,-0.0402448231384336
BTC,순수CHoCH,—,15m,0.0,월,,,,,,,,,,24281.0,-0.08925396991820682
BTC,순수CHoCH,—,15m,0.0,월,,,,,,,,,,24282.0,-0.31024118869614825
BTC,순수CHoCH,—,15m,0.0,월,,,,,,,,,,24283.0,0.03012789786671144
BTC,순수CHoCH,—,15m,0.0,월,,,,,,,,,,24284.0,-0.12575709301891147
BTC,순수CHoCH,—,15m,0.0,월,,,,,,,,,,24285.0,-0.10430793098162144
BTC,순수CHoCH,—,15m,0.0,월,,,,,,,,,,24286.0,0.012978136858837587
BTC,순수CHoCH,—,15m,0.0,월,,,,,,,,,,24287.0,-0.08741391768163347
BTC,순수CHoCH,—,15m,0.0,월,,,,,,,,,,24288.0,0.00693784438732322
BTC,순수CHoCH,—,15m,0.0,월,,,,,,,,,,24289.0,0.03952404203115707
BTC,순수CHoCH,—,15m,0.0,월,,,,,,,,,,24290.0,0.0864915266902357
BTC,순수CHoCH,—,15m,0.0,월,,,,,,,,,,24291.0,-0.041518970288061785
BTC,순수CHoCH,—,15m,0.0,월,,,,,,,,,,24292.0,0.08573409314641536
BTC,순수CHoCH,—,15m,0.0,월,,,,,,,,,,24293.0,-0.10278088959639611
BTC,순수CHoCH,—,15m,0.0,월,,,,,,,,,,24294.0,-0.28098194403736243
BTC,순수CHoCH,—,15m,0.0,월,,,,,,,,,,24295.0,0.11711624071047146
BTC,순수CHoCH,—,15m,0.0,월,,,,,,,,,,24296.0,0.004537990903586865
BTC,순수CHoCH,—,15m,0.0,월,,,,,,,,,,24297.0,-0.0601124920572992
BTC,순수CHoCH,—,15m,0.0,월,,,,,,,,,,24298.0,0.08467387424149875
BTC,순수CHoCH,—,15m,0.0,월,,,,,,,,,,24299.0,0.2147166323328628
BTC,순수CHoCH,—,15m,0.0,월,,,,,,,,,,24300.0,-0.011335197840607736
BTC,순수CHoCH,—,15m,0.0,월,,,,,,,,,,24301.0,-0.21443982431107234
BTC,순수CHoCH,—,15m,0.0,월,,,,,,,,,,24302.0,-0.036108161415739616
BTC,순수CHoCH,—,15m,0.0,월,,,,,,,,,,24303.0,0.10414051858273934
BTC,순수CHoCH,—,15m,0.0,월,,,,,,,,,,24304.0,-0.0490024461656847
BTC,순수CHoCH,—,15m,0.0,월,,,,,,,,,,24305.0,-0.14779981236238027
BTC,순수CHoCH,—,15m,0.0,월,,,,,,,,,,24306.0,-0.10005127286183069
BTC,순수CHoCH,—,15m,0.0,월,,,,,,,,,,24307.0,-0.2901320535059321
BTC,순수CHoCH,—,15m,0.0,월,,,,,,,,,,24308.0,-0.07793131329424713
BTC,순수CHoCH,—,15m,0.0,월,,,,,,,,,,24309.0,-0.15284541503484933
BTC,순수CHoCH,—,15m,0.0,월,,,,,,,,,,24310.0,0.009785607238707967
BTC,순수CHoCH,—,15m,0.0,월,,,,,,,,,,24311.0,-0.01527490682854455
BTC,순수CHoCH,—,15m,0.0,월,,,,,,,,,,24312.0,0.05728247070160548
BTC,순수CHoCH,—,15m,0.0,월,,,,,,,,,,24313.0,-0.050303592492103824
BTC,순수CHoCH,—,15m,0.0,월,,,,,,,,,,24314.0,-0.015475948333429999
BTC,순수CHoCH,—,15m,0.0,월,,,,,,,,,,24315.0,0.0800395027912036
BTC,순수CHoCH,—,15m,0.0,월,,,,,,,,,,24316.0,-0.21077240804887656
BTC,순수CHoCH,—,15m,0.0,월,,,,,,,,,,24317.0,-0.09148951465142686
BTC,순수CHoCH,—,15m,0.0,월,,,,,,,,,,24318.0,-0.04753547849921246
BTC,순수CHoCH,—,1h,0.0,전체,1646.0,0.9951632406287787,197.13131474296185,0.00425273390036452,0.042687464444998616,-0.0384347305446341,-0.03379404617253949,0.3134872417982989,0.0637910085054678,,
BTC,순수CHoCH,—,1h,0.0,홀드아웃 전,1338.0,0.9951632406287787,207.6567451662772,0.007473841554559043,0.040673737661663587,-0.033199896107104554,,0.31390134529147984,0.06576980568011959,,
BTC,순수CHoCH,—,1h,0.0,홀드아웃 12개월,308.0,0.9951632406287787,156.99847474375736,-0.00974025974025974,0.05143540741935662,-0.06117566715961638,,0.3116883116883117,0.05519480519480519,,
BTC,순수CHoCH,—,1h,0.0,월,,,,,,,,,,24256.0,0.004003111804779674
BTC,순수CHoCH,—,1h,0.0,월,,,,,,,,,,24257.0,-0.1868232505744578
BTC,순수CHoCH,—,1h,0.0,월,,,,,,,,,,24258.0,0.17443810671524065
BTC,순수CHoCH,—,1h,0.0,월,,,,,,,,,,24259.0,0.24743492714570825
BTC,순수CHoCH,—,1h,0.0,월,,,,,,,,,,24260.0,-0.5010554904230105
BTC,순수CHoCH,—,1h,0.0,월,,,,,,,,,,24261.0,-0.028306696416693214
BTC,순수CHoCH,—,1h,0.0,월,,,,,,,,,,24262.0,0.05147703999110212
BTC,순수CHoCH,—,1h,0.0,월,,,,,,,,,,24263.0,-0.18104426603657703
BTC,순수CHoCH,—,1h,0.0,월,,,,,,,,,,24264.0,-0.15663562608178186
BTC,순수CHoCH,—,1h,0.0,월,,,,,,,,,,24265.0,-0.40048635269649174
BTC,순수CHoCH,—,1h,0.0,월,,,,,,,,,,24266.0,-0.025759666579300036
BTC,순수CHoCH,—,1h,0.0,월,,,,,,,,,,24267.0,0.17290059341705863
BTC,순수CHoCH,—,1h,0.0,월,,,,,,,,,,24268.0,0.12499730891771339
BTC,순수CHoCH,—,1h,0.0,월,,,,,,,,,,24269.0,-0.35075565160701944
BTC,순수CHoCH,—,1h,0.0,월,,,,,,,,,,24270.0,0.013913940769603768
BTC,순수CHoCH,—,1h,0.0,월,,,,,,,,,,24271.0,0.06385853778671424
BTC,순수CHoCH,—,1h,0.0,월,,,,,,,,,,24272.0,-0.1064554647153127
BTC,순수CHoCH,—,1h,0.0,월,,,,,,,,,,24273.0,-0.2803923366078293
BTC,순수CHoCH,—,1h,0.0,월,,,,,,,,,,24274.0,0.34679731857780643
BTC,순수CHoCH,—,1h,0.0,월,,,,,,,,,,24275.0,0.15667742995127273
BTC,순수CHoCH,—,1h,0.0,월,,,,,,,,,,24276.0,-0.15684043050633562
BTC,순수CHoCH,—,1h,0.0,월,,,,,,,,,,24277.0,-0.026920640526483002
BTC,순수CHoCH,—,1h,0.0,월,,,,,,,,,,24278.0,-0.19541899642615168
BTC,순수CHoCH,—,1h,0.0,월,,,,,,,,,,24279.0,0.016386113286504484
BTC,순수CHoCH,—,1h,0.0,월,,,,,,,,,,24280.0,-0.21830969287134513
BTC,순수CHoCH,—,1h,0.0,월,,,,,,,,,,24281.0,0.04385755501819338
BTC,순수CHoCH,—,1h,0.0,월,,,,,,,,,,24282.0,0.0227325052446745
BTC,순수CHoCH,—,1h,0.0,월,,,,,,,,,,24283.0,-0.2946861503012332
BTC,순수CHoCH,—,1h,0.0,월,,,,,,,,,,24284.0,-0.6167677837782953
BTC,순수CHoCH,—,1h,0.0,월,,,,,,,,,,24285.0,-0.25569429306697283
BTC,순수CHoCH,—,1h,0.0,월,,,,,,,,,,24286.0,-0.23620162401074946
BTC,순수CHoCH,—,1h,0.0,월,,,,,,,,,,24287.0,0.48007785511034157
BTC,순수CHoCH,—,1h,0.0,월,,,,,,,,,,24288.0,0.11454866456271415
BTC,순수CHoCH,—,1h,0.0,월,,,,,,,,,,24289.0,0.10757271776416003
BTC,순수CHoCH,—,1h,0.0,월,,,,,,,,,,24290.0,0.24404482749701645
BTC,순수CHoCH,—,1h,0.0,월,,,,,,,,,,24291.0,0.2733422655617792
BTC,순수CHoCH,—,1h,0.0,월,,,,,,,,,,24292.0,-0.026050969450429916
BTC,순수CHoCH,—,1h,0.0,월,,,,,,,,,,24293.0,-0.0030749585642865828
BTC,순수CHoCH,—,1h,0.0,월,,,,,,,,,,24294.0,-0.32939658177366904
BTC,순수CHoCH,—,1h,0.0,월,,,,,,,,,,24295.0,0.15584741741324168
BTC,순수CHoCH,—,1h,0.0,월,,,,,,,,,,24296.0,0.009766134464991092
BTC,순수CHoCH,—,1h,0.0,월,,,,,,,,,,24297.0,-0.03618144867491381
BTC,순수CHoCH,—,1h,0.0,월,,,,,,,,,,24298.0,0.2742095671612004
BTC,순수CHoCH,—,1h,0.0,월,,,,,,,,,,24299.0,-0.08070429452184931
BTC,순수CHoCH,—,1h,0.0,월,,,,,,,,,,24300.0,0.08111302341812783
BTC,순수CHoCH,—,1h,0.0,월,,,,,,,,,,24301.0,0.2933573241516226
BTC,순수CHoCH,—,1h,0.0,월,,,,,,,,,,24302.0,0.003991029020254899
BTC,순수CHoCH,—,1h,0.0,월,,,,,,,,,,24303.0,0.21050247127935687
BTC,순수CHoCH,—,1h,0.0,월,,,,,,,,,,24304.0,-0.13510598119428197
BTC,순수CHoCH,—,1h,0.0,월,,,,,,,,,,24305.0,0.04973674822036192
BTC,순수CHoCH,—,1h,0.0,월,,,,,,,,,,24306.0,0.010988235881918263
BTC,순수CHoCH,—,1h,0.0,월,,,,,,,,,,24307.0,-0.3652673048735531
BTC,순수CHoCH,—,1h,0.0,월,,,,,,,,,,24308.0,0.14390416866491265
BTC,순수CHoCH,—,1h,0.0,월,,,,,,,,,,24309.0,-0.2679339178742113
BTC,순수CHoCH,—,1h,0.0,월,,,,,,,,,,24310.0,-0.09107412589262405
BTC,순수CHoCH,—,1h,0.0,월,,,,,,,,,,24311.0,0.3119422002455595
BTC,순수CHoCH,—,1h,0.0,월,,,,,,,,,,24312.0,-0.019951471056706395
BTC,순수CHoCH,—,1h,0.0,월,,,,,,,,,,24313.0,0.11612163989982416
BTC,순수CHoCH,—,1h,0.0,월,,,,,,,,,,24314.0,0.1575737622341194
BTC,순수CHoCH,—,1h,0.0,월,,,,,,,,,,24315.0,0.20803294629756658
BTC,순수CHoCH,—,1h,0.0,월,,,,,,,,,,24316.0,-0.27069175769992193
BTC,순수CHoCH,—,1h,0.0,월,,,,,,,,,,24317.0,-0.3768447086541414
BTC,순수CHoCH,—,1h,0.0,월,,,,,,,,,,24318.0,0.012668072607102421
BTC,스윕+CHoCH,1h,5m,0.0,전체,4713.0,0.9974603174603175,73.32019514189732,-0.023551877784850413,0.11161762642169064,-0.13516950420654103,0.005887969446212603,0.3244218120093359,0.003182686187141948,,
BTC,스윕+CHoCH,1h,5m,0.0,홀드아웃 전,3761.0,0.9974603174603175,76.33694317293839,-0.028981653815474608,0.10656041763883584,-0.13554207145431044,,0.32252060622174955,0.0034565275192767883,,
BTC,스윕+CHoCH,1h,5m,0.0,홀드아웃 12개월,952.0,0.9974603174603175,60.66754748628152,-0.0021008403361344537,0.13159678843042683,-0.13369762876656127,,0.3319327731092437,0.0021008403361344537,,
BTC,스윕+CHoCH,1h,5m,0.0,월,,,,,,,,,,24256.0,-0.06638050744141578
BTC,스윕+CHoCH,1h,5m,0.0,월,,,,,,,,,,24257.0,-0.11102131685104626
BTC,스윕+CHoCH,1h,5m,0.0,월,,,,,,,,,,24258.0,0.049041764962390925
BTC,스윕+CHoCH,1h,5m,0.0,월,,,,,,,,,,24259.0,-0.3044406454069718
BTC,스윕+CHoCH,1h,5m,0.0,월,,,,,,,,,,24260.0,-0.07419178403902188
BTC,스윕+CHoCH,1h,5m,0.0,월,,,,,,,,,,24261.0,-0.1285484719857111
BTC,스윕+CHoCH,1h,5m,0.0,월,,,,,,,,,,24262.0,-0.053373792244310825
BTC,스윕+CHoCH,1h,5m,0.0,월,,,,,,,,,,24263.0,-0.2503642932921049
BTC,스윕+CHoCH,1h,5m,0.0,월,,,,,,,,,,24264.0,-0.06973470605675929
BTC,스윕+CHoCH,1h,5m,0.0,월,,,,,,,,,,24265.0,-0.17139020465635435
BTC,스윕+CHoCH,1h,5m,0.0,월,,,,,,,,,,24266.0,-0.051716888040183505
BTC,스윕+CHoCH,1h,5m,0.0,월,,,,,,,,,,24267.0,-0.08847303297603874
BTC,스윕+CHoCH,1h,5m,0.0,월,,,,,,,,,,24268.0,-0.09714177921019007
BTC,스윕+CHoCH,1h,5m,0.0,월,,,,,,,,,,24269.0,-0.1725966950620906
BTC,스윕+CHoCH,1h,5m,0.0,월,,,,,,,,,,24270.0,0.21627739859390058
BTC,스윕+CHoCH,1h,5m,0.0,월,,,,,,,,,,24271.0,-0.11129758490330117
BTC,스윕+CHoCH,1h,5m,0.0,월,,,,,,,,,,24272.0,-0.07362114665989156
BTC,스윕+CHoCH,1h,5m,0.0,월,,,,,,,,,,24273.0,-0.5421660283850561
BTC,스윕+CHoCH,1h,5m,0.0,월,,,,,,,,,,24274.0,0.021796684052365373
BTC,스윕+CHoCH,1h,5m,0.0,월,,,,,,,,,,24275.0,-0.2535782941271287
BTC,스윕+CHoCH,1h,5m,0.0,월,,,,,,,,,,24276.0,-0.43831800079023564
BTC,스윕+CHoCH,1h,5m,0.0,월,,,,,,,,,,24277.0,0.044191042399172376
BTC,스윕+CHoCH,1h,5m,0.0,월,,,,,,,,,,24278.0,-0.05637238637492006
BTC,스윕+CHoCH,1h,5m,0.0,월,,,,,,,,,,24279.0,0.042880853930801655
BTC,스윕+CHoCH,1h,5m,0.0,월,,,,,,,,,,24280.0,-0.13635751539291616
BTC,스윕+CHoCH,1h,5m,0.0,월,,,,,,,,,,24281.0,-0.3834262343508686
BTC,스윕+CHoCH,1h,5m,0.0,월,,,,,,,,,,24282.0,-0.3700004088675345
BTC,스윕+CHoCH,1h,5m,0.0,월,,,,,,,,,,24283.0,-0.20538883925467624
BTC,스윕+CHoCH,1h,5m,0.0,월,,,,,,,,,,24284.0,-0.37869070295958346
BTC,스윕+CHoCH,1h,5m,0.0,월,,,,,,,,,,24285.0,-0.3195186990143489
BTC,스윕+CHoCH,1h,5m,0.0,월,,,,,,,,,,24286.0,0.046819394454115926
BTC,스윕+CHoCH,1h,5m,0.0,월,,,,,,,,,,24287.0,0.03604765923687168
BTC,스윕+CHoCH,1h,5m,0.0,월,,,,,,,,,,24288.0,-0.05054714624012148
BTC,스윕+CHoCH,1h,5m,0.0,월,,,,,,,,,,24289.0,-0.18579751954671422
BTC,스윕+CHoCH,1h,5m,0.0,월,,,,,,,,,,24290.0,-0.06514516550436554
BTC,스윕+CHoCH,1h,5m,0.0,월,,,,,,,,,,24291.0,-0.09135875528894788
BTC,스윕+CHoCH,1h,5m,0.0,월,,,,,,,,,,24292.0,-0.20839767565417502
BTC,스윕+CHoCH,1h,5m,0.0,월,,,,,,,,,,24293.0,0.07505950487719722
BTC,스윕+CHoCH,1h,5m,0.0,월,,,,,,,,,,24294.0,-0.18016091209946983
BTC,스윕+CHoCH,1h,5m,0.0,월,,,,,,,,,,24295.0,-0.056943811212528214
BTC,스윕+CHoCH,1h,5m,0.0,월,,,,,,,,,,24296.0,-0.06358028556592768
BTC,스윕+CHoCH,1h,5m,0.0,월,,,,,,,,,,24297.0,-0.07870089808049403
BTC,스윕+CHoCH,1h,5m,0.0,월,,,,,,,,,,24298.0,-0.3041958625050037
BTC,스윕+CHoCH,1h,5m,0.0,월,,,,,,,,,,24299.0,0.013649610198287998
BTC,스윕+CHoCH,1h,5m,0.0,월,,,,,,,,,,24300.0,-0.43890460147840515
BTC,스윕+CHoCH,1h,5m,0.0,월,,,,,,,,,,24301.0,-0.3817764686230304
BTC,스윕+CHoCH,1h,5m,0.0,월,,,,,,,,,,24302.0,0.04607884000663218
BTC,스윕+CHoCH,1h,5m,0.0,월,,,,,,,,,,24303.0,-0.1575221575205158
BTC,스윕+CHoCH,1h,5m,0.0,월,,,,,,,,,,24304.0,-0.007529689691874587
BTC,스윕+CHoCH,1h,5m,0.0,월,,,,,,,,,,24305.0,-0.08059171305108784
BTC,스윕+CHoCH,1h,5m,0.0,월,,,,,,,,,,24306.0,-0.30938217568060944
BTC,스윕+CHoCH,1h,5m,0.0,월,,,,,,,,,,24307.0,-0.2732798905775522
BTC,스윕+CHoCH,1h,5m,0.0,월,,,,,,,,,,24308.0,-0.3967450540484451
BTC,스윕+CHoCH,1h,5m,0.0,월,,,,,,,,,,24309.0,-0.10321688019890252
BTC,스윕+CHoCH,1h,5m,0.0,월,,,,,,,,,,24310.0,-0.15681613482580284
BTC,스윕+CHoCH,1h,5m,0.0,월,,,,,,,,,,24311.0,-0.07164090605993029
BTC,스윕+CHoCH,1h,5m,0.0,월,,,,,,,,,,24312.0,-0.03648723790383514
BTC,스윕+CHoCH,1h,5m,0.0,월,,,,,,,,,,24313.0,-0.35972559783983593
BTC,스윕+CHoCH,1h,5m,0.0,월,,,,,,,,,,24314.0,-0.15635886888393472
BTC,스윕+CHoCH,1h,5m,0.0,월,,,,,,,,,,24315.0,0.11220658701299312
BTC,스윕+CHoCH,1h,5m,0.0,월,,,,,,,,,,24316.0,-0.2851633854536861
BTC,스윕+CHoCH,1h,5m,0.0,월,,,,,,,,,,24317.0,0.04242158427474318
BTC,스윕+CHoCH,1h,5m,0.0,월,,,,,,,,,,24318.0,0.00478602078700647
BTC,스윕+CHoCH,1h,5m,0.25,전체,4917.0,0.9975654290931223,75.72780600523757,-0.030303030303030304,0.1080281554136598,-0.1383311857166901,0.0020591824283099453,0.3221476510067114,0.003254016676835469,,
BTC,스윕+CHoCH,1h,5m,0.25,홀드아웃 전,3935.0,0.9975654290931223,79.57285779419628,-0.03735705209656925,0.10344784785333747,-0.14080489994990672,,0.31969504447268104,0.0035578144853875477,,
BTC,스윕+CHoCH,1h,5m,0.25,홀드아웃 12개월,982.0,0.9975654290931223,63.272870543196355,-0.002036659877800407,0.12638203550517554,-0.12841869538297593,,0.3319755600814664,0.002036659877800407,,
BTC,스윕+CHoCH,1h,5m,0.25,월,,,,,,,,,,24256.0,-0.07315789458423771
BTC,스윕+CHoCH,1h,5m,0.25,월,,,,,,,,,,24257.0,-0.10561517325077822
BTC,스윕+CHoCH,1h,5m,0.25,월,,,,,,,,,,24258.0,-0.011063499098003172
BTC,스윕+CHoCH,1h,5m,0.25,월,,,,,,,,,,24259.0,-0.30977773034983597
BTC,스윕+CHoCH,1h,5m,0.25,월,,,,,,,,,,24260.0,-0.12230722706938704
BTC,스윕+CHoCH,1h,5m,0.25,월,,,,,,,,,,24261.0,-0.13590788533022935
BTC,스윕+CHoCH,1h,5m,0.25,월,,,,,,,,,,24262.0,-0.1258346256258817
BTC,스윕+CHoCH,1h,5m,0.25,월,,,,,,,,,,24263.0,-0.19430101809987874
BTC,스윕+CHoCH,1h,5m,0.25,월,,,,,,,,,,24264.0,-0.09525534036627481
BTC,스윕+CHoCH,1h,5m,0.25,월,,,,,,,,,,24265.0,-0.22384154253040378
BTC,스윕+CHoCH,1h,5m,0.25,월,,,,,,,,,,24266.0,-0.09740929762678116
BTC,스윕+CHoCH,1h,5m,0.25,월,,,,,,,,,,24267.0,-0.09479995098159492
BTC,스윕+CHoCH,1h,5m,0.25,월,,,,,,,,,,24268.0,-0.2315809995833189
BTC,스윕+CHoCH,1h,5m,0.25,월,,,,,,,,,,24269.0,-0.10092996853056789
BTC,스윕+CHoCH,1h,5m,0.25,월,,,,,,,,,,24270.0,0.25802568662213393
BTC,스윕+CHoCH,1h,5m,0.25,월,,,,,,,,,,24271.0,-0.2409782377714646
BTC,스윕+CHoCH,1h,5m,0.25,월,,,,,,,,,,24272.0,-0.0706073720007254
BTC,스윕+CHoCH,1h,5m,0.25,월,,,,,,,,,,24273.0,-0.5734556642001324
BTC,스윕+CHoCH,1h,5m,0.25,월,,,,,,,,,,24274.0,0.08635907488581059
BTC,스윕+CHoCH,1h,5m,0.25,월,,,,,,,,,,24275.0,-0.262581381857202
BTC,스윕+CHoCH,1h,5m,0.25,월,,,,,,,,,,24276.0,-0.3247682260345529
BTC,스윕+CHoCH,1h,5m,0.25,월,,,,,,,,,,24277.0,0.057912806653305525
BTC,스윕+CHoCH,1h,5m,0.25,월,,,,,,,,,,24278.0,-0.02707947732139612
BTC,스윕+CHoCH,1h,5m,0.25,월,,,,,,,,,,24279.0,-0.05545535768553525
BTC,스윕+CHoCH,1h,5m,0.25,월,,,,,,,,,,24280.0,-0.145148035278426
BTC,스윕+CHoCH,1h,5m,0.25,월,,,,,,,,,,24281.0,-0.39053998345258933
BTC,스윕+CHoCH,1h,5m,0.25,월,,,,,,,,,,24282.0,-0.3706846327831781
BTC,스윕+CHoCH,1h,5m,0.25,월,,,,,,,,,,24283.0,-0.19327296470126482
BTC,스윕+CHoCH,1h,5m,0.25,월,,,,,,,,,,24284.0,-0.38463849241409126
BTC,스윕+CHoCH,1h,5m,0.25,월,,,,,,,,,,24285.0,-0.3418809524369812
BTC,스윕+CHoCH,1h,5m,0.25,월,,,,,,,,,,24286.0,0.06790940135606838
BTC,스윕+CHoCH,1h,5m,0.25,월,,,,,,,,,,24287.0,-0.05021357944820843
BTC,스윕+CHoCH,1h,5m,0.25,월,,,,,,,,,,24288.0,-0.023703048776171687
BTC,스윕+CHoCH,1h,5m,0.25,월,,,,,,,,,,24289.0,-0.15158862151284863
BTC,스윕+CHoCH,1h,5m,0.25,월,,,,,,,,,,24290.0,-0.08987825915286794
BTC,스윕+CHoCH,1h,5m,0.25,월,,,,,,,,,,24291.0,-0.06019599794716059
BTC,스윕+CHoCH,1h,5m,0.25,월,,,,,,,,,,24292.0,-0.16176602177634722
BTC,스윕+CHoCH,1h,5m,0.25,월,,,,,,,,,,24293.0,0.05715966436692263
BTC,스윕+CHoCH,1h,5m,0.25,월,,,,,,,,,,24294.0,-0.21719962616754193
BTC,스윕+CHoCH,1h,5m,0.25,월,,,,,,,,,,24295.0,-0.09256424778261567
BTC,스윕+CHoCH,1h,5m,0.25,월,,,,,,,,,,24296.0,0.005309200581914783
BTC,스윕+CHoCH,1h,5m,0.25,월,,,,,,,,,,24297.0,-0.13602022364320232
BTC,스윕+CHoCH,1h,5m,0.25,월,,,,,,,,,,24298.0,-0.29527156001811283
BTC,스윕+CHoCH,1h,5m,0.25,월,,,,,,,,,,24299.0,0.01211696433046296
BTC,스윕+CHoCH,1h,5m,0.25,월,,,,,,,,,,24300.0,-0.41073993250688506
BTC,스윕+CHoCH,1h,5m,0.25,월,,,,,,,,,,24301.0,-0.3623635405873758
BTC,스윕+CHoCH,1h,5m,0.25,월,,,,,,,,,,24302.0,0.012216033261207833
BTC,스윕+CHoCH,1h,5m,0.25,월,,,,,,,,,,24303.0,-0.11343506560742106
BTC,스윕+CHoCH,1h,5m,0.25,월,,,,,,,,,,24304.0,0.022543976533539345
BTC,스윕+CHoCH,1h,5m,0.25,월,,,,,,,,,,24305.0,-0.12151440521484069
BTC,스윕+CHoCH,1h,5m,0.25,월,,,,,,,,,,24306.0,-0.29858457396613636
BTC,스윕+CHoCH,1h,5m,0.25,월,,,,,,,,,,24307.0,-0.2621872098690355
BTC,스윕+CHoCH,1h,5m,0.25,월,,,,,,,,,,24308.0,-0.39991370330983994
BTC,스윕+CHoCH,1h,5m,0.25,월,,,,,,,,,,24309.0,-0.0737709781783737
BTC,스윕+CHoCH,1h,5m,0.25,월,,,,,,,,,,24310.0,-0.1790531137645258
BTC,스윕+CHoCH,1h,5m,0.25,월,,,,,,,,,,24311.0,-0.08226496261172657
BTC,스윕+CHoCH,1h,5m,0.25,월,,,,,,,,,,24312.0,-0.02622530079843818
BTC,스윕+CHoCH,1h,5m,0.25,월,,,,,,,,,,24313.0,-0.40659319301746966
BTC,스윕+CHoCH,1h,5m,0.25,월,,,,,,,,,,24314.0,-0.16647061964631396
BTC,스윕+CHoCH,1h,5m,0.25,월,,,,,,,,,,24315.0,0.20681645986662048
BTC,스윕+CHoCH,1h,5m,0.25,월,,,,,,,,,,24316.0,-0.25518091683032157
BTC,스윕+CHoCH,1h,5m,0.25,월,,,,,,,,,,24317.0,-0.030285394060795487
BTC,스윕+CHoCH,1h,5m,0.25,월,,,,,,,,,,24318.0,0.05001100757572635
BTC,스윕+CHoCH,1h,15m,0.0,전체,3983.0,0.9964973730297724,118.47007781466421,0.0022596033140848608,0.07055947778533125,-0.06829987447124639,-0.0001255335174491592,0.3261360783329149,0.023851368315340196,,
BTC,스윕+CHoCH,1h,15m,0.0,홀드아웃 전,3219.0,0.9964973730297724,126.13715323271865,0.0006213109661385523,0.06714345626836936,-0.0665221453022308,,0.32525629077353213,0.024852438645542093,,
BTC,스윕+CHoCH,1h,15m,0.0,홀드아웃 12개월,764.0,0.9964973730297724,96.06352533822871,0.009162303664921465,0.08495237472656199,-0.07579007106164053,,0.3298429319371728,0.01963350785340314,,
BTC,스윕+CHoCH,1h,15m,0.0,월,,,,,,,,,,24256.0,-0.08719826186764816
BTC,스윕+CHoCH,1h,15m,0.0,월,,,,,,,,,,24257.0,-0.11281135807220108
BTC,스윕+CHoCH,1h,15m,0.0,월,,,,,,,,,,24258.0,0.06203122029773544
BTC,스윕+CHoCH,1h,15m,0.0,월,,,,,,,,,,24259.0,-0.1845078536266582
BTC,스윕+CHoCH,1h,15m,0.0,월,,,,,,,,,,24260.0,-0.2944307690052166
BTC,스윕+CHoCH,1h,15m,0.0,월,,,,,,,,,,24261.0,0.006238284953820037
BTC,스윕+CHoCH,1h,15m,0.0,월,,,,,,,,,,24262.0,0.12759544571527062
BTC,스윕+CHoCH,1h,15m,0.0,월,,,,,,,,,,24263.0,-0.11255951117014835
BTC,스윕+CHoCH,1h,15m,0.0,월,,,,,,,,,,24264.0,-0.38869245509984784
BTC,스윕+CHoCH,1h,15m,0.0,월,,,,,,,,,,24265.0,-0.3111955769892855
BTC,스윕+CHoCH,1h,15m,0.0,월,,,,,,,,,,24266.0,0.11998354900794928
BTC,스윕+CHoCH,1h,15m,0.0,월,,,,,,,,,,24267.0,-0.1468584348645253
BTC,스윕+CHoCH,1h,15m,0.0,월,,,,,,,,,,24268.0,-0.022638269730355272
BTC,스윕+CHoCH,1h,15m,0.0,월,,,,,,,,,,24269.0,-0.15414413521826464
BTC,스윕+CHoCH,1h,15m,0.0,월,,,,,,,,,,24270.0,0.1705203374631721
BTC,스윕+CHoCH,1h,15m,0.0,월,,,,,,,,,,24271.0,-0.13916543755559357
BTC,스윕+CHoCH,1h,15m,0.0,월,,,,,,,,,,24272.0,0.03977736186521855
BTC,스윕+CHoCH,1h,15m,0.0,월,,,,,,,,,,24273.0,-0.07097438240933793
BTC,스윕+CHoCH,1h,15m,0.0,월,,,,,,,,,,24274.0,0.00937997471472018
BTC,스윕+CHoCH,1h,15m,0.0,월,,,,,,,,,,24275.0,0.06321014697963866
BTC,스윕+CHoCH,1h,15m,0.0,월,,,,,,,,,,24276.0,-0.09165651033407111
BTC,스윕+CHoCH,1h,15m,0.0,월,,,,,,,,,,24277.0,0.098155220471691
BTC,스윕+CHoCH,1h,15m,0.0,월,,,,,,,,,,24278.0,-0.19886668419023415
BTC,스윕+CHoCH,1h,15m,0.0,월,,,,,,,,,,24279.0,-0.38879846421821146
BTC,스윕+CHoCH,1h,15m,0.0,월,,,,,,,,,,24280.0,-0.23280095212545454
BTC,스윕+CHoCH,1h,15m,0.0,월,,,,,,,,,,24281.0,-0.1489901925983868
BTC,스윕+CHoCH,1h,15m,0.0,월,,,,,,,,,,24282.0,-0.3810154584004828
BTC,스윕+CHoCH,1h,15m,0.0,월,,,,,,,,,,24283.0,-0.07080693119849484
BTC,스윕+CHoCH,1h,15m,0.0,월,,,,,,,,,,24284.0,-0.25025087592492123
BTC,스윕+CHoCH,1h,15m,0.0,월,,,,,,,,,,24285.0,-0.2224097443550649
BTC,스윕+CHoCH,1h,15m,0.0,월,,,,,,,,,,24286.0,0.2563881398891981
BTC,스윕+CHoCH,1h,15m,0.0,월,,,,,,,,,,24287.0,-0.1013859395098373
BTC,스윕+CHoCH,1h,15m,0.0,월,,,,,,,,,,24288.0,0.004275332927110419
BTC,스윕+CHoCH,1h,15m,0.0,월,,,,,,,,,,24289.0,-0.017128667830376747
BTC,스윕+CHoCH,1h,15m,0.0,월,,,,,,,,,,24290.0,0.08915024799322142
BTC,스윕+CHoCH,1h,15m,0.0,월,,,,,,,,,,24291.0,0.06276452394507995
BTC,스윕+CHoCH,1h,15m,0.0,월,,,,,,,,,,24292.0,0.13064259438870096
BTC,스윕+CHoCH,1h,15m,0.0,월,,,,,,,,,,24293.0,0.12914618086559101
BTC,스윕+CHoCH,1h,15m,0.0,월,,,,,,,,,,24294.0,-0.09230194293935337
BTC,스윕+CHoCH,1h,15m,0.0,월,,,,,,,,,,24295.0,-0.0523813961022798
BTC,스윕+CHoCH,1h,15m,0.0,월,,,,,,,,,,24296.0,-0.0024889402094026942
BTC,스윕+CHoCH,1h,15m,0.0,월,,,,,,,,,,24297.0,-0.17489497075074997
BTC,스윕+CHoCH,1h,15m,0.0,월,,,,,,,,,,24298.0,0.05268231455508589
BTC,스윕+CHoCH,1h,15m,0.0,월,,,,,,,,,,24299.0,0.26279991805168534
BTC,스윕+CHoCH,1h,15m,0.0,월,,,,,,,,,,24300.0,-0.04599618278589199
BTC,스윕+CHoCH,1h,15m,0.0,월,,,,,,,,,,24301.0,-0.36705471122515193
BTC,스윕+CHoCH,1h,15m,0.0,월,,,,,,,,,,24302.0,-0.12060004022521544
BTC,스윕+CHoCH,1h,15m,0.0,월,,,,,,,,,,24303.0,0.10738661985084519
BTC,스윕+CHoCH,1h,15m,0.0,월,,,,,,,,,,24304.0,0.13925892202883988
BTC,스윕+CHoCH,1h,15m,0.0,월,,,,,,,,,,24305.0,-0.07855688730313769
BTC,스윕+CHoCH,1h,15m,0.0,월,,,,,,,,,,24306.0,-0.13593137298070848
BTC,스윕+CHoCH,1h,15m,0.0,월,,,,,,,,,,24307.0,-0.3370845766371989
BTC,스윕+CHoCH,1h,15m,0.0,월,,,,,,,,,,24308.0,-0.14112678838468207
BTC,스윕+CHoCH,1h,15m,0.0,월,,,,,,,,,,24309.0,-0.26593681664795155
BTC,스윕+CHoCH,1h,15m,0.0,월,,,,,,,,,,24310.0,0.04441544371850954
BTC,스윕+CHoCH,1h,15m,0.0,월,,,,,,,,,,24311.0,0.0037907279605028906
BTC,스윕+CHoCH,1h,15m,0.0,월,,,,,,,,,,24312.0,0.006826626646733082
BTC,스윕+CHoCH,1h,15m,0.0,월,,,,,,,,,,24313.0,0.006309408642798789
BTC,스윕+CHoCH,1h,15m,0.0,월,,,,,,,,,,24314.0,-0.15553320853292874
BTC,스윕+CHoCH,1h,15m,0.0,월,,,,,,,,,,24315.0,0.06270906603541627
BTC,스윕+CHoCH,1h,15m,0.0,월,,,,,,,,,,24316.0,-0.17978008850558228
BTC,스윕+CHoCH,1h,15m,0.0,월,,,,,,,,,,24317.0,-0.018866528515915255
BTC,스윕+CHoCH,1h,15m,0.0,월,,,,,,,,,,24318.0,0.012111370096016592
BTC,스윕+CHoCH,1h,15m,0.25,전체,4005.0,0.9965165464045782,122.49671463494468,-0.012484394506866416,0.06866605024662574,-0.08115044475349216,-0.004900124843945069,0.3210986267166042,0.02421972534332085,,
BTC,스윕+CHoCH,1h,15m,0.25,홀드아웃 전,3234.0,0.9965165464045782,130.1625975153346,-0.011131725417439703,0.06513621766547877,-0.07626794308291845,,0.321273964131107,0.02504638218923933,,
BTC,스윕+CHoCH,1h,15m,0.25,홀드아웃 12개월,771.0,0.9965165464045782,98.92518631456171,-0.018158236057068743,0.08347211842746792,-0.10163035448453665,,0.3203631647211414,0.020752269779507133,,
BTC,스윕+CHoCH,1h,15m,0.25,월,,,,,,,,,,24256.0,-0.05488266782312602
BTC,스윕+CHoCH,1h,15m,0.25,월,,,,,,,,,,24257.0,-0.13670671748611035
BTC,스윕+CHoCH,1h,15m,0.25,월,,,,,,,,,,24258.0,0.04574880282649441
BTC,스윕+CHoCH,1h,15m,0.25,월,,,,,,,,,,24259.0,-0.22311641133548762
BTC,스윕+CHoCH,1h,15m,0.25,월,,,,,,,,,,24260.0,-0.29243961086063447
BTC,스윕+CHoCH,1h,15m,0.25,월,,,,,,,,,,24261.0,-0.08800772733475164
BTC,스윕+CHoCH,1h,15m,0.25,월,,,,,,,,,,24262.0,0.12970689629285329
BTC,스윕+CHoCH,1h,15m,0.25,월,,,,,,,,,,24263.0,-0.15612768206770933
BTC,스윕+CHoCH,1h,15m,0.25,월,,,,,,,,,,24264.0,-0.4340429501935409
BTC,스윕+CHoCH,1h,15m,0.25,월,,,,,,,,,,24265.0,-0.35282029822755573
BTC,스윕+CHoCH,1h,15m,0.25,월,,,,,,,,,,24266.0,0.15223603030310895
BTC,스윕+CHoCH,1h,15m,0.25,월,,,,,,,,,,24267.0,-0.19433061628449882
BTC,스윕+CHoCH,1h,15m,0.25,월,,,,,,,,,,24268.0,-0.0781226990469158
BTC,스윕+CHoCH,1h,15m,0.25,월,,,,,,,,,,24269.0,-0.1525529224605055
BTC,스윕+CHoCH,1h,15m,0.25,월,,,,,,,,,,24270.0,0.2248509190359807
BTC,스윕+CHoCH,1h,15m,0.25,월,,,,,,,,,,24271.0,-0.08896021983540513
BTC,스윕+CHoCH,1h,15m,0.25,월,,,,,,,,,,24272.0,0.16222068662030223
BTC,스윕+CHoCH,1h,15m,0.25,월,,,,,,,,,,24273.0,-0.06816233441533676
BTC,스윕+CHoCH,1h,15m,0.25,월,,,,,,,,,,24274.0,0.012237879197719116
BTC,스윕+CHoCH,1h,15m,0.25,월,,,,,,,,,,24275.0,0.008762293674054828
BTC,스윕+CHoCH,1h,15m,0.25,월,,,,,,,,,,24276.0,-0.1358418273182623
BTC,스윕+CHoCH,1h,15m,0.25,월,,,,,,,,,,24277.0,0.054938333694967
BTC,스윕+CHoCH,1h,15m,0.25,월,,,,,,,,,,24278.0,-0.19538744375829445
BTC,스윕+CHoCH,1h,15m,0.25,월,,,,,,,,,,24279.0,-0.38605187338421687
BTC,스윕+CHoCH,1h,15m,0.25,월,,,,,,,,,,24280.0,-0.2294171534893896
BTC,스윕+CHoCH,1h,15m,0.25,월,,,,,,,,,,24281.0,-0.19996600594972078
BTC,스윕+CHoCH,1h,15m,0.25,월,,,,,,,,,,24282.0,-0.33947688589908515
BTC,스윕+CHoCH,1h,15m,0.25,월,,,,,,,,,,24283.0,-0.11269966885511788
BTC,스윕+CHoCH,1h,15m,0.25,월,,,,,,,,,,24284.0,-0.2427115708598565
BTC,스윕+CHoCH,1h,15m,0.25,월,,,,,,,,,,24285.0,-0.371248565013925
BTC,스윕+CHoCH,1h,15m,0.25,월,,,,,,,,,,24286.0,0.21105070890191974
BTC,스윕+CHoCH,1h,15m,0.25,월,,,,,,,,,,24287.0,-0.15005258538086008
BTC,스윕+CHoCH,1h,15m,0.25,월,,,,,,,,,,24288.0,0.0085879606409362
BTC,스윕+CHoCH,1h,15m,0.25,월,,,,,,,,,,24289.0,0.01226683371614788
BTC,스윕+CHoCH,1h,15m,0.25,월,,,,,,,,,,24290.0,0.03253770286514787
BTC,스윕+CHoCH,1h,15m,0.25,월,,,,,,,,,,24291.0,0.06506808796266522
BTC,스윕+CHoCH,1h,15m,0.25,월,,,,,,,,,,24292.0,0.18526235095766924
BTC,스윕+CHoCH,1h,15m,0.25,월,,,,,,,,,,24293.0,0.08957924292003377
BTC,스윕+CHoCH,1h,15m,0.25,월,,,,,,,,,,24294.0,-0.16245110682633138
BTC,스윕+CHoCH,1h,15m,0.25,월,,,,,,,,,,24295.0,-0.10062476496742051
BTC,스윕+CHoCH,1h,15m,0.25,월,,,,,,,,,,24296.0,0.010713461284606514
BTC,스윕+CHoCH,1h,15m,0.25,월,,,,,,,,,,24297.0,-0.17109918078120803
BTC,스윕+CHoCH,1h,15m,0.25,월,,,,,,,,,,24298.0,0.056556751661201915
BTC,스윕+CHoCH,1h,15m,0.25,월,,,,,,,,,,24299.0,0.2655494435471128
BTC,스윕+CHoCH,1h,15m,0.25,월,,,,,,,,,,24300.0,-0.0908276695412553
BTC,스윕+CHoCH,1h,15m,0.25,월,,,,,,,,,,24301.0,-0.37598044993467394
BTC,스윕+CHoCH,1h,15m,0.25,월,,,,,,,,,,24302.0,-0.11759749034834553
BTC,스윕+CHoCH,1h,15m,0.25,월,,,,,,,,,,24303.0,0.11011371947533388
BTC,스윕+CHoCH,1h,15m,0.25,월,,,,,,,,,,24304.0,0.1890739259527369
BTC,스윕+CHoCH,1h,15m,0.25,월,,,,,,,,,,24305.0,-0.026626459181122154
BTC,스윕+CHoCH,1h,15m,0.25,월,,,,,,,,,,24306.0,-0.1306298506684266
BTC,스윕+CHoCH,1h,15m,0.25,월,,,,,,,,,,24307.0,-0.36256158518650533
BTC,스윕+CHoCH,1h,15m,0.25,월,,,,,,,,,,24308.0,-0.1735690680812854
BTC,스윕+CHoCH,1h,15m,0.25,월,,,,,,,,,,24309.0,-0.21585801970764013
BTC,스윕+CHoCH,1h,15m,0.25,월,,,,,,,,,,24310.0,-0.044152393033765655
BTC,스윕+CHoCH,1h,15m,0.25,월,,,,,,,,,,24311.0,-0.00896505496706838
BTC,스윕+CHoCH,1h,15m,0.25,월,,,,,,,,,,24312.0,-0.008415078243011182
BTC,스윕+CHoCH,1h,15m,0.25,월,,,,,,,,,,24313.0,-0.06335982633471085
BTC,스윕+CHoCH,1h,15m,0.25,월,,,,,,,,,,24314.0,-0.1180629412868827
BTC,스윕+CHoCH,1h,15m,0.25,월,,,,,,,,,,24315.0,-0.02431581273747199
BTC,스윕+CHoCH,1h,15m,0.25,월,,,,,,,,,,24316.0,-0.14476347579263976
BTC,스윕+CHoCH,1h,15m,0.25,월,,,,,,,,,,24317.0,-0.10742107579220841
BTC,스윕+CHoCH,1h,15m,0.25,월,,,,,,,,,,24318.0,0.014803302286965258
BTC,스윕+CHoCH,1h,1h,0.0,전체,1554.0,0.9955156950672646,234.6672432065305,-0.010939510939510939,0.03448671402119871,-0.045426224960709645,-0.035794723294723295,0.29665379665379665,0.0990990990990991,,
BTC,스윕+CHoCH,1h,1h,0.0,홀드아웃 전,1260.0,0.9955156950672646,246.80848339320394,-0.014285714285714285,0.03279636336034734,-0.04708207764606161,,0.29523809523809524,0.1,,
BTC,스윕+CHoCH,1h,1h,0.0,홀드아웃 12개월,294.0,0.9955156950672646,193.0967021195369,0.003401360544217687,0.04173107399627605,-0.03832971345205836,,0.30272108843537415,0.09523809523809523,,
BTC,스윕+CHoCH,1h,1h,0.0,월,,,,,,,,,,24256.0,-0.0507649538691556
BTC,스윕+CHoCH,1h,1h,0.0,월,,,,,,,,,,24257.0,-0.08073250036498418
BTC,스윕+CHoCH,1h,1h,0.0,월,,,,,,,,,,24258.0,0.08086298507728924
BTC,스윕+CHoCH,1h,1h,0.0,월,,,,,,,,,,24259.0,-0.059429842946618384
BTC,스윕+CHoCH,1h,1h,0.0,월,,,,,,,,,,24260.0,-0.5106171361657432
BTC,스윕+CHoCH,1h,1h,0.0,월,,,,,,,,,,24261.0,-0.14832595206816798
BTC,스윕+CHoCH,1h,1h,0.0,월,,,,,,,,,,24262.0,0.017552776868424148
BTC,스윕+CHoCH,1h,1h,0.0,월,,,,,,,,,,24263.0,-0.17816017758195457
BTC,스윕+CHoCH,1h,1h,0.0,월,,,,,,,,,,24264.0,-0.12952891792574298
BTC,스윕+CHoCH,1h,1h,0.0,월,,,,,,,,,,24265.0,-0.47750803485706245
BTC,스윕+CHoCH,1h,1h,0.0,월,,,,,,,,,,24266.0,-0.07084505495069951
BTC,스윕+CHoCH,1h,1h,0.0,월,,,,,,,,,,24267.0,0.3872780687768588
BTC,스윕+CHoCH,1h,1h,0.0,월,,,,,,,,,,24268.0,0.010103145186394675
BTC,스윕+CHoCH,1h,1h,0.0,월,,,,,,,,,,24269.0,-0.5056315684110353
BTC,스윕+CHoCH,1h,1h,0.0,월,,,,,,,,,,24270.0,-0.05634614899370816
BTC,스윕+CHoCH,1h,1h,0.0,월,,,,,,,,,,24271.0,0.11787855274040702
BTC,스윕+CHoCH,1h,1h,0.0,월,,,,,,,,,,24272.0,-0.06533455681901185
BTC,스윕+CHoCH,1h,1h,0.0,월,,,,,,,,,,24273.0,-0.2886229509075756
BTC,스윕+CHoCH,1h,1h,0.0,월,,,,,,,,,,24274.0,0.18989878537640312
BTC,스윕+CHoCH,1h,1h,0.0,월,,,,,,,,,,24275.0,0.14417326468539973
BTC,스윕+CHoCH,1h,1h,0.0,월,,,,,,,,,,24276.0,-0.2790342752209618
BTC,스윕+CHoCH,1h,1h,0.0,월,,,,,,,,,,24277.0,0.06133341178372153
BTC,스윕+CHoCH,1h,1h,0.0,월,,,,,,,,,,24278.0,-0.3060340339698512
BTC,스윕+CHoCH,1h,1h,0.0,월,,,,,,,,,,24279.0,0.07668852828455996
BTC,스윕+CHoCH,1h,1h,0.0,월,,,,,,,,,,24280.0,0.016058994901359293
BTC,스윕+CHoCH,1h,1h,0.0,월,,,,,,,,,,24281.0,-0.110982364162327
BTC,스윕+CHoCH,1h,1h,0.0,월,,,,,,,,,,24282.0,-0.1682683919278265
BTC,스윕+CHoCH,1h,1h,0.0,월,,,,,,,,,,24283.0,-0.22674666339832605
BTC,스윕+CHoCH,1h,1h,0.0,월,,,,,,,,,,24284.0,-0.3424489251263335
BTC,스윕+CHoCH,1h,1h,0.0,월,,,,,,,,,,24285.0,-0.4161710448038961
BTC,스윕+CHoCH,1h,1h,0.0,월,,,,,,,,,,24286.0,0.3462601266570025
BTC,스윕+CHoCH,1h,1h,0.0,월,,,,,,,,,,24287.0,0.25060288029980005
BTC,스윕+CHoCH,1h,1h,0.0,월,,,,,,,,,,24288.0,-0.1490535549104816
BTC,스윕+CHoCH,1h,1h,0.0,월,,,,,,,,,,24289.0,0.026230271693578243
BTC,스윕+CHoCH,1h,1h,0.0,월,,,,,,,,,,24290.0,0.16632164243905936
BTC,스윕+CHoCH,1h,1h,0.0,월,,,,,,,,,,24291.0,0.2792397817763161
BTC,스윕+CHoCH,1h,1h,0.0,월,,,,,,,,,,24292.0,0.018695641003964765
BTC,스윕+CHoCH,1h,1h,0.0,월,,,,,,,,,,24293.0,0.045068296478441544
BTC,스윕+CHoCH,1h,1h,0.0,월,,,,,,,,,,24294.0,-0.1707193843688899
BTC,스윕+CHoCH,1h,1h,0.0,월,,,,,,,,,,24295.0,0.27213301060289813
BTC,스윕+CHoCH,1h,1h,0.0,월,,,,,,,,,,24296.0,0.09748568067177464
BTC,스윕+CHoCH,1h,1h,0.0,월,,,,,,,,,,24297.0,-0.03172900680719342
BTC,스윕+CHoCH,1h,1h,0.0,월,,,,,,,,,,24298.0,-0.22196904308856394
BTC,스윕+CHoCH,1h,1h,0.0,월,,,,,,,,,,24299.0,-0.03106047909853365
BTC,스윕+CHoCH,1h,1h,0.0,월,,,,,,,,,,24300.0,0.23905228201957082
BTC,스윕+CHoCH,1h,1h,0.0,월,,,,,,,,,,24301.0,0.28432620209293474
BTC,스윕+CHoCH,1h,1h,0.0,월,,,,,,,,,,24302.0,-0.24643785177295197
BTC,스윕+CHoCH,1h,1h,0.0,월,,,,,,,,,,24303.0,0.11559219819317243
BTC,스윕+CHoCH,1h,1h,0.0,월,,,,,,,,,,24304.0,-0.08881266366572395
BTC,스윕+CHoCH,1h,1h,0.0,월,,,,,,,,,,24305.0,0.20178256621693355
BTC,스윕+CHoCH,1h,1h,0.0,월,,,,,,,,,,24306.0,0.059035334767416923
BTC,스윕+CHoCH,1h,1h,0.0,월,,,,,,,,,,24307.0,-0.23431858574729145
BTC,스윕+CHoCH,1h,1h,0.0,월,,,,,,,,,,24308.0,0.0772719669409458
BTC,스윕+CHoCH,1h,1h,0.0,월,,,,,,,,,,24309.0,-0.19301354296729242
BTC,스윕+CHoCH,1h,1h,0.0,월,,,,,,,,,,24310.0,0.016929135590768807
BTC,스윕+CHoCH,1h,1h,0.0,월,,,,,,,,,,24311.0,0.0978405050186648
BTC,스윕+CHoCH,1h,1h,0.0,월,,,,,,,,,,24312.0,-0.07339790459417694
BTC,스윕+CHoCH,1h,1h,0.0,월,,,,,,,,,,24313.0,0.27923474702091133
BTC,스윕+CHoCH,1h,1h,0.0,월,,,,,,,,,,24314.0,0.021112921258567195
BTC,스윕+CHoCH,1h,1h,0.0,월,,,,,,,,,,24315.0,0.060658905650697106
BTC,스윕+CHoCH,1h,1h,0.0,월,,,,,,,,,,24316.0,-0.1809570085462803
BTC,스윕+CHoCH,1h,1h,0.0,월,,,,,,,,,,24317.0,-0.043480164602493966
BTC,스윕+CHoCH,1h,1h,0.0,월,,,,,,,,,,24318.0,-0.0910488995244132
BTC,스윕+CHoCH,1h,1h,0.25,전체,1554.0,0.9955156950672646,239.40633222210838,-0.023166023166023165,0.03385696530707835,-0.057022988473101506,-0.030324967824967825,0.2908622908622909,0.10424710424710425,,
BTC,스윕+CHoCH,1h,1h,0.25,홀드아웃 전,1260.0,0.9955156950672646,250.96617393853927,-0.026984126984126985,0.03221129280494994,-0.05919541978907693,,0.2896825396825397,0.10396825396825397,,
BTC,스윕+CHoCH,1h,1h,0.25,홀드아웃 12개월,294.0,0.9955156950672646,197.5006778377185,-0.006802721088435374,0.04090984745905726,-0.04771256854749261,,0.29591836734693877,0.1054421768707483,,
BTC,스윕+CHoCH,1h,1h,0.25,월,,,,,,,,,,24256.0,-0.05025367402740001
BTC,스윕+CHoCH,1h,1h,0.25,월,,,,,,,,,,24257.0,-0.08051008725881913
BTC,스윕+CHoCH,1h,1h,0.25,월,,,,,,,,,,24258.0,0.08117544973811275
BTC,스윕+CHoCH,1h,1h,0.25,월,,,,,,,,,,24259.0,-0.05900737616510638
BTC,스윕+CHoCH,1h,1h,0.25,월,,,,,,,,,,24260.0,-0.5100626463613993
BTC,스윕+CHoCH,1h,1h,0.25,월,,,,,,,,,,24261.0,-0.14784383996975056
BTC,스윕+CHoCH,1h,1h,0.25,월,,,,,,,,,,24262.0,-0.10772634518665973
BTC,스윕+CHoCH,1h,1h,0.25,월,,,,,,,,,,24263.0,-0.17766151450226278
BTC,스윕+CHoCH,1h,1h,0.25,월,,,,,,,,,,24264.0,-0.12904320865625565
BTC,스윕+CHoCH,1h,1h,0.25,월,,,,,,,,,,24265.0,-0.4769715056891627
BTC,스윕+CHoCH,1h,1h,0.25,월,,,,,,,,,,24266.0,-0.07043821463730746
BTC,스윕+CHoCH,1h,1h,0.25,월,,,,,,,,,,24267.0,0.34184196626346935
BTC,스윕+CHoCH,1h,1h,0.25,월,,,,,,,,,,24268.0,0.01069889962039965
BTC,스윕+CHoCH,1h,1h,0.25,월,,,,,,,,,,24269.0,-0.5050388185323411
BTC,스윕+CHoCH,1h,1h,0.25,월,,,,,,,,,,24270.0,-0.05593676543662919
BTC,스윕+CHoCH,1h,1h,0.25,월,,,,,,,,,,24271.0,0.11828121739423697
BTC,스윕+CHoCH,1h,1h,0.25,월,,,,,,,,,,24272.0,-0.18553044283379466
BTC,스윕+CHoCH,1h,1h,0.25,월,,,,,,,,,,24273.0,-0.2880290585921183
BTC,스윕+CHoCH,1h,1h,0.25,월,,,,,,,,,,24274.0,0.0531574664473849
BTC,스윕+CHoCH,1h,1h,0.25,월,,,,,,,,,,24275.0,0.14501100769117245
BTC,스윕+CHoCH,1h,1h,0.25,월,,,,,,,,,,24276.0,-0.2780767658722994
BTC,스윕+CHoCH,1h,1h,0.25,월,,,,,,,,,,24277.0,0.06253270200908101
BTC,스윕+CHoCH,1h,1h,0.25,월,,,,,,,,,,24278.0,-0.3055708121169692
BTC,스윕+CHoCH,1h,1h,0.25,월,,,,,,,,,,24279.0,0.07713452176222707
BTC,스윕+CHoCH,1h,1h,0.25,월,,,,,,,,,,24280.0,0.016803943384576803
BTC,스윕+CHoCH,1h,1h,0.25,월,,,,,,,,,,24281.0,-0.11017319634338855
BTC,스윕+CHoCH,1h,1h,0.25,월,,,,,,,,,,24282.0,-0.16730436286999986
BTC,스윕+CHoCH,1h,1h,0.25,월,,,,,,,,,,24283.0,-0.2258726475994779
BTC,스윕+CHoCH,1h,1h,0.25,월,,,,,,,,,,24284.0,-0.3409110210226548
BTC,스윕+CHoCH,1h,1h,0.25,월,,,,,,,,,,24285.0,-0.41451692984174776
BTC,스윕+CHoCH,1h,1h,0.25,월,,,,,,,,,,24286.0,0.34686534829566523
BTC,스윕+CHoCH,1h,1h,0.25,월,,,,,,,,,,24287.0,0.2513190501031059
BTC,스윕+CHoCH,1h,1h,0.25,월,,,,,,,,,,24288.0,-0.14839369260000249
BTC,스윕+CHoCH,1h,1h,0.25,월,,,,,,,,,,24289.0,0.027135820100702087
BTC,스윕+CHoCH,1h,1h,0.25,월,,,,,,,,,,24290.0,0.16698931777321602
BTC,스윕+CHoCH,1h,1h,0.25,월,,,,,,,,,,24291.0,0.17934651651456224
BTC,스윕+CHoCH,1h,1h,0.25,월,,,,,,,,,,24292.0,0.13948419690244468
BTC,스윕+CHoCH,1h,1h,0.25,월,,,,,,,,,,24293.0,0.04578934401035381
BTC,스윕+CHoCH,1h,1h,0.25,월,,,,,,,,,,24294.0,-0.16996951423351594
BTC,스윕+CHoCH,1h,1h,0.25,월,,,,,,,,,,24295.0,0.27268989065997035
BTC,스윕+CHoCH,1h,1h,0.25,월,,,,,,,,,,24296.0,0.09795786214644162
BTC,스윕+CHoCH,1h,1h,0.25,월,,,,,,,,,,24297.0,-0.031080669736749143
BTC,스윕+CHoCH,1h,1h,0.25,월,,,,,,,,,,24298.0,-0.22107207097671344
BTC,스윕+CHoCH,1h,1h,0.25,월,,,,,,,,,,24299.0,-0.0303785013689314
BTC,스윕+CHoCH,1h,1h,0.25,월,,,,,,,,,,24300.0,0.13906593492158634
BTC,스윕+CHoCH,1h,1h,0.25,월,,,,,,,,,,24301.0,0.28515335830031285
BTC,스윕+CHoCH,1h,1h,0.25,월,,,,,,,,,,24302.0,-0.24579473829191853
BTC,스윕+CHoCH,1h,1h,0.25,월,,,,,,,,,,24303.0,0.1161725216207236
BTC,스윕+CHoCH,1h,1h,0.25,월,,,,,,,,,,24304.0,-0.08779388717720021
BTC,스윕+CHoCH,1h,1h,0.25,월,,,,,,,,,,24305.0,0.0635248847162055
BTC,스윕+CHoCH,1h,1h,0.25,월,,,,,,,,,,24306.0,0.060093798559942194
BTC,스윕+CHoCH,1h,1h,0.25,월,,,,,,,,,,24307.0,-0.2328088359347545
BTC,스윕+CHoCH,1h,1h,0.25,월,,,,,,,,,,24308.0,0.07833865518409454
BTC,스윕+CHoCH,1h,1h,0.25,월,,,,,,,,,,24309.0,-0.1919622367620629
BTC,스윕+CHoCH,1h,1h,0.25,월,,,,,,,,,,24310.0,0.017558846078071667
BTC,스윕+CHoCH,1h,1h,0.25,월,,,,,,,,,,24311.0,0.09855935725828996
BTC,스윕+CHoCH,1h,1h,0.25,월,,,,,,,,,,24312.0,-0.07268545305881936
BTC,스윕+CHoCH,1h,1h,0.25,월,,,,,,,,,,24313.0,0.2807172227203413
BTC,스윕+CHoCH,1h,1h,0.25,월,,,,,,,,,,24314.0,-0.07867561281075341
BTC,스윕+CHoCH,1h,1h,0.25,월,,,,,,,,,,24315.0,0.10468347047982174
BTC,스윕+CHoCH,1h,1h,0.25,월,,,,,,,,,,24316.0,-0.23603326883011505
BTC,스윕+CHoCH,1h,1h,0.25,월,,,,,,,,,,24317.0,-0.04273115402670566
BTC,스윕+CHoCH,1h,1h,0.25,월,,,,,,,,,,24318.0,-0.09030888395556745
BTC,스윕+CHoCH,4h,5m,0.0,전체,1228.0,0.9951377633711507,88.59585057336196,0.0008143322475570033,0.09029628075338866,-0.08948194850583166,-0.02687296416938111,0.3314332247557003,0.006514657980456026,,
BTC,스윕+CHoCH,4h,5m,0.0,홀드아웃 전,972.0,0.9951377633711507,93.43598147702065,-0.0205761316872428,0.08510857248621131,-0.1056847041734541,,0.32407407407407407,0.00720164609053498,,
BTC,스윕+CHoCH,4h,5m,0.0,홀드아웃 12개월,256.0,0.9951377633711507,69.55249008705249,0.08203125,0.10999336058032771,-0.027962110580327697,,0.359375,0.00390625,,
BTC,스윕+CHoCH,4h,5m,0.0,월,,,,,,,,,,24256.0,0.11245184668255417
BTC,스윕+CHoCH,4h,5m,0.0,월,,,,,,,,,,24257.0,-0.0030964055922169304
BTC,스윕+CHoCH,4h,5m,0.0,월,,,,,,,,,,24258.0,-0.46843297433736814
BTC,스윕+CHoCH,4h,5m,0.0,월,,,,,,,,,,24259.0,-0.5982363544434545
BTC,스윕+CHoCH,4h,5m,0.0,월,,,,,,,,,,24260.0,-0.356439475906583
BTC,스윕+CHoCH,4h,5m,0.0,월,,,,,,,,,,24261.0,-0.18133838087189963
BTC,스윕+CHoCH,4h,5m,0.0,월,,,,,,,,,,24262.0,-0.5400805703565765
BTC,스윕+CHoCH,4h,5m,0.0,월,,,,,,,,,,24263.0,-0.28598839405736187
BTC,스윕+CHoCH,4h,5m,0.0,월,,,,,,,,,,24264.0,0.3107280956839143
BTC,스윕+CHoCH,4h,5m,0.0,월,,,,,,,,,,24265.0,-0.7304521255225311
BTC,스윕+CHoCH,4h,5m,0.0,월,,,,,,,,,,24266.0,-0.6048698786826663
BTC,스윕+CHoCH,4h,5m,0.0,월,,,,,,,,,,24267.0,0.43696174853910963
BTC,스윕+CHoCH,4h,5m,0.0,월,,,,,,,,,,24268.0,-0.061425662455177873
BTC,스윕+CHoCH,4h,5m,0.0,월,,,,,,,,,,24269.0,-0.05966145429535352
BTC,스윕+CHoCH,4h,5m,0.0,월,,,,,,,,,,24270.0,0.3866904312060012
BTC,스윕+CHoCH,4h,5m,0.0,월,,,,,,,,,,24271.0,-0.16354974475260922
BTC,스윕+CHoCH,4h,5m,0.0,월,,,,,,,,,,24272.0,-0.023037749689373586
BTC,스윕+CHoCH,4h,5m,0.0,월,,,,,,,,,,24273.0,-0.38456697202804047
BTC,스윕+CHoCH,4h,5m,0.0,월,,,,,,,,,,24274.0,0.06267222646540921
BTC,스윕+CHoCH,4h,5m,0.0,월,,,,,,,,,,24275.0,0.08304545288450223
BTC,스윕+CHoCH,4h,5m,0.0,월,,,,,,,,,,24276.0,-0.593233677893682
BTC,스윕+CHoCH,4h,5m,0.0,월,,,,,,,,,,24277.0,-0.42095455768319434
BTC,스윕+CHoCH,4h,5m,0.0,월,,,,,,,,,,24278.0,-0.1909445085365893
BTC,스윕+CHoCH,4h,5m,0.0,월,,,,,,,,,,24279.0,0.5391091444986452
BTC,스윕+CHoCH,4h,5m,0.0,월,,,,,,,,,,24280.0,0.1843123919387386
BTC,스윕+CHoCH,4h,5m,0.0,월,,,,,,,,,,24281.0,-0.4426956645367755
BTC,스윕+CHoCH,4h,5m,0.0,월,,,,,,,,,,24282.0,-0.3137938995166307
BTC,스윕+CHoCH,4h,5m,0.0,월,,,,,,,,,,24283.0,0.11968828985161342
BTC,스윕+CHoCH,4h,5m,0.0,월,,,,,,,,,,24284.0,-0.1086502021482079
BTC,스윕+CHoCH,4h,5m,0.0,월,,,,,,,,,,24285.0,-0.36356318309890834
BTC,스윕+CHoCH,4h,5m,0.0,월,,,,,,,,,,24286.0,0.5030542059989118
BTC,스윕+CHoCH,4h,5m,0.0,월,,,,,,,,,,24287.0,-0.09871741309551665
BTC,스윕+CHoCH,4h,5m,0.0,월,,,,,,,,,,24288.0,0.06176928843441983
BTC,스윕+CHoCH,4h,5m,0.0,월,,,,,,,,,,24289.0,0.19476816230374852
BTC,스윕+CHoCH,4h,5m,0.0,월,,,,,,,,,,24290.0,0.4072069920094407
BTC,스윕+CHoCH,4h,5m,0.0,월,,,,,,,,,,24291.0,-0.26676162233992934
BTC,스윕+CHoCH,4h,5m,0.0,월,,,,,,,,,,24292.0,-0.19853115302119742
BTC,스윕+CHoCH,4h,5m,0.0,월,,,,,,,,,,24293.0,-0.21676968058683513
BTC,스윕+CHoCH,4h,5m,0.0,월,,,,,,,,,,24294.0,-0.49385780644178884
BTC,스윕+CHoCH,4h,5m,0.0,월,,,,,,,,,,24295.0,-0.19001517000691984
BTC,스윕+CHoCH,4h,5m,0.0,월,,,,,,,,,,24296.0,-0.32967122305434016
BTC,스윕+CHoCH,4h,5m,0.0,월,,,,,,,,,,24297.0,0.047034450304594334
BTC,스윕+CHoCH,4h,5m,0.0,월,,,,,,,,,,24298.0,-0.12496696606543801
BTC,스윕+CHoCH,4h,5m,0.0,월,,,,,,,,,,24299.0,0.32329862960380235
BTC,스윕+CHoCH,4h,5m,0.0,월,,,,,,,,,,24300.0,0.5824546294492154
BTC,스윕+CHoCH,4h,5m,0.0,월,,,,,,,,,,24301.0,0.19016680762099997
BTC,스윕+CHoCH,4h,5m,0.0,월,,,,,,,,,,24302.0,0.04834243435209238
BTC,스윕+CHoCH,4h,5m,0.0,월,,,,,,,,,,24303.0,-0.2294124517457237
BTC,스윕+CHoCH,4h,5m,0.0,월,,,,,,,,,,24304.0,0.08170448694858877
BTC,스윕+CHoCH,4h,5m,0.0,월,,,,,,,,,,24305.0,0.2233815954176262
BTC,스윕+CHoCH,4h,5m,0.0,월,,,,,,,,,,24306.0,0.07165805947284432
BTC,스윕+CHoCH,4h,5m,0.0,월,,,,,,,,,,24307.0,-0.7419437633375288
BTC,스윕+CHoCH,4h,5m,0.0,월,,,,,,,,,,24308.0,-0.2065571594825116
BTC,스윕+CHoCH,4h,5m,0.0,월,,,,,,,,,,24309.0,0.06006794688789637
BTC,스윕+CHoCH,4h,5m,0.0,월,,,,,,,,,,24310.0,0.13801412128263243
BTC,스윕+CHoCH,4h,5m,0.0,월,,,,,,,,,,24311.0,-0.004446791652677869
BTC,스윕+CHoCH,4h,5m,0.0,월,,,,,,,,,,24312.0,0.5962295408562688
BTC,스윕+CHoCH,4h,5m,0.0,월,,,,,,,,,,24313.0,-0.22377673196966202
BTC,스윕+CHoCH,4h,5m,0.0,월,,,,,,,,,,24314.0,-0.3883060724018078
BTC,스윕+CHoCH,4h,5m,0.0,월,,,,,,,,,,24315.0,0.13715790108069614
BTC,스윕+CHoCH,4h,5m,0.0,월,,,,,,,,,,24316.0,-0.34059242960405045
BTC,스윕+CHoCH,4h,5m,0.0,월,,,,,,,,,,24317.0,0.4655832119815718
BTC,스윕+CHoCH,4h,5m,0.0,월,,,,,,,,,,24318.0,-0.3123255162571829
BTC,스윕+CHoCH,4h,5m,0.25,전체,1253.0,0.9952343129467831,91.5948099664037,-0.011971268954509178,0.08654162633791442,-0.09851289529242362,0.024840383080606543,0.3272146847565842,0.006384676775738229,,
BTC,스윕+CHoCH,4h,5m,0.25,홀드아웃 전,989.0,0.9952343129467831,97.99396667069355,-0.034378159757330634,0.08138081495007352,-0.11575897470740412,,0.3195146612740142,0.007077856420626896,,
BTC,스윕+CHoCH,4h,5m,0.25,홀드아웃 12개월,264.0,0.9952343129467831,70.42903598722192,0.07196969696969698,0.10587512051433366,-0.033905423544636694,,0.3560606060606061,0.003787878787878788,,
BTC,스윕+CHoCH,4h,5m,0.25,월,,,,,,,,,,24256.0,0.21196652774307082
BTC,스윕+CHoCH,4h,5m,0.25,월,,,,,,,,,,24257.0,0.0826517260917737
BTC,스윕+CHoCH,4h,5m,0.25,월,,,,,,,,,,24258.0,-0.46551213500662747
BTC,스윕+CHoCH,4h,5m,0.25,월,,,,,,,,,,24259.0,-0.5940540303146352
BTC,스윕+CHoCH,4h,5m,0.25,월,,,,,,,,,,24260.0,-0.38105955225044563
BTC,스윕+CHoCH,4h,5m,0.25,월,,,,,,,,,,24261.0,-0.177384281968036
BTC,스윕+CHoCH,4h,5m,0.25,월,,,,,,,,,,24262.0,-0.3755085324572129
BTC,스윕+CHoCH,4h,5m,0.25,월,,,,,,,,,,24263.0,-0.28199602201860346
BTC,스윕+CHoCH,4h,5m,0.25,월,,,,,,,,,,24264.0,0.21116363581318923
BTC,스윕+CHoCH,4h,5m,0.25,월,,,,,,,,,,24265.0,-0.5897717848071609
BTC,스윕+CHoCH,4h,5m,0.25,월,,,,,,,,,,24266.0,-0.6404348878073369
BTC,스윕+CHoCH,4h,5m,0.25,월,,,,,,,,,,24267.0,0.44078222850423143
BTC,스윕+CHoCH,4h,5m,0.25,월,,,,,,,,,,24268.0,-0.05821001638469768
BTC,스윕+CHoCH,4h,5m,0.25,월,,,,,,,,,,24269.0,-0.05631337077261825
BTC,스윕+CHoCH,4h,5m,0.25,월,,,,,,,,,,24270.0,0.3889308098059331
BTC,스윕+CHoCH,4h,5m,0.25,월,,,,,,,,,,24271.0,-0.060856935621280125
BTC,스윕+CHoCH,4h,5m,0.25,월,,,,,,,,,,24272.0,-0.08125593155424776
BTC,스윕+CHoCH,4h,5m,0.25,월,,,,,,,,,,24273.0,-0.5402109721948384
BTC,스윕+CHoCH,4h,5m,0.25,월,,,,,,,,,,24274.0,0.19535533370913635
BTC,스윕+CHoCH,4h,5m,0.25,월,,,,,,,,,,24275.0,0.08828282642556112
BTC,스윕+CHoCH,4h,5m,0.25,월,,,,,,,,,,24276.0,-0.43815088956387976
BTC,스윕+CHoCH,4h,5m,0.25,월,,,,,,,,,,24277.0,-0.40833983689274395
BTC,스윕+CHoCH,4h,5m,0.25,월,,,,,,,,,,24278.0,-0.24724490848265399
BTC,스윕+CHoCH,4h,5m,0.25,월,,,,,,,,,,24279.0,0.28658778526478984
BTC,스윕+CHoCH,4h,5m,0.25,월,,,,,,,,,,24280.0,0.1866302450045855
BTC,스윕+CHoCH,4h,5m,0.25,월,,,,,,,,,,24281.0,-0.43809343998127975
BTC,스윕+CHoCH,4h,5m,0.25,월,,,,,,,,,,24282.0,-0.3077442538791336
BTC,스윕+CHoCH,4h,5m,0.25,월,,,,,,,,,,24283.0,0.1251397271678589
BTC,스윕+CHoCH,4h,5m,0.25,월,,,,,,,,,,24284.0,-0.10368942778192447
BTC,스윕+CHoCH,4h,5m,0.25,월,,,,,,,,,,24285.0,-0.35717967787703825
BTC,스윕+CHoCH,4h,5m,0.25,월,,,,,,,,,,24286.0,0.5076633853876252
BTC,스윕+CHoCH,4h,5m,0.25,월,,,,,,,,,,24287.0,-0.1501271639116368
BTC,스윕+CHoCH,4h,5m,0.25,월,,,,,,,,,,24288.0,0.06887586222216284
BTC,스윕+CHoCH,4h,5m,0.25,월,,,,,,,,,,24289.0,0.037268689432141504
BTC,스윕+CHoCH,4h,5m,0.25,월,,,,,,,,,,24290.0,0.19446482866599965
BTC,스윕+CHoCH,4h,5m,0.25,월,,,,,,,,,,24291.0,-0.26139804558460683
BTC,스윕+CHoCH,4h,5m,0.25,월,,,,,,,,,,24292.0,-0.19447161112263203
BTC,스윕+CHoCH,4h,5m,0.25,월,,,,,,,,,,24293.0,-0.21093561856233634
BTC,스윕+CHoCH,4h,5m,0.25,월,,,,,,,,,,24294.0,-0.4845483476367194
BTC,스윕+CHoCH,4h,5m,0.25,월,,,,,,,,,,24295.0,-0.18549392204021564
BTC,스윕+CHoCH,4h,5m,0.25,월,,,,,,,,,,24296.0,-0.3238091773808263
BTC,스윕+CHoCH,4h,5m,0.25,월,,,,,,,,,,24297.0,0.05332588856838
BTC,스윕+CHoCH,4h,5m,0.25,월,,,,,,,,,,24298.0,-0.30737394554705844
BTC,스윕+CHoCH,4h,5m,0.25,월,,,,,,,,,,24299.0,0.3281733160946902
BTC,스윕+CHoCH,4h,5m,0.25,월,,,,,,,,,,24300.0,0.49133357849532655
BTC,스윕+CHoCH,4h,5m,0.25,월,,,,,,,,,,24301.0,0.14543452343447522
BTC,스윕+CHoCH,4h,5m,0.25,월,,,,,,,,,,24302.0,0.05452458847497351
BTC,스윕+CHoCH,4h,5m,0.25,월,,,,,,,,,,24303.0,-0.2923342080191941
BTC,스윕+CHoCH,4h,5m,0.25,월,,,,,,,,,,24304.0,-0.04582736403879899
BTC,스윕+CHoCH,4h,5m,0.25,월,,,,,,,,,,24305.0,-0.11165031004570859
BTC,스윕+CHoCH,4h,5m,0.25,월,,,,,,,,,,24306.0,0.21077948823783058
BTC,스윕+CHoCH,4h,5m,0.25,월,,,,,,,,,,24307.0,-0.7817488236027005
BTC,스윕+CHoCH,4h,5m,0.25,월,,,,,,,,,,24308.0,-0.19841043406713357
BTC,스윕+CHoCH,4h,5m,0.25,월,,,,,,,,,,24309.0,0.06941148225208053
BTC,스윕+CHoCH,4h,5m,0.25,월,,,,,,,,,,24310.0,0.09902932406698613
BTC,스윕+CHoCH,4h,5m,0.25,월,,,,,,,,,,24311.0,0.03015100592958946
BTC,스윕+CHoCH,4h,5m,0.25,월,,,,,,,,,,24312.0,0.4686050107514347
BTC,스윕+CHoCH,4h,5m,0.25,월,,,,,,,,,,24313.0,-0.2138016433206496
BTC,스윕+CHoCH,4h,5m,0.25,월,,,,,,,,,,24314.0,-0.3835635370710033
BTC,스윕+CHoCH,4h,5m,0.25,월,,,,,,,,,,24315.0,0.36847175107171964
BTC,스윕+CHoCH,4h,5m,0.25,월,,,,,,,,,,24316.0,-0.6537331937726546
BTC,스윕+CHoCH,4h,5m,0.25,월,,,,,,,,,,24317.0,0.47196646930443104
BTC,스윕+CHoCH,4h,5m,0.25,월,,,,,,,,,,24318.0,-0.16614115170905513
BTC,스윕+CHoCH,4h,15m,0.0,전체,1202.0,0.9950331125827815,130.32615503878043,-0.054076539101497505,0.06098801230013139,-0.11506455140162893,-0.02298252911813644,0.3069883527454243,0.024958402662229616,,
BTC,스윕+CHoCH,4h,15m,0.0,홀드아웃 전,955.0,0.9950331125827815,138.2166861373673,-0.06492146596858639,0.05730957923120963,-0.12223104519979602,,0.30157068062827225,0.030366492146596858,,
BTC,스윕+CHoCH,4h,15m,0.0,홀드아웃 12개월,247.0,0.9950331125827815,100.68276749454819,-0.012145748987854251,0.07521029400385723,-0.08735604299171147,,0.32793522267206476,0.004048582995951417,,
BTC,스윕+CHoCH,4h,15m,0.0,월,,,,,,,,,,24256.0,0.22387435960952337
BTC,스윕+CHoCH,4h,15m,0.0,월,,,,,,,,,,24257.0,-0.11590856995746288
BTC,스윕+CHoCH,4h,15m,0.0,월,,,,,,,,,,24258.0,-0.15381789266852938
BTC,스윕+CHoCH,4h,15m,0.0,월,,,,,,,,,,24259.0,-0.5475826890910175
BTC,스윕+CHoCH,4h,15m,0.0,월,,,,,,,,,,24260.0,-0.22654378111495524
BTC,스윕+CHoCH,4h,15m,0.0,월,,,,,,,,,,24261.0,-0.5056492199327797
BTC,스윕+CHoCH,4h,15m,0.0,월,,,,,,,,,,24262.0,-0.43447832233640216
BTC,스윕+CHoCH,4h,15m,0.0,월,,,,,,,,,,24263.0,-0.08618673041084204
BTC,스윕+CHoCH,4h,15m,0.0,월,,,,,,,,,,24264.0,-0.3593977710093374
BTC,스윕+CHoCH,4h,15m,0.0,월,,,,,,,,,,24265.0,-0.6984156963095197
BTC,스윕+CHoCH,4h,15m,0.0,월,,,,,,,,,,24266.0,-0.3970186580825881
BTC,스윕+CHoCH,4h,15m,0.0,월,,,,,,,,,,24267.0,0.4249380141427762
BTC,스윕+CHoCH,4h,15m,0.0,월,,,,,,,,,,24268.0,0.017696216642570758
BTC,스윕+CHoCH,4h,15m,0.0,월,,,,,,,,,,24269.0,0.16659645106524001
BTC,스윕+CHoCH,4h,15m,0.0,월,,,,,,,,,,24270.0,0.021195316967155587
BTC,스윕+CHoCH,4h,15m,0.0,월,,,,,,,,,,24271.0,0.2519847548810746
BTC,스윕+CHoCH,4h,15m,0.0,월,,,,,,,,,,24272.0,-0.26269484152204714
BTC,스윕+CHoCH,4h,15m,0.0,월,,,,,,,,,,24273.0,-0.32200653516173794
BTC,스윕+CHoCH,4h,15m,0.0,월,,,,,,,,,,24274.0,0.22226543185944456
BTC,스윕+CHoCH,4h,15m,0.0,월,,,,,,,,,,24275.0,0.003487298228746008
BTC,스윕+CHoCH,4h,15m,0.0,월,,,,,,,,,,24276.0,-0.5007996588956034
BTC,스윕+CHoCH,4h,15m,0.0,월,,,,,,,,,,24277.0,-0.16799239128561388
BTC,스윕+CHoCH,4h,15m,0.0,월,,,,,,,,,,24278.0,-0.5597533252279141
BTC,스윕+CHoCH,4h,15m,0.0,월,,,,,,,,,,24279.0,-0.44941348672909603
BTC,스윕+CHoCH,4h,15m,0.0,월,,,,,,,,,,24280.0,-0.28602299392374764
BTC,스윕+CHoCH,4h,15m,0.0,월,,,,,,,,,,24281.0,-0.2875323031098185
BTC,스윕+CHoCH,4h,15m,0.0,월,,,,,,,,,,24282.0,-0.5692699880923525
BTC,스윕+CHoCH,4h,15m,0.0,월,,,,,,,,,,24283.0,0.39376712432096617
BTC,스윕+CHoCH,4h,15m,0.0,월,,,,,,,,,,24284.0,0.12056937419458498
BTC,스윕+CHoCH,4h,15m,0.0,월,,,,,,,,,,24285.0,-0.5037747003303831
BTC,스윕+CHoCH,4h,15m,0.0,월,,,,,,,,,,24286.0,0.5143895624844452
BTC,스윕+CHoCH,4h,15m,0.0,월,,,,,,,,,,24287.0,-0.1866058569771909
BTC,스윕+CHoCH,4h,15m,0.0,월,,,,,,,,,,24288.0,0.19807721831363428
BTC,스윕+CHoCH,4h,15m,0.0,월,,,,,,,,,,24289.0,-0.05543637040157494
BTC,스윕+CHoCH,4h,15m,0.0,월,,,,,,,,,,24290.0,0.4029615045059102
BTC,스윕+CHoCH,4h,15m,0.0,월,,,,,,,,,,24291.0,-0.27928551443730254
BTC,스윕+CHoCH,4h,15m,0.0,월,,,,,,,,,,24292.0,0.17516496439585028
BTC,스윕+CHoCH,4h,15m,0.0,월,,,,,,,,,,24293.0,-0.02502333955969525
BTC,스윕+CHoCH,4h,15m,0.0,월,,,,,,,,,,24294.0,0.2141987738467978
BTC,스윕+CHoCH,4h,15m,0.0,월,,,,,,,,,,24295.0,-0.24837569008173332
BTC,스윕+CHoCH,4h,15m,0.0,월,,,,,,,,,,24296.0,0.11894087376064953
BTC,스윕+CHoCH,4h,15m,0.0,월,,,,,,,,,,24297.0,-0.3606673095406398
BTC,스윕+CHoCH,4h,15m,0.0,월,,,,,,,,,,24298.0,-0.14607208492998236
BTC,스윕+CHoCH,4h,15m,0.0,월,,,,,,,,,,24299.0,0.4461836892478943
BTC,스윕+CHoCH,4h,15m,0.0,월,,,,,,,,,,24300.0,0.00983223894370412
BTC,스윕+CHoCH,4h,15m,0.0,월,,,,,,,,,,24301.0,-0.25561810544651375
BTC,스윕+CHoCH,4h,15m,0.0,월,,,,,,,,,,24302.0,-0.2945538475400096
BTC,스윕+CHoCH,4h,15m,0.0,월,,,,,,,,,,24303.0,-0.2638309401532356
BTC,스윕+CHoCH,4h,15m,0.0,월,,,,,,,,,,24304.0,0.49565151194418755
BTC,스윕+CHoCH,4h,15m,0.0,월,,,,,,,,,,24305.0,-0.3815656363825375
BTC,스윕+CHoCH,4h,15m,0.0,월,,,,,,,,,,24306.0,-0.3117911119535231
BTC,스윕+CHoCH,4h,15m,0.0,월,,,,,,,,,,24307.0,-0.48256426788004003
BTC,스윕+CHoCH,4h,15m,0.0,월,,,,,,,,,,24308.0,0.03977073806748477
BTC,스윕+CHoCH,4h,15m,0.0,월,,,,,,,,,,24309.0,-0.6892007794913118
BTC,스윕+CHoCH,4h,15m,0.0,월,,,,,,,,,,24310.0,0.21908477298962967
BTC,스윕+CHoCH,4h,15m,0.0,월,,,,,,,,,,24311.0,-0.06116721564156855
BTC,스윕+CHoCH,4h,15m,0.0,월,,,,,,,,,,24312.0,0.746950615975566
BTC,스윕+CHoCH,4h,15m,0.0,월,,,,,,,,,,24313.0,-0.16346811614433798
BTC,스윕+CHoCH,4h,15m,0.0,월,,,,,,,,,,24314.0,-0.44475435960787746
BTC,스윕+CHoCH,4h,15m,0.0,월,,,,,,,,,,24315.0,0.009824987019085043
BTC,스윕+CHoCH,4h,15m,0.0,월,,,,,,,,,,24316.0,-0.4130445018557496
BTC,스윕+CHoCH,4h,15m,0.0,월,,,,,,,,,,24317.0,-0.13552685062199893
BTC,스윕+CHoCH,4h,15m,0.0,월,,,,,,,,,,24318.0,-0.32167978361195027
BTC,스윕+CHoCH,4h,15m,0.25,전체,1206.0,0.995049504950495,135.48444798594952,-0.06716417910447761,0.05907699731829563,-0.12624117642277324,-0.019485903814262025,0.30265339966832505,0.024875621890547265,,
BTC,스윕+CHoCH,4h,15m,0.25,홀드아웃 전,957.0,0.995049504950495,143.26959060998004,-0.07314524555903866,0.05507626333708017,-0.12822150889611883,,0.2988505747126437,0.030303030303030304,,
BTC,스윕+CHoCH,4h,15m,0.25,홀드아웃 12개월,249.0,0.995049504950495,105.04864373565442,-0.04417670682730924,0.07445331225814783,-0.11863001908545706,,0.3172690763052209,0.004016064257028112,,
BTC,스윕+CHoCH,4h,15m,0.25,월,,,,,,,,,,24256.0,0.2259242894228887
BTC,스윕+CHoCH,4h,15m,0.25,월,,,,,,,,,,24257.0,-0.11472637163875864
BTC,스윕+CHoCH,4h,15m,0.25,월,,,,,,,,,,24258.0,-0.15254922204189694
BTC,스윕+CHoCH,4h,15m,0.25,월,,,,,,,,,,24259.0,-0.5456039783456222
BTC,스윕+CHoCH,4h,15m,0.25,월,,,,,,,,,,24260.0,-0.2245903120072197
BTC,스윕+CHoCH,4h,15m,0.25,월,,,,,,,,,,24261.0,-0.5042343391991797
BTC,스윕+CHoCH,4h,15m,0.25,월,,,,,,,,,,24262.0,-0.26369127842286094
BTC,스윕+CHoCH,4h,15m,0.25,월,,,,,,,,,,24263.0,-0.08443987009637068
BTC,스윕+CHoCH,4h,15m,0.25,월,,,,,,,,,,24264.0,-0.5898113080381753
BTC,스윕+CHoCH,4h,15m,0.25,월,,,,,,,,,,24265.0,-0.6964314072332191
BTC,스윕+CHoCH,4h,15m,0.25,월,,,,,,,,,,24266.0,-0.39531851122864875
BTC,스윕+CHoCH,4h,15m,0.25,월,,,,,,,,,,24267.0,0.42666609292264196
BTC,스윕+CHoCH,4h,15m,0.25,월,,,,,,,,,,24268.0,-0.15868481435847628
BTC,스윕+CHoCH,4h,15m,0.25,월,,,,,,,,,,24269.0,0.16779477665832918
BTC,스윕+CHoCH,4h,15m,0.25,월,,,,,,,,,,24270.0,0.02233551831401708
BTC,스윕+CHoCH,4h,15m,0.25,월,,,,,,,,,,24271.0,0.2535228920861129
BTC,스윕+CHoCH,4h,15m,0.25,월,,,,,,,,,,24272.0,-0.2606170502146329
BTC,스윕+CHoCH,4h,15m,0.25,월,,,,,,,,,,24273.0,-0.32023362093580054
BTC,스윕+CHoCH,4h,15m,0.25,월,,,,,,,,,,24274.0,0.22454316499739216
BTC,스윕+CHoCH,4h,15m,0.25,월,,,,,,,,,,24275.0,0.005987114391466347
BTC,스윕+CHoCH,4h,15m,0.25,월,,,,,,,,,,24276.0,-0.4964210772608714
BTC,스윕+CHoCH,4h,15m,0.25,월,,,,,,,,,,24277.0,-0.1629223472373646
BTC,스윕+CHoCH,4h,15m,0.25,월,,,,,,,,,,24278.0,-0.5574158048676882
BTC,스윕+CHoCH,4h,15m,0.25,월,,,,,,,,,,24279.0,-0.4484594748124296
BTC,스윕+CHoCH,4h,15m,0.25,월,,,,,,,,,,24280.0,-0.28452112376028477
BTC,스윕+CHoCH,4h,15m,0.25,월,,,,,,,,,,24281.0,-0.28477550646954525
BTC,스윕+CHoCH,4h,15m,0.25,월,,,,,,,,,,24282.0,-0.5669861585481979
BTC,스윕+CHoCH,4h,15m,0.25,월,,,,,,,,,,24283.0,0.39644690152136625
BTC,스윕+CHoCH,4h,15m,0.25,월,,,,,,,,,,24284.0,0.12327832299207174
BTC,스윕+CHoCH,4h,15m,0.25,월,,,,,,,,,,24285.0,-0.49994124586886285
BTC,스윕+CHoCH,4h,15m,0.25,월,,,,,,,,,,24286.0,0.29793273924807806
BTC,스윕+CHoCH,4h,15m,0.25,월,,,,,,,,,,24287.0,-0.18404066556540985
BTC,스윕+CHoCH,4h,15m,0.25,월,,,,,,,,,,24288.0,0.20089402882494758
BTC,스윕+CHoCH,4h,15m,0.25,월,,,,,,,,,,24289.0,0.10678897774662591
BTC,스윕+CHoCH,4h,15m,0.25,월,,,,,,,,,,24290.0,0.40532540621999674
BTC,스윕+CHoCH,4h,15m,0.25,월,,,,,,,,,,24291.0,-0.27765503150201826
BTC,스윕+CHoCH,4h,15m,0.25,월,,,,,,,,,,24292.0,0.3143276923905524
BTC,스윕+CHoCH,4h,15m,0.25,월,,,,,,,,,,24293.0,-0.022177407514953857
BTC,스윕+CHoCH,4h,15m,0.25,월,,,,,,,,,,24294.0,0.07271055871502095
BTC,스윕+CHoCH,4h,15m,0.25,월,,,,,,,,,,24295.0,-0.24517823045240464
BTC,스윕+CHoCH,4h,15m,0.25,월,,,,,,,,,,24296.0,0.058366862546112584
BTC,스윕+CHoCH,4h,15m,0.25,월,,,,,,,,,,24297.0,-0.3571855049391862
BTC,스윕+CHoCH,4h,15m,0.25,월,,,,,,,,,,24298.0,-0.1431131968275814
BTC,스윕+CHoCH,4h,15m,0.25,월,,,,,,,,,,24299.0,0.4487336872407917
BTC,스윕+CHoCH,4h,15m,0.25,월,,,,,,,,,,24300.0,-0.15584376721718257
BTC,스윕+CHoCH,4h,15m,0.25,월,,,,,,,,,,24301.0,-0.2846726385746064
BTC,스윕+CHoCH,4h,15m,0.25,월,,,,,,,,,,24302.0,-0.2916057941011377
BTC,스윕+CHoCH,4h,15m,0.25,월,,,,,,,,,,24303.0,-0.2616669683210168
BTC,스윕+CHoCH,4h,15m,0.25,월,,,,,,,,,,24304.0,0.49782995856882656
BTC,스윕+CHoCH,4h,15m,0.25,월,,,,,,,,,,24305.0,-0.3774519012961175
BTC,스윕+CHoCH,4h,15m,0.25,월,,,,,,,,,,24306.0,-0.3075206785247296
BTC,스윕+CHoCH,4h,15m,0.25,월,,,,,,,,,,24307.0,-0.4777770992420224
BTC,스윕+CHoCH,4h,15m,0.25,월,,,,,,,,,,24308.0,-0.016508382771539366
BTC,스윕+CHoCH,4h,15m,0.25,월,,,,,,,,,,24309.0,-0.6843742553752535
BTC,스윕+CHoCH,4h,15m,0.25,월,,,,,,,,,,24310.0,0.3309159699524481
BTC,스윕+CHoCH,4h,15m,0.25,월,,,,,,,,,,24311.0,-0.05830374292445934
BTC,스윕+CHoCH,4h,15m,0.25,월,,,,,,,,,,24312.0,0.676344729196974
BTC,스윕+CHoCH,4h,15m,0.25,월,,,,,,,,,,24313.0,-0.15973363281682676
BTC,스윕+CHoCH,4h,15m,0.25,월,,,,,,,,,,24314.0,-0.44274510840828374
BTC,스윕+CHoCH,4h,15m,0.25,월,,,,,,,,,,24315.0,-0.31576185999071427
BTC,스윕+CHoCH,4h,15m,0.25,월,,,,,,,,,,24316.0,-0.4099343993117281
BTC,스윕+CHoCH,4h,15m,0.25,월,,,,,,,,,,24317.0,-0.13235508974768584
BTC,스윕+CHoCH,4h,15m,0.25,월,,,,,,,,,,24318.0,-0.3189349135812184
BTC,스윕+CHoCH,4h,1h,0.0,전체,757.0,0.997364953886693,241.95779646747056,-0.10171730515191546,0.03315522210541256,-0.134872527257328,-0.0643989431968296,0.2668428005284016,0.0977542932628798,,
BTC,스윕+CHoCH,4h,1h,0.0,홀드아웃 전,605.0,0.997364953886693,255.90767344027495,-0.11570247933884298,0.0314055604482467,-0.1471080397870897,,0.25950413223140495,0.10578512396694215,,
BTC,스윕+CHoCH,4h,1h,0.0,홀드아웃 12개월,152.0,0.997364953886693,189.62494425009953,-0.046052631578947366,0.04011933593821084,-0.08617196751715818,,0.29605263157894735,0.06578947368421052,,
BTC,스윕+CHoCH,4h,1h,0.0,월,,,,,,,,,,24256.0,-0.4270272225550448
BTC,스윕+CHoCH,4h,1h,0.0,월,,,,,,,,,,24257.0,-0.3660421074134409
BTC,스윕+CHoCH,4h,1h,0.0,월,,,,,,,,,,24258.0,-0.10456339358197485
BTC,스윕+CHoCH,4h,1h,0.0,월,,,,,,,,,,24259.0,-0.2733192830053352
BTC,스윕+CHoCH,4h,1h,0.0,월,,,,,,,,,,24260.0,-0.49639559345472883
BTC,스윕+CHoCH,4h,1h,0.0,월,,,,,,,,,,24261.0,0.42783289706751604
BTC,스윕+CHoCH,4h,1h,0.0,월,,,,,,,,,,24262.0,0.1576801559423935
BTC,스윕+CHoCH,4h,1h,0.0,월,,,,,,,,,,24263.0,-0.3326929069287362
BTC,스윕+CHoCH,4h,1h,0.0,월,,,,,,,,,,24264.0,-0.24958261399189471
BTC,스윕+CHoCH,4h,1h,0.0,월,,,,,,,,,,24265.0,-0.9588933354953787
BTC,스윕+CHoCH,4h,1h,0.0,월,,,,,,,,,,24266.0,-0.1445472374338265
BTC,스윕+CHoCH,4h,1h,0.0,월,,,,,,,,,,24267.0,0.16397282261757365
BTC,스윕+CHoCH,4h,1h,0.0,월,,,,,,,,,,24268.0,-0.6672445541583262
BTC,스윕+CHoCH,4h,1h,0.0,월,,,,,,,,,,24269.0,-0.18767248511691584
BTC,스윕+CHoCH,4h,1h,0.0,월,,,,,,,,,,24270.0,0.25682442335440514
BTC,스윕+CHoCH,4h,1h,0.0,월,,,,,,,,,,24271.0,-0.269560140164814
BTC,스윕+CHoCH,4h,1h,0.0,월,,,,,,,,,,24272.0,0.14206054035372476
BTC,스윕+CHoCH,4h,1h,0.0,월,,,,,,,,,,24273.0,-0.4426162583560506
BTC,스윕+CHoCH,4h,1h,0.0,월,,,,,,,,,,24274.0,-0.028189242920209773
BTC,스윕+CHoCH,4h,1h,0.0,월,,,,,,,,,,24275.0,0.07544014031242827
BTC,스윕+CHoCH,4h,1h,0.0,월,,,,,,,,,,24276.0,-0.4227839564744478
BTC,스윕+CHoCH,4h,1h,0.0,월,,,,,,,,,,24277.0,-0.21414576832071316
BTC,스윕+CHoCH,4h,1h,0.0,월,,,,,,,,,,24278.0,-0.27556360611037206
BTC,스윕+CHoCH,4h,1h,0.0,월,,,,,,,,,,24279.0,-0.17104505956617921
BTC,스윕+CHoCH,4h,1h,0.0,월,,,,,,,,,,24280.0,0.2575906144991494
BTC,스윕+CHoCH,4h,1h,0.0,월,,,,,,,,,,24281.0,0.019187379127263624
BTC,스윕+CHoCH,4h,1h,0.0,월,,,,,,,,,,24282.0,-0.33833956552444333
BTC,스윕+CHoCH,4h,1h,0.0,월,,,,,,,,,,24283.0,-0.1949530711655046
BTC,스윕+CHoCH,4h,1h,0.0,월,,,,,,,,,,24284.0,-0.16531416813413777
BTC,스윕+CHoCH,4h,1h,0.0,월,,,,,,,,,,24285.0,-0.605158791938122
BTC,스윕+CHoCH,4h,1h,0.0,월,,,,,,,,,,24286.0,0.833954990881001
BTC,스윕+CHoCH,4h,1h,0.0,월,,,,,,,,,,24287.0,0.21264414322932537
BTC,스윕+CHoCH,4h,1h,0.0,월,,,,,,,,,,24288.0,-0.5756430446495269
BTC,스윕+CHoCH,4h,1h,0.0,월,,,,,,,,,,24289.0,-0.03230122473446974
BTC,스윕+CHoCH,4h,1h,0.0,월,,,,,,,,,,24290.0,0.4727696371416381
BTC,스윕+CHoCH,4h,1h,0.0,월,,,,,,,,,,24291.0,0.1645890022656982
BTC,스윕+CHoCH,4h,1h,0.0,월,,,,,,,,,,24292.0,-0.13990286072295793
BTC,스윕+CHoCH,4h,1h,0.0,월,,,,,,,,,,24293.0,-0.17095923020248727
BTC,스윕+CHoCH,4h,1h,0.0,월,,,,,,,,,,24294.0,-0.314435729183467
BTC,스윕+CHoCH,4h,1h,0.0,월,,,,,,,,,,24295.0,0.2753914073897837
BTC,스윕+CHoCH,4h,1h,0.0,월,,,,,,,,,,24296.0,0.25111825501184454
BTC,스윕+CHoCH,4h,1h,0.0,월,,,,,,,,,,24297.0,0.03374075715632186
BTC,스윕+CHoCH,4h,1h,0.0,월,,,,,,,,,,24298.0,-0.18974856663171313
BTC,스윕+CHoCH,4h,1h,0.0,월,,,,,,,,,,24299.0,-0.23653708132033543
BTC,스윕+CHoCH,4h,1h,0.0,월,,,,,,,,,,24300.0,0.04679749730129827
BTC,스윕+CHoCH,4h,1h,0.0,월,,,,,,,,,,24301.0,0.09084579675069755
BTC,스윕+CHoCH,4h,1h,0.0,월,,,,,,,,,,24302.0,-0.31544166261622314
BTC,스윕+CHoCH,4h,1h,0.0,월,,,,,,,,,,24303.0,-0.07957597911516828
BTC,스윕+CHoCH,4h,1h,0.0,월,,,,,,,,,,24304.0,0.06595618214175072
BTC,스윕+CHoCH,4h,1h,0.0,월,,,,,,,,,,24305.0,-0.4567183188448242
BTC,스윕+CHoCH,4h,1h,0.0,월,,,,,,,,,,24306.0,-0.24237279508913873
BTC,스윕+CHoCH,4h,1h,0.0,월,,,,,,,,,,24307.0,-0.06464719288948706
BTC,스윕+CHoCH,4h,1h,0.0,월,,,,,,,,,,24308.0,-0.0502827354554187
BTC,스윕+CHoCH,4h,1h,0.0,월,,,,,,,,,,24309.0,-0.18850154884137169
BTC,스윕+CHoCH,4h,1h,0.0,월,,,,,,,,,,24310.0,-0.12183970305195636
BTC,스윕+CHoCH,4h,1h,0.0,월,,,,,,,,,,24311.0,-0.2859763594415243
BTC,스윕+CHoCH,4h,1h,0.0,월,,,,,,,,,,24312.0,0.3193145686958365
BTC,스윕+CHoCH,4h,1h,0.0,월,,,,,,,,,,24313.0,1.222691905098545
BTC,스윕+CHoCH,4h,1h,0.0,월,,,,,,,,,,24314.0,-0.3549133919726945
BTC,스윕+CHoCH,4h,1h,0.0,월,,,,,,,,,,24315.0,-0.08587361357965859
BTC,스윕+CHoCH,4h,1h,0.0,월,,,,,,,,,,24316.0,-0.39341159791137814
BTC,스윕+CHoCH,4h,1h,0.0,월,,,,,,,,,,24317.0,-0.43079079988499874
BTC,스윕+CHoCH,4h,1h,0.0,월,,,,,,,,,,24318.0,0.05546838621562868
BTC,스윕+CHoCH,4h,1h,0.25,전체,757.0,0.997364953886693,246.53568532209562,-0.1202113606340819,0.03260488664463138,-0.1528162472787133,-0.018328929986789963,0.26023778071334214,0.09907529722589167,,
BTC,스윕+CHoCH,4h,1h,0.25,홀드아웃 전,605.0,0.997364953886693,260.15899089787865,-0.13553719008264462,0.030911249706045314,-0.16644843978868995,,0.2528925619834711,0.10578512396694215,,
BTC,스윕+CHoCH,4h,1h,0.25,홀드아웃 12개월,152.0,0.997364953886693,194.36518251735941,-0.05921052631578947,0.03934600735413516,-0.09855653366992463,,0.2894736842105263,0.07236842105263158,,
BTC,스윕+CHoCH,4h,1h,0.25,월,,,,,,,,,,24256.0,-0.4263289262852296
BTC,스윕+CHoCH,4h,1h,0.25,월,,,,,,,,,,24257.0,-0.3657864317347381
BTC,스윕+CHoCH,4h,1h,0.25,월,,,,,,,,,,24258.0,-0.10427203509765923
BTC,스윕+CHoCH,4h,1h,0.25,월,,,,,,,,,,24259.0,-0.2728457698965021
BTC,스윕+CHoCH,4h,1h,0.25,월,,,,,,,,,,24260.0,-0.49586547386289287
BTC,스윕+CHoCH,4h,1h,0.25,월,,,,,,,,,,24261.0,0.4281028951233346
BTC,스윕+CHoCH,4h,1h,0.25,월,,,,,,,,,,24262.0,-0.11621890847428777
BTC,스윕+CHoCH,4h,1h,0.25,월,,,,,,,,,,24263.0,-0.33218051929446546
BTC,스윕+CHoCH,4h,1h,0.25,월,,,,,,,,,,24264.0,-0.24922325157765227
BTC,스윕+CHoCH,4h,1h,0.25,월,,,,,,,,,,24265.0,-0.9582631252821575
BTC,스윕+CHoCH,4h,1h,0.25,월,,,,,,,,,,24266.0,-0.14415510311420834
BTC,스윕+CHoCH,4h,1h,0.25,월,,,,,,,,,,24267.0,0.16424969244192278
BTC,스윕+CHoCH,4h,1h,0.25,월,,,,,,,,,,24268.0,-0.6666255319294028
BTC,스윕+CHoCH,4h,1h,0.25,월,,,,,,,,,,24269.0,-0.18727025326621916
BTC,스윕+CHoCH,4h,1h,0.25,월,,,,,,,,,,24270.0,0.25715530380182855
BTC,스윕+CHoCH,4h,1h,0.25,월,,,,,,,,,,24271.0,-0.2690935369599925
BTC,스윕+CHoCH,4h,1h,0.25,월,,,,,,,,,,24272.0,-0.10894353206186268
BTC,스윕+CHoCH,4h,1h,0.25,월,,,,,,,,,,24273.0,-0.4420896863730152
BTC,스윕+CHoCH,4h,1h,0.25,월,,,,,,,,,,24274.0,-0.405601333213513
BTC,스윕+CHoCH,4h,1h,0.25,월,,,,,,,,,,24275.0,0.0763278980031145
BTC,스윕+CHoCH,4h,1h,0.25,월,,,,,,,,,,24276.0,-0.42187689819851376
BTC,스윕+CHoCH,4h,1h,0.25,월,,,,,,,,,,24277.0,-0.2131510943038175
BTC,스윕+CHoCH,4h,1h,0.25,월,,,,,,,,,,24278.0,-0.27517903638352553
BTC,스윕+CHoCH,4h,1h,0.25,월,,,,,,,,,,24279.0,-0.17039190455381997
BTC,스윕+CHoCH,4h,1h,0.25,월,,,,,,,,,,24280.0,0.25807818515499537
BTC,스윕+CHoCH,4h,1h,0.25,월,,,,,,,,,,24281.0,0.019848435211194764
BTC,스윕+CHoCH,4h,1h,0.25,월,,,,,,,,,,24282.0,-0.33761874262105385
BTC,스윕+CHoCH,4h,1h,0.25,월,,,,,,,,,,24283.0,-0.19400556269585426
BTC,스윕+CHoCH,4h,1h,0.25,월,,,,,,,,,,24284.0,-0.1643866705246472
BTC,스윕+CHoCH,4h,1h,0.25,월,,,,,,,,,,24285.0,-0.604357847030441
BTC,스윕+CHoCH,4h,1h,0.25,월,,,,,,,,,,24286.0,0.8346259712023267
BTC,스윕+CHoCH,4h,1h,0.25,월,,,,,,,,,,24287.0,0.21346087258686783
BTC,스윕+CHoCH,4h,1h,0.25,월,,,,,,,,,,24288.0,-0.5748815339310187
BTC,스윕+CHoCH,4h,1h,0.25,월,,,,,,,,,,24289.0,-0.03160984074203579
BTC,스윕+CHoCH,4h,1h,0.25,월,,,,,,,,,,24290.0,0.47325601039241777
BTC,스윕+CHoCH,4h,1h,0.25,월,,,,,,,,,,24291.0,0.16493281629268142
BTC,스윕+CHoCH,4h,1h,0.25,월,,,,,,,,,,24292.0,0.03755483177252854
BTC,스윕+CHoCH,4h,1h,0.25,월,,,,,,,,,,24293.0,-0.1701446064590528
BTC,스윕+CHoCH,4h,1h,0.25,월,,,,,,,,,,24294.0,-0.3134410820896465
BTC,스윕+CHoCH,4h,1h,0.25,월,,,,,,,,,,24295.0,0.27586884636742964
BTC,스윕+CHoCH,4h,1h,0.25,월,,,,,,,,,,24296.0,0.25161182186348
BTC,스윕+CHoCH,4h,1h,0.25,월,,,,,,,,,,24297.0,0.03449357734076849
BTC,스윕+CHoCH,4h,1h,0.25,월,,,,,,,,,,24298.0,-0.18868545062385964
BTC,스윕+CHoCH,4h,1h,0.25,월,,,,,,,,,,24299.0,-0.23559121717848203
BTC,스윕+CHoCH,4h,1h,0.25,월,,,,,,,,,,24300.0,-0.1845638256002312
BTC,스윕+CHoCH,4h,1h,0.25,월,,,,,,,,,,24301.0,0.09164552440539149
BTC,스윕+CHoCH,4h,1h,0.25,월,,,,,,,,,,24302.0,-0.31407833649343864
BTC,스윕+CHoCH,4h,1h,0.25,월,,,,,,,,,,24303.0,-0.2381804239376847
BTC,스윕+CHoCH,4h,1h,0.25,월,,,,,,,,,,24304.0,0.0666249358751638
BTC,스윕+CHoCH,4h,1h,0.25,월,,,,,,,,,,24305.0,-0.45596048475314804
BTC,스윕+CHoCH,4h,1h,0.25,월,,,,,,,,,,24306.0,-0.24113440747896414
BTC,스윕+CHoCH,4h,1h,0.25,월,,,,,,,,,,24307.0,-0.06285772340754152
BTC,스윕+CHoCH,4h,1h,0.25,월,,,,,,,,,,24308.0,-0.04915399400758162
BTC,스윕+CHoCH,4h,1h,0.25,월,,,,,,,,,,24309.0,-0.18737381350610066
BTC,스윕+CHoCH,4h,1h,0.25,월,,,,,,,,,,24310.0,-0.12119477874471524
BTC,스윕+CHoCH,4h,1h,0.25,월,,,,,,,,,,24311.0,-0.2852193302592361
BTC,스윕+CHoCH,4h,1h,0.25,월,,,,,,,,,,24312.0,0.3199501807756667
BTC,스윕+CHoCH,4h,1h,0.25,월,,,,,,,,,,24313.0,1.2233963829189625
BTC,스윕+CHoCH,4h,1h,0.25,월,,,,,,,,,,24314.0,-0.5780449256814557
BTC,스윕+CHoCH,4h,1h,0.25,월,,,,,,,,,,24315.0,-0.08535448069099529
BTC,스윕+CHoCH,4h,1h,0.25,월,,,,,,,,,,24316.0,-0.3927376118571687
BTC,스윕+CHoCH,4h,1h,0.25,월,,,,,,,,,,24317.0,-0.4300117198280945
BTC,스윕+CHoCH,4h,1h,0.25,월,,,,,,,,,,24318.0,0.056180784360182014
DOGE,순수CHoCH,—,5m,0.0,전체,17905.0,0.9941699056079956,202.4776874916736,0.010164758447361073,0.041161244480407144,-0.030996486033046073,0.0060457972633342644,0.32733873219771015,0.02814856185423066,,
DOGE,순수CHoCH,—,5m,0.0,홀드아웃 전,14452.0,0.9941699056079956,209.63677305384857,0.009756435095488514,0.04007227718890002,-0.030315842093411496,,0.3266675892610019,0.0297536673124827,,
DOGE,순수CHoCH,—,5m,0.0,홀드아웃 12개월,3453.0,0.9941699056079956,175.7028112449801,0.01187373298580944,0.04571894946067388,-0.03384521647486442,,0.3301476976542137,0.02143064002316826,,
DOGE,순수CHoCH,—,5m,0.0,월,,,,,,,,,,24258.0,0.08270650570926456
DOGE,순수CHoCH,—,5m,0.0,월,,,,,,,,,,24259.0,0.07086853464789913
DOGE,순수CHoCH,—,5m,0.0,월,,,,,,,,,,24260.0,0.030268907226404792
DOGE,순수CHoCH,—,5m,0.0,월,,,,,,,,,,24261.0,-0.10288843730648117
DOGE,순수CHoCH,—,5m,0.0,월,,,,,,,,,,24262.0,0.036733267770457496
DOGE,순수CHoCH,—,5m,0.0,월,,,,,,,,,,24263.0,-0.05133208020699312
DOGE,순수CHoCH,—,5m,0.0,월,,,,,,,,,,24264.0,-0.05373073485639725
DOGE,순수CHoCH,—,5m,0.0,월,,,,,,,,,,24265.0,-0.0552658942818365
DOGE,순수CHoCH,—,5m,0.0,월,,,,,,,,,,24266.0,0.011886434339843517
DOGE,순수CHoCH,—,5m,0.0,월,,,,,,,,,,24267.0,-0.002773781588678243
DOGE,순수CHoCH,—,5m,0.0,월,,,,,,,,,,24268.0,0.007175892818169653
DOGE,순수CHoCH,—,5m,0.0,월,,,,,,,,,,24269.0,-0.052049554677998155
DOGE,순수CHoCH,—,5m,0.0,월,,,,,,,,,,24270.0,0.003934195017110294
DOGE,순수CHoCH,—,5m,0.0,월,,,,,,,,,,24271.0,0.009226537311647237
DOGE,순수CHoCH,—,5m,0.0,월,,,,,,,,,,24272.0,-0.0938987584258276
DOGE,순수CHoCH,—,5m,0.0,월,,,,,,,,,,24273.0,-0.05985235296015082
DOGE,순수CHoCH,—,5m,0.0,월,,,,,,,,,,24274.0,-0.030223020665640553
DOGE,순수CHoCH,—,5m,0.0,월,,,,,,,,,,24275.0,0.0423357153833282
DOGE,순수CHoCH,—,5m,0.0,월,,,,,,,,,,24276.0,0.04346886970879032
DOGE,순수CHoCH,—,5m,0.0,월,,,,,,,,,,24277.0,-0.07446120544021279
DOGE,순수CHoCH,—,5m,0.0,월,,,,,,,,,,24278.0,0.023447024737407837
DOGE,순수CHoCH,—,5m,0.0,월,,,,,,,,,,24279.0,-0.09602232710642165
DOGE,순수CHoCH,—,5m,0.0,월,,,,,,,,,,24280.0,-0.11026205185636972
DOGE,순수CHoCH,—,5m,0.0,월,,,,,,,,,,24281.0,-0.11957564237816315
DOGE,순수CHoCH,—,5m,0.0,월,,,,,,,,,,24282.0,-0.07297218861555017
DOGE,순수CHoCH,—,5m,0.0,월,,,,,,,,,,24283.0,-0.19564096208041246
DOGE,순수CHoCH,—,5m,0.0,월,,,,,,,,,,24284.0,-0.0072400195625571305
DOGE,순수CHoCH,—,5m,0.0,월,,,,,,,,,,24285.0,-0.2616370909133038
DOGE,순수CHoCH,—,5m,0.0,월,,,,,,,,,,24286.0,-0.12220126988195905
DOGE,순수CHoCH,—,5m,0.0,월,,,,,,,,,,24287.0,0.04037790871922333
DOGE,순수CHoCH,—,5m,0.0,월,,,,,,,,,,24288.0,-0.09175410811113881
DOGE,순수CHoCH,—,5m,0.0,월,,,,,,,,,,24289.0,-0.03460242948483711
DOGE,순수CHoCH,—,5m,0.0,월,,,,,,,,,,24290.0,-0.03661296280313273
DOGE,순수CHoCH,—,5m,0.0,월,,,,,,,,,,24291.0,0.1555018847376082
DOGE,순수CHoCH,—,5m,0.0,월,,,,,,,,,,24292.0,-0.1763172773511691
DOGE,순수CHoCH,—,5m,0.0,월,,,,,,,,,,24293.0,-0.13195274453260003
DOGE,순수CHoCH,—,5m,0.0,월,,,,,,,,,,24294.0,-0.2386005981209274
DOGE,순수CHoCH,—,5m,0.0,월,,,,,,,,,,24295.0,0.07971454307250987
DOGE,순수CHoCH,—,5m,0.0,월,,,,,,,,,,24296.0,0.05972637532128562
DOGE,순수CHoCH,—,5m,0.0,월,,,,,,,,,,24297.0,0.07562296336806208
DOGE,순수CHoCH,—,5m,0.0,월,,,,,,,,,,24298.0,0.06212872815839612
DOGE,순수CHoCH,—,5m,0.0,월,,,,,,,,,,24299.0,0.053905831265518546
DOGE,순수CHoCH,—,5m,0.0,월,,,,,,,,,,24300.0,0.006987007574995024
DOGE,순수CHoCH,—,5m,0.0,월,,,,,,,,,,24301.0,-0.030300422332346946
DOGE,순수CHoCH,—,5m,0.0,월,,,,,,,,,,24302.0,0.11591801668425152
DOGE,순수CHoCH,—,5m,0.0,월,,,,,,,,,,24303.0,0.02970752114827198
DOGE,순수CHoCH,—,5m,0.0,월,,,,,,,,,,24304.0,-0.09706816438656161
DOGE,순수CHoCH,—,5m,0.0,월,,,,,,,,,,24305.0,-0.022615459695275748
DOGE,순수CHoCH,—,5m,0.0,월,,,,,,,,,,24306.0,-0.0774660525416454
DOGE,순수CHoCH,—,5m,0.0,월,,,,,,,,,,24307.0,0.03473131677082436
DOGE,순수CHoCH,—,5m,0.0,월,,,,,,,,,,24308.0,-0.04530662658794285
DOGE,순수CHoCH,—,5m,0.0,월,,,,,,,,,,24309.0,-0.08253382888667396
DOGE,순수CHoCH,—,5m,0.0,월,,,,,,,,,,24310.0,-0.10383904306784399
DOGE,순수CHoCH,—,5m,0.0,월,,,,,,,,,,24311.0,-0.04775739913387808
DOGE,순수CHoCH,—,5m,0.0,월,,,,,,,,,,24312.0,0.039345170897635076
DOGE,순수CHoCH,—,5m,0.0,월,,,,,,,,,,24313.0,-0.007375971258887265
DOGE,순수CHoCH,—,5m,0.0,월,,,,,,,,,,24314.0,0.02198669134861558
DOGE,순수CHoCH,—,5m,0.0,월,,,,,,,,,,24315.0,-0.07148313900112724
DOGE,순수CHoCH,—,5m,0.0,월,,,,,,,,,,24316.0,-0.11512783991124144
DOGE,순수CHoCH,—,5m,0.0,월,,,,,,,,,,24317.0,-0.10630788397642628
DOGE,순수CHoCH,—,5m,0.0,월,,,,,,,,,,24318.0,0.06112213978726986
DOGE,순수CHoCH,—,15m,0.0,전체,6062.0,0.9936076053106048,224.4707275976914,0.01699109204882877,0.03540922149942528,-0.018418129450596506,-0.0007629495216100301,0.32893434510062686,0.030188056746948203,,
DOGE,순수CHoCH,—,15m,0.0,홀드아웃 전,4915.0,0.9936076053106048,231.61244695898097,0.014649033570701932,0.03456781486274561,-0.01991878129204368,,0.32736520854526957,0.03255340793489318,,
DOGE,순수CHoCH,—,15m,0.0,홀드아웃 12개월,1147.0,0.9936076053106048,194.54825236315605,0.02702702702702703,0.03901472596261668,-0.011987698935589666,,0.33565823888404533,0.02005231037489102,,
DOGE,순수CHoCH,—,15m,0.0,월,,,,,,,,,,24258.0,0.13459984260071162
DOGE,순수CHoCH,—,15m,0.0,월,,,,,,,,,,24259.0,-0.015726533025812242
DOGE,순수CHoCH,—,15m,0.0,월,,,,,,,,,,24260.0,-0.04037793944180347
DOGE,순수CHoCH,—,15m,0.0,월,,,,,,,,,,24261.0,-0.05605680970230407
DOGE,순수CHoCH,—,15m,0.0,월,,,,,,,,,,24262.0,-0.09476616895622927
DOGE,순수CHoCH,—,15m,0.0,월,,,,,,,,,,24263.0,-0.039132297814237556
DOGE,순수CHoCH,—,15m,0.0,월,,,,,,,,,,24264.0,-0.06989938795429634
DOGE,순수CHoCH,—,15m,0.0,월,,,,,,,,,,24265.0,0.10369982555593855
DOGE,순수CHoCH,—,15m,0.0,월,,,,,,,,,,24266.0,0.05750456416117453
DOGE,순수CHoCH,—,15m,0.0,월,,,,,,,,,,24267.0,-0.07262276201302201
DOGE,순수CHoCH,—,15m,0.0,월,,,,,,,,,,24268.0,0.2649829563006894
DOGE,순수CHoCH,—,15m,0.0,월,,,,,,,,,,24269.0,-0.0739540248287773
DOGE,순수CHoCH,—,15m,0.0,월,,,,,,,,,,24270.0,0.1119647329391473
DOGE,순수CHoCH,—,15m,0.0,월,,,,,,,,,,24271.0,0.046616863991072226
DOGE,순수CHoCH,—,15m,0.0,월,,,,,,,,,,24272.0,-0.25398429020187446
DOGE,순수CHoCH,—,15m,0.0,월,,,,,,,,,,24273.0,-0.1884496953708793
DOGE,순수CHoCH,—,15m,0.0,월,,,,,,,,,,24274.0,0.014376688103853353
DOGE,순수CHoCH,—,15m,0.0,월,,,,,,,,,,24275.0,-0.017400212575395115
DOGE,순수CHoCH,—,15m,0.0,월,,,,,,,,,,24276.0,0.07464781874879346
DOGE,순수CHoCH,—,15m,0.0,월,,,,,,,,,,24277.0,-0.054036464721374175
DOGE,순수CHoCH,—,15m,0.0,월,,,,,,,,,,24278.0,-0.03829000682464815
DOGE,순수CHoCH,—,15m,0.0,월,,,,,,,,,,24279.0,-0.04752873679445297
DOGE,순수CHoCH,—,15m,0.0,월,,,,,,,,,,24280.0,-0.04017589662826758
DOGE,순수CHoCH,—,15m,0.0,월,,,,,,,,,,24281.0,-0.14170432686872908
DOGE,순수CHoCH,—,15m,0.0,월,,,,,,,,,,24282.0,-0.009022747081464545
DOGE,순수CHoCH,—,15m,0.0,월,,,,,,,,,,24283.0,0.032292596552504674
DOGE,순수CHoCH,—,15m,0.0,월,,,,,,,,,,24284.0,-0.18987748141989702
DOGE,순수CHoCH,—,15m,0.0,월,,,,,,,,,,24285.0,-0.3076569921147774
DOGE,순수CHoCH,—,15m,0.0,월,,,,,,,,,,24286.0,-0.11311886861552697
DOGE,순수CHoCH,—,15m,0.0,월,,,,,,,,,,24287.0,-0.00441732608397846
DOGE,순수CHoCH,—,15m,0.0,월,,,,,,,,,,24288.0,-0.12693512247402994
DOGE,순수CHoCH,—,15m,0.0,월,,,,,,,,,,24289.0,-0.09447784092686178
DOGE,순수CHoCH,—,15m,0.0,월,,,,,,,,,,24290.0,-0.1330287305967658
DOGE,순수CHoCH,—,15m,0.0,월,,,,,,,,,,24291.0,0.27170970453601256
DOGE,순수CHoCH,—,15m,0.0,월,,,,,,,,,,24292.0,-0.15817876987525603
DOGE,순수CHoCH,—,15m,0.0,월,,,,,,,,,,24293.0,0.031915545891924635
DOGE,순수CHoCH,—,15m,0.0,월,,,,,,,,,,24294.0,-0.14344312471565868
DOGE,순수CHoCH,—,15m,0.0,월,,,,,,,,,,24295.0,0.09357211173811403
DOGE,순수CHoCH,—,15m,0.0,월,,,,,,,,,,24296.0,0.15893385731771478
DOGE,순수CHoCH,—,15m,0.0,월,,,,,,,,,,24297.0,0.1791793531154988
DOGE,순수CHoCH,—,15m,0.0,월,,,,,,,,,,24298.0,-0.032530950028113355
DOGE,순수CHoCH,—,15m,0.0,월,,,,,,,,,,24299.0,0.13552682150662074
DOGE,순수CHoCH,—,15m,0.0,월,,,,,,,,,,24300.0,-0.006888546213144272
DOGE,순수CHoCH,—,15m,0.0,월,,,,,,,,,,24301.0,0.03544829491846241
DOGE,순수CHoCH,—,15m,0.0,월,,,,,,,,,,24302.0,0.0847626400350676
DOGE,순수CHoCH,—,15m,0.0,월,,,,,,,,,,24303.0,-0.02139668611330559
DOGE,순수CHoCH,—,15m,0.0,월,,,,,,,,,,24304.0,-0.06921419023133622
DOGE,순수CHoCH,—,15m,0.0,월,,,,,,,,,,24305.0,-0.07125871454119528
DOGE,순수CHoCH,—,15m,0.0,월,,,,,,,,,,24306.0,-0.12896102679803612
DOGE,순수CHoCH,—,15m,0.0,월,,,,,,,,,,24307.0,0.13003262184008219
DOGE,순수CHoCH,—,15m,0.0,월,,,,,,,,,,24308.0,-0.15048296354565716
DOGE,순수CHoCH,—,15m,0.0,월,,,,,,,,,,24309.0,-0.07729233692803644
DOGE,순수CHoCH,—,15m,0.0,월,,,,,,,,,,24310.0,0.031262026826986734
DOGE,순수CHoCH,—,15m,0.0,월,,,,,,,,,,24311.0,0.0018925107070711861
DOGE,순수CHoCH,—,15m,0.0,월,,,,,,,,,,24312.0,0.0035692679946795263
DOGE,순수CHoCH,—,15m,0.0,월,,,,,,,,,,24313.0,0.04155246621299033
DOGE,순수CHoCH,—,15m,0.0,월,,,,,,,,,,24314.0,0.07856172445091224
DOGE,순수CHoCH,—,15m,0.0,월,,,,,,,,,,24315.0,0.004417419997568558
DOGE,순수CHoCH,—,15m,0.0,월,,,,,,,,,,24316.0,-0.046324134035547866
DOGE,순수CHoCH,—,15m,0.0,월,,,,,,,,,,24317.0,-0.004313814546143581
DOGE,순수CHoCH,—,15m,0.0,월,,,,,,,,,,24318.0,-0.03407035887648928
DOGE,순수CHoCH,—,1h,0.0,전체,1463.0,0.9932111337406653,334.07102961323704,0.03827751196172249,0.023233889014093102,0.015043622947629382,-0.002648667122351335,0.3198906356801094,0.0786056049213944,,
DOGE,순수CHoCH,—,1h,0.0,홀드아웃 전,1172.0,0.9932111337406653,342.89170698631807,0.04692832764505119,0.022623320857627374,0.02430500678742382,,0.32081911262798635,0.08447098976109214,,
DOGE,순수CHoCH,—,1h,0.0,홀드아웃 12개월,291.0,0.9932111337406653,300.25631636763137,0.003436426116838488,0.025692947018827905,-0.022256520901989416,,0.3161512027491409,0.054982817869415807,,
DOGE,순수CHoCH,—,1h,0.0,월,,,,,,,,,,24258.0,0.6196984414540082
DOGE,순수CHoCH,—,1h,0.0,월,,,,,,,,,,24259.0,0.2641918070424898
DOGE,순수CHoCH,—,1h,0.0,월,,,,,,,,,,24260.0,0.15179637328875714
DOGE,순수CHoCH,—,1h,0.0,월,,,,,,,,,,24261.0,-0.3223581745290129
DOGE,순수CHoCH,—,1h,0.0,월,,,,,,,,,,24262.0,0.2487529280692011
DOGE,순수CHoCH,—,1h,0.0,월,,,,,,,,,,24263.0,-0.2347784085405277
DOGE,순수CHoCH,—,1h,0.0,월,,,,,,,,,,24264.0,-0.3405331520805497
DOGE,순수CHoCH,—,1h,0.0,월,,,,,,,,,,24265.0,-0.022393600000700863
DOGE,순수CHoCH,—,1h,0.0,월,,,,,,,,,,24266.0,0.34572081576439523
DOGE,순수CHoCH,—,1h,0.0,월,,,,,,,,,,24267.0,0.17044967369687067
DOGE,순수CHoCH,—,1h,0.0,월,,,,,,,,,,24268.0,-0.015915953030811572
DOGE,순수CHoCH,—,1h,0.0,월,,,,,,,,,,24269.0,0.16309018104856443
DOGE,순수CHoCH,—,1h,0.0,월,,,,,,,,,,24270.0,-0.17089959982191585
DOGE,순수CHoCH,—,1h,0.0,월,,,,,,,,,,24271.0,0.31703889053548034
DOGE,순수CHoCH,—,1h,0.0,월,,,,,,,,,,24272.0,-0.020146802524796625
DOGE,순수CHoCH,—,1h,0.0,월,,,,,,,,,,24273.0,0.9267886839697769
DOGE,순수CHoCH,—,1h,0.0,월,,,,,,,,,,24274.0,-0.11477480138945005
DOGE,순수CHoCH,—,1h,0.0,월,,,,,,,,,,24275.0,-0.16982537686518326
DOGE,순수CHoCH,—,1h,0.0,월,,,,,,,,,,24276.0,0.47279133453424416
DOGE,순수CHoCH,—,1h,0.0,월,,,,,,,,,,24277.0,-0.23772510118537346
DOGE,순수CHoCH,—,1h,0.0,월,,,,,,,,,,24278.0,-0.024232781838617008
DOGE,순수CHoCH,—,1h,0.0,월,,,,,,,,,,24279.0,-0.2654834706508306
DOGE,순수CHoCH,—,1h,0.0,월,,,,,,,,,,24280.0,-0.3450480807956767
DOGE,순수CHoCH,—,1h,0.0,월,,,,,,,,,,24281.0,-0.18166787774563853
DOGE,순수CHoCH,—,1h,0.0,월,,,,,,,,,,24282.0,0.0030371611117678407
DOGE,순수CHoCH,—,1h,0.0,월,,,,,,,,,,24283.0,-0.40206960675064224
DOGE,순수CHoCH,—,1h,0.0,월,,,,,,,,,,24284.0,-0.03740173207062707
DOGE,순수CHoCH,—,1h,0.0,월,,,,,,,,,,24285.0,-0.056484237882885896
DOGE,순수CHoCH,—,1h,0.0,월,,,,,,,,,,24286.0,0.5257655162737342
DOGE,순수CHoCH,—,1h,0.0,월,,,,,,,,,,24287.0,0.5443031194454313
DOGE,순수CHoCH,—,1h,0.0,월,,,,,,,,,,24288.0,-0.2474227829108462
DOGE,순수CHoCH,—,1h,0.0,월,,,,,,,,,,24289.0,0.349487732836012
DOGE,순수CHoCH,—,1h,0.0,월,,,,,,,,,,24290.0,-0.22031694428881607
DOGE,순수CHoCH,—,1h,0.0,월,,,,,,,,,,24291.0,0.37363607209196814
DOGE,순수CHoCH,—,1h,0.0,월,,,,,,,,,,24292.0,0.26563261100861274
DOGE,순수CHoCH,—,1h,0.0,월,,,,,,,,,,24293.0,-0.23341316655789024
DOGE,순수CHoCH,—,1h,0.0,월,,,,,,,,,,24294.0,-0.2604027435307484
DOGE,순수CHoCH,—,1h,0.0,월,,,,,,,,,,24295.0,-0.13960626422915404
DOGE,순수CHoCH,—,1h,0.0,월,,,,,,,,,,24296.0,-0.1030424823505319
DOGE,순수CHoCH,—,1h,0.0,월,,,,,,,,,,24297.0,0.2524154915175083
DOGE,순수CHoCH,—,1h,0.0,월,,,,,,,,,,24298.0,-0.19035879590285
DOGE,순수CHoCH,—,1h,0.0,월,,,,,,,,,,24299.0,0.23892307753208814
DOGE,순수CHoCH,—,1h,0.0,월,,,,,,,,,,24300.0,-0.19640446396884034
DOGE,순수CHoCH,—,1h,0.0,월,,,,,,,,,,24301.0,0.24394814359076927
DOGE,순수CHoCH,—,1h,0.0,월,,,,,,,,,,24302.0,0.13947976633180403
DOGE,순수CHoCH,—,1h,0.0,월,,,,,,,,,,24303.0,0.35905572655843376
DOGE,순수CHoCH,—,1h,0.0,월,,,,,,,,,,24304.0,-0.2602526033537675
DOGE,순수CHoCH,—,1h,0.0,월,,,,,,,,,,24305.0,0.015791095020848127
DOGE,순수CHoCH,—,1h,0.0,월,,,,,,,,,,24306.0,-0.2177016324609684
DOGE,순수CHoCH,—,1h,0.0,월,,,,,,,,,,24307.0,0.2811079586032937
DOGE,순수CHoCH,—,1h,0.0,월,,,,,,,,,,24308.0,0.06949334039773651
DOGE,순수CHoCH,—,1h,0.0,월,,,,,,,,,,24309.0,0.09750149104454951
DOGE,순수CHoCH,—,1h,0.0,월,,,,,,,,,,24310.0,-0.12557298159249206
DOGE,순수CHoCH,—,1h,0.0,월,,,,,,,,,,24311.0,-0.2533528620368084
DOGE,순수CHoCH,—,1h,0.0,월,,,,,,,,,,24312.0,-0.1384913244818721
DOGE,순수CHoCH,—,1h,0.0,월,,,,,,,,,,24313.0,-0.02616399442082253
DOGE,순수CHoCH,—,1h,0.0,월,,,,,,,,,,24314.0,0.1724308348406469
DOGE,순수CHoCH,—,1h,0.0,월,,,,,,,,,,24315.0,0.09696075906124606
DOGE,순수CHoCH,—,1h,0.0,월,,,,,,,,,,24316.0,-0.06818618442243916
DOGE,순수CHoCH,—,1h,0.0,월,,,,,,,,,,24317.0,-0.1459764592962877
DOGE,순수CHoCH,—,1h,0.0,월,,,,,,,,,,24318.0,-0.07677124348062599
DOGE,스윕+CHoCH,1h,5m,0.0,전체,4623.0,0.9941935483870967,123.26696549567424,0.008652390222799048,0.06181216718933897,-0.05315977696653992,0.0177103612372918,0.3348475016223232,0.004109885355829548,,
DOGE,스윕+CHoCH,1h,5m,0.0,홀드아웃 전,3757.0,0.9941935483870967,127.49633307006724,0.01463933989885547,0.06065680338585491,-0.04601746348699944,,0.3367048176736758,0.004524886877828055,,
DOGE,스윕+CHoCH,1h,5m,0.0,홀드아웃 12개월,866.0,0.9941935483870967,108.9075411636645,-0.017321016166281754,0.06682452493724844,-0.0841455411035302,,0.32678983833718245,0.0023094688221709007,,
DOGE,스윕+CHoCH,1h,5m,0.0,월,,,,,,,,,,24258.0,0.12191294605022644
DOGE,스윕+CHoCH,1h,5m,0.0,월,,,,,,,,,,24259.0,0.12470103874610203
DOGE,스윕+CHoCH,1h,5m,0.0,월,,,,,,,,,,24260.0,0.0010750886329205897
DOGE,스윕+CHoCH,1h,5m,0.0,월,,,,,,,,,,24261.0,-0.10704938490497524
DOGE,스윕+CHoCH,1h,5m,0.0,월,,,,,,,,,,24262.0,0.03877652947167551
DOGE,스윕+CHoCH,1h,5m,0.0,월,,,,,,,,,,24263.0,0.07135085088321046
DOGE,스윕+CHoCH,1h,5m,0.0,월,,,,,,,,,,24264.0,-0.20114454575693294
DOGE,스윕+CHoCH,1h,5m,0.0,월,,,,,,,,,,24265.0,-0.2005573688580283
DOGE,스윕+CHoCH,1h,5m,0.0,월,,,,,,,,,,24266.0,-0.02381646307173606
DOGE,스윕+CHoCH,1h,5m,0.0,월,,,,,,,,,,24267.0,-0.21775127398996125
DOGE,스윕+CHoCH,1h,5m,0.0,월,,,,,,,,,,24268.0,0.00412681288031058
DOGE,스윕+CHoCH,1h,5m,0.0,월,,,,,,,,,,24269.0,-0.04058844004683196
DOGE,스윕+CHoCH,1h,5m,0.0,월,,,,,,,,,,24270.0,0.0719306920261502
DOGE,스윕+CHoCH,1h,5m,0.0,월,,,,,,,,,,24271.0,-0.1093562815489561
DOGE,스윕+CHoCH,1h,5m,0.0,월,,,,,,,,,,24272.0,-0.12298881975123653
DOGE,스윕+CHoCH,1h,5m,0.0,월,,,,,,,,,,24273.0,-0.11270027815075931
DOGE,스윕+CHoCH,1h,5m,0.0,월,,,,,,,,,,24274.0,-0.29010326185015894
DOGE,스윕+CHoCH,1h,5m,0.0,월,,,,,,,,,,24275.0,-0.2382867424223596
DOGE,스윕+CHoCH,1h,5m,0.0,월,,,,,,,,,,24276.0,0.008695445848135405
DOGE,스윕+CHoCH,1h,5m,0.0,월,,,,,,,,,,24277.0,-0.24881749259912217
DOGE,스윕+CHoCH,1h,5m,0.0,월,,,,,,,,,,24278.0,-0.04715551588329114
DOGE,스윕+CHoCH,1h,5m,0.0,월,,,,,,,,,,24279.0,-0.19023208357756716
DOGE,스윕+CHoCH,1h,5m,0.0,월,,,,,,,,,,24280.0,0.02342282506158434
DOGE,스윕+CHoCH,1h,5m,0.0,월,,,,,,,,,,24281.0,-0.09290788744576105
DOGE,스윕+CHoCH,1h,5m,0.0,월,,,,,,,,,,24282.0,-0.039926594703835194
DOGE,스윕+CHoCH,1h,5m,0.0,월,,,,,,,,,,24283.0,-0.03646348316855245
DOGE,스윕+CHoCH,1h,5m,0.0,월,,,,,,,,,,24284.0,-0.0797914289469884
DOGE,스윕+CHoCH,1h,5m,0.0,월,,,,,,,,,,24285.0,-0.01917961942774036
DOGE,스윕+CHoCH,1h,5m,0.0,월,,,,,,,,,,24286.0,-0.17406379926700044
DOGE,스윕+CHoCH,1h,5m,0.0,월,,,,,,,,,,24287.0,0.10353127570548731
DOGE,스윕+CHoCH,1h,5m,0.0,월,,,,,,,,,,24288.0,-0.05385936004249476
DOGE,스윕+CHoCH,1h,5m,0.0,월,,,,,,,,,,24289.0,0.05554665072287249
DOGE,스윕+CHoCH,1h,5m,0.0,월,,,,,,,,,,24290.0,-0.03007451750781109
DOGE,스윕+CHoCH,1h,5m,0.0,월,,,,,,,,,,24291.0,0.034410707619964426
DOGE,스윕+CHoCH,1h,5m,0.0,월,,,,,,,,,,24292.0,-0.19518174249589376
DOGE,스윕+CHoCH,1h,5m,0.0,월,,,,,,,,,,24293.0,0.15813455062477905
DOGE,스윕+CHoCH,1h,5m,0.0,월,,,,,,,,,,24294.0,-0.13646058672262262
DOGE,스윕+CHoCH,1h,5m,0.0,월,,,,,,,,,,24295.0,0.04000488452723887
DOGE,스윕+CHoCH,1h,5m,0.0,월,,,,,,,,,,24296.0,-0.08634596381018668
DOGE,스윕+CHoCH,1h,5m,0.0,월,,,,,,,,,,24297.0,0.2220092200945032
DOGE,스윕+CHoCH,1h,5m,0.0,월,,,,,,,,,,24298.0,-0.171927370151771
DOGE,스윕+CHoCH,1h,5m,0.0,월,,,,,,,,,,24299.0,-0.04279121434931954
DOGE,스윕+CHoCH,1h,5m,0.0,월,,,,,,,,,,24300.0,-0.12490636836205135
DOGE,스윕+CHoCH,1h,5m,0.0,월,,,,,,,,,,24301.0,0.16309160861150224
DOGE,스윕+CHoCH,1h,5m,0.0,월,,,,,,,,,,24302.0,0.13542071597085242
DOGE,스윕+CHoCH,1h,5m,0.0,월,,,,,,,,,,24303.0,0.20170653540510944
DOGE,스윕+CHoCH,1h,5m,0.0,월,,,,,,,,,,24304.0,-0.1528631669687226
DOGE,스윕+CHoCH,1h,5m,0.0,월,,,,,,,,,,24305.0,-0.14896561606164907
DOGE,스윕+CHoCH,1h,5m,0.0,월,,,,,,,,,,24306.0,-0.05800067223596993
DOGE,스윕+CHoCH,1h,5m,0.0,월,,,,,,,,,,24307.0,-0.06649252996793092
DOGE,스윕+CHoCH,1h,5m,0.0,월,,,,,,,,,,24308.0,-0.05297854880440189
DOGE,스윕+CHoCH,1h,5m,0.0,월,,,,,,,,,,24309.0,-0.178716115255167
DOGE,스윕+CHoCH,1h,5m,0.0,월,,,,,,,,,,24310.0,-0.0899319313591744
DOGE,스윕+CHoCH,1h,5m,0.0,월,,,,,,,,,,24311.0,-0.24589339245273836
DOGE,스윕+CHoCH,1h,5m,0.0,월,,,,,,,,,,24312.0,0.09221965415355829
DOGE,스윕+CHoCH,1h,5m,0.0,월,,,,,,,,,,24313.0,0.17465161562710416
DOGE,스윕+CHoCH,1h,5m,0.0,월,,,,,,,,,,24314.0,-0.3298672458341701
DOGE,스윕+CHoCH,1h,5m,0.0,월,,,,,,,,,,24315.0,-0.2381369397902097
DOGE,스윕+CHoCH,1h,5m,0.0,월,,,,,,,,,,24316.0,-0.18584581013531434
DOGE,스윕+CHoCH,1h,5m,0.0,월,,,,,,,,,,24317.0,-0.14617236805745018
DOGE,스윕+CHoCH,1h,5m,0.0,월,,,,,,,,,,24318.0,0.11972043164422184
DOGE,스윕+CHoCH,1h,5m,0.25,전체,4809.0,0.9942112879884226,128.5451511221305,-0.0037429819089207735,0.05927871395815732,-0.06302169586707809,0.017519234768143065,0.330630068621335,0.004366812227074236,,
DOGE,스윕+CHoCH,1h,5m,0.25,홀드아웃 전,3907.0,0.9942112879884226,132.84893263510799,-0.0030714102892244687,0.058152778807956884,-0.06122418909718135,,0.33068850780650116,0.004863066291272076,,
DOGE,스윕+CHoCH,1h,5m,0.25,홀드아웃 12개월,902.0,0.9942112879884226,113.84831510487084,-0.0066518847006651885,0.06415568583380381,-0.070807570534469,,0.3303769401330377,0.0022172949002217295,,
DOGE,스윕+CHoCH,1h,5m,0.25,월,,,,,,,,,,24258.0,0.08288262495902292
DOGE,스윕+CHoCH,1h,5m,0.25,월,,,,,,,,,,24259.0,0.09039906403154298
DOGE,스윕+CHoCH,1h,5m,0.25,월,,,,,,,,,,24260.0,-0.031562671211630554
DOGE,스윕+CHoCH,1h,5m,0.25,월,,,,,,,,,,24261.0,-0.08821751810897888
DOGE,스윕+CHoCH,1h,5m,0.25,월,,,,,,,,,,24262.0,0.07697115867588011
DOGE,스윕+CHoCH,1h,5m,0.25,월,,,,,,,,,,24263.0,0.006057027914926087
DOGE,스윕+CHoCH,1h,5m,0.25,월,,,,,,,,,,24264.0,-0.17927106954685446
DOGE,스윕+CHoCH,1h,5m,0.25,월,,,,,,,,,,24265.0,-0.19141259410405428
DOGE,스윕+CHoCH,1h,5m,0.25,월,,,,,,,,,,24266.0,-0.08168629295976718
DOGE,스윕+CHoCH,1h,5m,0.25,월,,,,,,,,,,24267.0,-0.23854736794415105
DOGE,스윕+CHoCH,1h,5m,0.25,월,,,,,,,,,,24268.0,-0.08394803495056302
DOGE,스윕+CHoCH,1h,5m,0.25,월,,,,,,,,,,24269.0,-0.06126681534772298
DOGE,스윕+CHoCH,1h,5m,0.25,월,,,,,,,,,,24270.0,0.16650007347424817
DOGE,스윕+CHoCH,1h,5m,0.25,월,,,,,,,,,,24271.0,-0.11888094940628821
DOGE,스윕+CHoCH,1h,5m,0.25,월,,,,,,,,,,24272.0,-0.20442763409232984
DOGE,스윕+CHoCH,1h,5m,0.25,월,,,,,,,,,,24273.0,-0.15999365600103058
DOGE,스윕+CHoCH,1h,5m,0.25,월,,,,,,,,,,24274.0,-0.23632524895870077
DOGE,스윕+CHoCH,1h,5m,0.25,월,,,,,,,,,,24275.0,-0.23614843461524782
DOGE,스윕+CHoCH,1h,5m,0.25,월,,,,,,,,,,24276.0,-0.03505778525536915
DOGE,스윕+CHoCH,1h,5m,0.25,월,,,,,,,,,,24277.0,-0.2574943637004981
DOGE,스윕+CHoCH,1h,5m,0.25,월,,,,,,,,,,24278.0,-0.15027868792954843
DOGE,스윕+CHoCH,1h,5m,0.25,월,,,,,,,,,,24279.0,-0.20958931052220678
DOGE,스윕+CHoCH,1h,5m,0.25,월,,,,,,,,,,24280.0,-0.10157541059504269
DOGE,스윕+CHoCH,1h,5m,0.25,월,,,,,,,,,,24281.0,0.008970447620467229
DOGE,스윕+CHoCH,1h,5m,0.25,월,,,,,,,,,,24282.0,-0.03815484977991217
DOGE,스윕+CHoCH,1h,5m,0.25,월,,,,,,,,,,24283.0,0.011764420833724027
DOGE,스윕+CHoCH,1h,5m,0.25,월,,,,,,,,,,24284.0,-0.10468946310043342
DOGE,스윕+CHoCH,1h,5m,0.25,월,,,,,,,,,,24285.0,-0.08335610803958558
DOGE,스윕+CHoCH,1h,5m,0.25,월,,,,,,,,,,24286.0,-0.15789313375851904
DOGE,스윕+CHoCH,1h,5m,0.25,월,,,,,,,,,,24287.0,0.1265065805734713
DOGE,스윕+CHoCH,1h,5m,0.25,월,,,,,,,,,,24288.0,-0.02976315561259478
DOGE,스윕+CHoCH,1h,5m,0.25,월,,,,,,,,,,24289.0,0.08215145724636962
DOGE,스윕+CHoCH,1h,5m,0.25,월,,,,,,,,,,24290.0,-0.21080050288094276
DOGE,스윕+CHoCH,1h,5m,0.25,월,,,,,,,,,,24291.0,0.033296478526002156
DOGE,스윕+CHoCH,1h,5m,0.25,월,,,,,,,,,,24292.0,-0.17610520162800883
DOGE,스윕+CHoCH,1h,5m,0.25,월,,,,,,,,,,24293.0,0.15326248718352703
DOGE,스윕+CHoCH,1h,5m,0.25,월,,,,,,,,,,24294.0,-0.1765693494814127
DOGE,스윕+CHoCH,1h,5m,0.25,월,,,,,,,,,,24295.0,0.04421542106580205
DOGE,스윕+CHoCH,1h,5m,0.25,월,,,,,,,,,,24296.0,-0.08464573718521666
DOGE,스윕+CHoCH,1h,5m,0.25,월,,,,,,,,,,24297.0,0.17576280640627165
DOGE,스윕+CHoCH,1h,5m,0.25,월,,,,,,,,,,24298.0,-0.17490564763778504
DOGE,스윕+CHoCH,1h,5m,0.25,월,,,,,,,,,,24299.0,0.014469607758735119
DOGE,스윕+CHoCH,1h,5m,0.25,월,,,,,,,,,,24300.0,-0.12061386079978595
DOGE,스윕+CHoCH,1h,5m,0.25,월,,,,,,,,,,24301.0,-0.006987494123826624
DOGE,스윕+CHoCH,1h,5m,0.25,월,,,,,,,,,,24302.0,0.11489287103727756
DOGE,스윕+CHoCH,1h,5m,0.25,월,,,,,,,,,,24303.0,0.23103130708432332
DOGE,스윕+CHoCH,1h,5m,0.25,월,,,,,,,,,,24304.0,-0.06932366231904603
DOGE,스윕+CHoCH,1h,5m,0.25,월,,,,,,,,,,24305.0,-0.1552023435581326
DOGE,스윕+CHoCH,1h,5m,0.25,월,,,,,,,,,,24306.0,-0.12664142727937813
DOGE,스윕+CHoCH,1h,5m,0.25,월,,,,,,,,,,24307.0,-0.07749200275409299
DOGE,스윕+CHoCH,1h,5m,0.25,월,,,,,,,,,,24308.0,-0.13465639176158833
DOGE,스윕+CHoCH,1h,5m,0.25,월,,,,,,,,,,24309.0,-0.21450035336359125
DOGE,스윕+CHoCH,1h,5m,0.25,월,,,,,,,,,,24310.0,0.062486754096659734
DOGE,스윕+CHoCH,1h,5m,0.25,월,,,,,,,,,,24311.0,-0.14983611816894346
DOGE,스윕+CHoCH,1h,5m,0.25,월,,,,,,,,,,24312.0,0.047557571641904696
DOGE,스윕+CHoCH,1h,5m,0.25,월,,,,,,,,,,24313.0,0.2022826799446979
DOGE,스윕+CHoCH,1h,5m,0.25,월,,,,,,,,,,24314.0,-0.2988081903868493
DOGE,스윕+CHoCH,1h,5m,0.25,월,,,,,,,,,,24315.0,-0.2526283223580065
DOGE,스윕+CHoCH,1h,5m,0.25,월,,,,,,,,,,24316.0,-0.11992543494922214
DOGE,스윕+CHoCH,1h,5m,0.25,월,,,,,,,,,,24317.0,-0.11626029824817571
DOGE,스윕+CHoCH,1h,5m,0.25,월,,,,,,,,,,24318.0,0.04885828233976641
DOGE,스윕+CHoCH,1h,15m,0.0,전체,3700.0,0.9935553168635876,209.77038834181684,0.013783783783783784,0.037415926605247236,-0.023632142821463458,0.007837837837837838,0.32891891891891895,0.02702702702702703,,
DOGE,스윕+CHoCH,1h,15m,0.0,홀드아웃 전,3006.0,0.9935553168635876,216.87673273549012,0.01929474384564205,0.03673304122453021,-0.017438297378888166,,0.3300066533599468,0.02927478376580173,,
DOGE,스윕+CHoCH,1h,15m,0.0,홀드아웃 12개월,694.0,0.9935553168635876,178.88359099144873,-0.010086455331412104,0.04037378460875647,-0.050460239940168565,,0.3242074927953891,0.01729106628242075,,
DOGE,스윕+CHoCH,1h,15m,0.0,월,,,,,,,,,,24258.0,0.1866512781958975
DOGE,스윕+CHoCH,1h,15m,0.0,월,,,,,,,,,,24259.0,0.30665388585627895
DOGE,스윕+CHoCH,1h,15m,0.0,월,,,,,,,,,,24260.0,-0.19343515815899093
DOGE,스윕+CHoCH,1h,15m,0.0,월,,,,,,,,,,24261.0,-0.15374592564437717
DOGE,스윕+CHoCH,1h,15m,0.0,월,,,,,,,,,,24262.0,-0.15444649626065302
DOGE,스윕+CHoCH,1h,15m,0.0,월,,,,,,,,,,24263.0,-0.17192255170828186
DOGE,스윕+CHoCH,1h,15m,0.0,월,,,,,,,,,,24264.0,-0.14577786469644705
DOGE,스윕+CHoCH,1h,15m,0.0,월,,,,,,,,,,24265.0,0.19504588553944904
DOGE,스윕+CHoCH,1h,15m,0.0,월,,,,,,,,,,24266.0,0.3530636505284682
DOGE,스윕+CHoCH,1h,15m,0.0,월,,,,,,,,,,24267.0,-0.11351507017810833
DOGE,스윕+CHoCH,1h,15m,0.0,월,,,,,,,,,,24268.0,0.23481066829244132
DOGE,스윕+CHoCH,1h,15m,0.0,월,,,,,,,,,,24269.0,-0.0014373281921696423
DOGE,스윕+CHoCH,1h,15m,0.0,월,,,,,,,,,,24270.0,0.18277557478697015
DOGE,스윕+CHoCH,1h,15m,0.0,월,,,,,,,,,,24271.0,0.06043004024549616
DOGE,스윕+CHoCH,1h,15m,0.0,월,,,,,,,,,,24272.0,-0.4770227865396749
DOGE,스윕+CHoCH,1h,15m,0.0,월,,,,,,,,,,24273.0,-0.20933256333967046
DOGE,스윕+CHoCH,1h,15m,0.0,월,,,,,,,,,,24274.0,-0.025980344500494353
DOGE,스윕+CHoCH,1h,15m,0.0,월,,,,,,,,,,24275.0,-0.036580901995500285
DOGE,스윕+CHoCH,1h,15m,0.0,월,,,,,,,,,,24276.0,-0.006183551432675478
DOGE,스윕+CHoCH,1h,15m,0.0,월,,,,,,,,,,24277.0,-0.03684652610705929
DOGE,스윕+CHoCH,1h,15m,0.0,월,,,,,,,,,,24278.0,-0.10255451594807959
DOGE,스윕+CHoCH,1h,15m,0.0,월,,,,,,,,,,24279.0,-0.14560230566536944
DOGE,스윕+CHoCH,1h,15m,0.0,월,,,,,,,,,,24280.0,-0.05631065979147251
DOGE,스윕+CHoCH,1h,15m,0.0,월,,,,,,,,,,24281.0,-0.008263022152720243
DOGE,스윕+CHoCH,1h,15m,0.0,월,,,,,,,,,,24282.0,-0.2304137140383316
DOGE,스윕+CHoCH,1h,15m,0.0,월,,,,,,,,,,24283.0,0.20212233934814441
DOGE,스윕+CHoCH,1h,15m,0.0,월,,,,,,,,,,24284.0,-0.21902583965087796
DOGE,스윕+CHoCH,1h,15m,0.0,월,,,,,,,,,,24285.0,-0.23770282038399057
DOGE,스윕+CHoCH,1h,15m,0.0,월,,,,,,,,,,24286.0,-0.13111813401266745
DOGE,스윕+CHoCH,1h,15m,0.0,월,,,,,,,,,,24287.0,0.2502698666425652
DOGE,스윕+CHoCH,1h,15m,0.0,월,,,,,,,,,,24288.0,-0.019163433092798568
DOGE,스윕+CHoCH,1h,15m,0.0,월,,,,,,,,,,24289.0,-0.1155798871192376
DOGE,스윕+CHoCH,1h,15m,0.0,월,,,,,,,,,,24290.0,-0.08732314164590839
DOGE,스윕+CHoCH,1h,15m,0.0,월,,,,,,,,,,24291.0,0.2894610835523413
DOGE,스윕+CHoCH,1h,15m,0.0,월,,,,,,,,,,24292.0,-0.30395069505719924
DOGE,스윕+CHoCH,1h,15m,0.0,월,,,,,,,,,,24293.0,-0.04769417554401424
DOGE,스윕+CHoCH,1h,15m,0.0,월,,,,,,,,,,24294.0,-0.16298746376170148
DOGE,스윕+CHoCH,1h,15m,0.0,월,,,,,,,,,,24295.0,0.01562598368674623
DOGE,스윕+CHoCH,1h,15m,0.0,월,,,,,,,,,,24296.0,0.33910380502136334
DOGE,스윕+CHoCH,1h,15m,0.0,월,,,,,,,,,,24297.0,0.23734746259780212
DOGE,스윕+CHoCH,1h,15m,0.0,월,,,,,,,,,,24298.0,0.07310143973053033
DOGE,스윕+CHoCH,1h,15m,0.0,월,,,,,,,,,,24299.0,0.03688096657711564
DOGE,스윕+CHoCH,1h,15m,0.0,월,,,,,,,,,,24300.0,-0.15445698099167543
DOGE,스윕+CHoCH,1h,15m,0.0,월,,,,,,,,,,24301.0,0.14191499658668677
DOGE,스윕+CHoCH,1h,15m,0.0,월,,,,,,,,,,24302.0,0.18697489045780122
DOGE,스윕+CHoCH,1h,15m,0.0,월,,,,,,,,,,24303.0,0.09410670410154125
DOGE,스윕+CHoCH,1h,15m,0.0,월,,,,,,,,,,24304.0,-0.06629011299112587
DOGE,스윕+CHoCH,1h,15m,0.0,월,,,,,,,,,,24305.0,-0.1483941281137354
DOGE,스윕+CHoCH,1h,15m,0.0,월,,,,,,,,,,24306.0,-0.23518593976209323
DOGE,스윕+CHoCH,1h,15m,0.0,월,,,,,,,,,,24307.0,0.12225305756680746
DOGE,스윕+CHoCH,1h,15m,0.0,월,,,,,,,,,,24308.0,-0.24998753803854443
DOGE,스윕+CHoCH,1h,15m,0.0,월,,,,,,,,,,24309.0,-0.11075987969195544
DOGE,스윕+CHoCH,1h,15m,0.0,월,,,,,,,,,,24310.0,0.09513805029881847
DOGE,스윕+CHoCH,1h,15m,0.0,월,,,,,,,,,,24311.0,-0.13291199881762705
DOGE,스윕+CHoCH,1h,15m,0.0,월,,,,,,,,,,24312.0,-0.12035886473678696
DOGE,스윕+CHoCH,1h,15m,0.0,월,,,,,,,,,,24313.0,0.10874724913464069
DOGE,스윕+CHoCH,1h,15m,0.0,월,,,,,,,,,,24314.0,0.06452962330577579
DOGE,스윕+CHoCH,1h,15m,0.0,월,,,,,,,,,,24315.0,0.028220210029492675
DOGE,스윕+CHoCH,1h,15m,0.0,월,,,,,,,,,,24316.0,-0.014368373196642139
DOGE,스윕+CHoCH,1h,15m,0.0,월,,,,,,,,,,24317.0,-0.24914108488767403
DOGE,스윕+CHoCH,1h,15m,0.0,월,,,,,,,,,,24318.0,-0.028484792083074036
DOGE,스윕+CHoCH,1h,15m,0.25,전체,3707.0,0.9935674082015545,218.10830943446084,0.007013757755597518,0.035826926003469116,-0.0288131682478716,0.016050714863771246,0.3261397356352846,0.028594550849743727,,
DOGE,스윕+CHoCH,1h,15m,0.25,홀드아웃 전,3013.0,0.9935674082015545,225.32125129265137,0.01692665117822768,0.03516473303698705,-0.018238081858759365,,0.32857616993030203,0.031198141387321607,,
DOGE,스윕+CHoCH,1h,15m,0.25,홀드아웃 12개월,694.0,0.9935674082015545,186.9578277883288,-0.03602305475504323,0.03870183581328249,-0.07472489056832571,,0.31556195965417866,0.01729106628242075,,
DOGE,스윕+CHoCH,1h,15m,0.25,월,,,,,,,,,,24258.0,0.20443626599226825
DOGE,스윕+CHoCH,1h,15m,0.25,월,,,,,,,,,,24259.0,0.30800076112622465
DOGE,스윕+CHoCH,1h,15m,0.25,월,,,,,,,,,,24260.0,-0.14659281033821403
DOGE,스윕+CHoCH,1h,15m,0.25,월,,,,,,,,,,24261.0,-0.13458390364614578
DOGE,스윕+CHoCH,1h,15m,0.25,월,,,,,,,,,,24262.0,-0.16811451825691837
DOGE,스윕+CHoCH,1h,15m,0.25,월,,,,,,,,,,24263.0,-0.1702468507842182
DOGE,스윕+CHoCH,1h,15m,0.25,월,,,,,,,,,,24264.0,-0.0844618864370506
DOGE,스윕+CHoCH,1h,15m,0.25,월,,,,,,,,,,24265.0,0.09219530750633326
DOGE,스윕+CHoCH,1h,15m,0.25,월,,,,,,,,,,24266.0,0.35429510461625763
DOGE,스윕+CHoCH,1h,15m,0.25,월,,,,,,,,,,24267.0,-0.22551664684648368
DOGE,스윕+CHoCH,1h,15m,0.25,월,,,,,,,,,,24268.0,0.2050293485892273
DOGE,스윕+CHoCH,1h,15m,0.25,월,,,,,,,,,,24269.0,-9.406567243958131e-05
DOGE,스윕+CHoCH,1h,15m,0.25,월,,,,,,,,,,24270.0,0.2493110000876951
DOGE,스윕+CHoCH,1h,15m,0.25,월,,,,,,,,,,24271.0,0.05979862422052339
DOGE,스윕+CHoCH,1h,15m,0.25,월,,,,,,,,,,24272.0,-0.42941782761594094
DOGE,스윕+CHoCH,1h,15m,0.25,월,,,,,,,,,,24273.0,-0.17664580665846416
DOGE,스윕+CHoCH,1h,15m,0.25,월,,,,,,,,,,24274.0,-0.023876702922826964
DOGE,스윕+CHoCH,1h,15m,0.25,월,,,,,,,,,,24275.0,0.014528226285689538
DOGE,스윕+CHoCH,1h,15m,0.25,월,,,,,,,,,,24276.0,-0.004361368286947713
DOGE,스윕+CHoCH,1h,15m,0.25,월,,,,,,,,,,24277.0,-0.14496528769274653
DOGE,스윕+CHoCH,1h,15m,0.25,월,,,,,,,,,,24278.0,-0.10025532389135892
DOGE,스윕+CHoCH,1h,15m,0.25,월,,,,,,,,,,24279.0,-0.03243076364666537
DOGE,스윕+CHoCH,1h,15m,0.25,월,,,,,,,,,,24280.0,-0.05464170965128195
DOGE,스윕+CHoCH,1h,15m,0.25,월,,,,,,,,,,24281.0,0.053196291600734844
DOGE,스윕+CHoCH,1h,15m,0.25,월,,,,,,,,,,24282.0,-0.22802481663117502
DOGE,스윕+CHoCH,1h,15m,0.25,월,,,,,,,,,,24283.0,0.12462055852809927
DOGE,스윕+CHoCH,1h,15m,0.25,월,,,,,,,,,,24284.0,-0.21634877845923975
DOGE,스윕+CHoCH,1h,15m,0.25,월,,,,,,,,,,24285.0,-0.17458401354791866
DOGE,스윕+CHoCH,1h,15m,0.25,월,,,,,,,,,,24286.0,-0.12908643008246118
DOGE,스윕+CHoCH,1h,15m,0.25,월,,,,,,,,,,24287.0,0.15309841911870473
DOGE,스윕+CHoCH,1h,15m,0.25,월,,,,,,,,,,24288.0,0.028700932099040982
DOGE,스윕+CHoCH,1h,15m,0.25,월,,,,,,,,,,24289.0,-0.05796645682262516
DOGE,스윕+CHoCH,1h,15m,0.25,월,,,,,,,,,,24290.0,-0.08511536772922607
DOGE,스윕+CHoCH,1h,15m,0.25,월,,,,,,,,,,24291.0,0.29011290599100753
DOGE,스윕+CHoCH,1h,15m,0.25,월,,,,,,,,,,24292.0,-0.30275156610605974
DOGE,스윕+CHoCH,1h,15m,0.25,월,,,,,,,,,,24293.0,-0.04599493792130188
DOGE,스윕+CHoCH,1h,15m,0.25,월,,,,,,,,,,24294.0,-0.20941044805112116
DOGE,스윕+CHoCH,1h,15m,0.25,월,,,,,,,,,,24295.0,0.01738576836836824
DOGE,스윕+CHoCH,1h,15m,0.25,월,,,,,,,,,,24296.0,0.3405636244529637
DOGE,스윕+CHoCH,1h,15m,0.25,월,,,,,,,,,,24297.0,0.150309039652145
DOGE,스윕+CHoCH,1h,15m,0.25,월,,,,,,,,,,24298.0,0.028806358015682824
DOGE,스윕+CHoCH,1h,15m,0.25,월,,,,,,,,,,24299.0,0.03790744932655422
DOGE,스윕+CHoCH,1h,15m,0.25,월,,,,,,,,,,24300.0,-0.18131467281697206
DOGE,스윕+CHoCH,1h,15m,0.25,월,,,,,,,,,,24301.0,0.09593963395614875
DOGE,스윕+CHoCH,1h,15m,0.25,월,,,,,,,,,,24302.0,0.16087279980240565
DOGE,스윕+CHoCH,1h,15m,0.25,월,,,,,,,,,,24303.0,0.12866713922194228
DOGE,스윕+CHoCH,1h,15m,0.25,월,,,,,,,,,,24304.0,-0.022373165173114967
DOGE,스윕+CHoCH,1h,15m,0.25,월,,,,,,,,,,24305.0,-0.1470361007820699
DOGE,스윕+CHoCH,1h,15m,0.25,월,,,,,,,,,,24306.0,-0.23302607363341574
DOGE,스윕+CHoCH,1h,15m,0.25,월,,,,,,,,,,24307.0,0.0535111663153466
DOGE,스윕+CHoCH,1h,15m,0.25,월,,,,,,,,,,24308.0,-0.2988111307786499
DOGE,스윕+CHoCH,1h,15m,0.25,월,,,,,,,,,,24309.0,-0.10873553551032293
DOGE,스윕+CHoCH,1h,15m,0.25,월,,,,,,,,,,24310.0,0.09680926662930028
DOGE,스윕+CHoCH,1h,15m,0.25,월,,,,,,,,,,24311.0,-0.1781228296622857
DOGE,스윕+CHoCH,1h,15m,0.25,월,,,,,,,,,,24312.0,-0.11841171428789544
DOGE,스윕+CHoCH,1h,15m,0.25,월,,,,,,,,,,24313.0,0.11070757858366484
DOGE,스윕+CHoCH,1h,15m,0.25,월,,,,,,,,,,24314.0,-0.0073891157646440745
DOGE,스윕+CHoCH,1h,15m,0.25,월,,,,,,,,,,24315.0,0.029809222691700086
DOGE,스윕+CHoCH,1h,15m,0.25,월,,,,,,,,,,24316.0,-0.061897552330154385
DOGE,스윕+CHoCH,1h,15m,0.25,월,,,,,,,,,,24317.0,-0.2932460257168991
DOGE,스윕+CHoCH,1h,15m,0.25,월,,,,,,,,,,24318.0,-0.026418718293176522
DOGE,스윕+CHoCH,1h,1h,0.0,전체,1360.0,0.9934258582907232,429.14721449625563,-0.016911764705882352,0.018857199771378372,-0.03576896447726073,-0.0322610294117647,0.28308823529411764,0.1338235294117647,,
DOGE,스윕+CHoCH,1h,1h,0.0,홀드아웃 전,1090.0,0.9934258582907232,450.0748355475375,-0.01651376146788991,0.018253116416599213,-0.03476687788448913,,0.28073394495412846,0.14128440366972478,,
DOGE,스윕+CHoCH,1h,1h,0.0,홀드아웃 12개월,270.0,0.9934258582907232,349.8198584852088,-0.018518518518518517,0.021295906648079434,-0.03981442516659796,,0.29259259259259257,0.1037037037037037,,
DOGE,스윕+CHoCH,1h,1h,0.0,월,,,,,,,,,,24258.0,0.1656707665848348
DOGE,스윕+CHoCH,1h,1h,0.0,월,,,,,,,,,,24259.0,0.03107390327042513
DOGE,스윕+CHoCH,1h,1h,0.0,월,,,,,,,,,,24260.0,0.0708379765438439
DOGE,스윕+CHoCH,1h,1h,0.0,월,,,,,,,,,,24261.0,-0.3025729436807196
DOGE,스윕+CHoCH,1h,1h,0.0,월,,,,,,,,,,24262.0,-0.013093386906402016
DOGE,스윕+CHoCH,1h,1h,0.0,월,,,,,,,,,,24263.0,-0.39425012377950014
DOGE,스윕+CHoCH,1h,1h,0.0,월,,,,,,,,,,24264.0,-0.013802048816382563
DOGE,스윕+CHoCH,1h,1h,0.0,월,,,,,,,,,,24265.0,0.08315127744100355
DOGE,스윕+CHoCH,1h,1h,0.0,월,,,,,,,,,,24266.0,0.3037752911638643
DOGE,스윕+CHoCH,1h,1h,0.0,월,,,,,,,,,,24267.0,-0.12745403110481326
DOGE,스윕+CHoCH,1h,1h,0.0,월,,,,,,,,,,24268.0,0.10588508271473863
DOGE,스윕+CHoCH,1h,1h,0.0,월,,,,,,,,,,24269.0,0.23634470923442108
DOGE,스윕+CHoCH,1h,1h,0.0,월,,,,,,,,,,24270.0,-0.1674886580279469
DOGE,스윕+CHoCH,1h,1h,0.0,월,,,,,,,,,,24271.0,0.03963418475204619
DOGE,스윕+CHoCH,1h,1h,0.0,월,,,,,,,,,,24272.0,-0.19949744135247982
DOGE,스윕+CHoCH,1h,1h,0.0,월,,,,,,,,,,24273.0,0.31282870258724127
DOGE,스윕+CHoCH,1h,1h,0.0,월,,,,,,,,,,24274.0,-0.16499089775207748
DOGE,스윕+CHoCH,1h,1h,0.0,월,,,,,,,,,,24275.0,-0.04397617370126836
DOGE,스윕+CHoCH,1h,1h,0.0,월,,,,,,,,,,24276.0,0.20171725125894505
DOGE,스윕+CHoCH,1h,1h,0.0,월,,,,,,,,,,24277.0,-0.38046101265960963
DOGE,스윕+CHoCH,1h,1h,0.0,월,,,,,,,,,,24278.0,0.0208526901181832
DOGE,스윕+CHoCH,1h,1h,0.0,월,,,,,,,,,,24279.0,-0.3238083245771815
DOGE,스윕+CHoCH,1h,1h,0.0,월,,,,,,,,,,24280.0,-0.3382103660747721
DOGE,스윕+CHoCH,1h,1h,0.0,월,,,,,,,,,,24281.0,-0.19338575731347746
DOGE,스윕+CHoCH,1h,1h,0.0,월,,,,,,,,,,24282.0,0.0658692738990564
DOGE,스윕+CHoCH,1h,1h,0.0,월,,,,,,,,,,24283.0,-0.19321702175447325
DOGE,스윕+CHoCH,1h,1h,0.0,월,,,,,,,,,,24284.0,0.07103911099130836
DOGE,스윕+CHoCH,1h,1h,0.0,월,,,,,,,,,,24285.0,-0.1609691152632965
DOGE,스윕+CHoCH,1h,1h,0.0,월,,,,,,,,,,24286.0,0.11415315777098729
DOGE,스윕+CHoCH,1h,1h,0.0,월,,,,,,,,,,24287.0,0.3636133344213818
DOGE,스윕+CHoCH,1h,1h,0.0,월,,,,,,,,,,24288.0,-0.2208763971030873
DOGE,스윕+CHoCH,1h,1h,0.0,월,,,,,,,,,,24289.0,-0.020409697654948693
DOGE,스윕+CHoCH,1h,1h,0.0,월,,,,,,,,,,24290.0,-0.07421152877281065
DOGE,스윕+CHoCH,1h,1h,0.0,월,,,,,,,,,,24291.0,0.2791784020195193
DOGE,스윕+CHoCH,1h,1h,0.0,월,,,,,,,,,,24292.0,0.22767315641497635
DOGE,스윕+CHoCH,1h,1h,0.0,월,,,,,,,,,,24293.0,-0.17689738557724372
DOGE,스윕+CHoCH,1h,1h,0.0,월,,,,,,,,,,24294.0,-0.29414363495882523
DOGE,스윕+CHoCH,1h,1h,0.0,월,,,,,,,,,,24295.0,0.1668703685998368
DOGE,스윕+CHoCH,1h,1h,0.0,월,,,,,,,,,,24296.0,-0.3678069248779041
DOGE,스윕+CHoCH,1h,1h,0.0,월,,,,,,,,,,24297.0,0.28652068182528206
DOGE,스윕+CHoCH,1h,1h,0.0,월,,,,,,,,,,24298.0,-0.06163615916184365
DOGE,스윕+CHoCH,1h,1h,0.0,월,,,,,,,,,,24299.0,0.34128106445593553
DOGE,스윕+CHoCH,1h,1h,0.0,월,,,,,,,,,,24300.0,-0.08661025969987493
DOGE,스윕+CHoCH,1h,1h,0.0,월,,,,,,,,,,24301.0,0.101824278723237
DOGE,스윕+CHoCH,1h,1h,0.0,월,,,,,,,,,,24302.0,0.02375545462556344
DOGE,스윕+CHoCH,1h,1h,0.0,월,,,,,,,,,,24303.0,0.08118112002884299
DOGE,스윕+CHoCH,1h,1h,0.0,월,,,,,,,,,,24304.0,-0.33314282978507664
DOGE,스윕+CHoCH,1h,1h,0.0,월,,,,,,,,,,24305.0,-0.08999589060998005
DOGE,스윕+CHoCH,1h,1h,0.0,월,,,,,,,,,,24306.0,-0.26340938186267393
DOGE,스윕+CHoCH,1h,1h,0.0,월,,,,,,,,,,24307.0,0.10219844704535098
DOGE,스윕+CHoCH,1h,1h,0.0,월,,,,,,,,,,24308.0,0.02928709718646599
DOGE,스윕+CHoCH,1h,1h,0.0,월,,,,,,,,,,24309.0,0.14726404725622536
DOGE,스윕+CHoCH,1h,1h,0.0,월,,,,,,,,,,24310.0,-0.1296671453501817
DOGE,스윕+CHoCH,1h,1h,0.0,월,,,,,,,,,,24311.0,-0.29495361805110426
DOGE,스윕+CHoCH,1h,1h,0.0,월,,,,,,,,,,24312.0,-0.025399545407456113
DOGE,스윕+CHoCH,1h,1h,0.0,월,,,,,,,,,,24313.0,-0.06088643177651714
DOGE,스윕+CHoCH,1h,1h,0.0,월,,,,,,,,,,24314.0,0.15332063766807935
DOGE,스윕+CHoCH,1h,1h,0.0,월,,,,,,,,,,24315.0,-0.14597165902950113
DOGE,스윕+CHoCH,1h,1h,0.0,월,,,,,,,,,,24316.0,-0.10439811005866337
DOGE,스윕+CHoCH,1h,1h,0.0,월,,,,,,,,,,24317.0,-0.06625946120971368
DOGE,스윕+CHoCH,1h,1h,0.0,월,,,,,,,,,,24318.0,-0.07564977247414155
DOGE,스윕+CHoCH,1h,1h,0.25,전체,1360.0,0.9934258582907232,438.70347972892614,-0.019852941176470587,0.01847563715144102,-0.0383285783279116,-0.0359375,0.28088235294117647,0.1375,,
DOGE,스윕+CHoCH,1h,1h,0.25,홀드아웃 전,1090.0,0.9934258582907232,458.3366787661813,-0.022935779816513763,0.0179097659037077,-0.04084554572022147,,0.27706422018348625,0.14587155963302753,,
DOGE,스윕+CHoCH,1h,1h,0.25,홀드아웃 12개월,270.0,0.9934258582907232,356.53360923418415,-0.007407407407407408,0.020760080336734793,-0.028167487744142173,,0.2962962962962963,0.1037037037037037,,
DOGE,스윕+CHoCH,1h,1h,0.25,월,,,,,,,,,,24258.0,0.16593841536399107
DOGE,스윕+CHoCH,1h,1h,0.25,월,,,,,,,,,,24259.0,0.0314061566892859
DOGE,스윕+CHoCH,1h,1h,0.25,월,,,,,,,,,,24260.0,0.07109842688669733
DOGE,스윕+CHoCH,1h,1h,0.25,월,,,,,,,,,,24261.0,-0.3977137307804663
DOGE,스윕+CHoCH,1h,1h,0.25,월,,,,,,,,,,24262.0,-0.012816182164371323
DOGE,스윕+CHoCH,1h,1h,0.25,월,,,,,,,,,,24263.0,-0.3940278365490662
DOGE,스윕+CHoCH,1h,1h,0.25,월,,,,,,,,,,24264.0,0.12343764291808158
DOGE,스윕+CHoCH,1h,1h,0.25,월,,,,,,,,,,24265.0,0.08355080457441606
DOGE,스윕+CHoCH,1h,1h,0.25,월,,,,,,,,,,24266.0,0.30406305715603316
DOGE,스윕+CHoCH,1h,1h,0.25,월,,,,,,,,,,24267.0,-0.12714559030426886
DOGE,스윕+CHoCH,1h,1h,0.25,월,,,,,,,,,,24268.0,0.10612929723771987
DOGE,스윕+CHoCH,1h,1h,0.25,월,,,,,,,,,,24269.0,0.2366251651043581
DOGE,스윕+CHoCH,1h,1h,0.25,월,,,,,,,,,,24270.0,-0.16722762932704408
DOGE,스윕+CHoCH,1h,1h,0.25,월,,,,,,,,,,24271.0,0.03998523329185913
DOGE,스윕+CHoCH,1h,1h,0.25,월,,,,,,,,,,24272.0,-0.29033359580583495
DOGE,스윕+CHoCH,1h,1h,0.25,월,,,,,,,,,,24273.0,0.3133085040623117
DOGE,스윕+CHoCH,1h,1h,0.25,월,,,,,,,,,,24274.0,-0.16455457213300043
DOGE,스윕+CHoCH,1h,1h,0.25,월,,,,,,,,,,24275.0,-0.04374843767325261
DOGE,스윕+CHoCH,1h,1h,0.25,월,,,,,,,,,,24276.0,0.2021631137619463
DOGE,스윕+CHoCH,1h,1h,0.25,월,,,,,,,,,,24277.0,-0.3800002339798556
DOGE,스윕+CHoCH,1h,1h,0.25,월,,,,,,,,,,24278.0,-0.09972614603859102
DOGE,스윕+CHoCH,1h,1h,0.25,월,,,,,,,,,,24279.0,-0.32337441884423557
DOGE,스윕+CHoCH,1h,1h,0.25,월,,,,,,,,,,24280.0,-0.3378137977682856
DOGE,스윕+CHoCH,1h,1h,0.25,월,,,,,,,,,,24281.0,-0.13742178047806844
DOGE,스윕+CHoCH,1h,1h,0.25,월,,,,,,,,,,24282.0,0.06631938889592374
DOGE,스윕+CHoCH,1h,1h,0.25,월,,,,,,,,,,24283.0,-0.19291599297208273
DOGE,스윕+CHoCH,1h,1h,0.25,월,,,,,,,,,,24284.0,0.07158455494770846
DOGE,스윕+CHoCH,1h,1h,0.25,월,,,,,,,,,,24285.0,-0.27190495718126184
DOGE,스윕+CHoCH,1h,1h,0.25,월,,,,,,,,,,24286.0,0.11479687174665643
DOGE,스윕+CHoCH,1h,1h,0.25,월,,,,,,,,,,24287.0,0.36403839479972805
DOGE,스윕+CHoCH,1h,1h,0.25,월,,,,,,,,,,24288.0,-0.22045494764329213
DOGE,스윕+CHoCH,1h,1h,0.25,월,,,,,,,,,,24289.0,-0.020002151695164817
DOGE,스윕+CHoCH,1h,1h,0.25,월,,,,,,,,,,24290.0,-0.07361765476712014
DOGE,스윕+CHoCH,1h,1h,0.25,월,,,,,,,,,,24291.0,0.18388647799986227
DOGE,스윕+CHoCH,1h,1h,0.25,월,,,,,,,,,,24292.0,0.22796470152496107
DOGE,스윕+CHoCH,1h,1h,0.25,월,,,,,,,,,,24293.0,-0.17654681777735534
DOGE,스윕+CHoCH,1h,1h,0.25,월,,,,,,,,,,24294.0,-0.2936495399687835
DOGE,스윕+CHoCH,1h,1h,0.25,월,,,,,,,,,,24295.0,0.16717715258109098
DOGE,스윕+CHoCH,1h,1h,0.25,월,,,,,,,,,,24296.0,-0.36730391092452214
DOGE,스윕+CHoCH,1h,1h,0.25,월,,,,,,,,,,24297.0,0.28696699712017065
DOGE,스윕+CHoCH,1h,1h,0.25,월,,,,,,,,,,24298.0,-0.06114362963491346
DOGE,스윕+CHoCH,1h,1h,0.25,월,,,,,,,,,,24299.0,0.3414967102253004
DOGE,스윕+CHoCH,1h,1h,0.25,월,,,,,,,,,,24300.0,-0.08627112361944286
DOGE,스윕+CHoCH,1h,1h,0.25,월,,,,,,,,,,24301.0,0.10212401716333828
DOGE,스윕+CHoCH,1h,1h,0.25,월,,,,,,,,,,24302.0,0.024144438618670404
DOGE,스윕+CHoCH,1h,1h,0.25,월,,,,,,,,,,24303.0,0.08148806930826609
DOGE,스윕+CHoCH,1h,1h,0.25,월,,,,,,,,,,24304.0,-0.33278673935125636
DOGE,스윕+CHoCH,1h,1h,0.25,월,,,,,,,,,,24305.0,-0.08960774634195652
DOGE,스윕+CHoCH,1h,1h,0.25,월,,,,,,,,,,24306.0,-0.2628685496720126
DOGE,스윕+CHoCH,1h,1h,0.25,월,,,,,,,,,,24307.0,-0.07465212690576392
DOGE,스윕+CHoCH,1h,1h,0.25,월,,,,,,,,,,24308.0,0.02966567179572196
DOGE,스윕+CHoCH,1h,1h,0.25,월,,,,,,,,,,24309.0,0.14770810185540004
DOGE,스윕+CHoCH,1h,1h,0.25,월,,,,,,,,,,24310.0,-0.12923219008313908
DOGE,스윕+CHoCH,1h,1h,0.25,월,,,,,,,,,,24311.0,-0.2944337236827013
DOGE,스윕+CHoCH,1h,1h,0.25,월,,,,,,,,,,24312.0,-0.024842802818505153
DOGE,스윕+CHoCH,1h,1h,0.25,월,,,,,,,,,,24313.0,-0.060478975912830926
DOGE,스윕+CHoCH,1h,1h,0.25,월,,,,,,,,,,24314.0,0.32059840462472766
DOGE,스윕+CHoCH,1h,1h,0.25,월,,,,,,,,,,24315.0,-0.14551017846980763
DOGE,스윕+CHoCH,1h,1h,0.25,월,,,,,,,,,,24316.0,-0.10379723440715567
DOGE,스윕+CHoCH,1h,1h,0.25,월,,,,,,,,,,24317.0,0.050671154761591966
DOGE,스윕+CHoCH,1h,1h,0.25,월,,,,,,,,,,24318.0,-0.07518977559943327
DOGE,스윕+CHoCH,4h,5m,0.0,전체,1221.0,0.996734693877551,139.98250218722697,-0.022113022113022112,0.053665451753298385,-0.0757784738663205,0.003787878787878788,0.3226863226863227,0.009828009828009828,,
DOGE,스윕+CHoCH,4h,5m,0.0,홀드아웃 전,961.0,0.996734693877551,147.02606371129446,0.004162330905306972,0.05087365234293349,-0.046711321437626525,,0.3309053069719043,0.011446409989594173,,
DOGE,스윕+CHoCH,4h,5m,0.0,홀드아웃 12개월,260.0,0.996734693877551,115.22947003053258,-0.11923076923076924,0.06398437188160863,-0.18321514111237788,,0.2923076923076923,0.0038461538461538464,,
DOGE,스윕+CHoCH,4h,5m,0.0,월,,,,,,,,,,24258.0,-0.3437984277098723
DOGE,스윕+CHoCH,4h,5m,0.0,월,,,,,,,,,,24259.0,0.21220521879596282
DOGE,스윕+CHoCH,4h,5m,0.0,월,,,,,,,,,,24260.0,-0.46639959163807404
DOGE,스윕+CHoCH,4h,5m,0.0,월,,,,,,,,,,24261.0,-0.7113692459760388
DOGE,스윕+CHoCH,4h,5m,0.0,월,,,,,,,,,,24262.0,-0.17191546116979314
DOGE,스윕+CHoCH,4h,5m,0.0,월,,,,,,,,,,24263.0,-0.18490779093019935
DOGE,스윕+CHoCH,4h,5m,0.0,월,,,,,,,,,,24264.0,0.15473687639517208
DOGE,스윕+CHoCH,4h,5m,0.0,월,,,,,,,,,,24265.0,-0.28745459600592405
DOGE,스윕+CHoCH,4h,5m,0.0,월,,,,,,,,,,24266.0,-0.12466915445321866
DOGE,스윕+CHoCH,4h,5m,0.0,월,,,,,,,,,,24267.0,0.30504977091721525
DOGE,스윕+CHoCH,4h,5m,0.0,월,,,,,,,,,,24268.0,-0.0435698257419834
DOGE,스윕+CHoCH,4h,5m,0.0,월,,,,,,,,,,24269.0,-0.5711353905759542
DOGE,스윕+CHoCH,4h,5m,0.0,월,,,,,,,,,,24270.0,0.15797139339451102
DOGE,스윕+CHoCH,4h,5m,0.0,월,,,,,,,,,,24271.0,0.3145829952780732
DOGE,스윕+CHoCH,4h,5m,0.0,월,,,,,,,,,,24272.0,0.30920101025017027
DOGE,스윕+CHoCH,4h,5m,0.0,월,,,,,,,,,,24273.0,0.1080464946751174
DOGE,스윕+CHoCH,4h,5m,0.0,월,,,,,,,,,,24274.0,-0.44637208582888743
DOGE,스윕+CHoCH,4h,5m,0.0,월,,,,,,,,,,24275.0,-0.27441627740133967
DOGE,스윕+CHoCH,4h,5m,0.0,월,,,,,,,,,,24276.0,0.609724950826639
DOGE,스윕+CHoCH,4h,5m,0.0,월,,,,,,,,,,24277.0,-0.08861308899967134
DOGE,스윕+CHoCH,4h,5m,0.0,월,,,,,,,,,,24278.0,0.06389305339151372
DOGE,스윕+CHoCH,4h,5m,0.0,월,,,,,,,,,,24279.0,-0.3369089079839613
DOGE,스윕+CHoCH,4h,5m,0.0,월,,,,,,,,,,24280.0,0.12897982214479953
DOGE,스윕+CHoCH,4h,5m,0.0,월,,,,,,,,,,24281.0,-0.03380651282757003
DOGE,스윕+CHoCH,4h,5m,0.0,월,,,,,,,,,,24282.0,0.04799635673604985
DOGE,스윕+CHoCH,4h,5m,0.0,월,,,,,,,,,,24283.0,-0.15078398383653
DOGE,스윕+CHoCH,4h,5m,0.0,월,,,,,,,,,,24284.0,0.33378779829700944
DOGE,스윕+CHoCH,4h,5m,0.0,월,,,,,,,,,,24285.0,-0.5788782467657293
DOGE,스윕+CHoCH,4h,5m,0.0,월,,,,,,,,,,24286.0,0.06006172483301572
DOGE,스윕+CHoCH,4h,5m,0.0,월,,,,,,,,,,24287.0,0.017021211616851536
DOGE,스윕+CHoCH,4h,5m,0.0,월,,,,,,,,,,24288.0,0.2781766147439326
DOGE,스윕+CHoCH,4h,5m,0.0,월,,,,,,,,,,24289.0,0.18573231162763348
DOGE,스윕+CHoCH,4h,5m,0.0,월,,,,,,,,,,24290.0,-0.34455492075983857
DOGE,스윕+CHoCH,4h,5m,0.0,월,,,,,,,,,,24291.0,0.012935450989985374
DOGE,스윕+CHoCH,4h,5m,0.0,월,,,,,,,,,,24292.0,-0.6905447433399362
DOGE,스윕+CHoCH,4h,5m,0.0,월,,,,,,,,,,24293.0,0.4572029933356502
DOGE,스윕+CHoCH,4h,5m,0.0,월,,,,,,,,,,24294.0,-0.17470134713681756
DOGE,스윕+CHoCH,4h,5m,0.0,월,,,,,,,,,,24295.0,0.1248519465486234
DOGE,스윕+CHoCH,4h,5m,0.0,월,,,,,,,,,,24296.0,-0.47032826590609034
DOGE,스윕+CHoCH,4h,5m,0.0,월,,,,,,,,,,24297.0,-0.16806870242498287
DOGE,스윕+CHoCH,4h,5m,0.0,월,,,,,,,,,,24298.0,0.2640551597790152
DOGE,스윕+CHoCH,4h,5m,0.0,월,,,,,,,,,,24299.0,-0.5647074014562438
DOGE,스윕+CHoCH,4h,5m,0.0,월,,,,,,,,,,24300.0,0.15878375844796774
DOGE,스윕+CHoCH,4h,5m,0.0,월,,,,,,,,,,24301.0,0.3932725238099319
DOGE,스윕+CHoCH,4h,5m,0.0,월,,,,,,,,,,24302.0,0.15478045202576513
DOGE,스윕+CHoCH,4h,5m,0.0,월,,,,,,,,,,24303.0,0.004238708183386515
DOGE,스윕+CHoCH,4h,5m,0.0,월,,,,,,,,,,24304.0,-0.1520542040493304
DOGE,스윕+CHoCH,4h,5m,0.0,월,,,,,,,,,,24305.0,-0.45691692279014956
DOGE,스윕+CHoCH,4h,5m,0.0,월,,,,,,,,,,24306.0,0.04157556249835873
DOGE,스윕+CHoCH,4h,5m,0.0,월,,,,,,,,,,24307.0,-0.15647149439781313
DOGE,스윕+CHoCH,4h,5m,0.0,월,,,,,,,,,,24308.0,0.1731458472667236
DOGE,스윕+CHoCH,4h,5m,0.0,월,,,,,,,,,,24309.0,-0.2271169274429848
DOGE,스윕+CHoCH,4h,5m,0.0,월,,,,,,,,,,24310.0,-0.16740689076921503
DOGE,스윕+CHoCH,4h,5m,0.0,월,,,,,,,,,,24311.0,-0.2410440469186016
DOGE,스윕+CHoCH,4h,5m,0.0,월,,,,,,,,,,24312.0,0.012183246513046076
DOGE,스윕+CHoCH,4h,5m,0.0,월,,,,,,,,,,24313.0,-0.2788460424137444
DOGE,스윕+CHoCH,4h,5m,0.0,월,,,,,,,,,,24314.0,-0.5761646370295371
DOGE,스윕+CHoCH,4h,5m,0.0,월,,,,,,,,,,24315.0,-0.5149773281328749
DOGE,스윕+CHoCH,4h,5m,0.0,월,,,,,,,,,,24316.0,0.005802143316737967
DOGE,스윕+CHoCH,4h,5m,0.0,월,,,,,,,,,,24317.0,-0.3050417870237698
DOGE,스윕+CHoCH,4h,5m,0.0,월,,,,,,,,,,24318.0,-0.13914021707138338
DOGE,스윕+CHoCH,4h,5m,0.25,전체,1244.0,0.9967948717948718,145.8485656711194,-0.04340836012861737,0.05117571956267727,-0.09458407969129463,0.0018086816720257245,0.31511254019292606,0.011254019292604502,,
DOGE,스윕+CHoCH,4h,5m,0.25,홀드아웃 전,975.0,0.9967948717948718,154.5914579358036,-0.029743589743589743,0.04867695926843696,-0.07842054901202669,,0.318974358974359,0.013333333333333334,,
DOGE,스윕+CHoCH,4h,5m,0.25,홀드아웃 12개월,269.0,0.9967948717948718,121.20125969441752,-0.09293680297397769,0.06023256449533264,-0.15316936746931037,,0.30111524163568776,0.0037174721189591076,,
DOGE,스윕+CHoCH,4h,5m,0.25,월,,,,,,,,,,24258.0,-0.18296427280598215
DOGE,스윕+CHoCH,4h,5m,0.25,월,,,,,,,,,,24259.0,0.21454775448933852
DOGE,스윕+CHoCH,4h,5m,0.25,월,,,,,,,,,,24260.0,-0.348125751712001
DOGE,스윕+CHoCH,4h,5m,0.25,월,,,,,,,,,,24261.0,-0.7086899785235934
DOGE,스윕+CHoCH,4h,5m,0.25,월,,,,,,,,,,24262.0,-0.17036780423404527
DOGE,스윕+CHoCH,4h,5m,0.25,월,,,,,,,,,,24263.0,-0.3975199934380281
DOGE,스윕+CHoCH,4h,5m,0.25,월,,,,,,,,,,24264.0,0.45854424932028737
DOGE,스윕+CHoCH,4h,5m,0.25,월,,,,,,,,,,24265.0,-0.34669900780861806
DOGE,스윕+CHoCH,4h,5m,0.25,월,,,,,,,,,,24266.0,-0.12070099074679129
DOGE,스윕+CHoCH,4h,5m,0.25,월,,,,,,,,,,24267.0,0.15573047200300608
DOGE,스윕+CHoCH,4h,5m,0.25,월,,,,,,,,,,24268.0,-0.0405747996055649
DOGE,스윕+CHoCH,4h,5m,0.25,월,,,,,,,,,,24269.0,-0.5994446961147237
DOGE,스윕+CHoCH,4h,5m,0.25,월,,,,,,,,,,24270.0,0.46369205839583855
DOGE,스윕+CHoCH,4h,5m,0.25,월,,,,,,,,,,24271.0,0.31801277790343946
DOGE,스윕+CHoCH,4h,5m,0.25,월,,,,,,,,,,24272.0,0.17428632613262288
DOGE,스윕+CHoCH,4h,5m,0.25,월,,,,,,,,,,24273.0,-0.057070918729682556
DOGE,스윕+CHoCH,4h,5m,0.25,월,,,,,,,,,,24274.0,-0.320282675222842
DOGE,스윕+CHoCH,4h,5m,0.25,월,,,,,,,,,,24275.0,-0.2729743363404881
DOGE,스윕+CHoCH,4h,5m,0.25,월,,,,,,,,,,24276.0,0.611778539192157
DOGE,스윕+CHoCH,4h,5m,0.25,월,,,,,,,,,,24277.0,-0.08640097183694767
DOGE,스윕+CHoCH,4h,5m,0.25,월,,,,,,,,,,24278.0,-0.35920770756741205
DOGE,스윕+CHoCH,4h,5m,0.25,월,,,,,,,,,,24279.0,-0.45415662467086115
DOGE,스윕+CHoCH,4h,5m,0.25,월,,,,,,,,,,24280.0,0.1305413425317683
DOGE,스윕+CHoCH,4h,5m,0.25,월,,,,,,,,,,24281.0,-0.02831194253685821
DOGE,스윕+CHoCH,4h,5m,0.25,월,,,,,,,,,,24282.0,-0.10203018606134609
DOGE,스윕+CHoCH,4h,5m,0.25,월,,,,,,,,,,24283.0,-0.14819553738105884
DOGE,스윕+CHoCH,4h,5m,0.25,월,,,,,,,,,,24284.0,0.0416671678236271
DOGE,스윕+CHoCH,4h,5m,0.25,월,,,,,,,,,,24285.0,-0.5720931546946438
DOGE,스윕+CHoCH,4h,5m,0.25,월,,,,,,,,,,24286.0,-0.12721108227153627
DOGE,스윕+CHoCH,4h,5m,0.25,월,,,,,,,,,,24287.0,0.019297776576707424
DOGE,스윕+CHoCH,4h,5m,0.25,월,,,,,,,,,,24288.0,0.2804195805546973
DOGE,스윕+CHoCH,4h,5m,0.25,월,,,,,,,,,,24289.0,0.18879971076196578
DOGE,스윕+CHoCH,4h,5m,0.25,월,,,,,,,,,,24290.0,-0.5289783372114513
DOGE,스윕+CHoCH,4h,5m,0.25,월,,,,,,,,,,24291.0,-0.09675931670232397
DOGE,스윕+CHoCH,4h,5m,0.25,월,,,,,,,,,,24292.0,-0.5098847172676441
DOGE,스윕+CHoCH,4h,5m,0.25,월,,,,,,,,,,24293.0,0.4601518434196292
DOGE,스윕+CHoCH,4h,5m,0.25,월,,,,,,,,,,24294.0,-0.07063543903324047
DOGE,스윕+CHoCH,4h,5m,0.25,월,,,,,,,,,,24295.0,-0.12401610304207632
DOGE,스윕+CHoCH,4h,5m,0.25,월,,,,,,,,,,24296.0,-0.3546956318393351
DOGE,스윕+CHoCH,4h,5m,0.25,월,,,,,,,,,,24297.0,-0.20856552277376014
DOGE,스윕+CHoCH,4h,5m,0.25,월,,,,,,,,,,24298.0,0.21014850715523073
DOGE,스윕+CHoCH,4h,5m,0.25,월,,,,,,,,,,24299.0,-0.254750606486035
DOGE,스윕+CHoCH,4h,5m,0.25,월,,,,,,,,,,24300.0,0.1612474611473768
DOGE,스윕+CHoCH,4h,5m,0.25,월,,,,,,,,,,24301.0,0.0812784425940615
DOGE,스윕+CHoCH,4h,5m,0.25,월,,,,,,,,,,24302.0,0.08164810835887339
DOGE,스윕+CHoCH,4h,5m,0.25,월,,,,,,,,,,24303.0,-0.12531529544520426
DOGE,스윕+CHoCH,4h,5m,0.25,월,,,,,,,,,,24304.0,-0.14851575728957336
DOGE,스윕+CHoCH,4h,5m,0.25,월,,,,,,,,,,24305.0,-0.4529115338332765
DOGE,스윕+CHoCH,4h,5m,0.25,월,,,,,,,,,,24306.0,0.046113517613477206
DOGE,스윕+CHoCH,4h,5m,0.25,월,,,,,,,,,,24307.0,-0.23637405842388626
DOGE,스윕+CHoCH,4h,5m,0.25,월,,,,,,,,,,24308.0,0.12333589364815645
DOGE,스윕+CHoCH,4h,5m,0.25,월,,,,,,,,,,24309.0,-0.22271113475332643
DOGE,스윕+CHoCH,4h,5m,0.25,월,,,,,,,,,,24310.0,-0.05089933515519465
DOGE,스윕+CHoCH,4h,5m,0.25,월,,,,,,,,,,24311.0,-0.00957046854604379
DOGE,스윕+CHoCH,4h,5m,0.25,월,,,,,,,,,,24312.0,0.016522570289092587
DOGE,스윕+CHoCH,4h,5m,0.25,월,,,,,,,,,,24313.0,-0.2732951844596495
DOGE,스윕+CHoCH,4h,5m,0.25,월,,,,,,,,,,24314.0,-0.33153306789141623
DOGE,스윕+CHoCH,4h,5m,0.25,월,,,,,,,,,,24315.0,-0.6869911522397533
DOGE,스윕+CHoCH,4h,5m,0.25,월,,,,,,,,,,24316.0,0.010195562835308989
DOGE,스윕+CHoCH,4h,5m,0.25,월,,,,,,,,,,24317.0,-0.22240878224355584
DOGE,스윕+CHoCH,4h,5m,0.25,월,,,,,,,,,,24318.0,-0.13390379035134797
DOGE,스윕+CHoCH,4h,15m,0.0,전체,1177.0,0.991575400168492,214.57765667574805,-0.03058623619371283,0.03533916477607251,-0.06592540096978533,0.0139124893797791,0.31265930331350894,0.03143585386576041,,
DOGE,스윕+CHoCH,4h,15m,0.0,홀드아웃 전,921.0,0.991575400168492,224.4116037219487,-0.021715526601520086,0.03407063087174017,-0.055786157473260274,,0.31378935939196523,0.03691639522258415,,
DOGE,스윕+CHoCH,4h,15m,0.0,홀드아웃 12개월,256.0,0.991575400168492,183.01992509282212,-0.0625,0.03990291370533065,-0.10240291370533065,,0.30859375,0.01171875,,
DOGE,스윕+CHoCH,4h,15m,0.0,월,,,,,,,,,,24258.0,-0.07943717850830956
DOGE,스윕+CHoCH,4h,15m,0.0,월,,,,,,,,,,24259.0,0.47476690706969193
DOGE,스윕+CHoCH,4h,15m,0.0,월,,,,,,,,,,24260.0,-0.40537249619899424
DOGE,스윕+CHoCH,4h,15m,0.0,월,,,,,,,,,,24261.0,-0.24274754115644281
DOGE,스윕+CHoCH,4h,15m,0.0,월,,,,,,,,,,24262.0,-0.4059741207710108
DOGE,스윕+CHoCH,4h,15m,0.0,월,,,,,,,,,,24263.0,-0.26316876435386427
DOGE,스윕+CHoCH,4h,15m,0.0,월,,,,,,,,,,24264.0,-0.49632215186054357
DOGE,스윕+CHoCH,4h,15m,0.0,월,,,,,,,,,,24265.0,0.09395820818096212
DOGE,스윕+CHoCH,4h,15m,0.0,월,,,,,,,,,,24266.0,0.35277992572819333
DOGE,스윕+CHoCH,4h,15m,0.0,월,,,,,,,,,,24267.0,-0.13194213945120015
DOGE,스윕+CHoCH,4h,15m,0.0,월,,,,,,,,,,24268.0,0.015001083661958447
DOGE,스윕+CHoCH,4h,15m,0.0,월,,,,,,,,,,24269.0,-0.5283012316001933
DOGE,스윕+CHoCH,4h,15m,0.0,월,,,,,,,,,,24270.0,0.33342263518200027
DOGE,스윕+CHoCH,4h,15m,0.0,월,,,,,,,,,,24271.0,0.06367926737875808
DOGE,스윕+CHoCH,4h,15m,0.0,월,,,,,,,,,,24272.0,-0.43639090229457117
DOGE,스윕+CHoCH,4h,15m,0.0,월,,,,,,,,,,24273.0,-0.3376336916455412
DOGE,스윕+CHoCH,4h,15m,0.0,월,,,,,,,,,,24274.0,-0.006844775634688072
DOGE,스윕+CHoCH,4h,15m,0.0,월,,,,,,,,,,24275.0,-0.2829064969509408
DOGE,스윕+CHoCH,4h,15m,0.0,월,,,,,,,,,,24276.0,0.7712502409049977
DOGE,스윕+CHoCH,4h,15m,0.0,월,,,,,,,,,,24277.0,-0.07491514163352407
DOGE,스윕+CHoCH,4h,15m,0.0,월,,,,,,,,,,24278.0,-0.21670331881626162
DOGE,스윕+CHoCH,4h,15m,0.0,월,,,,,,,,,,24279.0,-0.2601612572009002
DOGE,스윕+CHoCH,4h,15m,0.0,월,,,,,,,,,,24280.0,-0.3674260482805029
DOGE,스윕+CHoCH,4h,15m,0.0,월,,,,,,,,,,24281.0,0.26694471201452186
DOGE,스윕+CHoCH,4h,15m,0.0,월,,,,,,,,,,24282.0,0.01429482349472863
DOGE,스윕+CHoCH,4h,15m,0.0,월,,,,,,,,,,24283.0,0.2834457858718108
DOGE,스윕+CHoCH,4h,15m,0.0,월,,,,,,,,,,24284.0,-0.06142410670885717
DOGE,스윕+CHoCH,4h,15m,0.0,월,,,,,,,,,,24285.0,-0.3409797089830606
DOGE,스윕+CHoCH,4h,15m,0.0,월,,,,,,,,,,24286.0,0.09740793264913743
DOGE,스윕+CHoCH,4h,15m,0.0,월,,,,,,,,,,24287.0,0.229560530731208
DOGE,스윕+CHoCH,4h,15m,0.0,월,,,,,,,,,,24288.0,0.21511067968454492
DOGE,스윕+CHoCH,4h,15m,0.0,월,,,,,,,,,,24289.0,0.20072272424991267
DOGE,스윕+CHoCH,4h,15m,0.0,월,,,,,,,,,,24290.0,0.07766655604617988
DOGE,스윕+CHoCH,4h,15m,0.0,월,,,,,,,,,,24291.0,-0.013333269188662178
DOGE,스윕+CHoCH,4h,15m,0.0,월,,,,,,,,,,24292.0,-0.5005883947592146
DOGE,스윕+CHoCH,4h,15m,0.0,월,,,,,,,,,,24293.0,-0.07836638454077731
DOGE,스윕+CHoCH,4h,15m,0.0,월,,,,,,,,,,24294.0,-0.4026094578930687
DOGE,스윕+CHoCH,4h,15m,0.0,월,,,,,,,,,,24295.0,-0.11333039922530105
DOGE,스윕+CHoCH,4h,15m,0.0,월,,,,,,,,,,24296.0,0.46877069272803623
DOGE,스윕+CHoCH,4h,15m,0.0,월,,,,,,,,,,24297.0,-0.6827082490933241
DOGE,스윕+CHoCH,4h,15m,0.0,월,,,,,,,,,,24298.0,0.0627141184571086
DOGE,스윕+CHoCH,4h,15m,0.0,월,,,,,,,,,,24299.0,-0.16187849647790142
DOGE,스윕+CHoCH,4h,15m,0.0,월,,,,,,,,,,24300.0,-0.12938132991870133
DOGE,스윕+CHoCH,4h,15m,0.0,월,,,,,,,,,,24301.0,0.29062385978855526
DOGE,스윕+CHoCH,4h,15m,0.0,월,,,,,,,,,,24302.0,-0.03107794646882218
DOGE,스윕+CHoCH,4h,15m,0.0,월,,,,,,,,,,24303.0,-0.07299511158501114
DOGE,스윕+CHoCH,4h,15m,0.0,월,,,,,,,,,,24304.0,-0.08507035292709432
DOGE,스윕+CHoCH,4h,15m,0.0,월,,,,,,,,,,24305.0,-0.41197878881122474
DOGE,스윕+CHoCH,4h,15m,0.0,월,,,,,,,,,,24306.0,-0.22977478440267607
DOGE,스윕+CHoCH,4h,15m,0.0,월,,,,,,,,,,24307.0,-0.03357968974281497
DOGE,스윕+CHoCH,4h,15m,0.0,월,,,,,,,,,,24308.0,-0.20435643639020643
DOGE,스윕+CHoCH,4h,15m,0.0,월,,,,,,,,,,24309.0,-0.29527061077878797
DOGE,스윕+CHoCH,4h,15m,0.0,월,,,,,,,,,,24310.0,0.0393301365583815
DOGE,스윕+CHoCH,4h,15m,0.0,월,,,,,,,,,,24311.0,0.2855762617328877
DOGE,스윕+CHoCH,4h,15m,0.0,월,,,,,,,,,,24312.0,-0.08455972274171505
DOGE,스윕+CHoCH,4h,15m,0.0,월,,,,,,,,,,24313.0,-0.3541448274392532
DOGE,스윕+CHoCH,4h,15m,0.0,월,,,,,,,,,,24314.0,0.20332244477007202
DOGE,스윕+CHoCH,4h,15m,0.0,월,,,,,,,,,,24315.0,-0.3106146942428056
DOGE,스윕+CHoCH,4h,15m,0.0,월,,,,,,,,,,24316.0,-0.047005987591964
DOGE,스윕+CHoCH,4h,15m,0.0,월,,,,,,,,,,24317.0,-0.20913600516288938
DOGE,스윕+CHoCH,4h,15m,0.0,월,,,,,,,,,,24318.0,-0.34899949323709134
DOGE,스윕+CHoCH,4h,15m,0.25,전체,1180.0,0.9915966386554622,224.62292183166576,-0.036440677966101696,0.03402655105811536,-0.07046722902421707,-0.011228813559322036,0.3093220338983051,0.03559322033898305,,
DOGE,스윕+CHoCH,4h,15m,0.25,홀드아웃 전,924.0,0.9915966386554622,232.8821356021568,-0.016233766233766232,0.03280594315301967,-0.0490397093867859,,0.31385281385281383,0.04220779220779221,,
DOGE,스윕+CHoCH,4h,15m,0.25,홀드아웃 12개월,256.0,0.9915966386554622,189.42224628286513,-0.109375,0.038432182715570105,-0.1478071827155701,,0.29296875,0.01171875,,
DOGE,스윕+CHoCH,4h,15m,0.25,월,,,,,,,,,,24258.0,-0.018101508590997933
DOGE,스윕+CHoCH,4h,15m,0.25,월,,,,,,,,,,24259.0,0.476032822136908
DOGE,스윕+CHoCH,4h,15m,0.25,월,,,,,,,,,,24260.0,-0.2786831395312093
DOGE,스윕+CHoCH,4h,15m,0.25,월,,,,,,,,,,24261.0,-0.4651966744270213
DOGE,스윕+CHoCH,4h,15m,0.25,월,,,,,,,,,,24262.0,-0.45527477416664236
DOGE,스윕+CHoCH,4h,15m,0.25,월,,,,,,,,,,24263.0,-0.2617615734463209
DOGE,스윕+CHoCH,4h,15m,0.25,월,,,,,,,,,,24264.0,-0.4950503424234505
DOGE,스윕+CHoCH,4h,15m,0.25,월,,,,,,,,,,24265.0,-0.025512820239531893
DOGE,스윕+CHoCH,4h,15m,0.25,월,,,,,,,,,,24266.0,0.35434929043574137
DOGE,스윕+CHoCH,4h,15m,0.25,월,,,,,,,,,,24267.0,-0.13065596363414966
DOGE,스윕+CHoCH,4h,15m,0.25,월,,,,,,,,,,24268.0,0.01626225680298285
DOGE,스윕+CHoCH,4h,15m,0.25,월,,,,,,,,,,24269.0,-0.5271526985288683
DOGE,스윕+CHoCH,4h,15m,0.25,월,,,,,,,,,,24270.0,0.4072745002127656
DOGE,스윕+CHoCH,4h,15m,0.25,월,,,,,,,,,,24271.0,0.06448931194632747
DOGE,스윕+CHoCH,4h,15m,0.25,월,,,,,,,,,,24272.0,-0.2835176206763935
DOGE,스윕+CHoCH,4h,15m,0.25,월,,,,,,,,,,24273.0,-0.33580700693612003
DOGE,스윕+CHoCH,4h,15m,0.25,월,,,,,,,,,,24274.0,-0.004020500040700437
DOGE,스윕+CHoCH,4h,15m,0.25,월,,,,,,,,,,24275.0,-0.28226374020833483
DOGE,스윕+CHoCH,4h,15m,0.25,월,,,,,,,,,,24276.0,0.7722736630780518
DOGE,스윕+CHoCH,4h,15m,0.25,월,,,,,,,,,,24277.0,-0.07375956767625333
DOGE,스윕+CHoCH,4h,15m,0.25,월,,,,,,,,,,24278.0,-0.2148706048819123
DOGE,스윕+CHoCH,4h,15m,0.25,월,,,,,,,,,,24279.0,-0.1271332150518267
DOGE,스윕+CHoCH,4h,15m,0.25,월,,,,,,,,,,24280.0,-0.3661430096747868
DOGE,스윕+CHoCH,4h,15m,0.25,월,,,,,,,,,,24281.0,0.2682175728689401
DOGE,스윕+CHoCH,4h,15m,0.25,월,,,,,,,,,,24282.0,0.015614331752340296
DOGE,스윕+CHoCH,4h,15m,0.25,월,,,,,,,,,,24283.0,0.2847421245263462
DOGE,스윕+CHoCH,4h,15m,0.25,월,,,,,,,,,,24284.0,-0.058972930009011125
DOGE,스윕+CHoCH,4h,15m,0.25,월,,,,,,,,,,24285.0,-0.33813046711426414
DOGE,스윕+CHoCH,4h,15m,0.25,월,,,,,,,,,,24286.0,0.0984605806449582
DOGE,스윕+CHoCH,4h,15m,0.25,월,,,,,,,,,,24287.0,0.2310429046130094
DOGE,스윕+CHoCH,4h,15m,0.25,월,,,,,,,,,,24288.0,0.2167388469883141
DOGE,스윕+CHoCH,4h,15m,0.25,월,,,,,,,,,,24289.0,0.2499832921053276
DOGE,스윕+CHoCH,4h,15m,0.25,월,,,,,,,,,,24290.0,0.07942155416715593
DOGE,스윕+CHoCH,4h,15m,0.25,월,,,,,,,,,,24291.0,-0.012774659941487743
DOGE,스윕+CHoCH,4h,15m,0.25,월,,,,,,,,,,24292.0,-0.49930295047948237
DOGE,스윕+CHoCH,4h,15m,0.25,월,,,,,,,,,,24293.0,-0.07706406113973482
DOGE,스윕+CHoCH,4h,15m,0.25,월,,,,,,,,,,24294.0,-0.24681954096313516
DOGE,스윕+CHoCH,4h,15m,0.25,월,,,,,,,,,,24295.0,-0.11156410851519288
DOGE,스윕+CHoCH,4h,15m,0.25,월,,,,,,,,,,24296.0,0.47007273445493347
DOGE,스윕+CHoCH,4h,15m,0.25,월,,,,,,,,,,24297.0,-0.8402605568316543
DOGE,스윕+CHoCH,4h,15m,0.25,월,,,,,,,,,,24298.0,0.06387659001238898
DOGE,스윕+CHoCH,4h,15m,0.25,월,,,,,,,,,,24299.0,0.12572957730376663
DOGE,스윕+CHoCH,4h,15m,0.25,월,,,,,,,,,,24300.0,-0.12812489393789378
DOGE,스윕+CHoCH,4h,15m,0.25,월,,,,,,,,,,24301.0,0.2921372171443699
DOGE,스윕+CHoCH,4h,15m,0.25,월,,,,,,,,,,24302.0,-0.02965901507518504
DOGE,스윕+CHoCH,4h,15m,0.25,월,,,,,,,,,,24303.0,-0.07142895177850828
DOGE,스윕+CHoCH,4h,15m,0.25,월,,,,,,,,,,24304.0,-0.24284451002466925
DOGE,스윕+CHoCH,4h,15m,0.25,월,,,,,,,,,,24305.0,-0.4101290045453694
DOGE,스윕+CHoCH,4h,15m,0.25,월,,,,,,,,,,24306.0,-0.2813231022636476
DOGE,스윕+CHoCH,4h,15m,0.25,월,,,,,,,,,,24307.0,-0.24877180093756834
DOGE,스윕+CHoCH,4h,15m,0.25,월,,,,,,,,,,24308.0,-0.20323946414107433
DOGE,스윕+CHoCH,4h,15m,0.25,월,,,,,,,,,,24309.0,-0.2931950637538597
DOGE,스윕+CHoCH,4h,15m,0.25,월,,,,,,,,,,24310.0,0.04062209566306307
DOGE,스윕+CHoCH,4h,15m,0.25,월,,,,,,,,,,24311.0,0.16666812523312277
DOGE,스윕+CHoCH,4h,15m,0.25,월,,,,,,,,,,24312.0,-0.08291482924902357
DOGE,스윕+CHoCH,4h,15m,0.25,월,,,,,,,,,,24313.0,-0.3522093133716467
DOGE,스윕+CHoCH,4h,15m,0.25,월,,,,,,,,,,24314.0,0.20489936093960423
DOGE,스윕+CHoCH,4h,15m,0.25,월,,,,,,,,,,24315.0,-0.30909076452894546
DOGE,스윕+CHoCH,4h,15m,0.25,월,,,,,,,,,,24316.0,-0.17091165312001613
DOGE,스윕+CHoCH,4h,15m,0.25,월,,,,,,,,,,24317.0,-0.3272403986263228
DOGE,스윕+CHoCH,4h,15m,0.25,월,,,,,,,,,,24318.0,-0.34653882685043363
DOGE,스윕+CHoCH,4h,1h,0.0,전체,725.0,0.9958791208791209,406.15769143376446,-0.023448275862068966,0.019183852819573077,-0.04263212868164205,-0.027586206896551724,0.28413793103448276,0.12413793103448276,,
DOGE,스윕+CHoCH,4h,1h,0.0,홀드아웃 전,570.0,0.9958791208791209,434.4921434199583,-0.010526315789473684,0.018417005022475064,-0.028943320811948756,,0.28421052631578947,0.1368421052631579,,
DOGE,스윕+CHoCH,4h,1h,0.0,홀드아웃 12개월,155.0,0.9958791208791209,330.56881308191896,-0.07096774193548387,0.022003873750836737,-0.09297161568632056,,0.2838709677419355,0.07741935483870968,,
DOGE,스윕+CHoCH,4h,1h,0.0,월,,,,,,,,,,24258.0,0.4911026840425195
DOGE,스윕+CHoCH,4h,1h,0.0,월,,,,,,,,,,24259.0,0.1705535210940499
DOGE,스윕+CHoCH,4h,1h,0.0,월,,,,,,,,,,24260.0,0.05602410576006556
DOGE,스윕+CHoCH,4h,1h,0.0,월,,,,,,,,,,24261.0,-1.0129205873603255
DOGE,스윕+CHoCH,4h,1h,0.0,월,,,,,,,,,,24262.0,-0.21614944880024317
DOGE,스윕+CHoCH,4h,1h,0.0,월,,,,,,,,,,24263.0,-0.6814089986994666
DOGE,스윕+CHoCH,4h,1h,0.0,월,,,,,,,,,,24264.0,-0.015381691205543679
DOGE,스윕+CHoCH,4h,1h,0.0,월,,,,,,,,,,24265.0,-0.2686796264672295
DOGE,스윕+CHoCH,4h,1h,0.0,월,,,,,,,,,,24266.0,-0.015690909412105984
DOGE,스윕+CHoCH,4h,1h,0.0,월,,,,,,,,,,24267.0,0.3693242178997319
DOGE,스윕+CHoCH,4h,1h,0.0,월,,,,,,,,,,24268.0,-0.09605045315479131
DOGE,스윕+CHoCH,4h,1h,0.0,월,,,,,,,,,,24269.0,0.48795473997423233
DOGE,스윕+CHoCH,4h,1h,0.0,월,,,,,,,,,,24270.0,-0.12269454661668269
DOGE,스윕+CHoCH,4h,1h,0.0,월,,,,,,,,,,24271.0,-0.10851888017595651
DOGE,스윕+CHoCH,4h,1h,0.0,월,,,,,,,,,,24272.0,0.3681926452747515
DOGE,스윕+CHoCH,4h,1h,0.0,월,,,,,,,,,,24273.0,0.6993558142721088
DOGE,스윕+CHoCH,4h,1h,0.0,월,,,,,,,,,,24274.0,0.2156975131325265
DOGE,스윕+CHoCH,4h,1h,0.0,월,,,,,,,,,,24275.0,0.10194915791373628
DOGE,스윕+CHoCH,4h,1h,0.0,월,,,,,,,,,,24276.0,0.48017374225212606
DOGE,스윕+CHoCH,4h,1h,0.0,월,,,,,,,,,,24277.0,-0.01800837613331501
DOGE,스윕+CHoCH,4h,1h,0.0,월,,,,,,,,,,24278.0,0.6149699378310497
DOGE,스윕+CHoCH,4h,1h,0.0,월,,,,,,,,,,24279.0,-0.3957685858291124
DOGE,스윕+CHoCH,4h,1h,0.0,월,,,,,,,,,,24280.0,-0.5168091912498862
DOGE,스윕+CHoCH,4h,1h,0.0,월,,,,,,,,,,24281.0,-0.36257872778702527
DOGE,스윕+CHoCH,4h,1h,0.0,월,,,,,,,,,,24282.0,0.3628469623110847
DOGE,스윕+CHoCH,4h,1h,0.0,월,,,,,,,,,,24283.0,-0.09944626935067853
DOGE,스윕+CHoCH,4h,1h,0.0,월,,,,,,,,,,24284.0,0.06768821553465623
DOGE,스윕+CHoCH,4h,1h,0.0,월,,,,,,,,,,24285.0,-0.2587638791947113
DOGE,스윕+CHoCH,4h,1h,0.0,월,,,,,,,,,,24286.0,-0.31015748542108007
DOGE,스윕+CHoCH,4h,1h,0.0,월,,,,,,,,,,24287.0,0.9002212070466373
DOGE,스윕+CHoCH,4h,1h,0.0,월,,,,,,,,,,24288.0,-0.1373257749243517
DOGE,스윕+CHoCH,4h,1h,0.0,월,,,,,,,,,,24289.0,-0.14580868757341112
DOGE,스윕+CHoCH,4h,1h,0.0,월,,,,,,,,,,24290.0,0.21793768966151392
DOGE,스윕+CHoCH,4h,1h,0.0,월,,,,,,,,,,24291.0,0.07721576683569974
DOGE,스윕+CHoCH,4h,1h,0.0,월,,,,,,,,,,24292.0,-0.1062506709697586
DOGE,스윕+CHoCH,4h,1h,0.0,월,,,,,,,,,,24293.0,-0.4305171592463993
DOGE,스윕+CHoCH,4h,1h,0.0,월,,,,,,,,,,24294.0,-0.35827067049680256
DOGE,스윕+CHoCH,4h,1h,0.0,월,,,,,,,,,,24295.0,-0.016367293661440754
DOGE,스윕+CHoCH,4h,1h,0.0,월,,,,,,,,,,24296.0,-0.5662376822202203
DOGE,스윕+CHoCH,4h,1h,0.0,월,,,,,,,,,,24297.0,0.057844293051140507
DOGE,스윕+CHoCH,4h,1h,0.0,월,,,,,,,,,,24298.0,0.3464786463410104
DOGE,스윕+CHoCH,4h,1h,0.0,월,,,,,,,,,,24299.0,0.08014582898471699
DOGE,스윕+CHoCH,4h,1h,0.0,월,,,,,,,,,,24300.0,0.05852302220526672
DOGE,스윕+CHoCH,4h,1h,0.0,월,,,,,,,,,,24301.0,-0.27975646808010945
DOGE,스윕+CHoCH,4h,1h,0.0,월,,,,,,,,,,24302.0,0.16254780292841414
DOGE,스윕+CHoCH,4h,1h,0.0,월,,,,,,,,,,24303.0,0.044739237146600365
DOGE,스윕+CHoCH,4h,1h,0.0,월,,,,,,,,,,24304.0,-0.5901232608032808
DOGE,스윕+CHoCH,4h,1h,0.0,월,,,,,,,,,,24305.0,-0.32396372961912095
DOGE,스윕+CHoCH,4h,1h,0.0,월,,,,,,,,,,24306.0,-0.2110264532380276
DOGE,스윕+CHoCH,4h,1h,0.0,월,,,,,,,,,,24307.0,-0.1689835077924576
DOGE,스윕+CHoCH,4h,1h,0.0,월,,,,,,,,,,24308.0,-0.2322463267284182
DOGE,스윕+CHoCH,4h,1h,0.0,월,,,,,,,,,,24309.0,0.3138480867218878
DOGE,스윕+CHoCH,4h,1h,0.0,월,,,,,,,,,,24310.0,-0.01816115006203565
DOGE,스윕+CHoCH,4h,1h,0.0,월,,,,,,,,,,24311.0,-0.4061625818141125
DOGE,스윕+CHoCH,4h,1h,0.0,월,,,,,,,,,,24312.0,0.4395708826247882
DOGE,스윕+CHoCH,4h,1h,0.0,월,,,,,,,,,,24313.0,-0.41951728802345123
DOGE,스윕+CHoCH,4h,1h,0.0,월,,,,,,,,,,24314.0,0.2067610869135332
DOGE,스윕+CHoCH,4h,1h,0.0,월,,,,,,,,,,24315.0,-0.16489346118520887
DOGE,스윕+CHoCH,4h,1h,0.0,월,,,,,,,,,,24316.0,-0.466210414570452
DOGE,스윕+CHoCH,4h,1h,0.0,월,,,,,,,,,,24317.0,-0.22917574234788549
DOGE,스윕+CHoCH,4h,1h,0.0,월,,,,,,,,,,24318.0,-0.20463994210843478
DOGE,스윕+CHoCH,4h,1h,0.25,전체,725.0,0.9958791208791209,415.7237733019313,-0.020689655172413793,0.01874017475307604,-0.03942982992548984,-0.024310344827586206,0.2827586206896552,0.1310344827586207,,
DOGE,스윕+CHoCH,4h,1h,0.25,홀드아웃 전,570.0,0.9958791208791209,443.3740072620594,-0.014035087719298246,0.018023954863279762,-0.03205904258257802,,0.2807017543859649,0.14385964912280702,,
DOGE,스윕+CHoCH,4h,1h,0.25,홀드아웃 12개월,155.0,0.9958791208791209,337.5853392591275,-0.04516129032258064,0.02137401563813334,-0.06653530596071397,,0.2903225806451613,0.08387096774193549,,
DOGE,스윕+CHoCH,4h,1h,0.25,월,,,,,,,,,,24258.0,0.4913360405830021
DOGE,스윕+CHoCH,4h,1h,0.25,월,,,,,,,,,,24259.0,0.17076838665900232
DOGE,스윕+CHoCH,4h,1h,0.25,월,,,,,,,,,,24260.0,0.05638141173738799
DOGE,스윕+CHoCH,4h,1h,0.25,월,,,,,,,,,,24261.0,-1.0127284992556398
DOGE,스윕+CHoCH,4h,1h,0.25,월,,,,,,,,,,24262.0,-0.21577631555459126
DOGE,스윕+CHoCH,4h,1h,0.25,월,,,,,,,,,,24263.0,-0.6811472974731729
DOGE,스윕+CHoCH,4h,1h,0.25,월,,,,,,,,,,24264.0,-0.015022666050737805
DOGE,스윕+CHoCH,4h,1h,0.25,월,,,,,,,,,,24265.0,-0.26821736461599593
DOGE,스윕+CHoCH,4h,1h,0.25,월,,,,,,,,,,24266.0,-0.015370343581583488
DOGE,스윕+CHoCH,4h,1h,0.25,월,,,,,,,,,,24267.0,0.36961519635803985
DOGE,스윕+CHoCH,4h,1h,0.25,월,,,,,,,,,,24268.0,-0.09576906717830537
DOGE,스윕+CHoCH,4h,1h,0.25,월,,,,,,,,,,24269.0,0.4882107079049618
DOGE,스윕+CHoCH,4h,1h,0.25,월,,,,,,,,,,24270.0,-0.12248454228764416
DOGE,스윕+CHoCH,4h,1h,0.25,월,,,,,,,,,,24271.0,-0.10810692945374255
DOGE,스윕+CHoCH,4h,1h,0.25,월,,,,,,,,,,24272.0,0.2142111310925687
DOGE,스윕+CHoCH,4h,1h,0.25,월,,,,,,,,,,24273.0,0.6996425910110275
DOGE,스윕+CHoCH,4h,1h,0.25,월,,,,,,,,,,24274.0,0.21661631483401522
DOGE,스윕+CHoCH,4h,1h,0.25,월,,,,,,,,,,24275.0,0.10214818967033537
DOGE,스윕+CHoCH,4h,1h,0.25,월,,,,,,,,,,24276.0,0.48055364944266815
DOGE,스윕+CHoCH,4h,1h,0.25,월,,,,,,,,,,24277.0,-0.017646571521529927
DOGE,스윕+CHoCH,4h,1h,0.25,월,,,,,,,,,,24278.0,0.6156582215715344
DOGE,스윕+CHoCH,4h,1h,0.25,월,,,,,,,,,,24279.0,-0.395317804285064
DOGE,스윕+CHoCH,4h,1h,0.25,월,,,,,,,,,,24280.0,-0.5164165623857735
DOGE,스윕+CHoCH,4h,1h,0.25,월,,,,,,,,,,24281.0,-0.3621148303866508
DOGE,스윕+CHoCH,4h,1h,0.25,월,,,,,,,,,,24282.0,0.36331443323444884
DOGE,스윕+CHoCH,4h,1h,0.25,월,,,,,,,,,,24283.0,-0.0992006379935696
DOGE,스윕+CHoCH,4h,1h,0.25,월,,,,,,,,,,24284.0,0.1589203338851041
DOGE,스윕+CHoCH,4h,1h,0.25,월,,,,,,,,,,24285.0,-0.2570615677262996
DOGE,스윕+CHoCH,4h,1h,0.25,월,,,,,,,,,,24286.0,-0.30976371137106984
DOGE,스윕+CHoCH,4h,1h,0.25,월,,,,,,,,,,24287.0,0.9005874742777752
DOGE,스윕+CHoCH,4h,1h,0.25,월,,,,,,,,,,24288.0,-0.13688757006317717
DOGE,스윕+CHoCH,4h,1h,0.25,월,,,,,,,,,,24289.0,-0.14533484056139007
DOGE,스윕+CHoCH,4h,1h,0.25,월,,,,,,,,,,24290.0,0.21876061451732354
DOGE,스윕+CHoCH,4h,1h,0.25,월,,,,,,,,,,24291.0,-0.089663412539353
DOGE,스윕+CHoCH,4h,1h,0.25,월,,,,,,,,,,24292.0,-0.10584434834076757
DOGE,스윕+CHoCH,4h,1h,0.25,월,,,,,,,,,,24293.0,-0.4301175041845699
DOGE,스윕+CHoCH,4h,1h,0.25,월,,,,,,,,,,24294.0,-0.35778225136465497
DOGE,스윕+CHoCH,4h,1h,0.25,월,,,,,,,,,,24295.0,-0.016015742811258754
DOGE,스윕+CHoCH,4h,1h,0.25,월,,,,,,,,,,24296.0,-0.5657341915757251
DOGE,스윕+CHoCH,4h,1h,0.25,월,,,,,,,,,,24297.0,0.0584573221987415
DOGE,스윕+CHoCH,4h,1h,0.25,월,,,,,,,,,,24298.0,0.3468521868649695
DOGE,스윕+CHoCH,4h,1h,0.25,월,,,,,,,,,,24299.0,0.17136727724005998
DOGE,스윕+CHoCH,4h,1h,0.25,월,,,,,,,,,,24300.0,0.0589389902054336
DOGE,스윕+CHoCH,4h,1h,0.25,월,,,,,,,,,,24301.0,-0.27949213430921066
DOGE,스윕+CHoCH,4h,1h,0.25,월,,,,,,,,,,24302.0,0.16307971727467538
DOGE,스윕+CHoCH,4h,1h,0.25,월,,,,,,,,,,24303.0,0.04503939085070853
DOGE,스윕+CHoCH,4h,1h,0.25,월,,,,,,,,,,24304.0,-0.5897372526471211
DOGE,스윕+CHoCH,4h,1h,0.25,월,,,,,,,,,,24305.0,-0.3236183824417811
DOGE,스윕+CHoCH,4h,1h,0.25,월,,,,,,,,,,24306.0,-0.2101838377630749
DOGE,스윕+CHoCH,4h,1h,0.25,월,,,,,,,,,,24307.0,-0.168274808229077
DOGE,스윕+CHoCH,4h,1h,0.25,월,,,,,,,,,,24308.0,-0.23180435091752274
DOGE,스윕+CHoCH,4h,1h,0.25,월,,,,,,,,,,24309.0,0.31431942870968826
DOGE,스윕+CHoCH,4h,1h,0.25,월,,,,,,,,,,24310.0,-0.01780071288726915
DOGE,스윕+CHoCH,4h,1h,0.25,월,,,,,,,,,,24311.0,-0.40567730566294635
DOGE,스윕+CHoCH,4h,1h,0.25,월,,,,,,,,,,24312.0,0.4400314863052953
DOGE,스윕+CHoCH,4h,1h,0.25,월,,,,,,,,,,24313.0,-0.41914391532325057
DOGE,스윕+CHoCH,4h,1h,0.25,월,,,,,,,,,,24314.0,0.20708115336118993
DOGE,스윕+CHoCH,4h,1h,0.25,월,,,,,,,,,,24315.0,-0.16444615603160379
DOGE,스윕+CHoCH,4h,1h,0.25,월,,,,,,,,,,24316.0,-0.46562034021956134
DOGE,스윕+CHoCH,4h,1h,0.25,월,,,,,,,,,,24317.0,-0.0269356712816609
DOGE,스윕+CHoCH,4h,1h,0.25,월,,,,,,,,,,24318.0,-0.1133427300490155
ETH,순수CHoCH,—,5m,0.0,전체,19430.0,0.9967680705894424,150.33187977108935,0.009006690684508493,0.05529906115377179,-0.04629237046926328,-0.004033710756562017,0.3274318064848173,0.026711271230056614,,
ETH,순수CHoCH,—,5m,0.0,홀드아웃 전,15857.0,0.9967680705894424,152.7746824158672,-0.002774799772970928,0.054986608797222794,-0.05776140857019372,,0.323327237182317,0.0272434886800782,,
ETH,순수CHoCH,—,5m,0.0,홀드아웃 12개월,3573.0,0.9967680705894424,139.75155279503105,0.061293031066330814,0.05668572698578894,0.004607304080541871,,0.34564791491743635,0.02434928631402183,,
ETH,순수CHoCH,—,5m,0.0,월,,,,,,,,,,24256.0,0.19608427634342115
ETH,순수CHoCH,—,5m,0.0,월,,,,,,,,,,24257.0,0.060649225794100634
ETH,순수CHoCH,—,5m,0.0,월,,,,,,,,,,24258.0,0.059570850985732574
ETH,순수CHoCH,—,5m,0.0,월,,,,,,,,,,24259.0,0.08590778317436075
ETH,순수CHoCH,—,5m,0.0,월,,,,,,,,,,24260.0,-0.09070939470594161
ETH,순수CHoCH,—,5m,0.0,월,,,,,,,,,,24261.0,0.05020037650166862
ETH,순수CHoCH,—,5m,0.0,월,,,,,,,,,,24262.0,-0.028532246486708438
ETH,순수CHoCH,—,5m,0.0,월,,,,,,,,,,24263.0,-0.13960527365814052
ETH,순수CHoCH,—,5m,0.0,월,,,,,,,,,,24264.0,-0.32878291084052536
ETH,순수CHoCH,—,5m,0.0,월,,,,,,,,,,24265.0,-0.05108111820486258
ETH,순수CHoCH,—,5m,0.0,월,,,,,,,,,,24266.0,-0.08362937182597256
ETH,순수CHoCH,—,5m,0.0,월,,,,,,,,,,24267.0,0.022232261698229068
ETH,순수CHoCH,—,5m,0.0,월,,,,,,,,,,24268.0,-0.14037147798708305
ETH,순수CHoCH,—,5m,0.0,월,,,,,,,,,,24269.0,0.022273936659121966
ETH,순수CHoCH,—,5m,0.0,월,,,,,,,,,,24270.0,0.12092181480725431
ETH,순수CHoCH,—,5m,0.0,월,,,,,,,,,,24271.0,-0.058321870672856255
ETH,순수CHoCH,—,5m,0.0,월,,,,,,,,,,24272.0,-0.1301139421412831
ETH,순수CHoCH,—,5m,0.0,월,,,,,,,,,,24273.0,-0.08486588074546828
ETH,순수CHoCH,—,5m,0.0,월,,,,,,,,,,24274.0,-0.09804503020924173
ETH,순수CHoCH,—,5m,0.0,월,,,,,,,,,,24275.0,-0.12279931017864046
ETH,순수CHoCH,—,5m,0.0,월,,,,,,,,,,24276.0,-0.22218298628199512
ETH,순수CHoCH,—,5m,0.0,월,,,,,,,,,,24277.0,-0.16208767402764704
ETH,순수CHoCH,—,5m,0.0,월,,,,,,,,,,24278.0,-0.03588665042147385
ETH,순수CHoCH,—,5m,0.0,월,,,,,,,,,,24279.0,0.05310193586428502
ETH,순수CHoCH,—,5m,0.0,월,,,,,,,,,,24280.0,-0.052726178427317555
ETH,순수CHoCH,—,5m,0.0,월,,,,,,,,,,24281.0,-0.17261537033215535
ETH,순수CHoCH,—,5m,0.0,월,,,,,,,,,,24282.0,-0.16571694885554653
ETH,순수CHoCH,—,5m,0.0,월,,,,,,,,,,24283.0,-0.08546224553717374
ETH,순수CHoCH,—,5m,0.0,월,,,,,,,,,,24284.0,0.011538556394627903
ETH,순수CHoCH,—,5m,0.0,월,,,,,,,,,,24285.0,-0.155796736622437
ETH,순수CHoCH,—,5m,0.0,월,,,,,,,,,,24286.0,-0.07555779025831823
ETH,순수CHoCH,—,5m,0.0,월,,,,,,,,,,24287.0,-0.043275443965603656
ETH,순수CHoCH,—,5m,0.0,월,,,,,,,,,,24288.0,-0.10508571849304424
ETH,순수CHoCH,—,5m,0.0,월,,,,,,,,,,24289.0,-0.07687809290113934
ETH,순수CHoCH,—,5m,0.0,월,,,,,,,,,,24290.0,0.07901508511323635
ETH,순수CHoCH,—,5m,0.0,월,,,,,,,,,,24291.0,0.029338336359961494
ETH,순수CHoCH,—,5m,0.0,월,,,,,,,,,,24292.0,-0.1653596857076991
ETH,순수CHoCH,—,5m,0.0,월,,,,,,,,,,24293.0,-0.06354797903874733
ETH,순수CHoCH,—,5m,0.0,월,,,,,,,,,,24294.0,-0.28648816335226157
ETH,순수CHoCH,—,5m,0.0,월,,,,,,,,,,24295.0,0.12617744931097136
ETH,순수CHoCH,—,5m,0.0,월,,,,,,,,,,24296.0,0.09153835047552661
ETH,순수CHoCH,—,5m,0.0,월,,,,,,,,,,24297.0,-0.015805562842485882
ETH,순수CHoCH,—,5m,0.0,월,,,,,,,,,,24298.0,0.06290500427571812
ETH,순수CHoCH,—,5m,0.0,월,,,,,,,,,,24299.0,0.057257636283830446
ETH,순수CHoCH,—,5m,0.0,월,,,,,,,,,,24300.0,-0.10382174561111793
ETH,순수CHoCH,—,5m,0.0,월,,,,,,,,,,24301.0,-0.023292729246243375
ETH,순수CHoCH,—,5m,0.0,월,,,,,,,,,,24302.0,-0.15041168292300638
ETH,순수CHoCH,—,5m,0.0,월,,,,,,,,,,24303.0,-0.1185012253109654
ETH,순수CHoCH,—,5m,0.0,월,,,,,,,,,,24304.0,-0.13761041117786832
ETH,순수CHoCH,—,5m,0.0,월,,,,,,,,,,24305.0,-0.05390979784986577
ETH,순수CHoCH,—,5m,0.0,월,,,,,,,,,,24306.0,-0.14042202245273203
ETH,순수CHoCH,—,5m,0.0,월,,,,,,,,,,24307.0,-0.026432792070216003
ETH,순수CHoCH,—,5m,0.0,월,,,,,,,,,,24308.0,0.029126434932407862
ETH,순수CHoCH,—,5m,0.0,월,,,,,,,,,,24309.0,0.008345980076799424
ETH,순수CHoCH,—,5m,0.0,월,,,,,,,,,,24310.0,-0.03324016852809679
ETH,순수CHoCH,—,5m,0.0,월,,,,,,,,,,24311.0,0.002035430695710036
ETH,순수CHoCH,—,5m,0.0,월,,,,,,,,,,24312.0,-0.010328131544757736
ETH,순수CHoCH,—,5m,0.0,월,,,,,,,,,,24313.0,0.06441888261727022
ETH,순수CHoCH,—,5m,0.0,월,,,,,,,,,,24314.0,-0.05306130082220569
ETH,순수CHoCH,—,5m,0.0,월,,,,,,,,,,24315.0,0.014200738618776193
ETH,순수CHoCH,—,5m,0.0,월,,,,,,,,,,24316.0,-0.07099859072349698
ETH,순수CHoCH,—,5m,0.0,월,,,,,,,,,,24317.0,0.018127222910398134
ETH,순수CHoCH,—,5m,0.0,월,,,,,,,,,,24318.0,0.06957067021841286
ETH,순수CHoCH,—,15m,0.0,전체,6439.0,0.9962865542317809,169.62155464455702,0.009784127970181706,0.048406112297763024,-0.03862198432758132,-0.006250970647616089,0.32893306414039447,0.022984935548998293,,
ETH,순수CHoCH,—,15m,0.0,홀드아웃 전,5210.0,0.9962865542317809,172.2468433799963,0.00690978886756238,0.04816734431915626,-0.04125755545159388,,0.32802303262955856,0.022840690978886757,,
ETH,순수CHoCH,—,15m,0.0,홀드아웃 12개월,1229.0,0.9962865542317809,157.98009052839257,0.021969080553295363,0.049418302019928424,-0.027449221466633065,,0.33279088689991865,0.023596419853539462,,
ETH,순수CHoCH,—,15m,0.0,월,,,,,,,,,,24256.0,0.32746661345921124
ETH,순수CHoCH,—,15m,0.0,월,,,,,,,,,,24257.0,0.003266542001085493
ETH,순수CHoCH,—,15m,0.0,월,,,,,,,,,,24258.0,-0.059267987705873805
ETH,순수CHoCH,—,15m,0.0,월,,,,,,,,,,24259.0,0.03851354613047938
ETH,순수CHoCH,—,15m,0.0,월,,,,,,,,,,24260.0,-0.09779763523170766
ETH,순수CHoCH,—,15m,0.0,월,,,,,,,,,,24261.0,0.12313088734242805
ETH,순수CHoCH,—,15m,0.0,월,,,,,,,,,,24262.0,0.04172418638359147
ETH,순수CHoCH,—,15m,0.0,월,,,,,,,,,,24263.0,-0.004491272057515212
ETH,순수CHoCH,—,15m,0.0,월,,,,,,,,,,24264.0,-0.3576142719878882
ETH,순수CHoCH,—,15m,0.0,월,,,,,,,,,,24265.0,0.07295297662200811
ETH,순수CHoCH,—,15m,0.0,월,,,,,,,,,,24266.0,0.1375420308825368
ETH,순수CHoCH,—,15m,0.0,월,,,,,,,,,,24267.0,0.04250973281944588
ETH,순수CHoCH,—,15m,0.0,월,,,,,,,,,,24268.0,-0.1181403327731785
ETH,순수CHoCH,—,15m,0.0,월,,,,,,,,,,24269.0,0.006516968300857789
ETH,순수CHoCH,—,15m,0.0,월,,,,,,,,,,24270.0,0.15753909164236155
ETH,순수CHoCH,—,15m,0.0,월,,,,,,,,,,24271.0,0.10904468369792744
ETH,순수CHoCH,—,15m,0.0,월,,,,,,,,,,24272.0,-0.2021917668355096
ETH,순수CHoCH,—,15m,0.0,월,,,,,,,,,,24273.0,3.710722521984414e-05
ETH,순수CHoCH,—,15m,0.0,월,,,,,,,,,,24274.0,-0.061620463444222597
ETH,순수CHoCH,—,15m,0.0,월,,,,,,,,,,24275.0,-0.02859298559712606
ETH,순수CHoCH,—,15m,0.0,월,,,,,,,,,,24276.0,-0.1759261495607921
ETH,순수CHoCH,—,15m,0.0,월,,,,,,,,,,24277.0,-0.04358377559822143
ETH,순수CHoCH,—,15m,0.0,월,,,,,,,,,,24278.0,-0.19130445045379824
ETH,순수CHoCH,—,15m,0.0,월,,,,,,,,,,24279.0,0.06498449443396405
ETH,순수CHoCH,—,15m,0.0,월,,,,,,,,,,24280.0,-0.08377092533455582
ETH,순수CHoCH,—,15m,0.0,월,,,,,,,,,,24281.0,-0.13671357948927132
ETH,순수CHoCH,—,15m,0.0,월,,,,,,,,,,24282.0,0.0484899511223075
ETH,순수CHoCH,—,15m,0.0,월,,,,,,,,,,24283.0,0.05734757666797988
ETH,순수CHoCH,—,15m,0.0,월,,,,,,,,,,24284.0,-0.05574185961160911
ETH,순수CHoCH,—,15m,0.0,월,,,,,,,,,,24285.0,-0.2100470251105626
ETH,순수CHoCH,—,15m,0.0,월,,,,,,,,,,24286.0,-0.08013691210024014
ETH,순수CHoCH,—,15m,0.0,월,,,,,,,,,,24287.0,0.07644679580007618
ETH,순수CHoCH,—,15m,0.0,월,,,,,,,,,,24288.0,-0.20656561815246507
ETH,순수CHoCH,—,15m,0.0,월,,,,,,,,,,24289.0,-0.1569733295025234
ETH,순수CHoCH,—,15m,0.0,월,,,,,,,,,,24290.0,-0.014273051854327588
ETH,순수CHoCH,—,15m,0.0,월,,,,,,,,,,24291.0,0.07015272252516165
ETH,순수CHoCH,—,15m,0.0,월,,,,,,,,,,24292.0,0.014309965314443862
ETH,순수CHoCH,—,15m,0.0,월,,,,,,,,,,24293.0,-0.08199461956389427
ETH,순수CHoCH,—,15m,0.0,월,,,,,,,,,,24294.0,-0.3145488247396014
ETH,순수CHoCH,—,15m,0.0,월,,,,,,,,,,24295.0,0.21422735305036436
ETH,순수CHoCH,—,15m,0.0,월,,,,,,,,,,24296.0,0.03060249838554083
ETH,순수CHoCH,—,15m,0.0,월,,,,,,,,,,24297.0,-0.02837087053577122
ETH,순수CHoCH,—,15m,0.0,월,,,,,,,,,,24298.0,-0.07231268373056453
ETH,순수CHoCH,—,15m,0.0,월,,,,,,,,,,24299.0,-0.06684167183147825
ETH,순수CHoCH,—,15m,0.0,월,,,,,,,,,,24300.0,-0.1069902939951444
ETH,순수CHoCH,—,15m,0.0,월,,,,,,,,,,24301.0,-0.08630376981227773
ETH,순수CHoCH,—,15m,0.0,월,,,,,,,,,,24302.0,-0.29162237187722484
ETH,순수CHoCH,—,15m,0.0,월,,,,,,,,,,24303.0,-0.04180405325672815
ETH,순수CHoCH,—,15m,0.0,월,,,,,,,,,,24304.0,-0.09136826902485737
ETH,순수CHoCH,—,15m,0.0,월,,,,,,,,,,24305.0,0.0581442513791867
ETH,순수CHoCH,—,15m,0.0,월,,,,,,,,,,24306.0,-0.2793439159762378
ETH,순수CHoCH,—,15m,0.0,월,,,,,,,,,,24307.0,-0.006282073768817894
ETH,순수CHoCH,—,15m,0.0,월,,,,,,,,,,24308.0,0.15460372588793253
ETH,순수CHoCH,—,15m,0.0,월,,,,,,,,,,24309.0,0.011352171214997108
ETH,순수CHoCH,—,15m,0.0,월,,,,,,,,,,24310.0,0.11338593684075536
ETH,순수CHoCH,—,15m,0.0,월,,,,,,,,,,24311.0,-0.03102681617315959
ETH,순수CHoCH,—,15m,0.0,월,,,,,,,,,,24312.0,-0.15773970398511983
ETH,순수CHoCH,—,15m,0.0,월,,,,,,,,,,24313.0,0.12212385685128913
ETH,순수CHoCH,—,15m,0.0,월,,,,,,,,,,24314.0,-0.1510766720740944
ETH,순수CHoCH,—,15m,0.0,월,,,,,,,,,,24315.0,0.0377269631993092
ETH,순수CHoCH,—,15m,0.0,월,,,,,,,,,,24316.0,-0.14313531061179255
ETH,순수CHoCH,—,15m,0.0,월,,,,,,,,,,24317.0,-0.1419448601620242
ETH,순수CHoCH,—,15m,0.0,월,,,,,,,,,,24318.0,-0.018121295246801766
ETH,순수CHoCH,—,1h,0.0,전체,1590.0,0.9993714644877436,270.3393998004574,-0.00440251572327044,0.03136536076260572,-0.03576787648587616,-0.009827044025157234,0.3062893081761006,0.07672955974842767,,
ETH,순수CHoCH,—,1h,0.0,홀드아웃 전,1308.0,0.9993714644877436,273.18189326517125,-0.03134556574923547,0.031404437623520444,-0.06275000337275594,,0.2958715596330275,0.08103975535168195,,
ETH,순수CHoCH,—,1h,0.0,홀드아웃 12개월,282.0,0.9993714644877436,252.0519292254804,0.12056737588652482,0.03118411064176719,0.08938326524475765,,0.3546099290780142,0.05673758865248227,,
ETH,순수CHoCH,—,1h,0.0,월,,,,,,,,,,24256.0,0.36081447503359065
ETH,순수CHoCH,—,1h,0.0,월,,,,,,,,,,24257.0,0.18210462261776636
ETH,순수CHoCH,—,1h,0.0,월,,,,,,,,,,24258.0,0.4325093652823273
ETH,순수CHoCH,—,1h,0.0,월,,,,,,,,,,24259.0,0.23462454613982286
ETH,순수CHoCH,—,1h,0.0,월,,,,,,,,,,24260.0,-0.16686369284663025
ETH,순수CHoCH,—,1h,0.0,월,,,,,,,,,,24261.0,-0.31169016869954497
ETH,순수CHoCH,—,1h,0.0,월,,,,,,,,,,24262.0,-0.24329730098098581
ETH,순수CHoCH,—,1h,0.0,월,,,,,,,,,,24263.0,-0.2171767903792178
ETH,순수CHoCH,—,1h,0.0,월,,,,,,,,,,24264.0,-0.29683314833462804
ETH,순수CHoCH,—,1h,0.0,월,,,,,,,,,,24265.0,0.28500752962076326
ETH,순수CHoCH,—,1h,0.0,월,,,,,,,,,,24266.0,-0.15364420861181935
ETH,순수CHoCH,—,1h,0.0,월,,,,,,,,,,24267.0,0.12135508003792489
ETH,순수CHoCH,—,1h,0.0,월,,,,,,,,,,24268.0,-0.15034291424930024
ETH,순수CHoCH,—,1h,0.0,월,,,,,,,,,,24269.0,0.10696103862491113
ETH,순수CHoCH,—,1h,0.0,월,,,,,,,,,,24270.0,0.6667335167393884
ETH,순수CHoCH,—,1h,0.0,월,,,,,,,,,,24271.0,0.16972798000811615
ETH,순수CHoCH,—,1h,0.0,월,,,,,,,,,,24272.0,0.19137040678837916
ETH,순수CHoCH,—,1h,0.0,월,,,,,,,,,,24273.0,-0.2595613168452934
ETH,순수CHoCH,—,1h,0.0,월,,,,,,,,,,24274.0,0.24648838803595866
ETH,순수CHoCH,—,1h,0.0,월,,,,,,,,,,24275.0,0.21632761487684138
ETH,순수CHoCH,—,1h,0.0,월,,,,,,,,,,24276.0,-0.2564136055264317
ETH,순수CHoCH,—,1h,0.0,월,,,,,,,,,,24277.0,0.0653356318058277
ETH,순수CHoCH,—,1h,0.0,월,,,,,,,,,,24278.0,-0.5562594303591117
ETH,순수CHoCH,—,1h,0.0,월,,,,,,,,,,24279.0,-0.07149209638005416
ETH,순수CHoCH,—,1h,0.0,월,,,,,,,,,,24280.0,-0.22317898104997128
ETH,순수CHoCH,—,1h,0.0,월,,,,,,,,,,24281.0,-0.010546296788403313
ETH,순수CHoCH,—,1h,0.0,월,,,,,,,,,,24282.0,-0.046014187892052076
ETH,순수CHoCH,—,1h,0.0,월,,,,,,,,,,24283.0,-0.31413769354085924
ETH,순수CHoCH,—,1h,0.0,월,,,,,,,,,,24284.0,-0.17033245284534163
ETH,순수CHoCH,—,1h,0.0,월,,,,,,,,,,24285.0,-0.4742425683517581
ETH,순수CHoCH,—,1h,0.0,월,,,,,,,,,,24286.0,-0.17303093779945267
ETH,순수CHoCH,—,1h,0.0,월,,,,,,,,,,24287.0,0.08171317683689633
ETH,순수CHoCH,—,1h,0.0,월,,,,,,,,,,24288.0,-0.3611280161765775
ETH,순수CHoCH,—,1h,0.0,월,,,,,,,,,,24289.0,-0.07405279069257698
ETH,순수CHoCH,—,1h,0.0,월,,,,,,,,,,24290.0,0.2149312943026119
ETH,순수CHoCH,—,1h,0.0,월,,,,,,,,,,24291.0,0.017926779541486235
ETH,순수CHoCH,—,1h,0.0,월,,,,,,,,,,24292.0,0.07759977372954258
ETH,순수CHoCH,—,1h,0.0,월,,,,,,,,,,24293.0,-0.1935965056198872
ETH,순수CHoCH,—,1h,0.0,월,,,,,,,,,,24294.0,-0.23429531028532372
ETH,순수CHoCH,—,1h,0.0,월,,,,,,,,,,24295.0,-0.20357502557059912
ETH,순수CHoCH,—,1h,0.0,월,,,,,,,,,,24296.0,0.26758929528309733
ETH,순수CHoCH,—,1h,0.0,월,,,,,,,,,,24297.0,-0.2119650481233302
ETH,순수CHoCH,—,1h,0.0,월,,,,,,,,,,24298.0,0.15886519393810933
ETH,순수CHoCH,—,1h,0.0,월,,,,,,,,,,24299.0,-0.15361315190567695
ETH,순수CHoCH,—,1h,0.0,월,,,,,,,,,,24300.0,-0.26339268937888843
ETH,순수CHoCH,—,1h,0.0,월,,,,,,,,,,24301.0,0.01673046306469443
ETH,순수CHoCH,—,1h,0.0,월,,,,,,,,,,24302.0,-0.09509435691811552
ETH,순수CHoCH,—,1h,0.0,월,,,,,,,,,,24303.0,-0.02508598036928505
ETH,순수CHoCH,—,1h,0.0,월,,,,,,,,,,24304.0,-0.2645917686945113
ETH,순수CHoCH,—,1h,0.0,월,,,,,,,,,,24305.0,-0.20239848147133763
ETH,순수CHoCH,—,1h,0.0,월,,,,,,,,,,24306.0,-0.13711411218212663
ETH,순수CHoCH,—,1h,0.0,월,,,,,,,,,,24307.0,0.15551874709993568
ETH,순수CHoCH,—,1h,0.0,월,,,,,,,,,,24308.0,0.42027927839653545
ETH,순수CHoCH,—,1h,0.0,월,,,,,,,,,,24309.0,0.006188008535541139
ETH,순수CHoCH,—,1h,0.0,월,,,,,,,,,,24310.0,0.06234492867953482
ETH,순수CHoCH,—,1h,0.0,월,,,,,,,,,,24311.0,-0.11333121841691154
ETH,순수CHoCH,—,1h,0.0,월,,,,,,,,,,24312.0,-0.22674017874442084
ETH,순수CHoCH,—,1h,0.0,월,,,,,,,,,,24313.0,0.2767233754736989
ETH,순수CHoCH,—,1h,0.0,월,,,,,,,,,,24314.0,0.0646802870363188
ETH,순수CHoCH,—,1h,0.0,월,,,,,,,,,,24315.0,0.3941369315984981
ETH,순수CHoCH,—,1h,0.0,월,,,,,,,,,,24316.0,0.18486543536373495
ETH,순수CHoCH,—,1h,0.0,월,,,,,,,,,,24317.0,0.10058192231268223
ETH,순수CHoCH,—,1h,0.0,월,,,,,,,,,,24318.0,-0.14384279748824083
ETH,스윕+CHoCH,1h,5m,0.0,전체,4829.0,0.9975211733112993,97.07333763672979,0.01408159039138538,0.08224944068474431,-0.06816785029335892,-0.003934562021122386,0.336922758335059,0.0033133153862083247,,
ETH,스윕+CHoCH,1h,5m,0.0,홀드아웃 전,3923.0,0.9975211733112993,98.37251741071196,0.004588325261279633,0.08198022393671926,-0.07739189867543964,,0.3336732092786133,0.0035686974254397143,,
ETH,스윕+CHoCH,1h,5m,0.0,홀드아웃 12개월,906.0,0.9975211733112993,90.1381418090815,0.05518763796909492,0.08341515514666736,-0.02822751717757244,,0.3509933774834437,0.002207505518763797,,
ETH,스윕+CHoCH,1h,5m,0.0,월,,,,,,,,,,24256.0,0.11278435115120339
ETH,스윕+CHoCH,1h,5m,0.0,월,,,,,,,,,,24257.0,0.062499223107249556
ETH,스윕+CHoCH,1h,5m,0.0,월,,,,,,,,,,24258.0,-0.09430583483233937
ETH,스윕+CHoCH,1h,5m,0.0,월,,,,,,,,,,24259.0,0.07510005807939318
ETH,스윕+CHoCH,1h,5m,0.0,월,,,,,,,,,,24260.0,-0.1831784035803599
ETH,스윕+CHoCH,1h,5m,0.0,월,,,,,,,,,,24261.0,-0.023459795491526138
ETH,스윕+CHoCH,1h,5m,0.0,월,,,,,,,,,,24262.0,-0.011855878624452336
ETH,스윕+CHoCH,1h,5m,0.0,월,,,,,,,,,,24263.0,-0.0966143721756726
ETH,스윕+CHoCH,1h,5m,0.0,월,,,,,,,,,,24264.0,-0.15960591693072637
ETH,스윕+CHoCH,1h,5m,0.0,월,,,,,,,,,,24265.0,-0.006836657464515019
ETH,스윕+CHoCH,1h,5m,0.0,월,,,,,,,,,,24266.0,0.11681880532956034
ETH,스윕+CHoCH,1h,5m,0.0,월,,,,,,,,,,24267.0,-0.12385909512751254
ETH,스윕+CHoCH,1h,5m,0.0,월,,,,,,,,,,24268.0,-0.09018654204823182
ETH,스윕+CHoCH,1h,5m,0.0,월,,,,,,,,,,24269.0,-0.048728680861774176
ETH,스윕+CHoCH,1h,5m,0.0,월,,,,,,,,,,24270.0,-0.26045476850754457
ETH,스윕+CHoCH,1h,5m,0.0,월,,,,,,,,,,24271.0,-0.20064383249723186
ETH,스윕+CHoCH,1h,5m,0.0,월,,,,,,,,,,24272.0,0.012343934882779031
ETH,스윕+CHoCH,1h,5m,0.0,월,,,,,,,,,,24273.0,0.07451372519686886
ETH,스윕+CHoCH,1h,5m,0.0,월,,,,,,,,,,24274.0,-0.07407548752454808
ETH,스윕+CHoCH,1h,5m,0.0,월,,,,,,,,,,24275.0,-0.07843083759331403
ETH,스윕+CHoCH,1h,5m,0.0,월,,,,,,,,,,24276.0,-0.2956342201453407
ETH,스윕+CHoCH,1h,5m,0.0,월,,,,,,,,,,24277.0,0.0219744020690619
ETH,스윕+CHoCH,1h,5m,0.0,월,,,,,,,,,,24278.0,-0.08278367105884409
ETH,스윕+CHoCH,1h,5m,0.0,월,,,,,,,,,,24279.0,0.12691413079249525
ETH,스윕+CHoCH,1h,5m,0.0,월,,,,,,,,,,24280.0,-0.1526363365139089
ETH,스윕+CHoCH,1h,5m,0.0,월,,,,,,,,,,24281.0,-0.0676444709021932
ETH,스윕+CHoCH,1h,5m,0.0,월,,,,,,,,,,24282.0,-0.2828046232797966
ETH,스윕+CHoCH,1h,5m,0.0,월,,,,,,,,,,24283.0,-0.13967327283843636
ETH,스윕+CHoCH,1h,5m,0.0,월,,,,,,,,,,24284.0,-0.1689067128958224
ETH,스윕+CHoCH,1h,5m,0.0,월,,,,,,,,,,24285.0,-0.3282099465718705
ETH,스윕+CHoCH,1h,5m,0.0,월,,,,,,,,,,24286.0,-0.33299249277643206
ETH,스윕+CHoCH,1h,5m,0.0,월,,,,,,,,,,24287.0,-0.2729828852364825
ETH,스윕+CHoCH,1h,5m,0.0,월,,,,,,,,,,24288.0,-0.16627506340963544
ETH,스윕+CHoCH,1h,5m,0.0,월,,,,,,,,,,24289.0,-0.07841964733781523
ETH,스윕+CHoCH,1h,5m,0.0,월,,,,,,,,,,24290.0,0.0017613419328678117
ETH,스윕+CHoCH,1h,5m,0.0,월,,,,,,,,,,24291.0,0.02196655377883531
ETH,스윕+CHoCH,1h,5m,0.0,월,,,,,,,,,,24292.0,-0.25111121911769424
ETH,스윕+CHoCH,1h,5m,0.0,월,,,,,,,,,,24293.0,-0.11315952903459395
ETH,스윕+CHoCH,1h,5m,0.0,월,,,,,,,,,,24294.0,-0.18209879462411496
ETH,스윕+CHoCH,1h,5m,0.0,월,,,,,,,,,,24295.0,-0.1074826675949769
ETH,스윕+CHoCH,1h,5m,0.0,월,,,,,,,,,,24296.0,0.027587810340553996
ETH,스윕+CHoCH,1h,5m,0.0,월,,,,,,,,,,24297.0,-0.02880775149595191
ETH,스윕+CHoCH,1h,5m,0.0,월,,,,,,,,,,24298.0,-0.15941801613948509
ETH,스윕+CHoCH,1h,5m,0.0,월,,,,,,,,,,24299.0,0.16954085427550802
ETH,스윕+CHoCH,1h,5m,0.0,월,,,,,,,,,,24300.0,0.2833283709330021
ETH,스윕+CHoCH,1h,5m,0.0,월,,,,,,,,,,24301.0,0.06180749139219302
ETH,스윕+CHoCH,1h,5m,0.0,월,,,,,,,,,,24302.0,-0.1309984515397183
ETH,스윕+CHoCH,1h,5m,0.0,월,,,,,,,,,,24303.0,-0.026489426887843538
ETH,스윕+CHoCH,1h,5m,0.0,월,,,,,,,,,,24304.0,-0.10238186455217295
ETH,스윕+CHoCH,1h,5m,0.0,월,,,,,,,,,,24305.0,0.031055886589092592
ETH,스윕+CHoCH,1h,5m,0.0,월,,,,,,,,,,24306.0,-0.1512514777869733
ETH,스윕+CHoCH,1h,5m,0.0,월,,,,,,,,,,24307.0,0.05299967980779865
ETH,스윕+CHoCH,1h,5m,0.0,월,,,,,,,,,,24308.0,-0.1536614683816695
ETH,스윕+CHoCH,1h,5m,0.0,월,,,,,,,,,,24309.0,-0.12357926133285281
ETH,스윕+CHoCH,1h,5m,0.0,월,,,,,,,,,,24310.0,0.17272198595381005
ETH,스윕+CHoCH,1h,5m,0.0,월,,,,,,,,,,24311.0,-0.013128036065564707
ETH,스윕+CHoCH,1h,5m,0.0,월,,,,,,,,,,24312.0,-0.185995935915554
ETH,스윕+CHoCH,1h,5m,0.0,월,,,,,,,,,,24313.0,0.1539362689932974
ETH,스윕+CHoCH,1h,5m,0.0,월,,,,,,,,,,24314.0,-0.08557183386560253
ETH,스윕+CHoCH,1h,5m,0.0,월,,,,,,,,,,24315.0,0.005023346759494911
ETH,스윕+CHoCH,1h,5m,0.0,월,,,,,,,,,,24316.0,-0.03697083424220037
ETH,스윕+CHoCH,1h,5m,0.0,월,,,,,,,,,,24317.0,-0.18671196705301818
ETH,스윕+CHoCH,1h,5m,0.0,월,,,,,,,,,,24318.0,-0.0026570241336433633
ETH,스윕+CHoCH,1h,5m,0.25,전체,5012.0,0.997412935323383,100.91941923346855,0.004189944134078212,0.07845880305907706,-0.07426885892499885,0.019303671189146047,0.33359936153232245,0.003391859537110934,,
ETH,스윕+CHoCH,1h,5m,0.25,홀드아웃 전,4078.0,0.997412935323383,102.54873390438428,-0.007601765571358509,0.07835316732916697,-0.08595493290052549,,0.32957332025502695,0.003678273663560569,,
ETH,스윕+CHoCH,1h,5m,0.25,홀드아웃 12개월,934.0,0.997412935323383,95.33552898648294,0.055674518201284794,0.07892002629951964,-0.02324550809823483,,0.3511777301927195,0.0021413276231263384,,
ETH,스윕+CHoCH,1h,5m,0.25,월,,,,,,,,,,24256.0,0.09417806090187046
ETH,스윕+CHoCH,1h,5m,0.25,월,,,,,,,,,,24257.0,-0.009764960813719447
ETH,스윕+CHoCH,1h,5m,0.25,월,,,,,,,,,,24258.0,-0.13183980241695753
ETH,스윕+CHoCH,1h,5m,0.25,월,,,,,,,,,,24259.0,0.04998567770500232
ETH,스윕+CHoCH,1h,5m,0.25,월,,,,,,,,,,24260.0,-0.31318896789501816
ETH,스윕+CHoCH,1h,5m,0.25,월,,,,,,,,,,24261.0,-0.07825703521177592
ETH,스윕+CHoCH,1h,5m,0.25,월,,,,,,,,,,24262.0,-0.0485082102221754
ETH,스윕+CHoCH,1h,5m,0.25,월,,,,,,,,,,24263.0,-0.14310102938467897
ETH,스윕+CHoCH,1h,5m,0.25,월,,,,,,,,,,24264.0,-0.06858743893682928
ETH,스윕+CHoCH,1h,5m,0.25,월,,,,,,,,,,24265.0,-0.028408801919501642
ETH,스윕+CHoCH,1h,5m,0.25,월,,,,,,,,,,24266.0,0.08055864303439252
ETH,스윕+CHoCH,1h,5m,0.25,월,,,,,,,,,,24267.0,-0.13260053969145646
ETH,스윕+CHoCH,1h,5m,0.25,월,,,,,,,,,,24268.0,-0.07169347413755939
ETH,스윕+CHoCH,1h,5m,0.25,월,,,,,,,,,,24269.0,-0.0781623204487431
ETH,스윕+CHoCH,1h,5m,0.25,월,,,,,,,,,,24270.0,-0.22994438248733254
ETH,스윕+CHoCH,1h,5m,0.25,월,,,,,,,,,,24271.0,-0.22437973592620203
ETH,스윕+CHoCH,1h,5m,0.25,월,,,,,,,,,,24272.0,-0.05513275263988657
ETH,스윕+CHoCH,1h,5m,0.25,월,,,,,,,,,,24273.0,0.048837240336029514
ETH,스윕+CHoCH,1h,5m,0.25,월,,,,,,,,,,24274.0,-0.13827571670406472
ETH,스윕+CHoCH,1h,5m,0.25,월,,,,,,,,,,24275.0,-0.049376009567392035
ETH,스윕+CHoCH,1h,5m,0.25,월,,,,,,,,,,24276.0,-0.2449393324833986
ETH,스윕+CHoCH,1h,5m,0.25,월,,,,,,,,,,24277.0,0.06233717449089579
ETH,스윕+CHoCH,1h,5m,0.25,월,,,,,,,,,,24278.0,-0.09328595028041851
ETH,스윕+CHoCH,1h,5m,0.25,월,,,,,,,,,,24279.0,0.15704106117774003
ETH,스윕+CHoCH,1h,5m,0.25,월,,,,,,,,,,24280.0,-0.18320658760846836
ETH,스윕+CHoCH,1h,5m,0.25,월,,,,,,,,,,24281.0,-0.07607897116668179
ETH,스윕+CHoCH,1h,5m,0.25,월,,,,,,,,,,24282.0,-0.2863440622176384
ETH,스윕+CHoCH,1h,5m,0.25,월,,,,,,,,,,24283.0,-0.15793125396570687
ETH,스윕+CHoCH,1h,5m,0.25,월,,,,,,,,,,24284.0,-0.21753272940024085
ETH,스윕+CHoCH,1h,5m,0.25,월,,,,,,,,,,24285.0,-0.33042980655758236
ETH,스윕+CHoCH,1h,5m,0.25,월,,,,,,,,,,24286.0,-0.24033763999439187
ETH,스윕+CHoCH,1h,5m,0.25,월,,,,,,,,,,24287.0,-0.3298708496476845
ETH,스윕+CHoCH,1h,5m,0.25,월,,,,,,,,,,24288.0,-0.14594748241205419
ETH,스윕+CHoCH,1h,5m,0.25,월,,,,,,,,,,24289.0,-0.03987921867675135
ETH,스윕+CHoCH,1h,5m,0.25,월,,,,,,,,,,24290.0,0.016133172465083716
ETH,스윕+CHoCH,1h,5m,0.25,월,,,,,,,,,,24291.0,0.04674826857333428
ETH,스윕+CHoCH,1h,5m,0.25,월,,,,,,,,,,24292.0,-0.2404364044447504
ETH,스윕+CHoCH,1h,5m,0.25,월,,,,,,,,,,24293.0,-0.10835452140106999
ETH,스윕+CHoCH,1h,5m,0.25,월,,,,,,,,,,24294.0,-0.20200376416273214
ETH,스윕+CHoCH,1h,5m,0.25,월,,,,,,,,,,24295.0,-0.06747326453895702
ETH,스윕+CHoCH,1h,5m,0.25,월,,,,,,,,,,24296.0,0.016414314529476493
ETH,스윕+CHoCH,1h,5m,0.25,월,,,,,,,,,,24297.0,-0.06652388694093807
ETH,스윕+CHoCH,1h,5m,0.25,월,,,,,,,,,,24298.0,-0.14046870555157429
ETH,스윕+CHoCH,1h,5m,0.25,월,,,,,,,,,,24299.0,0.16006296808897047
ETH,스윕+CHoCH,1h,5m,0.25,월,,,,,,,,,,24300.0,0.21050767098313386
ETH,스윕+CHoCH,1h,5m,0.25,월,,,,,,,,,,24301.0,0.09112634379428537
ETH,스윕+CHoCH,1h,5m,0.25,월,,,,,,,,,,24302.0,-0.12575065404214092
ETH,스윕+CHoCH,1h,5m,0.25,월,,,,,,,,,,24303.0,-0.03697931394565437
ETH,스윕+CHoCH,1h,5m,0.25,월,,,,,,,,,,24304.0,-0.05054179949042646
ETH,스윕+CHoCH,1h,5m,0.25,월,,,,,,,,,,24305.0,-0.04940279537365779
ETH,스윕+CHoCH,1h,5m,0.25,월,,,,,,,,,,24306.0,-0.12229449982288157
ETH,스윕+CHoCH,1h,5m,0.25,월,,,,,,,,,,24307.0,0.05228330339531965
ETH,스윕+CHoCH,1h,5m,0.25,월,,,,,,,,,,24308.0,-0.11143179803850416
ETH,스윕+CHoCH,1h,5m,0.25,월,,,,,,,,,,24309.0,-0.11683475040028796
ETH,스윕+CHoCH,1h,5m,0.25,월,,,,,,,,,,24310.0,0.24694179312097034
ETH,스윕+CHoCH,1h,5m,0.25,월,,,,,,,,,,24311.0,0.03665342786109022
ETH,스윕+CHoCH,1h,5m,0.25,월,,,,,,,,,,24312.0,-0.1310722549855838
ETH,스윕+CHoCH,1h,5m,0.25,월,,,,,,,,,,24313.0,0.21198945585148546
ETH,스윕+CHoCH,1h,5m,0.25,월,,,,,,,,,,24314.0,-0.1543377551557987
ETH,스윕+CHoCH,1h,5m,0.25,월,,,,,,,,,,24315.0,-0.008610942681380254
ETH,스윕+CHoCH,1h,5m,0.25,월,,,,,,,,,,24316.0,-0.17109071573478463
ETH,스윕+CHoCH,1h,5m,0.25,월,,,,,,,,,,24317.0,-0.20352454667906722
ETH,스윕+CHoCH,1h,5m,0.25,월,,,,,,,,,,24318.0,0.0026706825336905147
ETH,스윕+CHoCH,1h,15m,0.0,전체,3908.0,0.9961763956156003,161.7960800524112,-0.007676560900716479,0.050730602248092456,-0.058407163148808935,0.0047018935516888434,0.3236949846468782,0.021238485158648925,,
ETH,스윕+CHoCH,1h,15m,0.0,홀드아웃 전,3174.0,0.9961763956156003,165.81654847820778,-0.028985507246376812,0.05089205024634233,-0.07987755749271915,,0.31695022054190297,0.020163831127914304,,
ETH,스윕+CHoCH,1h,15m,0.0,홀드아웃 12개월,734.0,0.9961763956156003,148.88978314595545,0.08446866485013624,0.05003246063168225,0.034436204218454,,0.3528610354223433,0.025885558583106268,,
ETH,스윕+CHoCH,1h,15m,0.0,월,,,,,,,,,,24256.0,0.44682812870285105
ETH,스윕+CHoCH,1h,15m,0.0,월,,,,,,,,,,24257.0,0.13306633431859008
ETH,스윕+CHoCH,1h,15m,0.0,월,,,,,,,,,,24258.0,-0.11777545507964846
ETH,스윕+CHoCH,1h,15m,0.0,월,,,,,,,,,,24259.0,-0.048265209697668406
ETH,스윕+CHoCH,1h,15m,0.0,월,,,,,,,,,,24260.0,-0.17173810236134482
ETH,스윕+CHoCH,1h,15m,0.0,월,,,,,,,,,,24261.0,0.0961686515607759
ETH,스윕+CHoCH,1h,15m,0.0,월,,,,,,,,,,24262.0,-0.17163457487201988
ETH,스윕+CHoCH,1h,15m,0.0,월,,,,,,,,,,24263.0,-0.2215748162081181
ETH,스윕+CHoCH,1h,15m,0.0,월,,,,,,,,,,24264.0,-0.36165199348572447
ETH,스윕+CHoCH,1h,15m,0.0,월,,,,,,,,,,24265.0,-0.09206762583795798
ETH,스윕+CHoCH,1h,15m,0.0,월,,,,,,,,,,24266.0,0.1381564048907587
ETH,스윕+CHoCH,1h,15m,0.0,월,,,,,,,,,,24267.0,-0.011836349676790071
ETH,스윕+CHoCH,1h,15m,0.0,월,,,,,,,,,,24268.0,-0.2079152806009643
ETH,스윕+CHoCH,1h,15m,0.0,월,,,,,,,,,,24269.0,-0.25520438149036473
ETH,스윕+CHoCH,1h,15m,0.0,월,,,,,,,,,,24270.0,0.14638179843492963
ETH,스윕+CHoCH,1h,15m,0.0,월,,,,,,,,,,24271.0,0.05968399710285569
ETH,스윕+CHoCH,1h,15m,0.0,월,,,,,,,,,,24272.0,-0.11551650167847013
ETH,스윕+CHoCH,1h,15m,0.0,월,,,,,,,,,,24273.0,-0.22036830131968355
ETH,스윕+CHoCH,1h,15m,0.0,월,,,,,,,,,,24274.0,0.08207189142144965
ETH,스윕+CHoCH,1h,15m,0.0,월,,,,,,,,,,24275.0,-0.0772325542709828
ETH,스윕+CHoCH,1h,15m,0.0,월,,,,,,,,,,24276.0,-0.030742448060555407
ETH,스윕+CHoCH,1h,15m,0.0,월,,,,,,,,,,24277.0,-0.1044770207972785
ETH,스윕+CHoCH,1h,15m,0.0,월,,,,,,,,,,24278.0,-0.48252629551906756
ETH,스윕+CHoCH,1h,15m,0.0,월,,,,,,,,,,24279.0,0.09607483817497134
ETH,스윕+CHoCH,1h,15m,0.0,월,,,,,,,,,,24280.0,-0.07898360847531119
ETH,스윕+CHoCH,1h,15m,0.0,월,,,,,,,,,,24281.0,-0.2634596557731004
ETH,스윕+CHoCH,1h,15m,0.0,월,,,,,,,,,,24282.0,-0.21999400788567158
ETH,스윕+CHoCH,1h,15m,0.0,월,,,,,,,,,,24283.0,-0.07513165359117838
ETH,스윕+CHoCH,1h,15m,0.0,월,,,,,,,,,,24284.0,0.00689737181155558
ETH,스윕+CHoCH,1h,15m,0.0,월,,,,,,,,,,24285.0,-0.17345386803079252
ETH,스윕+CHoCH,1h,15m,0.0,월,,,,,,,,,,24286.0,0.05292869913781783
ETH,스윕+CHoCH,1h,15m,0.0,월,,,,,,,,,,24287.0,0.15569877859988385
ETH,스윕+CHoCH,1h,15m,0.0,월,,,,,,,,,,24288.0,-0.1520774544610726
ETH,스윕+CHoCH,1h,15m,0.0,월,,,,,,,,,,24289.0,-0.2412167636297901
ETH,스윕+CHoCH,1h,15m,0.0,월,,,,,,,,,,24290.0,0.08924985486559417
ETH,스윕+CHoCH,1h,15m,0.0,월,,,,,,,,,,24291.0,0.4366007857727234
ETH,스윕+CHoCH,1h,15m,0.0,월,,,,,,,,,,24292.0,-0.17303085703143584
ETH,스윕+CHoCH,1h,15m,0.0,월,,,,,,,,,,24293.0,-0.03132225456100306
ETH,스윕+CHoCH,1h,15m,0.0,월,,,,,,,,,,24294.0,-0.26818803699978255
ETH,스윕+CHoCH,1h,15m,0.0,월,,,,,,,,,,24295.0,0.1411089294078128
ETH,스윕+CHoCH,1h,15m,0.0,월,,,,,,,,,,24296.0,-0.1821342972050085
ETH,스윕+CHoCH,1h,15m,0.0,월,,,,,,,,,,24297.0,-0.20656196720206338
ETH,스윕+CHoCH,1h,15m,0.0,월,,,,,,,,,,24298.0,-0.30508087203945966
ETH,스윕+CHoCH,1h,15m,0.0,월,,,,,,,,,,24299.0,-0.3008410387544468
ETH,스윕+CHoCH,1h,15m,0.0,월,,,,,,,,,,24300.0,-0.20859028413468272
ETH,스윕+CHoCH,1h,15m,0.0,월,,,,,,,,,,24301.0,-0.050135103987845125
ETH,스윕+CHoCH,1h,15m,0.0,월,,,,,,,,,,24302.0,-0.22342599139799302
ETH,스윕+CHoCH,1h,15m,0.0,월,,,,,,,,,,24303.0,-0.11127886722037449
ETH,스윕+CHoCH,1h,15m,0.0,월,,,,,,,,,,24304.0,-0.05296479352633277
ETH,스윕+CHoCH,1h,15m,0.0,월,,,,,,,,,,24305.0,0.08607449764520288
ETH,스윕+CHoCH,1h,15m,0.0,월,,,,,,,,,,24306.0,-0.4384582693373758
ETH,스윕+CHoCH,1h,15m,0.0,월,,,,,,,,,,24307.0,0.15792306286958657
ETH,스윕+CHoCH,1h,15m,0.0,월,,,,,,,,,,24308.0,0.09912911579954735
ETH,스윕+CHoCH,1h,15m,0.0,월,,,,,,,,,,24309.0,0.09692206251233024
ETH,스윕+CHoCH,1h,15m,0.0,월,,,,,,,,,,24310.0,0.4073575007610212
ETH,스윕+CHoCH,1h,15m,0.0,월,,,,,,,,,,24311.0,0.09829986278527766
ETH,스윕+CHoCH,1h,15m,0.0,월,,,,,,,,,,24312.0,-0.1494011315976196
ETH,스윕+CHoCH,1h,15m,0.0,월,,,,,,,,,,24313.0,0.13401512940581636
ETH,스윕+CHoCH,1h,15m,0.0,월,,,,,,,,,,24314.0,-0.3221683730828829
ETH,스윕+CHoCH,1h,15m,0.0,월,,,,,,,,,,24315.0,-0.026796850352483526
ETH,스윕+CHoCH,1h,15m,0.0,월,,,,,,,,,,24316.0,-0.10391921375633308
ETH,스윕+CHoCH,1h,15m,0.0,월,,,,,,,,,,24317.0,0.10130121336858113
ETH,스윕+CHoCH,1h,15m,0.0,월,,,,,,,,,,24318.0,-0.02414079623868344
ETH,스윕+CHoCH,1h,15m,0.25,전체,3924.0,0.9961919268849961,167.83440466393262,-0.018093781855249746,0.048854535948447714,-0.06694831780369746,-0.0017520387359836898,0.3200815494393476,0.02166156982670744,,
ETH,스윕+CHoCH,1h,15m,0.25,홀드아웃 전,3187.0,0.9961919268849961,171.1902138434311,-0.03702541575149043,0.0489527657885265,-0.08597818154001695,,0.31408848446815185,0.02070913084405397,,
ETH,스윕+CHoCH,1h,15m,0.25,홀드아웃 12개월,737.0,0.9961919268849961,155.26695144425963,0.06377204884667571,0.048429761863873586,0.015342286982802138,,0.34599728629579374,0.025780189959294438,,
ETH,스윕+CHoCH,1h,15m,0.25,월,,,,,,,,,,24256.0,0.343792433856585
ETH,스윕+CHoCH,1h,15m,0.25,월,,,,,,,,,,24257.0,0.17521180231156036
ETH,스윕+CHoCH,1h,15m,0.25,월,,,,,,,,,,24258.0,-0.11669399572447191
ETH,스윕+CHoCH,1h,15m,0.25,월,,,,,,,,,,24259.0,-0.04664771478978809
ETH,스윕+CHoCH,1h,15m,0.25,월,,,,,,,,,,24260.0,-0.16991474388655745
ETH,스윕+CHoCH,1h,15m,0.25,월,,,,,,,,,,24261.0,0.15141936765729141
ETH,스윕+CHoCH,1h,15m,0.25,월,,,,,,,,,,24262.0,-0.16971126816693102
ETH,스윕+CHoCH,1h,15m,0.25,월,,,,,,,,,,24263.0,-0.2199244850544745
ETH,스윕+CHoCH,1h,15m,0.25,월,,,,,,,,,,24264.0,-0.5460880890107084
ETH,스윕+CHoCH,1h,15m,0.25,월,,,,,,,,,,24265.0,-0.09058767002680186
ETH,스윕+CHoCH,1h,15m,0.25,월,,,,,,,,,,24266.0,0.13932804644636387
ETH,스윕+CHoCH,1h,15m,0.25,월,,,,,,,,,,24267.0,-0.057019820582256825
ETH,스윕+CHoCH,1h,15m,0.25,월,,,,,,,,,,24268.0,-0.20614759067095698
ETH,스윕+CHoCH,1h,15m,0.25,월,,,,,,,,,,24269.0,-0.22355144658965034
ETH,스윕+CHoCH,1h,15m,0.25,월,,,,,,,,,,24270.0,0.1292495807135528
ETH,스윕+CHoCH,1h,15m,0.25,월,,,,,,,,,,24271.0,0.06098436715063093
ETH,스윕+CHoCH,1h,15m,0.25,월,,,,,,,,,,24272.0,-0.16261657921219275
ETH,스윕+CHoCH,1h,15m,0.25,월,,,,,,,,,,24273.0,-0.17161103323272037
ETH,스윕+CHoCH,1h,15m,0.25,월,,,,,,,,,,24274.0,0.03196585354295225
ETH,스윕+CHoCH,1h,15m,0.25,월,,,,,,,,,,24275.0,-0.07552870962060985
ETH,스윕+CHoCH,1h,15m,0.25,월,,,,,,,,,,24276.0,-0.026883223483144793
ETH,스윕+CHoCH,1h,15m,0.25,월,,,,,,,,,,24277.0,-0.050663385785668105
ETH,스윕+CHoCH,1h,15m,0.25,월,,,,,,,,,,24278.0,-0.49230944796465476
ETH,스윕+CHoCH,1h,15m,0.25,월,,,,,,,,,,24279.0,0.09844021585083045
ETH,스윕+CHoCH,1h,15m,0.25,월,,,,,,,,,,24280.0,-0.1741525735445648
ETH,스윕+CHoCH,1h,15m,0.25,월,,,,,,,,,,24281.0,-0.19981576437814913
ETH,스윕+CHoCH,1h,15m,0.25,월,,,,,,,,,,24282.0,-0.21692963553788117
ETH,스윕+CHoCH,1h,15m,0.25,월,,,,,,,,,,24283.0,-0.005460067289183427
ETH,스윕+CHoCH,1h,15m,0.25,월,,,,,,,,,,24284.0,0.06886344919886668
ETH,스윕+CHoCH,1h,15m,0.25,월,,,,,,,,,,24285.0,-0.22369789854089261
ETH,스윕+CHoCH,1h,15m,0.25,월,,,,,,,,,,24286.0,0.10560802253026987
ETH,스윕+CHoCH,1h,15m,0.25,월,,,,,,,,,,24287.0,0.2071582948129006
ETH,스윕+CHoCH,1h,15m,0.25,월,,,,,,,,,,24288.0,-0.19709786537002907
ETH,스윕+CHoCH,1h,15m,0.25,월,,,,,,,,,,24289.0,-0.14770721790725314
ETH,스윕+CHoCH,1h,15m,0.25,월,,,,,,,,,,24290.0,0.18719490540733835
ETH,스윕+CHoCH,1h,15m,0.25,월,,,,,,,,,,24291.0,0.33890987576291864
ETH,스윕+CHoCH,1h,15m,0.25,월,,,,,,,,,,24292.0,-0.17160469513655138
ETH,스윕+CHoCH,1h,15m,0.25,월,,,,,,,,,,24293.0,-0.028146376677326702
ETH,스윕+CHoCH,1h,15m,0.25,월,,,,,,,,,,24294.0,-0.29538339590436197
ETH,스윕+CHoCH,1h,15m,0.25,월,,,,,,,,,,24295.0,0.14362468344442053
ETH,스윕+CHoCH,1h,15m,0.25,월,,,,,,,,,,24296.0,-0.18057133633602382
ETH,스윕+CHoCH,1h,15m,0.25,월,,,,,,,,,,24297.0,-0.2045037917726769
ETH,스윕+CHoCH,1h,15m,0.25,월,,,,,,,,,,24298.0,-0.31481842849854524
ETH,스윕+CHoCH,1h,15m,0.25,월,,,,,,,,,,24299.0,-0.3662601168417717
ETH,스윕+CHoCH,1h,15m,0.25,월,,,,,,,,,,24300.0,-0.2725418355152282
ETH,스윕+CHoCH,1h,15m,0.25,월,,,,,,,,,,24301.0,-0.09648701999642015
ETH,스윕+CHoCH,1h,15m,0.25,월,,,,,,,,,,24302.0,-0.39940331848118227
ETH,스윕+CHoCH,1h,15m,0.25,월,,,,,,,,,,24303.0,-0.10838623652432836
ETH,스윕+CHoCH,1h,15m,0.25,월,,,,,,,,,,24304.0,-0.02360876837726486
ETH,스윕+CHoCH,1h,15m,0.25,월,,,,,,,,,,24305.0,0.0877292904260801
ETH,스윕+CHoCH,1h,15m,0.25,월,,,,,,,,,,24306.0,-0.43614077805882867
ETH,스윕+CHoCH,1h,15m,0.25,월,,,,,,,,,,24307.0,0.14048411316499967
ETH,스윕+CHoCH,1h,15m,0.25,월,,,,,,,,,,24308.0,0.10086266388788664
ETH,스윕+CHoCH,1h,15m,0.25,월,,,,,,,,,,24309.0,-0.010612580696312072
ETH,스윕+CHoCH,1h,15m,0.25,월,,,,,,,,,,24310.0,0.3861893138093007
ETH,스윕+CHoCH,1h,15m,0.25,월,,,,,,,,,,24311.0,0.0605700172178483
ETH,스윕+CHoCH,1h,15m,0.25,월,,,,,,,,,,24312.0,-0.20553180625773296
ETH,스윕+CHoCH,1h,15m,0.25,월,,,,,,,,,,24313.0,0.1370165212347228
ETH,스윕+CHoCH,1h,15m,0.25,월,,,,,,,,,,24314.0,-0.32034815678406886
ETH,스윕+CHoCH,1h,15m,0.25,월,,,,,,,,,,24315.0,0.02009832040389046
ETH,스윕+CHoCH,1h,15m,0.25,월,,,,,,,,,,24316.0,-0.1449725452535694
ETH,스윕+CHoCH,1h,15m,0.25,월,,,,,,,,,,24317.0,0.08333243410622332
ETH,스윕+CHoCH,1h,15m,0.25,월,,,,,,,,,,24318.0,-0.022418408270443016
ETH,스윕+CHoCH,1h,1h,0.0,전체,1500.0,0.9993337774816788,315.539298248871,-0.04466666666666667,0.02597674898821298,-0.07064341565487965,-0.0515,0.2793333333333333,0.11733333333333333,,
ETH,스윕+CHoCH,1h,1h,0.0,홀드아웃 전,1236.0,0.9993337774816788,325.292675900653,-0.06553398058252427,0.025897020078248227,-0.0914310006607725,,0.27103559870550165,0.12135922330097088,,
ETH,스윕+CHoCH,1h,1h,0.0,홀드아웃 12개월,264.0,0.9993337774816788,286.6608425450597,0.05303030303030303,0.02635002524850249,0.026680277781800536,,0.3181818181818182,0.09848484848484848,,
ETH,스윕+CHoCH,1h,1h,0.0,월,,,,,,,,,,24256.0,0.3009408203648555
ETH,스윕+CHoCH,1h,1h,0.0,월,,,,,,,,,,24257.0,0.10641521112433884
ETH,스윕+CHoCH,1h,1h,0.0,월,,,,,,,,,,24258.0,0.4341374943776094
ETH,스윕+CHoCH,1h,1h,0.0,월,,,,,,,,,,24259.0,0.030167684794443542
ETH,스윕+CHoCH,1h,1h,0.0,월,,,,,,,,,,24260.0,-0.1179380021367348
ETH,스윕+CHoCH,1h,1h,0.0,월,,,,,,,,,,24261.0,-0.2753948409510559
ETH,스윕+CHoCH,1h,1h,0.0,월,,,,,,,,,,24262.0,-0.4612716369517505
ETH,스윕+CHoCH,1h,1h,0.0,월,,,,,,,,,,24263.0,0.015419278519916788
ETH,스윕+CHoCH,1h,1h,0.0,월,,,,,,,,,,24264.0,-0.21426758582340846
ETH,스윕+CHoCH,1h,1h,0.0,월,,,,,,,,,,24265.0,-0.10313095695355724
ETH,스윕+CHoCH,1h,1h,0.0,월,,,,,,,,,,24266.0,-0.061577734920740645
ETH,스윕+CHoCH,1h,1h,0.0,월,,,,,,,,,,24267.0,-0.06575373671393747
ETH,스윕+CHoCH,1h,1h,0.0,월,,,,,,,,,,24268.0,-0.11072760402316324
ETH,스윕+CHoCH,1h,1h,0.0,월,,,,,,,,,,24269.0,-0.1467206927786224
ETH,스윕+CHoCH,1h,1h,0.0,월,,,,,,,,,,24270.0,0.3494507732262707
ETH,스윕+CHoCH,1h,1h,0.0,월,,,,,,,,,,24271.0,0.03914018959646503
ETH,스윕+CHoCH,1h,1h,0.0,월,,,,,,,,,,24272.0,0.11493002687345694
ETH,스윕+CHoCH,1h,1h,0.0,월,,,,,,,,,,24273.0,-0.25783941044197595
ETH,스윕+CHoCH,1h,1h,0.0,월,,,,,,,,,,24274.0,0.1329242772659697
ETH,스윕+CHoCH,1h,1h,0.0,월,,,,,,,,,,24275.0,0.2969042607280351
ETH,스윕+CHoCH,1h,1h,0.0,월,,,,,,,,,,24276.0,-0.21841835650449976
ETH,스윕+CHoCH,1h,1h,0.0,월,,,,,,,,,,24277.0,0.21837821656740375
ETH,스윕+CHoCH,1h,1h,0.0,월,,,,,,,,,,24278.0,-0.6398324356857209
ETH,스윕+CHoCH,1h,1h,0.0,월,,,,,,,,,,24279.0,0.10844003020058215
ETH,스윕+CHoCH,1h,1h,0.0,월,,,,,,,,,,24280.0,-0.07014127080181436
ETH,스윕+CHoCH,1h,1h,0.0,월,,,,,,,,,,24281.0,-0.0014470524417314668
ETH,스윕+CHoCH,1h,1h,0.0,월,,,,,,,,,,24282.0,-0.20109529758723693
ETH,스윕+CHoCH,1h,1h,0.0,월,,,,,,,,,,24283.0,-0.3116486422428276
ETH,스윕+CHoCH,1h,1h,0.0,월,,,,,,,,,,24284.0,-0.08270630519774176
ETH,스윕+CHoCH,1h,1h,0.0,월,,,,,,,,,,24285.0,-0.48175899953407336
ETH,스윕+CHoCH,1h,1h,0.0,월,,,,,,,,,,24286.0,-0.12634519706552091
ETH,스윕+CHoCH,1h,1h,0.0,월,,,,,,,,,,24287.0,0.015386914615839731
ETH,스윕+CHoCH,1h,1h,0.0,월,,,,,,,,,,24288.0,-0.20798494328072595
ETH,스윕+CHoCH,1h,1h,0.0,월,,,,,,,,,,24289.0,0.06935818838460645
ETH,스윕+CHoCH,1h,1h,0.0,월,,,,,,,,,,24290.0,0.32110517474491684
ETH,스윕+CHoCH,1h,1h,0.0,월,,,,,,,,,,24291.0,0.025476529333772164
ETH,스윕+CHoCH,1h,1h,0.0,월,,,,,,,,,,24292.0,-0.02346100476681771
ETH,스윕+CHoCH,1h,1h,0.0,월,,,,,,,,,,24293.0,-0.1087171749123113
ETH,스윕+CHoCH,1h,1h,0.0,월,,,,,,,,,,24294.0,-0.15830769467590322
ETH,스윕+CHoCH,1h,1h,0.0,월,,,,,,,,,,24295.0,-0.25325524046615655
ETH,스윕+CHoCH,1h,1h,0.0,월,,,,,,,,,,24296.0,0.026113815792843435
ETH,스윕+CHoCH,1h,1h,0.0,월,,,,,,,,,,24297.0,-0.06277733222263775
ETH,스윕+CHoCH,1h,1h,0.0,월,,,,,,,,,,24298.0,0.01226781029189607
ETH,스윕+CHoCH,1h,1h,0.0,월,,,,,,,,,,24299.0,-0.5196200830379447
ETH,스윕+CHoCH,1h,1h,0.0,월,,,,,,,,,,24300.0,-0.30949027695181325
ETH,스윕+CHoCH,1h,1h,0.0,월,,,,,,,,,,24301.0,-0.11333121798916776
ETH,스윕+CHoCH,1h,1h,0.0,월,,,,,,,,,,24302.0,-0.05471298528360679
ETH,스윕+CHoCH,1h,1h,0.0,월,,,,,,,,,,24303.0,-0.18872758510044788
ETH,스윕+CHoCH,1h,1h,0.0,월,,,,,,,,,,24304.0,-0.38171969909728715
ETH,스윕+CHoCH,1h,1h,0.0,월,,,,,,,,,,24305.0,-0.2821238308366483
ETH,스윕+CHoCH,1h,1h,0.0,월,,,,,,,,,,24306.0,-0.13307229946047164
ETH,스윕+CHoCH,1h,1h,0.0,월,,,,,,,,,,24307.0,-0.02661598333258386
ETH,스윕+CHoCH,1h,1h,0.0,월,,,,,,,,,,24308.0,0.03822064492629889
ETH,스윕+CHoCH,1h,1h,0.0,월,,,,,,,,,,24309.0,0.011696926203488637
ETH,스윕+CHoCH,1h,1h,0.0,월,,,,,,,,,,24310.0,0.15501408913842293
ETH,스윕+CHoCH,1h,1h,0.0,월,,,,,,,,,,24311.0,-0.020657132527789876
ETH,스윕+CHoCH,1h,1h,0.0,월,,,,,,,,,,24312.0,0.01749136467294504
ETH,스윕+CHoCH,1h,1h,0.0,월,,,,,,,,,,24313.0,0.13739671955149355
ETH,스윕+CHoCH,1h,1h,0.0,월,,,,,,,,,,24314.0,-0.1124904442744548
ETH,스윕+CHoCH,1h,1h,0.0,월,,,,,,,,,,24315.0,0.05658574330216332
ETH,스윕+CHoCH,1h,1h,0.0,월,,,,,,,,,,24316.0,0.1599122869261442
ETH,스윕+CHoCH,1h,1h,0.0,월,,,,,,,,,,24317.0,0.027307980365032847
ETH,스윕+CHoCH,1h,1h,0.0,월,,,,,,,,,,24318.0,-0.19045073539888638
ETH,스윕+CHoCH,1h,1h,0.25,전체,1500.0,0.9993337774816788,321.33152165997456,-0.04533333333333334,0.025381868624566407,-0.07071520195789974,-0.0185,0.2773333333333333,0.12266666666666666,,
ETH,스윕+CHoCH,1h,1h,0.25,홀드아웃 전,1236.0,0.9993337774816788,330.8563082304544,-0.06715210355987054,0.025300511351035813,-0.09245261491090635,,0.2686084142394822,0.12702265372168284,,
ETH,스윕+CHoCH,1h,1h,0.25,홀드아웃 12개월,264.0,0.9993337774816788,294.39699852964065,0.056818181818181816,0.0257627685870051,0.03105541323117672,,0.3181818181818182,0.10227272727272728,,
ETH,스윕+CHoCH,1h,1h,0.25,월,,,,,,,,,,24256.0,0.3011856633648508
ETH,스윕+CHoCH,1h,1h,0.25,월,,,,,,,,,,24257.0,0.14507129744611788
ETH,스윕+CHoCH,1h,1h,0.25,월,,,,,,,,,,24258.0,0.4343653406295897
ETH,스윕+CHoCH,1h,1h,0.25,월,,,,,,,,,,24259.0,0.030415009627359938
ETH,스윕+CHoCH,1h,1h,0.25,월,,,,,,,,,,24260.0,-0.11753475987428723
ETH,스윕+CHoCH,1h,1h,0.25,월,,,,,,,,,,24261.0,-0.2750917733803994
ETH,스윕+CHoCH,1h,1h,0.25,월,,,,,,,,,,24262.0,-0.46080425890414517
ETH,스윕+CHoCH,1h,1h,0.25,월,,,,,,,,,,24263.0,0.015807020287653593
ETH,스윕+CHoCH,1h,1h,0.25,월,,,,,,,,,,24264.0,-0.31104427021709236
ETH,스윕+CHoCH,1h,1h,0.25,월,,,,,,,,,,24265.0,-0.102842453971017
ETH,스윕+CHoCH,1h,1h,0.25,월,,,,,,,,,,24266.0,-0.061316680430341025
ETH,스윕+CHoCH,1h,1h,0.25,월,,,,,,,,,,24267.0,-0.06519354316849439
ETH,스윕+CHoCH,1h,1h,0.25,월,,,,,,,,,,24268.0,-0.1976050441662414
ETH,스윕+CHoCH,1h,1h,0.25,월,,,,,,,,,,24269.0,-0.14638245697601773
ETH,스윕+CHoCH,1h,1h,0.25,월,,,,,,,,,,24270.0,0.25848892452308814
ETH,스윕+CHoCH,1h,1h,0.25,월,,,,,,,,,,24271.0,0.03933980533729342
ETH,스윕+CHoCH,1h,1h,0.25,월,,,,,,,,,,24272.0,0.11524452028118255
ETH,스윕+CHoCH,1h,1h,0.25,월,,,,,,,,,,24273.0,-0.13669317206744103
ETH,스윕+CHoCH,1h,1h,0.25,월,,,,,,,,,,24274.0,0.052747601382505345
ETH,스윕+CHoCH,1h,1h,0.25,월,,,,,,,,,,24275.0,0.17163381684746606
ETH,스윕+CHoCH,1h,1h,0.25,월,,,,,,,,,,24276.0,-0.2177214916713966
ETH,스윕+CHoCH,1h,1h,0.25,월,,,,,,,,,,24277.0,0.219161631048328
ETH,스윕+CHoCH,1h,1h,0.25,월,,,,,,,,,,24278.0,-0.6392470237707851
ETH,스윕+CHoCH,1h,1h,0.25,월,,,,,,,,,,24279.0,0.10884091450221982
ETH,스윕+CHoCH,1h,1h,0.25,월,,,,,,,,,,24280.0,-0.06951228532288836
ETH,스윕+CHoCH,1h,1h,0.25,월,,,,,,,,,,24281.0,0.12325211335207666
ETH,스윕+CHoCH,1h,1h,0.25,월,,,,,,,,,,24282.0,-0.20002599100502963
ETH,스윕+CHoCH,1h,1h,0.25,월,,,,,,,,,,24283.0,-0.31064508771339894
ETH,스윕+CHoCH,1h,1h,0.25,월,,,,,,,,,,24284.0,-0.0802574412804501
ETH,스윕+CHoCH,1h,1h,0.25,월,,,,,,,,,,24285.0,-0.48058902738819537
ETH,스윕+CHoCH,1h,1h,0.25,월,,,,,,,,,,24286.0,-0.1256882746085596
ETH,스윕+CHoCH,1h,1h,0.25,월,,,,,,,,,,24287.0,0.01603094033141886
ETH,스윕+CHoCH,1h,1h,0.25,월,,,,,,,,,,24288.0,-0.20734695401469455
ETH,스윕+CHoCH,1h,1h,0.25,월,,,,,,,,,,24289.0,0.06975309404492909
ETH,스윕+CHoCH,1h,1h,0.25,월,,,,,,,,,,24290.0,0.3216452413893159
ETH,스윕+CHoCH,1h,1h,0.25,월,,,,,,,,,,24291.0,0.025804966024615805
ETH,스윕+CHoCH,1h,1h,0.25,월,,,,,,,,,,24292.0,-0.022849726512283636
ETH,스윕+CHoCH,1h,1h,0.25,월,,,,,,,,,,24293.0,-0.2691813552367345
ETH,스윕+CHoCH,1h,1h,0.25,월,,,,,,,,,,24294.0,-0.15766723403270524
ETH,스윕+CHoCH,1h,1h,0.25,월,,,,,,,,,,24295.0,-0.25275723616039886
ETH,스윕+CHoCH,1h,1h,0.25,월,,,,,,,,,,24296.0,0.026663455443710363
ETH,스윕+CHoCH,1h,1h,0.25,월,,,,,,,,,,24297.0,-0.062143297154963126
ETH,스윕+CHoCH,1h,1h,0.25,월,,,,,,,,,,24298.0,0.01281457593005614
ETH,스윕+CHoCH,1h,1h,0.25,월,,,,,,,,,,24299.0,-0.38234704145904563
ETH,스윕+CHoCH,1h,1h,0.25,월,,,,,,,,,,24300.0,-0.3089969919530305
ETH,스윕+CHoCH,1h,1h,0.25,월,,,,,,,,,,24301.0,-0.11285711572335652
ETH,스윕+CHoCH,1h,1h,0.25,월,,,,,,,,,,24302.0,-0.05428827517356366
ETH,스윕+CHoCH,1h,1h,0.25,월,,,,,,,,,,24303.0,-0.1882817863292727
ETH,스윕+CHoCH,1h,1h,0.25,월,,,,,,,,,,24304.0,-0.381275326440783
ETH,스윕+CHoCH,1h,1h,0.25,월,,,,,,,,,,24305.0,-0.17014358810895303
ETH,스윕+CHoCH,1h,1h,0.25,월,,,,,,,,,,24306.0,-0.13249990402842202
ETH,스윕+CHoCH,1h,1h,0.25,월,,,,,,,,,,24307.0,-0.02595699603199135
ETH,스윕+CHoCH,1h,1h,0.25,월,,,,,,,,,,24308.0,0.03866649057188714
ETH,스윕+CHoCH,1h,1h,0.25,월,,,,,,,,,,24309.0,0.012557463972775176
ETH,스윕+CHoCH,1h,1h,0.25,월,,,,,,,,,,24310.0,0.15537626770710303
ETH,스윕+CHoCH,1h,1h,0.25,월,,,,,,,,,,24311.0,-0.10744087395156171
ETH,스윕+CHoCH,1h,1h,0.25,월,,,,,,,,,,24312.0,0.017958559115321123
ETH,스윕+CHoCH,1h,1h,0.25,월,,,,,,,,,,24313.0,0.1380218179613121
ETH,스윕+CHoCH,1h,1h,0.25,월,,,,,,,,,,24314.0,-0.11215726022944701
ETH,스윕+CHoCH,1h,1h,0.25,월,,,,,,,,,,24315.0,0.1828192166647206
ETH,스윕+CHoCH,1h,1h,0.25,월,,,,,,,,,,24316.0,0.1605421898643953
ETH,스윕+CHoCH,1h,1h,0.25,월,,,,,,,,,,24317.0,0.027991014166896012
ETH,스윕+CHoCH,1h,1h,0.25,월,,,,,,,,,,24318.0,-0.19004800121495083
ETH,스윕+CHoCH,4h,5m,0.0,전체,1290.0,0.9976798143851509,114.88831006508603,-0.020930232558139535,0.06799934229258567,-0.0889295748507252,0.008624031007751937,0.324031007751938,0.0069767441860465115,,
ETH,스윕+CHoCH,4h,5m,0.0,홀드아웃 전,1053.0,0.9976798143851509,117.13381093423953,-0.019943019943019943,0.0670828331342149,-0.08702585307723484,,0.3238366571699905,0.008547008547008548,,
ETH,스윕+CHoCH,4h,5m,0.0,홀드아웃 12개월,237.0,0.9976798143851509,104.77789296972483,-0.02531645569620253,0.07207142728737231,-0.09738788298357486,,0.32489451476793246,0.0,,
ETH,스윕+CHoCH,4h,5m,0.0,월,,,,,,,,,,24256.0,-0.18536693417364344
ETH,스윕+CHoCH,4h,5m,0.0,월,,,,,,,,,,24257.0,-0.020483313362359517
ETH,스윕+CHoCH,4h,5m,0.0,월,,,,,,,,,,24258.0,-0.23246297943278085
ETH,스윕+CHoCH,4h,5m,0.0,월,,,,,,,,,,24259.0,0.025463728704225665
ETH,스윕+CHoCH,4h,5m,0.0,월,,,,,,,,,,24260.0,0.10331608117929648
ETH,스윕+CHoCH,4h,5m,0.0,월,,,,,,,,,,24261.0,0.18548576731007896
ETH,스윕+CHoCH,4h,5m,0.0,월,,,,,,,,,,24262.0,0.2093401552472569
ETH,스윕+CHoCH,4h,5m,0.0,월,,,,,,,,,,24263.0,0.08301832390703465
ETH,스윕+CHoCH,4h,5m,0.0,월,,,,,,,,,,24264.0,-0.429659085444775
ETH,스윕+CHoCH,4h,5m,0.0,월,,,,,,,,,,24265.0,-0.313061082228529
ETH,스윕+CHoCH,4h,5m,0.0,월,,,,,,,,,,24266.0,0.12904529229063688
ETH,스윕+CHoCH,4h,5m,0.0,월,,,,,,,,,,24267.0,0.44809602989550124
ETH,스윕+CHoCH,4h,5m,0.0,월,,,,,,,,,,24268.0,-0.0024974923042159008
ETH,스윕+CHoCH,4h,5m,0.0,월,,,,,,,,,,24269.0,-0.30103153926170667
ETH,스윕+CHoCH,4h,5m,0.0,월,,,,,,,,,,24270.0,-0.04561324379071647
ETH,스윕+CHoCH,4h,5m,0.0,월,,,,,,,,,,24271.0,-0.2894311150240108
ETH,스윕+CHoCH,4h,5m,0.0,월,,,,,,,,,,24272.0,-0.12982548034392932
ETH,스윕+CHoCH,4h,5m,0.0,월,,,,,,,,,,24273.0,-0.1615708468506625
ETH,스윕+CHoCH,4h,5m,0.0,월,,,,,,,,,,24274.0,-0.16652482811555583
ETH,스윕+CHoCH,4h,5m,0.0,월,,,,,,,,,,24275.0,-0.5418476446551238
ETH,스윕+CHoCH,4h,5m,0.0,월,,,,,,,,,,24276.0,-0.3335376880515823
ETH,스윕+CHoCH,4h,5m,0.0,월,,,,,,,,,,24277.0,0.23581100246346637
ETH,스윕+CHoCH,4h,5m,0.0,월,,,,,,,,,,24278.0,-0.0778673915137122
ETH,스윕+CHoCH,4h,5m,0.0,월,,,,,,,,,,24279.0,0.44551980440522543
ETH,스윕+CHoCH,4h,5m,0.0,월,,,,,,,,,,24280.0,-0.20826961168341232
ETH,스윕+CHoCH,4h,5m,0.0,월,,,,,,,,,,24281.0,-0.4134256470551893
ETH,스윕+CHoCH,4h,5m,0.0,월,,,,,,,,,,24282.0,-0.6298125252490293
ETH,스윕+CHoCH,4h,5m,0.0,월,,,,,,,,,,24283.0,0.11500880107748535
ETH,스윕+CHoCH,4h,5m,0.0,월,,,,,,,,,,24284.0,-0.49891724261648096
ETH,스윕+CHoCH,4h,5m,0.0,월,,,,,,,,,,24285.0,0.011905813037144955
ETH,스윕+CHoCH,4h,5m,0.0,월,,,,,,,,,,24286.0,-0.1665355167544414
ETH,스윕+CHoCH,4h,5m,0.0,월,,,,,,,,,,24287.0,-0.19599192358997258
ETH,스윕+CHoCH,4h,5m,0.0,월,,,,,,,,,,24288.0,-0.19169737901966516
ETH,스윕+CHoCH,4h,5m,0.0,월,,,,,,,,,,24289.0,-0.17385537376714177
ETH,스윕+CHoCH,4h,5m,0.0,월,,,,,,,,,,24290.0,-0.2086678782016301
ETH,스윕+CHoCH,4h,5m,0.0,월,,,,,,,,,,24291.0,0.09381827331806636
ETH,스윕+CHoCH,4h,5m,0.0,월,,,,,,,,,,24292.0,-0.20253824879491095
ETH,스윕+CHoCH,4h,5m,0.0,월,,,,,,,,,,24293.0,-0.32499713224573756
ETH,스윕+CHoCH,4h,5m,0.0,월,,,,,,,,,,24294.0,-0.19420546593344873
ETH,스윕+CHoCH,4h,5m,0.0,월,,,,,,,,,,24295.0,0.1997166895509338
ETH,스윕+CHoCH,4h,5m,0.0,월,,,,,,,,,,24296.0,-0.051590934817366395
ETH,스윕+CHoCH,4h,5m,0.0,월,,,,,,,,,,24297.0,-0.11665677543472895
ETH,스윕+CHoCH,4h,5m,0.0,월,,,,,,,,,,24298.0,0.36340845396079685
ETH,스윕+CHoCH,4h,5m,0.0,월,,,,,,,,,,24299.0,0.6766505792918969
ETH,스윕+CHoCH,4h,5m,0.0,월,,,,,,,,,,24300.0,0.12813256983699853
ETH,스윕+CHoCH,4h,5m,0.0,월,,,,,,,,,,24301.0,0.12776123224903593
ETH,스윕+CHoCH,4h,5m,0.0,월,,,,,,,,,,24302.0,-0.3085829138625725
ETH,스윕+CHoCH,4h,5m,0.0,월,,,,,,,,,,24303.0,0.11678013077895506
ETH,스윕+CHoCH,4h,5m,0.0,월,,,,,,,,,,24304.0,-0.380143100203518
ETH,스윕+CHoCH,4h,5m,0.0,월,,,,,,,,,,24305.0,-0.10183931902971882
ETH,스윕+CHoCH,4h,5m,0.0,월,,,,,,,,,,24306.0,-0.43141897413753444
ETH,스윕+CHoCH,4h,5m,0.0,월,,,,,,,,,,24307.0,0.3512918794182016
ETH,스윕+CHoCH,4h,5m,0.0,월,,,,,,,,,,24308.0,0.08358030800085373
ETH,스윕+CHoCH,4h,5m,0.0,월,,,,,,,,,,24309.0,-0.29740535858213013
ETH,스윕+CHoCH,4h,5m,0.0,월,,,,,,,,,,24310.0,0.08749710793331238
ETH,스윕+CHoCH,4h,5m,0.0,월,,,,,,,,,,24311.0,0.11155171205105108
ETH,스윕+CHoCH,4h,5m,0.0,월,,,,,,,,,,24312.0,-0.3897477211037032
ETH,스윕+CHoCH,4h,5m,0.0,월,,,,,,,,,,24313.0,-0.46603478117990554
ETH,스윕+CHoCH,4h,5m,0.0,월,,,,,,,,,,24314.0,-0.27069585847440747
ETH,스윕+CHoCH,4h,5m,0.0,월,,,,,,,,,,24315.0,-0.3218165609985339
ETH,스윕+CHoCH,4h,5m,0.0,월,,,,,,,,,,24316.0,-0.18582070135218115
ETH,스윕+CHoCH,4h,5m,0.0,월,,,,,,,,,,24317.0,0.19786807937902046
ETH,스윕+CHoCH,4h,5m,0.0,월,,,,,,,,,,24318.0,-0.1329245413006958
ETH,스윕+CHoCH,4h,5m,0.25,전체,1318.0,0.9977289931869796,120.47137592970944,-0.025796661608497723,0.06523895814449972,-0.09103561975299744,0.007302731411229134,0.3224582701062215,0.006828528072837633,,
ETH,스윕+CHoCH,4h,5m,0.25,홀드아웃 전,1076.0,0.9977289931869796,122.69438539497968,-0.02973977695167286,0.06454228187737115,-0.09428205882904402,,0.32063197026022305,0.008364312267657992,,
ETH,스윕+CHoCH,4h,5m,0.25,홀드아웃 12개월,242.0,0.9977289931869796,108.33809534699108,-0.008264462809917356,0.06833657658842672,-0.07660103939834408,,0.3305785123966942,0.0,,
ETH,스윕+CHoCH,4h,5m,0.25,월,,,,,,,,,,24256.0,-0.22150800176478852
ETH,스윕+CHoCH,4h,5m,0.25,월,,,,,,,,,,24257.0,-0.10947885104634655
ETH,스윕+CHoCH,4h,5m,0.25,월,,,,,,,,,,24258.0,-0.2609559787479715
ETH,스윕+CHoCH,4h,5m,0.25,월,,,,,,,,,,24259.0,-0.07984227690893504
ETH,스윕+CHoCH,4h,5m,0.25,월,,,,,,,,,,24260.0,0.019390135997439193
ETH,스윕+CHoCH,4h,5m,0.25,월,,,,,,,,,,24261.0,0.011114598640674225
ETH,스윕+CHoCH,4h,5m,0.25,월,,,,,,,,,,24262.0,0.22845312631872258
ETH,스윕+CHoCH,4h,5m,0.25,월,,,,,,,,,,24263.0,0.04638478482112239
ETH,스윕+CHoCH,4h,5m,0.25,월,,,,,,,,,,24264.0,-0.42557910829767015
ETH,스윕+CHoCH,4h,5m,0.25,월,,,,,,,,,,24265.0,-0.24378733227562838
ETH,스윕+CHoCH,4h,5m,0.25,월,,,,,,,,,,24266.0,0.0006324163203676145
ETH,스윕+CHoCH,4h,5m,0.25,월,,,,,,,,,,24267.0,0.26136840741144507
ETH,스윕+CHoCH,4h,5m,0.25,월,,,,,,,,,,24268.0,0.0011400791102366594
ETH,스윕+CHoCH,4h,5m,0.25,월,,,,,,,,,,24269.0,-0.2976264243751628
ETH,스윕+CHoCH,4h,5m,0.25,월,,,,,,,,,,24270.0,0.1006992866535821
ETH,스윕+CHoCH,4h,5m,0.25,월,,,,,,,,,,24271.0,-0.36037184657924476
ETH,스윕+CHoCH,4h,5m,0.25,월,,,,,,,,,,24272.0,-0.12624914751749136
ETH,스윕+CHoCH,4h,5m,0.25,월,,,,,,,,,,24273.0,-0.15830327499431926
ETH,스윕+CHoCH,4h,5m,0.25,월,,,,,,,,,,24274.0,-0.1609862604490025
ETH,스윕+CHoCH,4h,5m,0.25,월,,,,,,,,,,24275.0,-0.5373965365271068
ETH,스윕+CHoCH,4h,5m,0.25,월,,,,,,,,,,24276.0,-0.3285906132370335
ETH,스윕+CHoCH,4h,5m,0.25,월,,,,,,,,,,24277.0,0.6871635803008284
ETH,스윕+CHoCH,4h,5m,0.25,월,,,,,,,,,,24278.0,-0.24193315893657047
ETH,스윕+CHoCH,4h,5m,0.25,월,,,,,,,,,,24279.0,0.44862858071517225
ETH,스윕+CHoCH,4h,5m,0.25,월,,,,,,,,,,24280.0,-0.3950538420476955
ETH,스윕+CHoCH,4h,5m,0.25,월,,,,,,,,,,24281.0,-0.4099104233218569
ETH,스윕+CHoCH,4h,5m,0.25,월,,,,,,,,,,24282.0,-0.6234463934767909
ETH,스윕+CHoCH,4h,5m,0.25,월,,,,,,,,,,24283.0,0.12486774720933559
ETH,스윕+CHoCH,4h,5m,0.25,월,,,,,,,,,,24284.0,-0.6945795680008903
ETH,스윕+CHoCH,4h,5m,0.25,월,,,,,,,,,,24285.0,0.018054969237677104
ETH,스윕+CHoCH,4h,5m,0.25,월,,,,,,,,,,24286.0,-0.040311976276878804
ETH,스윕+CHoCH,4h,5m,0.25,월,,,,,,,,,,24287.0,-0.07768253332952818
ETH,스윕+CHoCH,4h,5m,0.25,월,,,,,,,,,,24288.0,-0.05623854990146683
ETH,스윕+CHoCH,4h,5m,0.25,월,,,,,,,,,,24289.0,-0.22613285121424678
ETH,스윕+CHoCH,4h,5m,0.25,월,,,,,,,,,,24290.0,-0.20280122486398458
ETH,스윕+CHoCH,4h,5m,0.25,월,,,,,,,,,,24291.0,0.03589921438218356
ETH,스윕+CHoCH,4h,5m,0.25,월,,,,,,,,,,24292.0,-0.19913682394753093
ETH,스윕+CHoCH,4h,5m,0.25,월,,,,,,,,,,24293.0,-0.32039249420964955
ETH,스윕+CHoCH,4h,5m,0.25,월,,,,,,,,,,24294.0,-0.18848352521376788
ETH,스윕+CHoCH,4h,5m,0.25,월,,,,,,,,,,24295.0,0.20498646173738613
ETH,스윕+CHoCH,4h,5m,0.25,월,,,,,,,,,,24296.0,-0.048903512056978946
ETH,스윕+CHoCH,4h,5m,0.25,월,,,,,,,,,,24297.0,-0.24175337017358842
ETH,스윕+CHoCH,4h,5m,0.25,월,,,,,,,,,,24298.0,0.5599239587436029
ETH,스윕+CHoCH,4h,5m,0.25,월,,,,,,,,,,24299.0,0.678976731769695
ETH,스윕+CHoCH,4h,5m,0.25,월,,,,,,,,,,24300.0,0.13292242773367485
ETH,스윕+CHoCH,4h,5m,0.25,월,,,,,,,,,,24301.0,0.1327228549694015
ETH,스윕+CHoCH,4h,5m,0.25,월,,,,,,,,,,24302.0,-0.3045737483947402
ETH,스윕+CHoCH,4h,5m,0.25,월,,,,,,,,,,24303.0,0.1205036430366622
ETH,스윕+CHoCH,4h,5m,0.25,월,,,,,,,,,,24304.0,-0.3765670296284313
ETH,스윕+CHoCH,4h,5m,0.25,월,,,,,,,,,,24305.0,-0.09827433147831947
ETH,스윕+CHoCH,4h,5m,0.25,월,,,,,,,,,,24306.0,-0.42817969238888626
ETH,스윕+CHoCH,4h,5m,0.25,월,,,,,,,,,,24307.0,0.43298662522492676
ETH,스윕+CHoCH,4h,5m,0.25,월,,,,,,,,,,24308.0,-0.1064419668541849
ETH,스윕+CHoCH,4h,5m,0.25,월,,,,,,,,,,24309.0,-0.13182093496854386
ETH,스윕+CHoCH,4h,5m,0.25,월,,,,,,,,,,24310.0,0.15916847941842838
ETH,스윕+CHoCH,4h,5m,0.25,월,,,,,,,,,,24311.0,0.2483522315124949
ETH,스윕+CHoCH,4h,5m,0.25,월,,,,,,,,,,24312.0,-0.3857608092068991
ETH,스윕+CHoCH,4h,5m,0.25,월,,,,,,,,,,24313.0,-0.4593181972902783
ETH,스윕+CHoCH,4h,5m,0.25,월,,,,,,,,,,24314.0,-0.4291379395061936
ETH,스윕+CHoCH,4h,5m,0.25,월,,,,,,,,,,24315.0,-0.16575506500767856
ETH,스윕+CHoCH,4h,5m,0.25,월,,,,,,,,,,24316.0,-0.18074662662964888
ETH,스윕+CHoCH,4h,5m,0.25,월,,,,,,,,,,24317.0,0.2031279365420715
ETH,스윕+CHoCH,4h,5m,0.25,월,,,,,,,,,,24318.0,-0.20020675935831095
ETH,스윕+CHoCH,4h,15m,0.0,전체,1273.0,0.9953088350273651,167.6687437940277,-0.04241948153967007,0.04658118848281845,-0.08900067002248851,0.01286331500392773,0.3126472898664572,0.019638648860958365,,
ETH,스윕+CHoCH,4h,15m,0.0,홀드아웃 전,1040.0,0.9953088350273651,169.85807874497152,-0.041346153846153845,0.046265713723985566,-0.08761186757013942,,0.3125,0.021153846153846155,,
ETH,스윕+CHoCH,4h,15m,0.0,홀드아웃 12개월,233.0,0.9953088350273651,161.29512985077608,-0.04721030042918455,0.04798931616172914,-0.09519961659091371,,0.3133047210300429,0.012875536480686695,,
ETH,스윕+CHoCH,4h,15m,0.0,월,,,,,,,,,,24256.0,0.14381720967570918
ETH,스윕+CHoCH,4h,15m,0.0,월,,,,,,,,,,24257.0,0.12892499725475456
ETH,스윕+CHoCH,4h,15m,0.0,월,,,,,,,,,,24258.0,-0.4003689346315075
ETH,스윕+CHoCH,4h,15m,0.0,월,,,,,,,,,,24259.0,-0.388338054149398
ETH,스윕+CHoCH,4h,15m,0.0,월,,,,,,,,,,24260.0,0.1417415445064862
ETH,스윕+CHoCH,4h,15m,0.0,월,,,,,,,,,,24261.0,-0.21520822898731437
ETH,스윕+CHoCH,4h,15m,0.0,월,,,,,,,,,,24262.0,0.27992301817639864
ETH,스윕+CHoCH,4h,15m,0.0,월,,,,,,,,,,24263.0,-0.002553535466656169
ETH,스윕+CHoCH,4h,15m,0.0,월,,,,,,,,,,24264.0,-0.48971979563486495
ETH,스윕+CHoCH,4h,15m,0.0,월,,,,,,,,,,24265.0,-0.03712195252789719
ETH,스윕+CHoCH,4h,15m,0.0,월,,,,,,,,,,24266.0,0.5448822559654711
ETH,스윕+CHoCH,4h,15m,0.0,월,,,,,,,,,,24267.0,-0.03512442390041835
ETH,스윕+CHoCH,4h,15m,0.0,월,,,,,,,,,,24268.0,0.02115079747286943
ETH,스윕+CHoCH,4h,15m,0.0,월,,,,,,,,,,24269.0,-0.2789950174052598
ETH,스윕+CHoCH,4h,15m,0.0,월,,,,,,,,,,24270.0,0.11675340318195798
ETH,스윕+CHoCH,4h,15m,0.0,월,,,,,,,,,,24271.0,0.28142609310992006
ETH,스윕+CHoCH,4h,15m,0.0,월,,,,,,,,,,24272.0,0.0075438214402507526
ETH,스윕+CHoCH,4h,15m,0.0,월,,,,,,,,,,24273.0,-0.09356719784093893
ETH,스윕+CHoCH,4h,15m,0.0,월,,,,,,,,,,24274.0,-0.213846863751307
ETH,스윕+CHoCH,4h,15m,0.0,월,,,,,,,,,,24275.0,-0.3161407311329953
ETH,스윕+CHoCH,4h,15m,0.0,월,,,,,,,,,,24276.0,-0.2855268953935038
ETH,스윕+CHoCH,4h,15m,0.0,월,,,,,,,,,,24277.0,0.07483379682402674
ETH,스윕+CHoCH,4h,15m,0.0,월,,,,,,,,,,24278.0,-0.22356630352843126
ETH,스윕+CHoCH,4h,15m,0.0,월,,,,,,,,,,24279.0,-0.11877141650743589
ETH,스윕+CHoCH,4h,15m,0.0,월,,,,,,,,,,24280.0,-0.18441600868823677
ETH,스윕+CHoCH,4h,15m,0.0,월,,,,,,,,,,24281.0,-0.12353324560385834
ETH,스윕+CHoCH,4h,15m,0.0,월,,,,,,,,,,24282.0,-0.5111352236257445
ETH,스윕+CHoCH,4h,15m,0.0,월,,,,,,,,,,24283.0,-0.2779050972101466
ETH,스윕+CHoCH,4h,15m,0.0,월,,,,,,,,,,24284.0,0.23170120125711588
ETH,스윕+CHoCH,4h,15m,0.0,월,,,,,,,,,,24285.0,0.42357420637868703
ETH,스윕+CHoCH,4h,15m,0.0,월,,,,,,,,,,24286.0,-0.3222987041973601
ETH,스윕+CHoCH,4h,15m,0.0,월,,,,,,,,,,24287.0,-0.024973095947640925
ETH,스윕+CHoCH,4h,15m,0.0,월,,,,,,,,,,24288.0,0.2504265429420832
ETH,스윕+CHoCH,4h,15m,0.0,월,,,,,,,,,,24289.0,-0.12147318377927556
ETH,스윕+CHoCH,4h,15m,0.0,월,,,,,,,,,,24290.0,0.06827027539502831
ETH,스윕+CHoCH,4h,15m,0.0,월,,,,,,,,,,24291.0,0.14243095677764359
ETH,스윕+CHoCH,4h,15m,0.0,월,,,,,,,,,,24292.0,-0.27743330569928487
ETH,스윕+CHoCH,4h,15m,0.0,월,,,,,,,,,,24293.0,-0.2093601520119562
ETH,스윕+CHoCH,4h,15m,0.0,월,,,,,,,,,,24294.0,-0.284142262021737
ETH,스윕+CHoCH,4h,15m,0.0,월,,,,,,,,,,24295.0,0.27764904133454177
ETH,스윕+CHoCH,4h,15m,0.0,월,,,,,,,,,,24296.0,0.06914198103988084
ETH,스윕+CHoCH,4h,15m,0.0,월,,,,,,,,,,24297.0,-0.580120334087453
ETH,스윕+CHoCH,4h,15m,0.0,월,,,,,,,,,,24298.0,-0.10476168593601413
ETH,스윕+CHoCH,4h,15m,0.0,월,,,,,,,,,,24299.0,-0.10520905156473384
ETH,스윕+CHoCH,4h,15m,0.0,월,,,,,,,,,,24300.0,-0.5819127563448526
ETH,스윕+CHoCH,4h,15m,0.0,월,,,,,,,,,,24301.0,0.03248617660804581
ETH,스윕+CHoCH,4h,15m,0.0,월,,,,,,,,,,24302.0,-0.24889363445487764
ETH,스윕+CHoCH,4h,15m,0.0,월,,,,,,,,,,24303.0,-0.12644666329233606
ETH,스윕+CHoCH,4h,15m,0.0,월,,,,,,,,,,24304.0,-0.03739109230185814
ETH,스윕+CHoCH,4h,15m,0.0,월,,,,,,,,,,24305.0,-0.35817095527644977
ETH,스윕+CHoCH,4h,15m,0.0,월,,,,,,,,,,24306.0,-0.7324643601963681
ETH,스윕+CHoCH,4h,15m,0.0,월,,,,,,,,,,24307.0,0.3523188347581504
ETH,스윕+CHoCH,4h,15m,0.0,월,,,,,,,,,,24308.0,-0.038825396028525506
ETH,스윕+CHoCH,4h,15m,0.0,월,,,,,,,,,,24309.0,-0.3539899498905514
ETH,스윕+CHoCH,4h,15m,0.0,월,,,,,,,,,,24310.0,0.1069080277500395
ETH,스윕+CHoCH,4h,15m,0.0,월,,,,,,,,,,24311.0,0.32891707980906576
ETH,스윕+CHoCH,4h,15m,0.0,월,,,,,,,,,,24312.0,-0.5085969162084669
ETH,스윕+CHoCH,4h,15m,0.0,월,,,,,,,,,,24313.0,-0.14892735061020482
ETH,스윕+CHoCH,4h,15m,0.0,월,,,,,,,,,,24314.0,-0.6110301307115008
ETH,스윕+CHoCH,4h,15m,0.0,월,,,,,,,,,,24315.0,-0.3308659034739649
ETH,스윕+CHoCH,4h,15m,0.0,월,,,,,,,,,,24316.0,-0.15953346786823108
ETH,스윕+CHoCH,4h,15m,0.0,월,,,,,,,,,,24317.0,0.08246395774522766
ETH,스윕+CHoCH,4h,15m,0.0,월,,,,,,,,,,24318.0,0.36310552030013515
ETH,스윕+CHoCH,4h,15m,0.25,전체,1275.0,0.9953161592505855,174.93268952484624,-0.05568627450980392,0.04471144191538822,-0.10039771642519216,0.0033333333333333357,0.30823529411764705,0.0196078431372549,,
ETH,스윕+CHoCH,4h,15m,0.25,홀드아웃 전,1041.0,0.9953161592505855,176.66106187549676,-0.059558117195004805,0.04439950912857087,-0.10395762632357568,,0.30643611911623436,0.021133525456292025,,
ETH,스윕+CHoCH,4h,15m,0.25,홀드아웃 12개월,234.0,0.9953161592505855,166.277775760778,-0.038461538461538464,0.046099142902896184,-0.08456068136443468,,0.3162393162393162,0.01282051282051282,,
ETH,스윕+CHoCH,4h,15m,0.25,월,,,,,,,,,,24256.0,0.14548103007539942
ETH,스윕+CHoCH,4h,15m,0.25,월,,,,,,,,,,24257.0,0.1295320313691949
ETH,스윕+CHoCH,4h,15m,0.25,월,,,,,,,,,,24258.0,-0.3992938878253128
ETH,스윕+CHoCH,4h,15m,0.25,월,,,,,,,,,,24259.0,-0.3870166528364504
ETH,스윕+CHoCH,4h,15m,0.25,월,,,,,,,,,,24260.0,0.143572526593914
ETH,스윕+CHoCH,4h,15m,0.25,월,,,,,,,,,,24261.0,-0.4028783326823171
ETH,스윕+CHoCH,4h,15m,0.25,월,,,,,,,,,,24262.0,0.2819854585734889
ETH,스윕+CHoCH,4h,15m,0.25,월,,,,,,,,,,24263.0,-0.0010916685545157854
ETH,스윕+CHoCH,4h,15m,0.25,월,,,,,,,,,,24264.0,-0.8233988789332967
ETH,스윕+CHoCH,4h,15m,0.25,월,,,,,,,,,,24265.0,-0.03548073592623186
ETH,스윕+CHoCH,4h,15m,0.25,월,,,,,,,,,,24266.0,0.5460252177982224
ETH,스윕+CHoCH,4h,15m,0.25,월,,,,,,,,,,24267.0,-0.20136130678675535
ETH,스윕+CHoCH,4h,15m,0.25,월,,,,,,,,,,24268.0,0.02266815598638585
ETH,스윕+CHoCH,4h,15m,0.25,월,,,,,,,,,,24269.0,-0.2778284357770451
ETH,스윕+CHoCH,4h,15m,0.25,월,,,,,,,,,,24270.0,0.11780069270578213
ETH,스윕+CHoCH,4h,15m,0.25,월,,,,,,,,,,24271.0,0.1515286347485651
ETH,스윕+CHoCH,4h,15m,0.25,월,,,,,,,,,,24272.0,0.008890896240658343
ETH,스윕+CHoCH,4h,15m,0.25,월,,,,,,,,,,24273.0,-0.09207706518359193
ETH,스윕+CHoCH,4h,15m,0.25,월,,,,,,,,,,24274.0,-0.21177861838152323
ETH,스윕+CHoCH,4h,15m,0.25,월,,,,,,,,,,24275.0,-0.314662341191042
ETH,스윕+CHoCH,4h,15m,0.25,월,,,,,,,,,,24276.0,-0.28252791254064413
ETH,스윕+CHoCH,4h,15m,0.25,월,,,,,,,,,,24277.0,0.26527848640099283
ETH,스윕+CHoCH,4h,15m,0.25,월,,,,,,,,,,24278.0,-0.22130735846837135
ETH,스윕+CHoCH,4h,15m,0.25,월,,,,,,,,,,24279.0,-0.11706410172244543
ETH,스윕+CHoCH,4h,15m,0.25,월,,,,,,,,,,24280.0,-0.1822085504719172
ETH,스윕+CHoCH,4h,15m,0.25,월,,,,,,,,,,24281.0,-0.12132855908514784
ETH,스윕+CHoCH,4h,15m,0.25,월,,,,,,,,,,24282.0,-0.5077287524520451
ETH,스윕+CHoCH,4h,15m,0.25,월,,,,,,,,,,24283.0,-0.10775248416093927
ETH,스윕+CHoCH,4h,15m,0.25,월,,,,,,,,,,24284.0,0.23491846446366535
ETH,스윕+CHoCH,4h,15m,0.25,월,,,,,,,,,,24285.0,0.4265750325887431
ETH,스윕+CHoCH,4h,15m,0.25,월,,,,,,,,,,24286.0,-0.3196882409381024
ETH,스윕+CHoCH,4h,15m,0.25,월,,,,,,,,,,24287.0,-0.021694925909215658
ETH,스윕+CHoCH,4h,15m,0.25,월,,,,,,,,,,24288.0,0.25227831450285165
ETH,스윕+CHoCH,4h,15m,0.25,월,,,,,,,,,,24289.0,-0.11871095587284354
ETH,스윕+CHoCH,4h,15m,0.25,월,,,,,,,,,,24290.0,0.07067841343532233
ETH,스윕+CHoCH,4h,15m,0.25,월,,,,,,,,,,24291.0,-0.1316859170180294
ETH,스윕+CHoCH,4h,15m,0.25,월,,,,,,,,,,24292.0,-0.2758012325269147
ETH,스윕+CHoCH,4h,15m,0.25,월,,,,,,,,,,24293.0,-0.2071051981370217
ETH,스윕+CHoCH,4h,15m,0.25,월,,,,,,,,,,24294.0,-0.28074023688564037
ETH,스윕+CHoCH,4h,15m,0.25,월,,,,,,,,,,24295.0,0.2792536557382476
ETH,스윕+CHoCH,4h,15m,0.25,월,,,,,,,,,,24296.0,0.07057612189336866
ETH,스윕+CHoCH,4h,15m,0.25,월,,,,,,,,,,24297.0,-0.5772005641161644
ETH,스윕+CHoCH,4h,15m,0.25,월,,,,,,,,,,24298.0,-0.10202383135413177
ETH,스윕+CHoCH,4h,15m,0.25,월,,,,,,,,,,24299.0,-0.10378630848189772
ETH,스윕+CHoCH,4h,15m,0.25,월,,,,,,,,,,24300.0,-0.5791900262029792
ETH,스윕+CHoCH,4h,15m,0.25,월,,,,,,,,,,24301.0,0.03439095498910315
ETH,스윕+CHoCH,4h,15m,0.25,월,,,,,,,,,,24302.0,-0.5936702431134959
ETH,스윕+CHoCH,4h,15m,0.25,월,,,,,,,,,,24303.0,-0.12454777417372336
ETH,스윕+CHoCH,4h,15m,0.25,월,,,,,,,,,,24304.0,-0.03576522119304381
ETH,스윕+CHoCH,4h,15m,0.25,월,,,,,,,,,,24305.0,-0.21930960106592332
ETH,스윕+CHoCH,4h,15m,0.25,월,,,,,,,,,,24306.0,-0.730587495172093
ETH,스윕+CHoCH,4h,15m,0.25,월,,,,,,,,,,24307.0,0.3545488089255532
ETH,스윕+CHoCH,4h,15m,0.25,월,,,,,,,,,,24308.0,-0.03719751774187329
ETH,스윕+CHoCH,4h,15m,0.25,월,,,,,,,,,,24309.0,-0.35122830947617734
ETH,스윕+CHoCH,4h,15m,0.25,월,,,,,,,,,,24310.0,0.06398255153287546
ETH,스윕+CHoCH,4h,15m,0.25,월,,,,,,,,,,24311.0,0.33055524849993617
ETH,스윕+CHoCH,4h,15m,0.25,월,,,,,,,,,,24312.0,-0.5065710453868277
ETH,스윕+CHoCH,4h,15m,0.25,월,,,,,,,,,,24313.0,-0.14500829921397485
ETH,스윕+CHoCH,4h,15m,0.25,월,,,,,,,,,,24314.0,-0.6092328118591739
ETH,스윕+CHoCH,4h,15m,0.25,월,,,,,,,,,,24315.0,-0.1851936311523874
ETH,스윕+CHoCH,4h,15m,0.25,월,,,,,,,,,,24316.0,-0.15775332049501523
ETH,스윕+CHoCH,4h,15m,0.25,월,,,,,,,,,,24317.0,0.08463667961075039
ETH,스윕+CHoCH,4h,15m,0.25,월,,,,,,,,,,24318.0,0.364568211456499
ETH,스윕+CHoCH,4h,1h,0.0,전체,780.0,1.0,319.361952049053,-0.07051282051282051,0.024796450010120125,-0.09530927052294064,-0.046474358974358976,0.2705128205128205,0.11794871794871795,,
ETH,스윕+CHoCH,4h,1h,0.0,홀드아웃 전,638.0,1.0,332.0195767321852,-0.0877742946708464,0.024327829976343977,-0.11210212464719037,,0.2617554858934169,0.12695924764890282,,
ETH,스윕+CHoCH,4h,1h,0.0,홀드아웃 12개월,142.0,1.0,279.1528032181509,0.007042253521126761,0.02690194002102985,-0.019859686499903075,,0.30985915492957744,0.07746478873239436,,
ETH,스윕+CHoCH,4h,1h,0.0,월,,,,,,,,,,24256.0,-0.011890154786029223
ETH,스윕+CHoCH,4h,1h,0.0,월,,,,,,,,,,24257.0,0.4535172765166047
ETH,스윕+CHoCH,4h,1h,0.0,월,,,,,,,,,,24258.0,0.6563714147991153
ETH,스윕+CHoCH,4h,1h,0.0,월,,,,,,,,,,24259.0,0.37216273080658174
ETH,스윕+CHoCH,4h,1h,0.0,월,,,,,,,,,,24260.0,0.1317459644887217
ETH,스윕+CHoCH,4h,1h,0.0,월,,,,,,,,,,24261.0,-0.012039015246786855
ETH,스윕+CHoCH,4h,1h,0.0,월,,,,,,,,,,24262.0,-0.4831957542300292
ETH,스윕+CHoCH,4h,1h,0.0,월,,,,,,,,,,24263.0,-0.2529923468585273
ETH,스윕+CHoCH,4h,1h,0.0,월,,,,,,,,,,24264.0,-0.09340831843779732
ETH,스윕+CHoCH,4h,1h,0.0,월,,,,,,,,,,24265.0,0.1251479907648445
ETH,스윕+CHoCH,4h,1h,0.0,월,,,,,,,,,,24266.0,-0.16788331222992056
ETH,스윕+CHoCH,4h,1h,0.0,월,,,,,,,,,,24267.0,1.0670531662220624
ETH,스윕+CHoCH,4h,1h,0.0,월,,,,,,,,,,24268.0,-0.3552227526072875
ETH,스윕+CHoCH,4h,1h,0.0,월,,,,,,,,,,24269.0,-0.0977362652190867
ETH,스윕+CHoCH,4h,1h,0.0,월,,,,,,,,,,24270.0,-0.017537639573692424
ETH,스윕+CHoCH,4h,1h,0.0,월,,,,,,,,,,24271.0,-0.08810642878979386
ETH,스윕+CHoCH,4h,1h,0.0,월,,,,,,,,,,24272.0,-0.08242783483746655
ETH,스윕+CHoCH,4h,1h,0.0,월,,,,,,,,,,24273.0,-0.6358274468095062
ETH,스윕+CHoCH,4h,1h,0.0,월,,,,,,,,,,24274.0,0.19384428329035627
ETH,스윕+CHoCH,4h,1h,0.0,월,,,,,,,,,,24275.0,0.6530122944078963
ETH,스윕+CHoCH,4h,1h,0.0,월,,,,,,,,,,24276.0,-0.10605011035005628
ETH,스윕+CHoCH,4h,1h,0.0,월,,,,,,,,,,24277.0,0.05551274354263378
ETH,스윕+CHoCH,4h,1h,0.0,월,,,,,,,,,,24278.0,-0.6689186229171306
ETH,스윕+CHoCH,4h,1h,0.0,월,,,,,,,,,,24279.0,0.08347537518122043
ETH,스윕+CHoCH,4h,1h,0.0,월,,,,,,,,,,24280.0,0.6431631967352501
ETH,스윕+CHoCH,4h,1h,0.0,월,,,,,,,,,,24281.0,-0.1927805091513104
ETH,스윕+CHoCH,4h,1h,0.0,월,,,,,,,,,,24282.0,-0.49841112654033526
ETH,스윕+CHoCH,4h,1h,0.0,월,,,,,,,,,,24283.0,-0.7876577154020216
ETH,스윕+CHoCH,4h,1h,0.0,월,,,,,,,,,,24284.0,-0.3671555992584794
ETH,스윕+CHoCH,4h,1h,0.0,월,,,,,,,,,,24285.0,0.05425517665829731
ETH,스윕+CHoCH,4h,1h,0.0,월,,,,,,,,,,24286.0,-0.2179882241293524
ETH,스윕+CHoCH,4h,1h,0.0,월,,,,,,,,,,24287.0,-0.11242287915008355
ETH,스윕+CHoCH,4h,1h,0.0,월,,,,,,,,,,24288.0,-0.661201817983784
ETH,스윕+CHoCH,4h,1h,0.0,월,,,,,,,,,,24289.0,-0.018626394753897997
ETH,스윕+CHoCH,4h,1h,0.0,월,,,,,,,,,,24290.0,0.30343818196554173
ETH,스윕+CHoCH,4h,1h,0.0,월,,,,,,,,,,24291.0,-0.0172156442772861
ETH,스윕+CHoCH,4h,1h,0.0,월,,,,,,,,,,24292.0,0.28685026675172315
ETH,스윕+CHoCH,4h,1h,0.0,월,,,,,,,,,,24293.0,-0.18429916299961163
ETH,스윕+CHoCH,4h,1h,0.0,월,,,,,,,,,,24294.0,-0.11595660515353166
ETH,스윕+CHoCH,4h,1h,0.0,월,,,,,,,,,,24295.0,-0.09318942164355044
ETH,스윕+CHoCH,4h,1h,0.0,월,,,,,,,,,,24296.0,0.23179442448916188
ETH,스윕+CHoCH,4h,1h,0.0,월,,,,,,,,,,24297.0,-0.4938135629311873
ETH,스윕+CHoCH,4h,1h,0.0,월,,,,,,,,,,24298.0,-0.12012598367381852
ETH,스윕+CHoCH,4h,1h,0.0,월,,,,,,,,,,24299.0,-0.48317443133715304
ETH,스윕+CHoCH,4h,1h,0.0,월,,,,,,,,,,24300.0,-0.31082894544894735
ETH,스윕+CHoCH,4h,1h,0.0,월,,,,,,,,,,24301.0,-0.5272773088342355
ETH,스윕+CHoCH,4h,1h,0.0,월,,,,,,,,,,24302.0,-0.3257756491068791
ETH,스윕+CHoCH,4h,1h,0.0,월,,,,,,,,,,24303.0,-0.44807911089892716
ETH,스윕+CHoCH,4h,1h,0.0,월,,,,,,,,,,24304.0,-0.15253328164914529
ETH,스윕+CHoCH,4h,1h,0.0,월,,,,,,,,,,24305.0,-0.5592732771001957
ETH,스윕+CHoCH,4h,1h,0.0,월,,,,,,,,,,24306.0,-0.6300141831508539
ETH,스윕+CHoCH,4h,1h,0.0,월,,,,,,,,,,24307.0,-0.098926232733009
ETH,스윕+CHoCH,4h,1h,0.0,월,,,,,,,,,,24308.0,-0.026355677126978796
ETH,스윕+CHoCH,4h,1h,0.0,월,,,,,,,,,,24309.0,0.0490992176039175
ETH,스윕+CHoCH,4h,1h,0.0,월,,,,,,,,,,24310.0,0.18044949178588615
ETH,스윕+CHoCH,4h,1h,0.0,월,,,,,,,,,,24311.0,-0.4778493091806105
ETH,스윕+CHoCH,4h,1h,0.0,월,,,,,,,,,,24312.0,0.04414204469730094
ETH,스윕+CHoCH,4h,1h,0.0,월,,,,,,,,,,24313.0,0.46672992879253317
ETH,스윕+CHoCH,4h,1h,0.0,월,,,,,,,,,,24314.0,-0.30355267600530855
ETH,스윕+CHoCH,4h,1h,0.0,월,,,,,,,,,,24315.0,-0.030183912021213653
ETH,스윕+CHoCH,4h,1h,0.0,월,,,,,,,,,,24316.0,0.15310509462919827
ETH,스윕+CHoCH,4h,1h,0.0,월,,,,,,,,,,24317.0,0.20087738847774103
ETH,스윕+CHoCH,4h,1h,0.0,월,,,,,,,,,,24318.0,-0.24513596030964757
ETH,스윕+CHoCH,4h,1h,0.25,전체,780.0,1.0,325.13872391172424,-0.07051282051282051,0.024308073894275865,-0.09482089440709636,-0.010737179487179487,0.2692307692307692,0.12179487179487179,,
ETH,스윕+CHoCH,4h,1h,0.25,홀드아웃 전,638.0,1.0,337.73255140382247,-0.09247648902821316,0.02388639279256631,-0.11636288182077949,,0.25862068965517243,0.13166144200626959,,
ETH,스윕+CHoCH,4h,1h,0.25,홀드아웃 12개월,142.0,1.0,284.9325332845425,0.028169014084507043,0.026202669266745558,0.001966344817761502,,0.31690140845070425,0.07746478873239436,,
ETH,스윕+CHoCH,4h,1h,0.25,월,,,,,,,,,,24256.0,-0.011644393273121107
ETH,스윕+CHoCH,4h,1h,0.25,월,,,,,,,,,,24257.0,0.453694525835389
ETH,스윕+CHoCH,4h,1h,0.25,월,,,,,,,,,,24258.0,0.6566175979082675
ETH,스윕+CHoCH,4h,1h,0.25,월,,,,,,,,,,24259.0,0.3724099242158543
ETH,스윕+CHoCH,4h,1h,0.25,월,,,,,,,,,,24260.0,0.13217041022969248
ETH,스윕+CHoCH,4h,1h,0.25,월,,,,,,,,,,24261.0,-0.01177732397606357
ETH,스윕+CHoCH,4h,1h,0.25,월,,,,,,,,,,24262.0,-0.48269984536146837
ETH,스윕+CHoCH,4h,1h,0.25,월,,,,,,,,,,24263.0,-0.2526933916281606
ETH,스윕+CHoCH,4h,1h,0.25,월,,,,,,,,,,24264.0,-0.3082266371489876
ETH,스윕+CHoCH,4h,1h,0.25,월,,,,,,,,,,24265.0,0.1254674273158088
ETH,스윕+CHoCH,4h,1h,0.25,월,,,,,,,,,,24266.0,-0.16761061596200894
ETH,스윕+CHoCH,4h,1h,0.25,월,,,,,,,,,,24267.0,1.0673939506097654
ETH,스윕+CHoCH,4h,1h,0.25,월,,,,,,,,,,24268.0,-0.35479626305657064
ETH,스윕+CHoCH,4h,1h,0.25,월,,,,,,,,,,24269.0,-0.09746168061329931
ETH,스윕+CHoCH,4h,1h,0.25,월,,,,,,,,,,24270.0,-0.017136983195912357
ETH,스윕+CHoCH,4h,1h,0.25,월,,,,,,,,,,24271.0,-0.08788903832333719
ETH,스윕+CHoCH,4h,1h,0.25,월,,,,,,,,,,24272.0,-0.08209827191289593
ETH,스윕+CHoCH,4h,1h,0.25,월,,,,,,,,,,24273.0,-0.5583909909316339
ETH,스윕+CHoCH,4h,1h,0.25,월,,,,,,,,,,24274.0,0.08236102736522842
ETH,스윕+CHoCH,4h,1h,0.25,월,,,,,,,,,,24275.0,0.31846345607886434
ETH,스윕+CHoCH,4h,1h,0.25,월,,,,,,,,,,24276.0,-0.10533078658765758
ETH,스윕+CHoCH,4h,1h,0.25,월,,,,,,,,,,24277.0,0.056058667353308035
ETH,스윕+CHoCH,4h,1h,0.25,월,,,,,,,,,,24278.0,-0.6682350000857233
ETH,스윕+CHoCH,4h,1h,0.25,월,,,,,,,,,,24279.0,0.08407924128433066
ETH,스윕+CHoCH,4h,1h,0.25,월,,,,,,,,,,24280.0,0.6435655689738133
ETH,스윕+CHoCH,4h,1h,0.25,월,,,,,,,,,,24281.0,-0.1920274248883683
ETH,스윕+CHoCH,4h,1h,0.25,월,,,,,,,,,,24282.0,-0.4974550061949761
ETH,스윕+CHoCH,4h,1h,0.25,월,,,,,,,,,,24283.0,-0.7865880099738813
ETH,스윕+CHoCH,4h,1h,0.25,월,,,,,,,,,,24284.0,-0.36611961832987927
ETH,스윕+CHoCH,4h,1h,0.25,월,,,,,,,,,,24285.0,0.05511253066794861
ETH,스윕+CHoCH,4h,1h,0.25,월,,,,,,,,,,24286.0,-0.21745097006646252
ETH,스윕+CHoCH,4h,1h,0.25,월,,,,,,,,,,24287.0,-0.11183505933342446
ETH,스윕+CHoCH,4h,1h,0.25,월,,,,,,,,,,24288.0,-0.66081182084171
ETH,스윕+CHoCH,4h,1h,0.25,월,,,,,,,,,,24289.0,-0.018288634306562405
ETH,스윕+CHoCH,4h,1h,0.25,월,,,,,,,,,,24290.0,0.3040432233593696
ETH,스윕+CHoCH,4h,1h,0.25,월,,,,,,,,,,24291.0,-0.01691165753195936
ETH,스윕+CHoCH,4h,1h,0.25,월,,,,,,,,,,24292.0,0.287299300827286
ETH,스윕+CHoCH,4h,1h,0.25,월,,,,,,,,,,24293.0,-0.18358973500279802
ETH,스윕+CHoCH,4h,1h,0.25,월,,,,,,,,,,24294.0,-0.11526641642668949
ETH,스윕+CHoCH,4h,1h,0.25,월,,,,,,,,,,24295.0,-0.09280551210416974
ETH,스윕+CHoCH,4h,1h,0.25,월,,,,,,,,,,24296.0,0.23219794069121247
ETH,스윕+CHoCH,4h,1h,0.25,월,,,,,,,,,,24297.0,-0.4932753165010149
ETH,스윕+CHoCH,4h,1h,0.25,월,,,,,,,,,,24298.0,-0.11951098935095432
ETH,스윕+CHoCH,4h,1h,0.25,월,,,,,,,,,,24299.0,-0.48270206625080014
ETH,스윕+CHoCH,4h,1h,0.25,월,,,,,,,,,,24300.0,-0.31032302025963626
ETH,스윕+CHoCH,4h,1h,0.25,월,,,,,,,,,,24301.0,-0.5266894086153119
ETH,스윕+CHoCH,4h,1h,0.25,월,,,,,,,,,,24302.0,-0.3254002221176973
ETH,스윕+CHoCH,4h,1h,0.25,월,,,,,,,,,,24303.0,-0.4476830928696419
ETH,스윕+CHoCH,4h,1h,0.25,월,,,,,,,,,,24304.0,-0.15212629168794667
ETH,스윕+CHoCH,4h,1h,0.25,월,,,,,,,,,,24305.0,-0.3272932251882512
ETH,스윕+CHoCH,4h,1h,0.25,월,,,,,,,,,,24306.0,-0.6293516065670712
ETH,스윕+CHoCH,4h,1h,0.25,월,,,,,,,,,,24307.0,-0.09828297374227575
ETH,스윕+CHoCH,4h,1h,0.25,월,,,,,,,,,,24308.0,-0.02567560059247949
ETH,스윕+CHoCH,4h,1h,0.25,월,,,,,,,,,,24309.0,0.04984776696721734
ETH,스윕+CHoCH,4h,1h,0.25,월,,,,,,,,,,24310.0,0.18084881961474
ETH,스윕+CHoCH,4h,1h,0.25,월,,,,,,,,,,24311.0,-0.47727627412275364
ETH,스윕+CHoCH,4h,1h,0.25,월,,,,,,,,,,24312.0,0.04466283042776103
ETH,스윕+CHoCH,4h,1h,0.25,월,,,,,,,,,,24313.0,0.46754917831545295
ETH,스윕+CHoCH,4h,1h,0.25,월,,,,,,,,,,24314.0,-0.3031983534467698
ETH,스윕+CHoCH,4h,1h,0.25,월,,,,,,,,,,24315.0,0.18586770502824873
ETH,스윕+CHoCH,4h,1h,0.25,월,,,,,,,,,,24316.0,0.15376960145960752
ETH,스윕+CHoCH,4h,1h,0.25,월,,,,,,,,,,24317.0,0.201616547963553
ETH,스윕+CHoCH,4h,1h,0.25,월,,,,,,,,,,24318.0,-0.24472956094227064
LINK,순수CHoCH,—,5m,0.0,전체,18113.0,0.9923843962305501,202.2232249066814,-0.03224203610666372,0.040226025130078294,-0.07246806123674203,-0.012201181471871032,0.31463589686965165,0.023850273284381385,,
LINK,순수CHoCH,—,5m,0.0,홀드아웃 전,14574.0,0.9923843962305501,210.3347870974946,-0.033072595032249213,0.03857918680139487,-0.07165178183364407,,0.31460134486071084,0.023123370385618226,,
LINK,순수CHoCH,—,5m,0.0,홀드아웃 12개월,3539.0,0.9923843962305501,171.22160026341845,-0.028821701045493076,0.047007890572924364,-0.07582959161841743,,0.3147781859282283,0.026843741169821984,,
LINK,순수CHoCH,—,5m,0.0,월,,,,,,,,,,24258.0,-0.07353577072542236
LINK,순수CHoCH,—,5m,0.0,월,,,,,,,,,,24259.0,0.0531184335322798
LINK,순수CHoCH,—,5m,0.0,월,,,,,,,,,,24260.0,-0.27702652139956985
LINK,순수CHoCH,—,5m,0.0,월,,,,,,,,,,24261.0,-0.020565015592159393
LINK,순수CHoCH,—,5m,0.0,월,,,,,,,,,,24262.0,-0.1069357357543226
LINK,순수CHoCH,—,5m,0.0,월,,,,,,,,,,24263.0,0.09698228515911857
LINK,순수CHoCH,—,5m,0.0,월,,,,,,,,,,24264.0,-0.21041750459959419
LINK,순수CHoCH,—,5m,0.0,월,,,,,,,,,,24265.0,0.1734690294987747
LINK,순수CHoCH,—,5m,0.0,월,,,,,,,,,,24266.0,0.06551715902260183
LINK,순수CHoCH,—,5m,0.0,월,,,,,,,,,,24267.0,-0.022937160719551927
LINK,순수CHoCH,—,5m,0.0,월,,,,,,,,,,24268.0,-0.04811570506370252
LINK,순수CHoCH,—,5m,0.0,월,,,,,,,,,,24269.0,0.03405886539347242
LINK,순수CHoCH,—,5m,0.0,월,,,,,,,,,,24270.0,-0.1319618973155763
LINK,순수CHoCH,—,5m,0.0,월,,,,,,,,,,24271.0,-0.1435252264353796
LINK,순수CHoCH,—,5m,0.0,월,,,,,,,,,,24272.0,-0.09425764984747757
LINK,순수CHoCH,—,5m,0.0,월,,,,,,,,,,24273.0,-0.012583486733235876
LINK,순수CHoCH,—,5m,0.0,월,,,,,,,,,,24274.0,-0.12425152801968974
LINK,순수CHoCH,—,5m,0.0,월,,,,,,,,,,24275.0,-0.07774929053395944
LINK,순수CHoCH,—,5m,0.0,월,,,,,,,,,,24276.0,-0.09766951211337825
LINK,순수CHoCH,—,5m,0.0,월,,,,,,,,,,24277.0,-0.16493529243904947
LINK,순수CHoCH,—,5m,0.0,월,,,,,,,,,,24278.0,-0.2559699661821823
LINK,순수CHoCH,—,5m,0.0,월,,,,,,,,,,24279.0,-0.1384203444570239
LINK,순수CHoCH,—,5m,0.0,월,,,,,,,,,,24280.0,-0.020270752193778725
LINK,순수CHoCH,—,5m,0.0,월,,,,,,,,,,24281.0,-0.056935354692638315
LINK,순수CHoCH,—,5m,0.0,월,,,,,,,,,,24282.0,-0.09028527815254714
LINK,순수CHoCH,—,5m,0.0,월,,,,,,,,,,24283.0,-0.05678186222491089
LINK,순수CHoCH,—,5m,0.0,월,,,,,,,,,,24284.0,-0.21910359015898062
LINK,순수CHoCH,—,5m,0.0,월,,,,,,,,,,24285.0,-0.048187056434611
LINK,순수CHoCH,—,5m,0.0,월,,,,,,,,,,24286.0,-0.13055229471544186
LINK,순수CHoCH,—,5m,0.0,월,,,,,,,,,,24287.0,-0.03318166848098323
LINK,순수CHoCH,—,5m,0.0,월,,,,,,,,,,24288.0,-0.08701173825383332
LINK,순수CHoCH,—,5m,0.0,월,,,,,,,,,,24289.0,-0.026416347363542356
LINK,순수CHoCH,—,5m,0.0,월,,,,,,,,,,24290.0,-0.22635209048598676
LINK,순수CHoCH,—,5m,0.0,월,,,,,,,,,,24291.0,0.08437176289351227
LINK,순수CHoCH,—,5m,0.0,월,,,,,,,,,,24292.0,-0.1588169027750623
LINK,순수CHoCH,—,5m,0.0,월,,,,,,,,,,24293.0,-0.10966310515985782
LINK,순수CHoCH,—,5m,0.0,월,,,,,,,,,,24294.0,-0.04859852343504235
LINK,순수CHoCH,—,5m,0.0,월,,,,,,,,,,24295.0,0.004217196170784688
LINK,순수CHoCH,—,5m,0.0,월,,,,,,,,,,24296.0,0.08043831583319112
LINK,순수CHoCH,—,5m,0.0,월,,,,,,,,,,24297.0,-0.07385250494547417
LINK,순수CHoCH,—,5m,0.0,월,,,,,,,,,,24298.0,-0.15092494809765114
LINK,순수CHoCH,—,5m,0.0,월,,,,,,,,,,24299.0,0.022951016165787822
LINK,순수CHoCH,—,5m,0.0,월,,,,,,,,,,24300.0,0.09064919905237871
LINK,순수CHoCH,—,5m,0.0,월,,,,,,,,,,24301.0,-0.17730354447666835
LINK,순수CHoCH,—,5m,0.0,월,,,,,,,,,,24302.0,-0.10098226836768939
LINK,순수CHoCH,—,5m,0.0,월,,,,,,,,,,24303.0,-0.15271185923829453
LINK,순수CHoCH,—,5m,0.0,월,,,,,,,,,,24304.0,-0.05034945288371131
LINK,순수CHoCH,—,5m,0.0,월,,,,,,,,,,24305.0,0.013549963881055265
LINK,순수CHoCH,—,5m,0.0,월,,,,,,,,,,24306.0,-0.1122004054213636
LINK,순수CHoCH,—,5m,0.0,월,,,,,,,,,,24307.0,0.04620107446013394
LINK,순수CHoCH,—,5m,0.0,월,,,,,,,,,,24308.0,-0.14575931102848788
LINK,순수CHoCH,—,5m,0.0,월,,,,,,,,,,24309.0,-0.009107597894098696
LINK,순수CHoCH,—,5m,0.0,월,,,,,,,,,,24310.0,-0.0632201426504808
LINK,순수CHoCH,—,5m,0.0,월,,,,,,,,,,24311.0,-0.09684065360800788
LINK,순수CHoCH,—,5m,0.0,월,,,,,,,,,,24312.0,-0.1213450169440375
LINK,순수CHoCH,—,5m,0.0,월,,,,,,,,,,24313.0,-0.031667107775211506
LINK,순수CHoCH,—,5m,0.0,월,,,,,,,,,,24314.0,-0.10278300321853437
LINK,순수CHoCH,—,5m,0.0,월,,,,,,,,,,24315.0,-0.12042264825930722
LINK,순수CHoCH,—,5m,0.0,월,,,,,,,,,,24316.0,-0.20886549592618792
LINK,순수CHoCH,—,5m,0.0,월,,,,,,,,,,24317.0,-0.050324843431693425
LINK,순수CHoCH,—,5m,0.0,월,,,,,,,,,,24318.0,-0.08073793548823474
LINK,순수CHoCH,—,15m,0.0,전체,6179.0,0.9903830742106107,234.6143135616818,-0.029940119760479042,0.03384488126460963,-0.06378500102508868,-0.004470788153422884,0.3178507849166532,0.016507525489561418,,
LINK,순수CHoCH,—,15m,0.0,홀드아웃 전,5012.0,0.9903830742106107,243.6346151991116,-0.03930566640063847,0.032628744174428174,-0.07193441057506664,,0.3148443735035914,0.01616121308858739,,
LINK,순수CHoCH,—,15m,0.0,홀드아웃 12개월,1167.0,0.9903830742106107,197.61011640047923,0.010282776349614395,0.039067913908987915,-0.028785137559373505,,0.33076263924592975,0.017994858611825194,,
LINK,순수CHoCH,—,15m,0.0,월,,,,,,,,,,24258.0,-0.18153247023835903
LINK,순수CHoCH,—,15m,0.0,월,,,,,,,,,,24259.0,0.06743069110839955
LINK,순수CHoCH,—,15m,0.0,월,,,,,,,,,,24260.0,-0.3507906786302782
LINK,순수CHoCH,—,15m,0.0,월,,,,,,,,,,24261.0,-0.019458447771796266
LINK,순수CHoCH,—,15m,0.0,월,,,,,,,,,,24262.0,-0.12533708307266875
LINK,순수CHoCH,—,15m,0.0,월,,,,,,,,,,24263.0,-0.06965006885461127
LINK,순수CHoCH,—,15m,0.0,월,,,,,,,,,,24264.0,-0.23742352336556719
LINK,순수CHoCH,—,15m,0.0,월,,,,,,,,,,24265.0,0.06731190332326424
LINK,순수CHoCH,—,15m,0.0,월,,,,,,,,,,24266.0,-0.13087632040366048
LINK,순수CHoCH,—,15m,0.0,월,,,,,,,,,,24267.0,0.020191156205415367
LINK,순수CHoCH,—,15m,0.0,월,,,,,,,,,,24268.0,-0.09401988996197339
LINK,순수CHoCH,—,15m,0.0,월,,,,,,,,,,24269.0,-0.051959390822391455
LINK,순수CHoCH,—,15m,0.0,월,,,,,,,,,,24270.0,-0.10542660844828426
LINK,순수CHoCH,—,15m,0.0,월,,,,,,,,,,24271.0,-0.1238979515839996
LINK,순수CHoCH,—,15m,0.0,월,,,,,,,,,,24272.0,-0.19973060574621915
LINK,순수CHoCH,—,15m,0.0,월,,,,,,,,,,24273.0,-0.027012330660760083
LINK,순수CHoCH,—,15m,0.0,월,,,,,,,,,,24274.0,-0.11939038174365123
LINK,순수CHoCH,—,15m,0.0,월,,,,,,,,,,24275.0,-0.10186725065227034
LINK,순수CHoCH,—,15m,0.0,월,,,,,,,,,,24276.0,-0.15282510681858602
LINK,순수CHoCH,—,15m,0.0,월,,,,,,,,,,24277.0,-0.19180433332238764
LINK,순수CHoCH,—,15m,0.0,월,,,,,,,,,,24278.0,-0.32366027737316855
LINK,순수CHoCH,—,15m,0.0,월,,,,,,,,,,24279.0,0.07338016959390077
LINK,순수CHoCH,—,15m,0.0,월,,,,,,,,,,24280.0,-0.09672001803431712
LINK,순수CHoCH,—,15m,0.0,월,,,,,,,,,,24281.0,-0.03458872286303433
LINK,순수CHoCH,—,15m,0.0,월,,,,,,,,,,24282.0,0.015599968149998266
LINK,순수CHoCH,—,15m,0.0,월,,,,,,,,,,24283.0,0.055896224061837904
LINK,순수CHoCH,—,15m,0.0,월,,,,,,,,,,24284.0,-0.21818915805827974
LINK,순수CHoCH,—,15m,0.0,월,,,,,,,,,,24285.0,0.11453758814193624
LINK,순수CHoCH,—,15m,0.0,월,,,,,,,,,,24286.0,-0.0533520393634476
LINK,순수CHoCH,—,15m,0.0,월,,,,,,,,,,24287.0,-0.0063649773731858155
LINK,순수CHoCH,—,15m,0.0,월,,,,,,,,,,24288.0,0.04019511403596345
LINK,순수CHoCH,—,15m,0.0,월,,,,,,,,,,24289.0,0.09350688302693186
LINK,순수CHoCH,—,15m,0.0,월,,,,,,,,,,24290.0,-0.1794166711603342
LINK,순수CHoCH,—,15m,0.0,월,,,,,,,,,,24291.0,-0.04318899566905848
LINK,순수CHoCH,—,15m,0.0,월,,,,,,,,,,24292.0,-0.15013300078753858
LINK,순수CHoCH,—,15m,0.0,월,,,,,,,,,,24293.0,-0.0447990826364378
LINK,순수CHoCH,—,15m,0.0,월,,,,,,,,,,24294.0,0.024135402060439442
LINK,순수CHoCH,—,15m,0.0,월,,,,,,,,,,24295.0,0.10124051302223804
LINK,순수CHoCH,—,15m,0.0,월,,,,,,,,,,24296.0,0.0048399668441089175
LINK,순수CHoCH,—,15m,0.0,월,,,,,,,,,,24297.0,-0.021775327425140822
LINK,순수CHoCH,—,15m,0.0,월,,,,,,,,,,24298.0,-0.07080764029764539
LINK,순수CHoCH,—,15m,0.0,월,,,,,,,,,,24299.0,0.09577847238321761
LINK,순수CHoCH,—,15m,0.0,월,,,,,,,,,,24300.0,-0.04852297168075165
LINK,순수CHoCH,—,15m,0.0,월,,,,,,,,,,24301.0,-0.164424429046269
LINK,순수CHoCH,—,15m,0.0,월,,,,,,,,,,24302.0,-0.10659708655969499
LINK,순수CHoCH,—,15m,0.0,월,,,,,,,,,,24303.0,-0.21512433544387177
LINK,순수CHoCH,—,15m,0.0,월,,,,,,,,,,24304.0,-0.10324522761592739
LINK,순수CHoCH,—,15m,0.0,월,,,,,,,,,,24305.0,0.06097550040561301
LINK,순수CHoCH,—,15m,0.0,월,,,,,,,,,,24306.0,-0.16447638070561624
LINK,순수CHoCH,—,15m,0.0,월,,,,,,,,,,24307.0,0.13415139082236305
LINK,순수CHoCH,—,15m,0.0,월,,,,,,,,,,24308.0,-0.24462576317172136
LINK,순수CHoCH,—,15m,0.0,월,,,,,,,,,,24309.0,-0.005303147179296045
LINK,순수CHoCH,—,15m,0.0,월,,,,,,,,,,24310.0,0.15970874896239606
LINK,순수CHoCH,—,15m,0.0,월,,,,,,,,,,24311.0,-0.20255740168295636
LINK,순수CHoCH,—,15m,0.0,월,,,,,,,,,,24312.0,-0.08451868689645281
LINK,순수CHoCH,—,15m,0.0,월,,,,,,,,,,24313.0,-0.023386572887235876
LINK,순수CHoCH,—,15m,0.0,월,,,,,,,,,,24314.0,-0.012748618745705398
LINK,순수CHoCH,—,15m,0.0,월,,,,,,,,,,24315.0,-0.04210745804824355
LINK,순수CHoCH,—,15m,0.0,월,,,,,,,,,,24316.0,-0.08242618320694196
LINK,순수CHoCH,—,15m,0.0,월,,,,,,,,,,24317.0,0.11868800184479042
LINK,순수CHoCH,—,15m,0.0,월,,,,,,,,,,24318.0,0.02062726976616652
LINK,순수CHoCH,—,1h,0.0,전체,1557.0,0.9873176918199112,367.92970895112666,-0.04046242774566474,0.021352407285075335,-0.061814835030740076,-0.032193320488118175,0.29672447013487474,0.06936416184971098,,
LINK,순수CHoCH,—,1h,0.0,홀드아웃 전,1251.0,0.9873176918199112,383.9590443686013,-0.0319744204636291,0.020190138131609626,-0.05216455859523873,,0.30135891286970423,0.0639488409272582,,
LINK,순수CHoCH,—,1h,0.0,홀드아웃 12개월,306.0,0.9873176918199112,292.38558173477827,-0.07516339869281045,0.02610403705953808,-0.10126743575234853,,0.2777777777777778,0.0915032679738562,,
LINK,순수CHoCH,—,1h,0.0,월,,,,,,,,,,24258.0,0.2931024029087424
LINK,순수CHoCH,—,1h,0.0,월,,,,,,,,,,24259.0,0.24380526409012307
LINK,순수CHoCH,—,1h,0.0,월,,,,,,,,,,24260.0,-0.17107874043448076
LINK,순수CHoCH,—,1h,0.0,월,,,,,,,,,,24261.0,-0.1744235094755177
LINK,순수CHoCH,—,1h,0.0,월,,,,,,,,,,24262.0,-0.25869985253561734
LINK,순수CHoCH,—,1h,0.0,월,,,,,,,,,,24263.0,-0.15544030678832127
LINK,순수CHoCH,—,1h,0.0,월,,,,,,,,,,24264.0,-0.2973498297533654
LINK,순수CHoCH,—,1h,0.0,월,,,,,,,,,,24265.0,-0.4021583240978375
LINK,순수CHoCH,—,1h,0.0,월,,,,,,,,,,24266.0,-0.196677974236982
LINK,순수CHoCH,—,1h,0.0,월,,,,,,,,,,24267.0,-0.06295362533060928
LINK,순수CHoCH,—,1h,0.0,월,,,,,,,,,,24268.0,-0.17279330955525818
LINK,순수CHoCH,—,1h,0.0,월,,,,,,,,,,24269.0,-0.13460303820165578
LINK,순수CHoCH,—,1h,0.0,월,,,,,,,,,,24270.0,-0.243862682129374
LINK,순수CHoCH,—,1h,0.0,월,,,,,,,,,,24271.0,0.44443739627844053
LINK,순수CHoCH,—,1h,0.0,월,,,,,,,,,,24272.0,-0.10383876974878112
LINK,순수CHoCH,—,1h,0.0,월,,,,,,,,,,24273.0,0.46106454550913933
LINK,순수CHoCH,—,1h,0.0,월,,,,,,,,,,24274.0,-0.02480095337441116
LINK,순수CHoCH,—,1h,0.0,월,,,,,,,,,,24275.0,0.19303765145652052
LINK,순수CHoCH,—,1h,0.0,월,,,,,,,,,,24276.0,-0.24956490964943667
LINK,순수CHoCH,—,1h,0.0,월,,,,,,,,,,24277.0,-0.02353785579702901
LINK,순수CHoCH,—,1h,0.0,월,,,,,,,,,,24278.0,-0.5726983199569017
LINK,순수CHoCH,—,1h,0.0,월,,,,,,,,,,24279.0,-0.31410531270767267
LINK,순수CHoCH,—,1h,0.0,월,,,,,,,,,,24280.0,0.30773157202326246
LINK,순수CHoCH,—,1h,0.0,월,,,,,,,,,,24281.0,-0.002763717265629251
LINK,순수CHoCH,—,1h,0.0,월,,,,,,,,,,24282.0,-0.033372853502914086
LINK,순수CHoCH,—,1h,0.0,월,,,,,,,,,,24283.0,0.097465884003555
LINK,순수CHoCH,—,1h,0.0,월,,,,,,,,,,24284.0,-0.4641193857540313
LINK,순수CHoCH,—,1h,0.0,월,,,,,,,,,,24285.0,0.3839651435503159
LINK,순수CHoCH,—,1h,0.0,월,,,,,,,,,,24286.0,-0.25062397572287903
LINK,순수CHoCH,—,1h,0.0,월,,,,,,,,,,24287.0,0.15876131888129244
LINK,순수CHoCH,—,1h,0.0,월,,,,,,,,,,24288.0,-0.05573585152279949
LINK,순수CHoCH,—,1h,0.0,월,,,,,,,,,,24289.0,0.138239329851038
LINK,순수CHoCH,—,1h,0.0,월,,,,,,,,,,24290.0,0.10392587108573675
LINK,순수CHoCH,—,1h,0.0,월,,,,,,,,,,24291.0,0.4629306564096332
LINK,순수CHoCH,—,1h,0.0,월,,,,,,,,,,24292.0,-0.09062439617834886
LINK,순수CHoCH,—,1h,0.0,월,,,,,,,,,,24293.0,-0.35822748697924717
LINK,순수CHoCH,—,1h,0.0,월,,,,,,,,,,24294.0,0.17639007866672649
LINK,순수CHoCH,—,1h,0.0,월,,,,,,,,,,24295.0,0.24829552511107653
LINK,순수CHoCH,—,1h,0.0,월,,,,,,,,,,24296.0,-0.18920233674502981
LINK,순수CHoCH,—,1h,0.0,월,,,,,,,,,,24297.0,-0.10353769916482276
LINK,순수CHoCH,—,1h,0.0,월,,,,,,,,,,24298.0,0.01723670162670622
LINK,순수CHoCH,—,1h,0.0,월,,,,,,,,,,24299.0,0.1867180453293441
LINK,순수CHoCH,—,1h,0.0,월,,,,,,,,,,24300.0,-0.3089451859681092
LINK,순수CHoCH,—,1h,0.0,월,,,,,,,,,,24301.0,-0.05017727162644333
LINK,순수CHoCH,—,1h,0.0,월,,,,,,,,,,24302.0,-0.056932777535353085
LINK,순수CHoCH,—,1h,0.0,월,,,,,,,,,,24303.0,0.017261793536211108
LINK,순수CHoCH,—,1h,0.0,월,,,,,,,,,,24304.0,-0.09274881355050475
LINK,순수CHoCH,—,1h,0.0,월,,,,,,,,,,24305.0,-0.06433401983332468
LINK,순수CHoCH,—,1h,0.0,월,,,,,,,,,,24306.0,-0.024360534707473156
LINK,순수CHoCH,—,1h,0.0,월,,,,,,,,,,24307.0,0.28660328063228546
LINK,순수CHoCH,—,1h,0.0,월,,,,,,,,,,24308.0,-0.1414434193818845
LINK,순수CHoCH,—,1h,0.0,월,,,,,,,,,,24309.0,0.17445662662837372
LINK,순수CHoCH,—,1h,0.0,월,,,,,,,,,,24310.0,-0.056477043784596906
LINK,순수CHoCH,—,1h,0.0,월,,,,,,,,,,24311.0,-0.3222118695527494
LINK,순수CHoCH,—,1h,0.0,월,,,,,,,,,,24312.0,-0.4072876538808944
LINK,순수CHoCH,—,1h,0.0,월,,,,,,,,,,24313.0,-0.06958453207152698
LINK,순수CHoCH,—,1h,0.0,월,,,,,,,,,,24314.0,0.10999442952975111
LINK,순수CHoCH,—,1h,0.0,월,,,,,,,,,,24315.0,-0.02342090713300423
LINK,순수CHoCH,—,1h,0.0,월,,,,,,,,,,24316.0,-0.13272633774494372
LINK,순수CHoCH,—,1h,0.0,월,,,,,,,,,,24317.0,-0.281347084313158
LINK,순수CHoCH,—,1h,0.0,월,,,,,,,,,,24318.0,-0.12320007419326887
LINK,스윕+CHoCH,1h,5m,0.0,전체,4854.0,0.9930441898527005,126.10346642481538,-0.038318912237330034,0.05997505963242139,-0.09829397186975143,0.0015708693860733407,0.3197362999587969,0.002472187886279357,,
LINK,스윕+CHoCH,1h,5m,0.0,홀드아웃 전,3908.0,0.9930441898527005,131.11062597308035,-0.022006141248720572,0.057390236256542854,-0.07939637750526343,,0.3252302968270215,0.0023029682702149436,,
LINK,스윕+CHoCH,1h,5m,0.0,홀드아웃 12개월,946.0,0.9930441898527005,106.30825371586513,-0.10570824524312897,0.07065316719366174,-0.1763614124367907,,0.29704016913319237,0.003171247357293869,,
LINK,스윕+CHoCH,1h,5m,0.0,월,,,,,,,,,,24258.0,-0.023161608799334186
LINK,스윕+CHoCH,1h,5m,0.0,월,,,,,,,,,,24259.0,-0.055641250969874344
LINK,스윕+CHoCH,1h,5m,0.0,월,,,,,,,,,,24260.0,-0.018541996585287778
LINK,스윕+CHoCH,1h,5m,0.0,월,,,,,,,,,,24261.0,-0.011838335019676701
LINK,스윕+CHoCH,1h,5m,0.0,월,,,,,,,,,,24262.0,-0.06368696874611354
LINK,스윕+CHoCH,1h,5m,0.0,월,,,,,,,,,,24263.0,-0.3186254385115277
LINK,스윕+CHoCH,1h,5m,0.0,월,,,,,,,,,,24264.0,-0.212580134506326
LINK,스윕+CHoCH,1h,5m,0.0,월,,,,,,,,,,24265.0,-0.03241603260338299
LINK,스윕+CHoCH,1h,5m,0.0,월,,,,,,,,,,24266.0,-0.011467175146016011
LINK,스윕+CHoCH,1h,5m,0.0,월,,,,,,,,,,24267.0,0.07327220964905598
LINK,스윕+CHoCH,1h,5m,0.0,월,,,,,,,,,,24268.0,-0.03878028683319271
LINK,스윕+CHoCH,1h,5m,0.0,월,,,,,,,,,,24269.0,0.05008076276248739
LINK,스윕+CHoCH,1h,5m,0.0,월,,,,,,,,,,24270.0,-0.05489809864741357
LINK,스윕+CHoCH,1h,5m,0.0,월,,,,,,,,,,24271.0,-0.2104846299396938
LINK,스윕+CHoCH,1h,5m,0.0,월,,,,,,,,,,24272.0,-0.027052461568348368
LINK,스윕+CHoCH,1h,5m,0.0,월,,,,,,,,,,24273.0,-0.18269143732050525
LINK,스윕+CHoCH,1h,5m,0.0,월,,,,,,,,,,24274.0,-0.12553096750559972
LINK,스윕+CHoCH,1h,5m,0.0,월,,,,,,,,,,24275.0,-0.07047972092792162
LINK,스윕+CHoCH,1h,5m,0.0,월,,,,,,,,,,24276.0,-0.06185020253638166
LINK,스윕+CHoCH,1h,5m,0.0,월,,,,,,,,,,24277.0,-0.0911167245625846
LINK,스윕+CHoCH,1h,5m,0.0,월,,,,,,,,,,24278.0,-0.209758164916512
LINK,스윕+CHoCH,1h,5m,0.0,월,,,,,,,,,,24279.0,-0.467041686322744
LINK,스윕+CHoCH,1h,5m,0.0,월,,,,,,,,,,24280.0,0.026241741902324516
LINK,스윕+CHoCH,1h,5m,0.0,월,,,,,,,,,,24281.0,-0.14201240277532032
LINK,스윕+CHoCH,1h,5m,0.0,월,,,,,,,,,,24282.0,-0.03423271356660293
LINK,스윕+CHoCH,1h,5m,0.0,월,,,,,,,,,,24283.0,-0.3591805095776768
LINK,스윕+CHoCH,1h,5m,0.0,월,,,,,,,,,,24284.0,-0.03676256184880286
LINK,스윕+CHoCH,1h,5m,0.0,월,,,,,,,,,,24285.0,0.05206240342011395
LINK,스윕+CHoCH,1h,5m,0.0,월,,,,,,,,,,24286.0,-0.11431104989561984
LINK,스윕+CHoCH,1h,5m,0.0,월,,,,,,,,,,24287.0,-0.10832017101173327
LINK,스윕+CHoCH,1h,5m,0.0,월,,,,,,,,,,24288.0,0.07621214738362306
LINK,스윕+CHoCH,1h,5m,0.0,월,,,,,,,,,,24289.0,0.20622906665543958
LINK,스윕+CHoCH,1h,5m,0.0,월,,,,,,,,,,24290.0,-0.253955247914349
LINK,스윕+CHoCH,1h,5m,0.0,월,,,,,,,,,,24291.0,0.0328704014538293
LINK,스윕+CHoCH,1h,5m,0.0,월,,,,,,,,,,24292.0,-0.28915794834892533
LINK,스윕+CHoCH,1h,5m,0.0,월,,,,,,,,,,24293.0,-0.14574755488731783
LINK,스윕+CHoCH,1h,5m,0.0,월,,,,,,,,,,24294.0,-0.07321196055576018
LINK,스윕+CHoCH,1h,5m,0.0,월,,,,,,,,,,24295.0,-0.12653719834078458
LINK,스윕+CHoCH,1h,5m,0.0,월,,,,,,,,,,24296.0,-0.04037263572268807
LINK,스윕+CHoCH,1h,5m,0.0,월,,,,,,,,,,24297.0,-0.163597707367698
LINK,스윕+CHoCH,1h,5m,0.0,월,,,,,,,,,,24298.0,-0.07115505665825742
LINK,스윕+CHoCH,1h,5m,0.0,월,,,,,,,,,,24299.0,0.25324642278208714
LINK,스윕+CHoCH,1h,5m,0.0,월,,,,,,,,,,24300.0,0.15220041215784394
LINK,스윕+CHoCH,1h,5m,0.0,월,,,,,,,,,,24301.0,-0.20989361795696307
LINK,스윕+CHoCH,1h,5m,0.0,월,,,,,,,,,,24302.0,-0.10003384986482684
LINK,스윕+CHoCH,1h,5m,0.0,월,,,,,,,,,,24303.0,-0.1644161594741041
LINK,스윕+CHoCH,1h,5m,0.0,월,,,,,,,,,,24304.0,-0.06704078391193823
LINK,스윕+CHoCH,1h,5m,0.0,월,,,,,,,,,,24305.0,-0.08992118491048297
LINK,스윕+CHoCH,1h,5m,0.0,월,,,,,,,,,,24306.0,-0.11936578895602191
LINK,스윕+CHoCH,1h,5m,0.0,월,,,,,,,,,,24307.0,-0.08223906226186607
LINK,스윕+CHoCH,1h,5m,0.0,월,,,,,,,,,,24308.0,0.33428025594926114
LINK,스윕+CHoCH,1h,5m,0.0,월,,,,,,,,,,24309.0,-0.30104345599065585
LINK,스윕+CHoCH,1h,5m,0.0,월,,,,,,,,,,24310.0,-0.05606822400466538
LINK,스윕+CHoCH,1h,5m,0.0,월,,,,,,,,,,24311.0,-0.20385458233452752
LINK,스윕+CHoCH,1h,5m,0.0,월,,,,,,,,,,24312.0,0.06842494861000899
LINK,스윕+CHoCH,1h,5m,0.0,월,,,,,,,,,,24313.0,-0.18875941257547205
LINK,스윕+CHoCH,1h,5m,0.0,월,,,,,,,,,,24314.0,-0.3398527402631876
LINK,스윕+CHoCH,1h,5m,0.0,월,,,,,,,,,,24315.0,-0.24517293327329812
LINK,스윕+CHoCH,1h,5m,0.0,월,,,,,,,,,,24316.0,-0.4117363834039962
LINK,스윕+CHoCH,1h,5m,0.0,월,,,,,,,,,,24317.0,-0.23775574714540285
LINK,스윕+CHoCH,1h,5m,0.0,월,,,,,,,,,,24318.0,-0.3448219527929836
LINK,스윕+CHoCH,1h,5m,0.25,전체,5043.0,0.9931075226467113,132.00286449441745,-0.039064049177077134,0.05740032415123322,-0.09646437332831036,-0.002305175490779298,0.3194527067221892,0.002577830656355344,,
LINK,스윕+CHoCH,1h,5m,0.25,홀드아웃 전,4075.0,0.9931075226467113,136.76019907813296,-0.02355828220858896,0.055079827549329885,-0.07863810975791885,,0.32466257668711657,0.00245398773006135,,
LINK,스윕+CHoCH,1h,5m,0.25,홀드아웃 12개월,968.0,0.9931075226467113,112.64505234815942,-0.10433884297520661,0.06716894362722096,-0.17150778660242758,,0.2975206611570248,0.0030991735537190084,,
LINK,스윕+CHoCH,1h,5m,0.25,월,,,,,,,,,,24258.0,-0.0944177163989593
LINK,스윕+CHoCH,1h,5m,0.25,월,,,,,,,,,,24259.0,-0.07369322820907791
LINK,스윕+CHoCH,1h,5m,0.25,월,,,,,,,,,,24260.0,-0.016895678437832004
LINK,스윕+CHoCH,1h,5m,0.25,월,,,,,,,,,,24261.0,0.03959593564020778
LINK,스윕+CHoCH,1h,5m,0.25,월,,,,,,,,,,24262.0,0.06213488539882539
LINK,스윕+CHoCH,1h,5m,0.25,월,,,,,,,,,,24263.0,-0.23447075521921626
LINK,스윕+CHoCH,1h,5m,0.25,월,,,,,,,,,,24264.0,-0.27327183080306333
LINK,스윕+CHoCH,1h,5m,0.25,월,,,,,,,,,,24265.0,-0.008694330996958545
LINK,스윕+CHoCH,1h,5m,0.25,월,,,,,,,,,,24266.0,0.059035868563241535
LINK,스윕+CHoCH,1h,5m,0.25,월,,,,,,,,,,24267.0,0.058350171855369795
LINK,스윕+CHoCH,1h,5m,0.25,월,,,,,,,,,,24268.0,-0.030242132482740915
LINK,스윕+CHoCH,1h,5m,0.25,월,,,,,,,,,,24269.0,0.1580917352311354
LINK,스윕+CHoCH,1h,5m,0.25,월,,,,,,,,,,24270.0,-0.099618052848351
LINK,스윕+CHoCH,1h,5m,0.25,월,,,,,,,,,,24271.0,-0.20271829840503522
LINK,스윕+CHoCH,1h,5m,0.25,월,,,,,,,,,,24272.0,-0.047905594338468235
LINK,스윕+CHoCH,1h,5m,0.25,월,,,,,,,,,,24273.0,-0.2673232048685619
LINK,스윕+CHoCH,1h,5m,0.25,월,,,,,,,,,,24274.0,-0.0555922483715708
LINK,스윕+CHoCH,1h,5m,0.25,월,,,,,,,,,,24275.0,-0.06915367197437297
LINK,스윕+CHoCH,1h,5m,0.25,월,,,,,,,,,,24276.0,-0.0867445490267564
LINK,스윕+CHoCH,1h,5m,0.25,월,,,,,,,,,,24277.0,-0.06310828754281285
LINK,스윕+CHoCH,1h,5m,0.25,월,,,,,,,,,,24278.0,-0.2724058591388799
LINK,스윕+CHoCH,1h,5m,0.25,월,,,,,,,,,,24279.0,-0.3863275556824594
LINK,스윕+CHoCH,1h,5m,0.25,월,,,,,,,,,,24280.0,0.0020283069404460614
LINK,스윕+CHoCH,1h,5m,0.25,월,,,,,,,,,,24281.0,-0.2469742582645472
LINK,스윕+CHoCH,1h,5m,0.25,월,,,,,,,,,,24282.0,-0.09223455033545774
LINK,스윕+CHoCH,1h,5m,0.25,월,,,,,,,,,,24283.0,-0.2891427871645135
LINK,스윕+CHoCH,1h,5m,0.25,월,,,,,,,,,,24284.0,0.015267584820728021
LINK,스윕+CHoCH,1h,5m,0.25,월,,,,,,,,,,24285.0,0.017756901285539747
LINK,스윕+CHoCH,1h,5m,0.25,월,,,,,,,,,,24286.0,-0.096916438894347
LINK,스윕+CHoCH,1h,5m,0.25,월,,,,,,,,,,24287.0,-0.054713328836284915
LINK,스윕+CHoCH,1h,5m,0.25,월,,,,,,,,,,24288.0,-0.025072947151365255
LINK,스윕+CHoCH,1h,5m,0.25,월,,,,,,,,,,24289.0,0.0860509242846066
LINK,스윕+CHoCH,1h,5m,0.25,월,,,,,,,,,,24290.0,-0.21988641193076608
LINK,스윕+CHoCH,1h,5m,0.25,월,,,,,,,,,,24291.0,0.0660192837117531
LINK,스윕+CHoCH,1h,5m,0.25,월,,,,,,,,,,24292.0,-0.23183725771939834
LINK,스윕+CHoCH,1h,5m,0.25,월,,,,,,,,,,24293.0,-0.1873477848928207
LINK,스윕+CHoCH,1h,5m,0.25,월,,,,,,,,,,24294.0,-0.11589038524261429
LINK,스윕+CHoCH,1h,5m,0.25,월,,,,,,,,,,24295.0,-0.12271276071371172
LINK,스윕+CHoCH,1h,5m,0.25,월,,,,,,,,,,24296.0,-0.09401091252721774
LINK,스윕+CHoCH,1h,5m,0.25,월,,,,,,,,,,24297.0,-0.13201864081956732
LINK,스윕+CHoCH,1h,5m,0.25,월,,,,,,,,,,24298.0,-0.09244325539082335
LINK,스윕+CHoCH,1h,5m,0.25,월,,,,,,,,,,24299.0,0.28070654097114034
LINK,스윕+CHoCH,1h,5m,0.25,월,,,,,,,,,,24300.0,0.1273736416306993
LINK,스윕+CHoCH,1h,5m,0.25,월,,,,,,,,,,24301.0,-0.2281504441801731
LINK,스윕+CHoCH,1h,5m,0.25,월,,,,,,,,,,24302.0,-0.030781173732271364
LINK,스윕+CHoCH,1h,5m,0.25,월,,,,,,,,,,24303.0,-0.23884002662818923
LINK,스윕+CHoCH,1h,5m,0.25,월,,,,,,,,,,24304.0,-0.029628559998604132
LINK,스윕+CHoCH,1h,5m,0.25,월,,,,,,,,,,24305.0,-0.01922188642366131
LINK,스윕+CHoCH,1h,5m,0.25,월,,,,,,,,,,24306.0,-0.13569530005561975
LINK,스윕+CHoCH,1h,5m,0.25,월,,,,,,,,,,24307.0,-0.0784003711296244
LINK,스윕+CHoCH,1h,5m,0.25,월,,,,,,,,,,24308.0,0.3395654585217002
LINK,스윕+CHoCH,1h,5m,0.25,월,,,,,,,,,,24309.0,-0.25759337757380196
LINK,스윕+CHoCH,1h,5m,0.25,월,,,,,,,,,,24310.0,-0.1295779297305377
LINK,스윕+CHoCH,1h,5m,0.25,월,,,,,,,,,,24311.0,-0.19063831565823144
LINK,스윕+CHoCH,1h,5m,0.25,월,,,,,,,,,,24312.0,0.05565644455610791
LINK,스윕+CHoCH,1h,5m,0.25,월,,,,,,,,,,24313.0,-0.11722273440982384
LINK,스윕+CHoCH,1h,5m,0.25,월,,,,,,,,,,24314.0,-0.43205911156098403
LINK,스윕+CHoCH,1h,5m,0.25,월,,,,,,,,,,24315.0,-0.24021982437508382
LINK,스윕+CHoCH,1h,5m,0.25,월,,,,,,,,,,24316.0,-0.4717714374645044
LINK,스윕+CHoCH,1h,5m,0.25,월,,,,,,,,,,24317.0,-0.21980929173398736
LINK,스윕+CHoCH,1h,5m,0.25,월,,,,,,,,,,24318.0,-0.23291448545586838
LINK,스윕+CHoCH,1h,15m,0.0,전체,3875.0,0.9897828863346104,211.98532409294788,-0.04154838709677419,0.037081855738851775,-0.07863024283562597,-0.007064516129032259,0.3138064516129032,0.01703225806451613,,
LINK,스윕+CHoCH,1h,15m,0.0,홀드아웃 전,3134.0,0.9897828863346104,217.95555465932307,-0.04658583280153159,0.035859889137235125,-0.08244572193876672,,0.3120612635609445,0.01723037651563497,,
LINK,스윕+CHoCH,1h,15m,0.0,홀드아웃 12개월,741.0,0.9897828863346104,186.48530057042555,-0.020242914979757085,0.042250065360264245,-0.06249298034002131,,0.32118758434547906,0.016194331983805668,,
LINK,스윕+CHoCH,1h,15m,0.0,월,,,,,,,,,,24258.0,0.009125007565519662
LINK,스윕+CHoCH,1h,15m,0.0,월,,,,,,,,,,24259.0,0.18288520214632775
LINK,스윕+CHoCH,1h,15m,0.0,월,,,,,,,,,,24260.0,-0.40612357403516114
LINK,스윕+CHoCH,1h,15m,0.0,월,,,,,,,,,,24261.0,0.08368677454936714
LINK,스윕+CHoCH,1h,15m,0.0,월,,,,,,,,,,24262.0,-0.1394183402568069
LINK,스윕+CHoCH,1h,15m,0.0,월,,,,,,,,,,24263.0,-0.012270673624619987
LINK,스윕+CHoCH,1h,15m,0.0,월,,,,,,,,,,24264.0,-0.22233044073722386
LINK,스윕+CHoCH,1h,15m,0.0,월,,,,,,,,,,24265.0,0.028173196841090244
LINK,스윕+CHoCH,1h,15m,0.0,월,,,,,,,,,,24266.0,-0.1510475481048673
LINK,스윕+CHoCH,1h,15m,0.0,월,,,,,,,,,,24267.0,0.17441172996055587
LINK,스윕+CHoCH,1h,15m,0.0,월,,,,,,,,,,24268.0,-0.04009318616156505
LINK,스윕+CHoCH,1h,15m,0.0,월,,,,,,,,,,24269.0,-0.0966761841674916
LINK,스윕+CHoCH,1h,15m,0.0,월,,,,,,,,,,24270.0,-0.0027934018035312104
LINK,스윕+CHoCH,1h,15m,0.0,월,,,,,,,,,,24271.0,-0.1914588083728441
LINK,스윕+CHoCH,1h,15m,0.0,월,,,,,,,,,,24272.0,-0.1914057352903324
LINK,스윕+CHoCH,1h,15m,0.0,월,,,,,,,,,,24273.0,-0.3636180913230872
LINK,스윕+CHoCH,1h,15m,0.0,월,,,,,,,,,,24274.0,-0.013383594816519143
LINK,스윕+CHoCH,1h,15m,0.0,월,,,,,,,,,,24275.0,-0.07539431569127693
LINK,스윕+CHoCH,1h,15m,0.0,월,,,,,,,,,,24276.0,-0.32935024891980474
LINK,스윕+CHoCH,1h,15m,0.0,월,,,,,,,,,,24277.0,-0.2519083508774915
LINK,스윕+CHoCH,1h,15m,0.0,월,,,,,,,,,,24278.0,-0.32983223446980864
LINK,스윕+CHoCH,1h,15m,0.0,월,,,,,,,,,,24279.0,-0.039413393237501704
LINK,스윕+CHoCH,1h,15m,0.0,월,,,,,,,,,,24280.0,-0.011918366862834585
LINK,스윕+CHoCH,1h,15m,0.0,월,,,,,,,,,,24281.0,-0.03617839274529861
LINK,스윕+CHoCH,1h,15m,0.0,월,,,,,,,,,,24282.0,-0.11342532351326845
LINK,스윕+CHoCH,1h,15m,0.0,월,,,,,,,,,,24283.0,-0.028123285870761287
LINK,스윕+CHoCH,1h,15m,0.0,월,,,,,,,,,,24284.0,-0.20635926026366697
LINK,스윕+CHoCH,1h,15m,0.0,월,,,,,,,,,,24285.0,0.2128457716460655
LINK,스윕+CHoCH,1h,15m,0.0,월,,,,,,,,,,24286.0,-0.19252706222089394
LINK,스윕+CHoCH,1h,15m,0.0,월,,,,,,,,,,24287.0,-0.15325948801257439
LINK,스윕+CHoCH,1h,15m,0.0,월,,,,,,,,,,24288.0,0.056661847776942824
LINK,스윕+CHoCH,1h,15m,0.0,월,,,,,,,,,,24289.0,0.027986723072062743
LINK,스윕+CHoCH,1h,15m,0.0,월,,,,,,,,,,24290.0,-0.12157445442520881
LINK,스윕+CHoCH,1h,15m,0.0,월,,,,,,,,,,24291.0,0.028901400019967858
LINK,스윕+CHoCH,1h,15m,0.0,월,,,,,,,,,,24292.0,-0.055115148242705345
LINK,스윕+CHoCH,1h,15m,0.0,월,,,,,,,,,,24293.0,-0.10148399600391081
LINK,스윕+CHoCH,1h,15m,0.0,월,,,,,,,,,,24294.0,0.06825228706160899
LINK,스윕+CHoCH,1h,15m,0.0,월,,,,,,,,,,24295.0,-0.19219655191978316
LINK,스윕+CHoCH,1h,15m,0.0,월,,,,,,,,,,24296.0,-0.08637830431212787
LINK,스윕+CHoCH,1h,15m,0.0,월,,,,,,,,,,24297.0,-0.04300126804397888
LINK,스윕+CHoCH,1h,15m,0.0,월,,,,,,,,,,24298.0,0.137181542489514
LINK,스윕+CHoCH,1h,15m,0.0,월,,,,,,,,,,24299.0,0.050909682610618415
LINK,스윕+CHoCH,1h,15m,0.0,월,,,,,,,,,,24300.0,-0.020899004874182843
LINK,스윕+CHoCH,1h,15m,0.0,월,,,,,,,,,,24301.0,-0.26500476989839383
LINK,스윕+CHoCH,1h,15m,0.0,월,,,,,,,,,,24302.0,0.009449069914712357
LINK,스윕+CHoCH,1h,15m,0.0,월,,,,,,,,,,24303.0,-0.29112514082294433
LINK,스윕+CHoCH,1h,15m,0.0,월,,,,,,,,,,24304.0,0.03613182067898432
LINK,스윕+CHoCH,1h,15m,0.0,월,,,,,,,,,,24305.0,-0.02016521647104656
LINK,스윕+CHoCH,1h,15m,0.0,월,,,,,,,,,,24306.0,-0.372189208184951
LINK,스윕+CHoCH,1h,15m,0.0,월,,,,,,,,,,24307.0,0.19309811712927266
LINK,스윕+CHoCH,1h,15m,0.0,월,,,,,,,,,,24308.0,-0.32223686607721014
LINK,스윕+CHoCH,1h,15m,0.0,월,,,,,,,,,,24309.0,-0.3624541722431323
LINK,스윕+CHoCH,1h,15m,0.0,월,,,,,,,,,,24310.0,0.2723376428582715
LINK,스윕+CHoCH,1h,15m,0.0,월,,,,,,,,,,24311.0,0.058288615030026136
LINK,스윕+CHoCH,1h,15m,0.0,월,,,,,,,,,,24312.0,-0.11126513727097943
LINK,스윕+CHoCH,1h,15m,0.0,월,,,,,,,,,,24313.0,-0.033855309858365316
LINK,스윕+CHoCH,1h,15m,0.0,월,,,,,,,,,,24314.0,-0.0007642721719815662
LINK,스윕+CHoCH,1h,15m,0.0,월,,,,,,,,,,24315.0,-0.28311305831394534
LINK,스윕+CHoCH,1h,15m,0.0,월,,,,,,,,,,24316.0,-0.010326563209607655
LINK,스윕+CHoCH,1h,15m,0.0,월,,,,,,,,,,24317.0,-0.003711765900400392
LINK,스윕+CHoCH,1h,15m,0.0,월,,,,,,,,,,24318.0,-0.09955535104443389
LINK,스윕+CHoCH,1h,15m,0.25,전체,3883.0,0.9898037216416008,221.1222092506277,-0.04867370589750193,0.035506861085450654,-0.08418056698295259,0.005697913984032964,0.3110996652073139,0.018027298480556272,,
LINK,스윕+CHoCH,1h,15m,0.25,홀드아웃 전,3140.0,0.9898037216416008,227.03969939388068,-0.05191082802547771,0.03425066627067701,-0.08616149429615472,,0.30987261146496814,0.018471337579617834,,
LINK,스윕+CHoCH,1h,15m,0.25,홀드아웃 12개월,743.0,0.9898037216416008,192.96292903426783,-0.034993270524899055,0.04081567901060443,-0.07580894953550348,,0.3162853297442799,0.016150740242261104,,
LINK,스윕+CHoCH,1h,15m,0.25,월,,,,,,,,,,24258.0,0.039428042327967296
LINK,스윕+CHoCH,1h,15m,0.25,월,,,,,,,,,,24259.0,0.10006972288293366
LINK,스윕+CHoCH,1h,15m,0.25,월,,,,,,,,,,24260.0,-0.44724095237560657
LINK,스윕+CHoCH,1h,15m,0.25,월,,,,,,,,,,24261.0,0.13784374255917556
LINK,스윕+CHoCH,1h,15m,0.25,월,,,,,,,,,,24262.0,-0.13781015198757837
LINK,스윕+CHoCH,1h,15m,0.25,월,,,,,,,,,,24263.0,-0.010651252310517726
LINK,스윕+CHoCH,1h,15m,0.25,월,,,,,,,,,,24264.0,-0.18613266671470632
LINK,스윕+CHoCH,1h,15m,0.25,월,,,,,,,,,,24265.0,0.07500655155966901
LINK,스윕+CHoCH,1h,15m,0.25,월,,,,,,,,,,24266.0,-0.1032540682612546
LINK,스윕+CHoCH,1h,15m,0.25,월,,,,,,,,,,24267.0,0.1761905185476562
LINK,스윕+CHoCH,1h,15m,0.25,월,,,,,,,,,,24268.0,-0.08780246710282191
LINK,스윕+CHoCH,1h,15m,0.25,월,,,,,,,,,,24269.0,-0.14051740895218912
LINK,스윕+CHoCH,1h,15m,0.25,월,,,,,,,,,,24270.0,-0.0019003986182517785
LINK,스윕+CHoCH,1h,15m,0.25,월,,,,,,,,,,24271.0,-0.2337108268832684
LINK,스윕+CHoCH,1h,15m,0.25,월,,,,,,,,,,24272.0,-0.146285316506085
LINK,스윕+CHoCH,1h,15m,0.25,월,,,,,,,,,,24273.0,-0.36222115146644274
LINK,스윕+CHoCH,1h,15m,0.25,월,,,,,,,,,,24274.0,-0.011329734833971764
LINK,스윕+CHoCH,1h,15m,0.25,월,,,,,,,,,,24275.0,-0.07378460084991408
LINK,스윕+CHoCH,1h,15m,0.25,월,,,,,,,,,,24276.0,-0.2753775645260365
LINK,스윕+CHoCH,1h,15m,0.25,월,,,,,,,,,,24277.0,-0.24999776360190235
LINK,스윕+CHoCH,1h,15m,0.25,월,,,,,,,,,,24278.0,-0.3911352997358327
LINK,스윕+CHoCH,1h,15m,0.25,월,,,,,,,,,,24279.0,0.020619612875106268
LINK,스윕+CHoCH,1h,15m,0.25,월,,,,,,,,,,24280.0,-0.009930415688909644
LINK,스윕+CHoCH,1h,15m,0.25,월,,,,,,,,,,24281.0,-0.06290391833014101
LINK,스윕+CHoCH,1h,15m,0.25,월,,,,,,,,,,24282.0,-0.2528234489608134
LINK,스윕+CHoCH,1h,15m,0.25,월,,,,,,,,,,24283.0,0.025885642775376427
LINK,스윕+CHoCH,1h,15m,0.25,월,,,,,,,,,,24284.0,-0.15996940939900225
LINK,스윕+CHoCH,1h,15m,0.25,월,,,,,,,,,,24285.0,0.2154971515436117
LINK,스윕+CHoCH,1h,15m,0.25,월,,,,,,,,,,24286.0,-0.19110086474569857
LINK,스윕+CHoCH,1h,15m,0.25,월,,,,,,,,,,24287.0,-0.10557254507687952
LINK,스윕+CHoCH,1h,15m,0.25,월,,,,,,,,,,24288.0,0.07285507355364204
LINK,스윕+CHoCH,1h,15m,0.25,월,,,,,,,,,,24289.0,0.011825160023496041
LINK,스윕+CHoCH,1h,15m,0.25,월,,,,,,,,,,24290.0,-0.11977148002583063
LINK,스윕+CHoCH,1h,15m,0.25,월,,,,,,,,,,24291.0,-0.08547901839473354
LINK,스윕+CHoCH,1h,15m,0.25,월,,,,,,,,,,24292.0,-0.0022035725658617962
LINK,스윕+CHoCH,1h,15m,0.25,월,,,,,,,,,,24293.0,-0.17717548391519009
LINK,스윕+CHoCH,1h,15m,0.25,월,,,,,,,,,,24294.0,0.051925768458368333
LINK,스윕+CHoCH,1h,15m,0.25,월,,,,,,,,,,24295.0,-0.19016935957082098
LINK,스윕+CHoCH,1h,15m,0.25,월,,,,,,,,,,24296.0,-0.016404125902408077
LINK,스윕+CHoCH,1h,15m,0.25,월,,,,,,,,,,24297.0,-0.041175512986950775
LINK,스윕+CHoCH,1h,15m,0.25,월,,,,,,,,,,24298.0,0.1391826832138711
LINK,스윕+CHoCH,1h,15m,0.25,월,,,,,,,,,,24299.0,0.00638964207564826
LINK,스윕+CHoCH,1h,15m,0.25,월,,,,,,,,,,24300.0,-0.10573423614373714
LINK,스윕+CHoCH,1h,15m,0.25,월,,,,,,,,,,24301.0,-0.2637772320658188
LINK,스윕+CHoCH,1h,15m,0.25,월,,,,,,,,,,24302.0,0.0665132646451029
LINK,스윕+CHoCH,1h,15m,0.25,월,,,,,,,,,,24303.0,-0.3016649425488455
LINK,스윕+CHoCH,1h,15m,0.25,월,,,,,,,,,,24304.0,0.07914866413463721
LINK,스윕+CHoCH,1h,15m,0.25,월,,,,,,,,,,24305.0,-0.0627550556029619
LINK,스윕+CHoCH,1h,15m,0.25,월,,,,,,,,,,24306.0,-0.37015678869967533
LINK,스윕+CHoCH,1h,15m,0.25,월,,,,,,,,,,24307.0,0.14613536357858786
LINK,스윕+CHoCH,1h,15m,0.25,월,,,,,,,,,,24308.0,-0.37273675266459605
LINK,스윕+CHoCH,1h,15m,0.25,월,,,,,,,,,,24309.0,-0.359967806272657
LINK,스윕+CHoCH,1h,15m,0.25,월,,,,,,,,,,24310.0,0.27395903288376994
LINK,스윕+CHoCH,1h,15m,0.25,월,,,,,,,,,,24311.0,0.059981870749760066
LINK,스윕+CHoCH,1h,15m,0.25,월,,,,,,,,,,24312.0,-0.15949119906784628
LINK,스윕+CHoCH,1h,15m,0.25,월,,,,,,,,,,24313.0,-0.10057129218135255
LINK,스윕+CHoCH,1h,15m,0.25,월,,,,,,,,,,24314.0,-0.019486370167790635
LINK,스윕+CHoCH,1h,15m,0.25,월,,,,,,,,,,24315.0,-0.2812455047365706
LINK,스윕+CHoCH,1h,15m,0.25,월,,,,,,,,,,24316.0,-0.05495083155052343
LINK,스윕+CHoCH,1h,15m,0.25,월,,,,,,,,,,24317.0,0.04550735827421644
LINK,스윕+CHoCH,1h,15m,0.25,월,,,,,,,,,,24318.0,-0.05172798183280575
LINK,스윕+CHoCH,1h,1h,0.0,전체,1461.0,0.986495611073599,431.1838306063526,-0.07255304585900069,0.018350466191163626,-0.09090351205016431,-0.059804928131416836,0.2737850787132101,0.10609171800136892,,
LINK,스윕+CHoCH,1h,1h,0.0,홀드아웃 전,1177.0,0.986495611073599,446.3567637124027,-0.07391673746813934,0.017501863310408622,-0.09141860077854796,,0.2752761257434155,0.10025488530161428,,
LINK,스윕+CHoCH,1h,1h,0.0,홀드아웃 12개월,284.0,0.986495611073599,381.7912344532174,-0.06690140845070422,0.02186738728499686,-0.08876879573570107,,0.2676056338028169,0.13028169014084506,,
LINK,스윕+CHoCH,1h,1h,0.0,월,,,,,,,,,,24258.0,0.21607689588695644
LINK,스윕+CHoCH,1h,1h,0.0,월,,,,,,,,,,24259.0,0.08665129003441766
LINK,스윕+CHoCH,1h,1h,0.0,월,,,,,,,,,,24260.0,-0.2638308705749005
LINK,스윕+CHoCH,1h,1h,0.0,월,,,,,,,,,,24261.0,-0.08814333259627426
LINK,스윕+CHoCH,1h,1h,0.0,월,,,,,,,,,,24262.0,-0.27359174397204716
LINK,스윕+CHoCH,1h,1h,0.0,월,,,,,,,,,,24263.0,-0.0932700258667157
LINK,스윕+CHoCH,1h,1h,0.0,월,,,,,,,,,,24264.0,-0.35917965902815574
LINK,스윕+CHoCH,1h,1h,0.0,월,,,,,,,,,,24265.0,-0.35668406618432164
LINK,스윕+CHoCH,1h,1h,0.0,월,,,,,,,,,,24266.0,-0.14969496147396721
LINK,스윕+CHoCH,1h,1h,0.0,월,,,,,,,,,,24267.0,-0.15888133229885218
LINK,스윕+CHoCH,1h,1h,0.0,월,,,,,,,,,,24268.0,-0.17084522089943774
LINK,스윕+CHoCH,1h,1h,0.0,월,,,,,,,,,,24269.0,-0.13595148694923923
LINK,스윕+CHoCH,1h,1h,0.0,월,,,,,,,,,,24270.0,-0.34491304461030053
LINK,스윕+CHoCH,1h,1h,0.0,월,,,,,,,,,,24271.0,0.336476328125973
LINK,스윕+CHoCH,1h,1h,0.0,월,,,,,,,,,,24272.0,0.02836047417902613
LINK,스윕+CHoCH,1h,1h,0.0,월,,,,,,,,,,24273.0,0.08494843489766996
LINK,스윕+CHoCH,1h,1h,0.0,월,,,,,,,,,,24274.0,-0.022359480503140777
LINK,스윕+CHoCH,1h,1h,0.0,월,,,,,,,,,,24275.0,-0.014022971838658055
LINK,스윕+CHoCH,1h,1h,0.0,월,,,,,,,,,,24276.0,-0.08446988471625538
LINK,스윕+CHoCH,1h,1h,0.0,월,,,,,,,,,,24277.0,-0.1799957818439969
LINK,스윕+CHoCH,1h,1h,0.0,월,,,,,,,,,,24278.0,-0.5979806977978632
LINK,스윕+CHoCH,1h,1h,0.0,월,,,,,,,,,,24279.0,-0.09259706341557655
LINK,스윕+CHoCH,1h,1h,0.0,월,,,,,,,,,,24280.0,-0.07466989828841929
LINK,스윕+CHoCH,1h,1h,0.0,월,,,,,,,,,,24281.0,-0.2383187960464008
LINK,스윕+CHoCH,1h,1h,0.0,월,,,,,,,,,,24282.0,-0.2671207907964369
LINK,스윕+CHoCH,1h,1h,0.0,월,,,,,,,,,,24283.0,0.06839476428796872
LINK,스윕+CHoCH,1h,1h,0.0,월,,,,,,,,,,24284.0,-0.5664764810802068
LINK,스윕+CHoCH,1h,1h,0.0,월,,,,,,,,,,24285.0,0.21024437094313386
LINK,스윕+CHoCH,1h,1h,0.0,월,,,,,,,,,,24286.0,-0.2633399559279993
LINK,스윕+CHoCH,1h,1h,0.0,월,,,,,,,,,,24287.0,0.23661086090102257
LINK,스윕+CHoCH,1h,1h,0.0,월,,,,,,,,,,24288.0,-0.2564164978064364
LINK,스윕+CHoCH,1h,1h,0.0,월,,,,,,,,,,24289.0,0.11164267636674839
LINK,스윕+CHoCH,1h,1h,0.0,월,,,,,,,,,,24290.0,0.2534242933785595
LINK,스윕+CHoCH,1h,1h,0.0,월,,,,,,,,,,24291.0,0.31817367764063864
LINK,스윕+CHoCH,1h,1h,0.0,월,,,,,,,,,,24292.0,-0.26943968501168897
LINK,스윕+CHoCH,1h,1h,0.0,월,,,,,,,,,,24293.0,-0.15089018458136091
LINK,스윕+CHoCH,1h,1h,0.0,월,,,,,,,,,,24294.0,0.29997500810672195
LINK,스윕+CHoCH,1h,1h,0.0,월,,,,,,,,,,24295.0,0.11609129521376046
LINK,스윕+CHoCH,1h,1h,0.0,월,,,,,,,,,,24296.0,-0.14541871727736763
LINK,스윕+CHoCH,1h,1h,0.0,월,,,,,,,,,,24297.0,-0.22192298404148872
LINK,스윕+CHoCH,1h,1h,0.0,월,,,,,,,,,,24298.0,0.018841425954558687
LINK,스윕+CHoCH,1h,1h,0.0,월,,,,,,,,,,24299.0,0.1558927503546511
LINK,스윕+CHoCH,1h,1h,0.0,월,,,,,,,,,,24300.0,-0.24147425306577863
LINK,스윕+CHoCH,1h,1h,0.0,월,,,,,,,,,,24301.0,-0.12423485685845985
LINK,스윕+CHoCH,1h,1h,0.0,월,,,,,,,,,,24302.0,-0.0132726250936807
LINK,스윕+CHoCH,1h,1h,0.0,월,,,,,,,,,,24303.0,0.18462904735221186
LINK,스윕+CHoCH,1h,1h,0.0,월,,,,,,,,,,24304.0,-0.09586278545224283
LINK,스윕+CHoCH,1h,1h,0.0,월,,,,,,,,,,24305.0,-0.015074985275448528
LINK,스윕+CHoCH,1h,1h,0.0,월,,,,,,,,,,24306.0,-0.05699821461883188
LINK,스윕+CHoCH,1h,1h,0.0,월,,,,,,,,,,24307.0,-0.10321328950991467
LINK,스윕+CHoCH,1h,1h,0.0,월,,,,,,,,,,24308.0,-0.28768911612904585
LINK,스윕+CHoCH,1h,1h,0.0,월,,,,,,,,,,24309.0,0.0208581857615076
LINK,스윕+CHoCH,1h,1h,0.0,월,,,,,,,,,,24310.0,0.0691796224023271
LINK,스윕+CHoCH,1h,1h,0.0,월,,,,,,,,,,24311.0,0.06538436962108217
LINK,스윕+CHoCH,1h,1h,0.0,월,,,,,,,,,,24312.0,-0.3280188007410474
LINK,스윕+CHoCH,1h,1h,0.0,월,,,,,,,,,,24313.0,0.008598230990748483
LINK,스윕+CHoCH,1h,1h,0.0,월,,,,,,,,,,24314.0,0.11204480147194656
LINK,스윕+CHoCH,1h,1h,0.0,월,,,,,,,,,,24315.0,-0.11167293329038368
LINK,스윕+CHoCH,1h,1h,0.0,월,,,,,,,,,,24316.0,-0.29943442022044336
LINK,스윕+CHoCH,1h,1h,0.0,월,,,,,,,,,,24317.0,-0.022194899532658408
LINK,스윕+CHoCH,1h,1h,0.0,월,,,,,,,,,,24318.0,-0.12495326009992996
LINK,스윕+CHoCH,1h,1h,0.25,전체,1461.0,0.986495611073599,438.07969581441455,-0.08418891170431211,0.017996739126543187,-0.1021856508308553,-0.058436002737850795,0.2669404517453799,0.11498973305954825,,
LINK,스윕+CHoCH,1h,1h,0.25,홀드아웃 전,1177.0,0.986495611073599,455.26978371698794,-0.08241291418861513,0.017153639383905656,-0.09956655357252078,,0.26932880203908244,0.10960067969413764,,
LINK,스윕+CHoCH,1h,1h,0.25,홀드아웃 12개월,284.0,0.986495611073599,386.95734744402137,-0.09154929577464789,0.021490853200783953,-0.11304014897543184,,0.25704225352112675,0.13732394366197184,,
LINK,스윕+CHoCH,1h,1h,0.25,월,,,,,,,,,,24258.0,0.21641027429941084
LINK,스윕+CHoCH,1h,1h,0.25,월,,,,,,,,,,24259.0,0.02019407676564717
LINK,스윕+CHoCH,1h,1h,0.25,월,,,,,,,,,,24260.0,-0.2634848781102937
LINK,스윕+CHoCH,1h,1h,0.25,월,,,,,,,,,,24261.0,-0.08787582258902943
LINK,스윕+CHoCH,1h,1h,0.25,월,,,,,,,,,,24262.0,-0.27329623492932625
LINK,스윕+CHoCH,1h,1h,0.25,월,,,,,,,,,,24263.0,-0.09288460879038243
LINK,스윕+CHoCH,1h,1h,0.25,월,,,,,,,,,,24264.0,-0.3588231369639081
LINK,스윕+CHoCH,1h,1h,0.25,월,,,,,,,,,,24265.0,-0.3130511343865922
LINK,스윕+CHoCH,1h,1h,0.25,월,,,,,,,,,,24266.0,0.033076054637245986
LINK,스윕+CHoCH,1h,1h,0.25,월,,,,,,,,,,24267.0,-0.2541454032321098
LINK,스윕+CHoCH,1h,1h,0.25,월,,,,,,,,,,24268.0,-0.17053926266272784
LINK,스윕+CHoCH,1h,1h,0.25,월,,,,,,,,,,24269.0,-0.1357401072887063
LINK,스윕+CHoCH,1h,1h,0.25,월,,,,,,,,,,24270.0,-0.34462523478717194
LINK,스윕+CHoCH,1h,1h,0.25,월,,,,,,,,,,24271.0,0.3367827040310405
LINK,스윕+CHoCH,1h,1h,0.25,월,,,,,,,,,,24272.0,0.028661540666563557
LINK,스윕+CHoCH,1h,1h,0.25,월,,,,,,,,,,24273.0,-0.06510689710600157
LINK,스윕+CHoCH,1h,1h,0.25,월,,,,,,,,,,24274.0,-0.02180570403953224
LINK,스윕+CHoCH,1h,1h,0.25,월,,,,,,,,,,24275.0,-0.22266286500808272
LINK,스윕+CHoCH,1h,1h,0.25,월,,,,,,,,,,24276.0,-0.08372400925841851
LINK,스윕+CHoCH,1h,1h,0.25,월,,,,,,,,,,24277.0,-0.179560737295662
LINK,스윕+CHoCH,1h,1h,0.25,월,,,,,,,,,,24278.0,-0.597560494333458
LINK,스윕+CHoCH,1h,1h,0.25,월,,,,,,,,,,24279.0,-0.16685627005637813
LINK,스윕+CHoCH,1h,1h,0.25,월,,,,,,,,,,24280.0,-0.07417371991531702
LINK,스윕+CHoCH,1h,1h,0.25,월,,,,,,,,,,24281.0,-0.13354480780891664
LINK,스윕+CHoCH,1h,1h,0.25,월,,,,,,,,,,24282.0,-0.2665815446592477
LINK,스윕+CHoCH,1h,1h,0.25,월,,,,,,,,,,24283.0,0.06884626195005643
LINK,스윕+CHoCH,1h,1h,0.25,월,,,,,,,,,,24284.0,-0.565898741365516
LINK,스윕+CHoCH,1h,1h,0.25,월,,,,,,,,,,24285.0,0.05591434981753207
LINK,스윕+CHoCH,1h,1h,0.25,월,,,,,,,,,,24286.0,-0.262860657336608
LINK,스윕+CHoCH,1h,1h,0.25,월,,,,,,,,,,24287.0,0.29939108463211517
LINK,스윕+CHoCH,1h,1h,0.25,월,,,,,,,,,,24288.0,-0.256086923150882
LINK,스윕+CHoCH,1h,1h,0.25,월,,,,,,,,,,24289.0,0.11190525726311451
LINK,스윕+CHoCH,1h,1h,0.25,월,,,,,,,,,,24290.0,0.25387297706835743
LINK,스윕+CHoCH,1h,1h,0.25,월,,,,,,,,,,24291.0,0.244207094407439
LINK,스윕+CHoCH,1h,1h,0.25,월,,,,,,,,,,24292.0,-0.16136475117629084
LINK,스윕+CHoCH,1h,1h,0.25,월,,,,,,,,,,24293.0,-0.1504524423881816
LINK,스윕+CHoCH,1h,1h,0.25,월,,,,,,,,,,24294.0,0.30036555928986575
LINK,스윕+CHoCH,1h,1h,0.25,월,,,,,,,,,,24295.0,0.11642437342357313
LINK,스윕+CHoCH,1h,1h,0.25,월,,,,,,,,,,24296.0,-0.10318891882220953
LINK,스윕+CHoCH,1h,1h,0.25,월,,,,,,,,,,24297.0,-0.34180099970888445
LINK,스윕+CHoCH,1h,1h,0.25,월,,,,,,,,,,24298.0,-0.06437489664203394
LINK,스윕+CHoCH,1h,1h,0.25,월,,,,,,,,,,24299.0,0.03054891226757871
LINK,스윕+CHoCH,1h,1h,0.25,월,,,,,,,,,,24300.0,-0.24121305579129146
LINK,스윕+CHoCH,1h,1h,0.25,월,,,,,,,,,,24301.0,-0.12394691345729122
LINK,스윕+CHoCH,1h,1h,0.25,월,,,,,,,,,,24302.0,-0.012966991737530083
LINK,스윕+CHoCH,1h,1h,0.25,월,,,,,,,,,,24303.0,0.18499064221927902
LINK,스윕+CHoCH,1h,1h,0.25,월,,,,,,,,,,24304.0,0.025049319054440636
LINK,스윕+CHoCH,1h,1h,0.25,월,,,,,,,,,,24305.0,-0.014789165686056382
LINK,스윕+CHoCH,1h,1h,0.25,월,,,,,,,,,,24306.0,-0.05659359179751125
LINK,스윕+CHoCH,1h,1h,0.25,월,,,,,,,,,,24307.0,-0.10287191228175131
LINK,스윕+CHoCH,1h,1h,0.25,월,,,,,,,,,,24308.0,-0.2873768013642914
LINK,스윕+CHoCH,1h,1h,0.25,월,,,,,,,,,,24309.0,0.0213706721146966
LINK,스윕+CHoCH,1h,1h,0.25,월,,,,,,,,,,24310.0,0.06941213396382763
LINK,스윕+CHoCH,1h,1h,0.25,월,,,,,,,,,,24311.0,0.06583519321097331
LINK,스윕+CHoCH,1h,1h,0.25,월,,,,,,,,,,24312.0,-0.3275118131863958
LINK,스윕+CHoCH,1h,1h,0.25,월,,,,,,,,,,24313.0,0.00937682864333432
LINK,스윕+CHoCH,1h,1h,0.25,월,,,,,,,,,,24314.0,-0.1056685861924488
LINK,스윕+CHoCH,1h,1h,0.25,월,,,,,,,,,,24315.0,-0.11125099507402442
LINK,스윕+CHoCH,1h,1h,0.25,월,,,,,,,,,,24316.0,-0.298695397020442
LINK,스윕+CHoCH,1h,1h,0.25,월,,,,,,,,,,24317.0,-0.021826984337219926
LINK,스윕+CHoCH,1h,1h,0.25,월,,,,,,,,,,24318.0,-0.2303501379261301
LINK,스윕+CHoCH,4h,5m,0.0,전체,1303.0,0.993140243902439,136.46368305209094,-0.021488871834228703,0.05625710024945519,-0.07774597208368389,-0.013526477359938605,0.3246354566385265,0.004604758250191865,,
LINK,스윕+CHoCH,4h,5m,0.0,홀드아웃 전,1036.0,0.993140243902439,140.18042962172183,-0.017374517374517374,0.05333594474508402,-0.0707104621196014,,0.32625482625482627,0.003861003861003861,,
LINK,스윕+CHoCH,4h,5m,0.0,홀드아웃 12개월,267.0,0.993140243902439,120.2383485848048,-0.03745318352059925,0.06759162123270812,-0.10504480475330737,,0.31835205992509363,0.00749063670411985,,
LINK,스윕+CHoCH,4h,5m,0.0,월,,,,,,,,,,24258.0,-0.7249024010607011
LINK,스윕+CHoCH,4h,5m,0.0,월,,,,,,,,,,24259.0,-0.3535250500345839
LINK,스윕+CHoCH,4h,5m,0.0,월,,,,,,,,,,24260.0,-0.627519947998806
LINK,스윕+CHoCH,4h,5m,0.0,월,,,,,,,,,,24261.0,0.2989006318640047
LINK,스윕+CHoCH,4h,5m,0.0,월,,,,,,,,,,24262.0,0.053831174744744845
LINK,스윕+CHoCH,4h,5m,0.0,월,,,,,,,,,,24263.0,-0.3997731731261753
LINK,스윕+CHoCH,4h,5m,0.0,월,,,,,,,,,,24264.0,-0.03909210935404437
LINK,스윕+CHoCH,4h,5m,0.0,월,,,,,,,,,,24265.0,0.05375544997598745
LINK,스윕+CHoCH,4h,5m,0.0,월,,,,,,,,,,24266.0,0.0357125279829454
LINK,스윕+CHoCH,4h,5m,0.0,월,,,,,,,,,,24267.0,0.31455632561006813
LINK,스윕+CHoCH,4h,5m,0.0,월,,,,,,,,,,24268.0,-0.7290279029249509
LINK,스윕+CHoCH,4h,5m,0.0,월,,,,,,,,,,24269.0,0.2047169847365256
LINK,스윕+CHoCH,4h,5m,0.0,월,,,,,,,,,,24270.0,-0.033043876182941107
LINK,스윕+CHoCH,4h,5m,0.0,월,,,,,,,,,,24271.0,-0.053944769463981475
LINK,스윕+CHoCH,4h,5m,0.0,월,,,,,,,,,,24272.0,0.30624611497009857
LINK,스윕+CHoCH,4h,5m,0.0,월,,,,,,,,,,24273.0,0.20627728051454097
LINK,스윕+CHoCH,4h,5m,0.0,월,,,,,,,,,,24274.0,0.017104332162760506
LINK,스윕+CHoCH,4h,5m,0.0,월,,,,,,,,,,24275.0,-0.04033652550998861
LINK,스윕+CHoCH,4h,5m,0.0,월,,,,,,,,,,24276.0,0.011657342739637195
LINK,스윕+CHoCH,4h,5m,0.0,월,,,,,,,,,,24277.0,0.055563670303879785
LINK,스윕+CHoCH,4h,5m,0.0,월,,,,,,,,,,24278.0,-0.3417525996426657
LINK,스윕+CHoCH,4h,5m,0.0,월,,,,,,,,,,24279.0,-0.3723214648912758
LINK,스윕+CHoCH,4h,5m,0.0,월,,,,,,,,,,24280.0,-0.26367825400297407
LINK,스윕+CHoCH,4h,5m,0.0,월,,,,,,,,,,24281.0,-0.31726935619060936
LINK,스윕+CHoCH,4h,5m,0.0,월,,,,,,,,,,24282.0,-0.28947685045911664
LINK,스윕+CHoCH,4h,5m,0.0,월,,,,,,,,,,24283.0,0.04514192110825695
LINK,스윕+CHoCH,4h,5m,0.0,월,,,,,,,,,,24284.0,0.5528303804437004
LINK,스윕+CHoCH,4h,5m,0.0,월,,,,,,,,,,24285.0,-0.11726778614216911
LINK,스윕+CHoCH,4h,5m,0.0,월,,,,,,,,,,24286.0,0.27064993578947466
LINK,스윕+CHoCH,4h,5m,0.0,월,,,,,,,,,,24287.0,-0.23138359271166123
LINK,스윕+CHoCH,4h,5m,0.0,월,,,,,,,,,,24288.0,-0.29806794680212245
LINK,스윕+CHoCH,4h,5m,0.0,월,,,,,,,,,,24289.0,-0.10350170085205036
LINK,스윕+CHoCH,4h,5m,0.0,월,,,,,,,,,,24290.0,0.8259710125578803
LINK,스윕+CHoCH,4h,5m,0.0,월,,,,,,,,,,24291.0,0.035359270937662376
LINK,스윕+CHoCH,4h,5m,0.0,월,,,,,,,,,,24292.0,-0.20448570310879718
LINK,스윕+CHoCH,4h,5m,0.0,월,,,,,,,,,,24293.0,-0.3099477562190886
LINK,스윕+CHoCH,4h,5m,0.0,월,,,,,,,,,,24294.0,0.21153628583931747
LINK,스윕+CHoCH,4h,5m,0.0,월,,,,,,,,,,24295.0,0.022986458767528556
LINK,스윕+CHoCH,4h,5m,0.0,월,,,,,,,,,,24296.0,0.4416160046806453
LINK,스윕+CHoCH,4h,5m,0.0,월,,,,,,,,,,24297.0,-0.14346248355161687
LINK,스윕+CHoCH,4h,5m,0.0,월,,,,,,,,,,24298.0,-0.4465930108655915
LINK,스윕+CHoCH,4h,5m,0.0,월,,,,,,,,,,24299.0,0.2014932427449907
LINK,스윕+CHoCH,4h,5m,0.0,월,,,,,,,,,,24300.0,0.30129938104963994
LINK,스윕+CHoCH,4h,5m,0.0,월,,,,,,,,,,24301.0,-0.5693604623243766
LINK,스윕+CHoCH,4h,5m,0.0,월,,,,,,,,,,24302.0,0.541508029018984
LINK,스윕+CHoCH,4h,5m,0.0,월,,,,,,,,,,24303.0,0.20730484688651762
LINK,스윕+CHoCH,4h,5m,0.0,월,,,,,,,,,,24304.0,-0.5830064570524701
LINK,스윕+CHoCH,4h,5m,0.0,월,,,,,,,,,,24305.0,0.19796296280253567
LINK,스윕+CHoCH,4h,5m,0.0,월,,,,,,,,,,24306.0,-0.3268094851712715
LINK,스윕+CHoCH,4h,5m,0.0,월,,,,,,,,,,24307.0,-0.23549728593056024
LINK,스윕+CHoCH,4h,5m,0.0,월,,,,,,,,,,24308.0,0.36163069646135515
LINK,스윕+CHoCH,4h,5m,0.0,월,,,,,,,,,,24309.0,0.23655908040497092
LINK,스윕+CHoCH,4h,5m,0.0,월,,,,,,,,,,24310.0,0.18843217470862644
LINK,스윕+CHoCH,4h,5m,0.0,월,,,,,,,,,,24311.0,0.3796848659623432
LINK,스윕+CHoCH,4h,5m,0.0,월,,,,,,,,,,24312.0,-0.5482057781105951
LINK,스윕+CHoCH,4h,5m,0.0,월,,,,,,,,,,24313.0,-0.16911419257770677
LINK,스윕+CHoCH,4h,5m,0.0,월,,,,,,,,,,24314.0,-0.5982510482409791
LINK,스윕+CHoCH,4h,5m,0.0,월,,,,,,,,,,24315.0,-0.3551286469714867
LINK,스윕+CHoCH,4h,5m,0.0,월,,,,,,,,,,24316.0,-0.2965791802278839
LINK,스윕+CHoCH,4h,5m,0.0,월,,,,,,,,,,24317.0,-0.2660161239713991
LINK,스윕+CHoCH,4h,5m,0.0,월,,,,,,,,,,24318.0,0.3271182586726713
LINK,스윕+CHoCH,4h,5m,0.25,전체,1339.0,0.9933234421364985,143.23634804131078,-0.02539208364451083,0.05330675924012052,-0.07869884288463135,0.008121732636295743,0.32337565347274083,0.004480955937266617,,
LINK,스윕+CHoCH,4h,5m,0.25,홀드아웃 전,1070.0,0.9933234421364985,144.93659880946188,-0.020560747663551402,0.05083527086900134,-0.07139601853255276,,0.3252336448598131,0.003738317757009346,,
LINK,스윕+CHoCH,4h,5m,0.25,홀드아웃 12개월,269.0,0.9933234421364985,126.34772737939251,-0.04460966542750929,0.06313758658992548,-0.10774725201743478,,0.3159851301115242,0.007434944237918215,,
LINK,스윕+CHoCH,4h,5m,0.25,월,,,,,,,,,,24258.0,-0.7217335731717115
LINK,스윕+CHoCH,4h,5m,0.25,월,,,,,,,,,,24259.0,-0.40268298116836015
LINK,스윕+CHoCH,4h,5m,0.25,월,,,,,,,,,,24260.0,-0.5381768171780349
LINK,스윕+CHoCH,4h,5m,0.25,월,,,,,,,,,,24261.0,0.37712546934982333
LINK,스윕+CHoCH,4h,5m,0.25,월,,,,,,,,,,24262.0,0.057016652881353734
LINK,스윕+CHoCH,4h,5m,0.25,월,,,,,,,,,,24263.0,-0.4252481085366468
LINK,스윕+CHoCH,4h,5m,0.25,월,,,,,,,,,,24264.0,-0.16218289441619205
LINK,스윕+CHoCH,4h,5m,0.25,월,,,,,,,,,,24265.0,0.08927619915415509
LINK,스윕+CHoCH,4h,5m,0.25,월,,,,,,,,,,24266.0,0.1655555112862605
LINK,스윕+CHoCH,4h,5m,0.25,월,,,,,,,,,,24267.0,0.2576276853846648
LINK,스윕+CHoCH,4h,5m,0.25,월,,,,,,,,,,24268.0,-0.6061593022388498
LINK,스윕+CHoCH,4h,5m,0.25,월,,,,,,,,,,24269.0,0.2068676205505012
LINK,스윕+CHoCH,4h,5m,0.25,월,,,,,,,,,,24270.0,-0.11140092556750626
LINK,스윕+CHoCH,4h,5m,0.25,월,,,,,,,,,,24271.0,-0.04968447724822669
LINK,스윕+CHoCH,4h,5m,0.25,월,,,,,,,,,,24272.0,0.3869875729487908
LINK,스윕+CHoCH,4h,5m,0.25,월,,,,,,,,,,24273.0,0.10928307095151485
LINK,스윕+CHoCH,4h,5m,0.25,월,,,,,,,,,,24274.0,0.05554685742879965
LINK,스윕+CHoCH,4h,5m,0.25,월,,,,,,,,,,24275.0,0.04122021727766866
LINK,스윕+CHoCH,4h,5m,0.25,월,,,,,,,,,,24276.0,0.014858320811967595
LINK,스윕+CHoCH,4h,5m,0.25,월,,,,,,,,,,24277.0,-0.1003377472308891
LINK,스윕+CHoCH,4h,5m,0.25,월,,,,,,,,,,24278.0,-0.33918403891916526
LINK,스윕+CHoCH,4h,5m,0.25,월,,,,,,,,,,24279.0,-0.25026360749104526
LINK,스윕+CHoCH,4h,5m,0.25,월,,,,,,,,,,24280.0,-0.06686358271344138
LINK,스윕+CHoCH,4h,5m,0.25,월,,,,,,,,,,24281.0,-0.3105580638018825
LINK,스윕+CHoCH,4h,5m,0.25,월,,,,,,,,,,24282.0,-0.3204619931095037
LINK,스윕+CHoCH,4h,5m,0.25,월,,,,,,,,,,24283.0,-0.009055144841814956
LINK,스윕+CHoCH,4h,5m,0.25,월,,,,,,,,,,24284.0,0.32165336636443587
LINK,스윕+CHoCH,4h,5m,0.25,월,,,,,,,,,,24285.0,-0.11213090297786167
LINK,스윕+CHoCH,4h,5m,0.25,월,,,,,,,,,,24286.0,0.27272754554244527
LINK,스윕+CHoCH,4h,5m,0.25,월,,,,,,,,,,24287.0,-0.22965720855906638
LINK,스윕+CHoCH,4h,5m,0.25,월,,,,,,,,,,24288.0,-0.3323596539183694
LINK,스윕+CHoCH,4h,5m,0.25,월,,,,,,,,,,24289.0,-0.1959439842061867
LINK,스윕+CHoCH,4h,5m,0.25,월,,,,,,,,,,24290.0,0.8293311903877215
LINK,스윕+CHoCH,4h,5m,0.25,월,,,,,,,,,,24291.0,0.16051276773056544
LINK,스윕+CHoCH,4h,5m,0.25,월,,,,,,,,,,24292.0,-0.20055099387992995
LINK,스윕+CHoCH,4h,5m,0.25,월,,,,,,,,,,24293.0,-0.34386903119546386
LINK,스윕+CHoCH,4h,5m,0.25,월,,,,,,,,,,24294.0,0.09703044272430904
LINK,스윕+CHoCH,4h,5m,0.25,월,,,,,,,,,,24295.0,0.16760231185184138
LINK,스윕+CHoCH,4h,5m,0.25,월,,,,,,,,,,24296.0,0.3084461241137358
LINK,스윕+CHoCH,4h,5m,0.25,월,,,,,,,,,,24297.0,-0.06228104732348765
LINK,스윕+CHoCH,4h,5m,0.25,월,,,,,,,,,,24298.0,-0.442329112202228
LINK,스윕+CHoCH,4h,5m,0.25,월,,,,,,,,,,24299.0,0.20347663108073077
LINK,스윕+CHoCH,4h,5m,0.25,월,,,,,,,,,,24300.0,0.30328157539357503
LINK,스윕+CHoCH,4h,5m,0.25,월,,,,,,,,,,24301.0,-0.7250195722096642
LINK,스윕+CHoCH,4h,5m,0.25,월,,,,,,,,,,24302.0,0.5452519827537348
LINK,스윕+CHoCH,4h,5m,0.25,월,,,,,,,,,,24303.0,0.08394938280510794
LINK,스윕+CHoCH,4h,5m,0.25,월,,,,,,,,,,24304.0,-0.45031182731919134
LINK,스윕+CHoCH,4h,5m,0.25,월,,,,,,,,,,24305.0,0.01061634894246887
LINK,스윕+CHoCH,4h,5m,0.25,월,,,,,,,,,,24306.0,-0.2137479542920419
LINK,스윕+CHoCH,4h,5m,0.25,월,,,,,,,,,,24307.0,-0.021115821388785268
LINK,스윕+CHoCH,4h,5m,0.25,월,,,,,,,,,,24308.0,0.3642988216647113
LINK,스윕+CHoCH,4h,5m,0.25,월,,,,,,,,,,24309.0,0.24127895192637497
LINK,스윕+CHoCH,4h,5m,0.25,월,,,,,,,,,,24310.0,0.08756812352695587
LINK,스윕+CHoCH,4h,5m,0.25,월,,,,,,,,,,24311.0,0.2421369359299414
LINK,스윕+CHoCH,4h,5m,0.25,월,,,,,,,,,,24312.0,-0.5439953920280607
LINK,스윕+CHoCH,4h,5m,0.25,월,,,,,,,,,,24313.0,-0.46700861626036705
LINK,스윕+CHoCH,4h,5m,0.25,월,,,,,,,,,,24314.0,-0.7120079519642383
LINK,스윕+CHoCH,4h,5m,0.25,월,,,,,,,,,,24315.0,-0.34952109477478294
LINK,스윕+CHoCH,4h,5m,0.25,월,,,,,,,,,,24316.0,-0.1493119610985538
LINK,스윕+CHoCH,4h,5m,0.25,월,,,,,,,,,,24317.0,-0.26009962858255914
LINK,스윕+CHoCH,4h,5m,0.25,월,,,,,,,,,,24318.0,0.33055810309209155
LINK,스윕+CHoCH,4h,15m,0.0,전체,1283.0,0.9884437596302003,209.96373353693454,-0.010132501948558068,0.036063555051682565,-0.04619605700024063,-0.0047739672642244735,0.32579890880748247,0.012470771628994544,,
LINK,스윕+CHoCH,4h,15m,0.0,홀드아웃 전,1019.0,0.9884437596302003,217.92561035556287,-0.017664376840039256,0.03452865186520486,-0.052193028705244116,,0.323846908734053,0.010794896957801767,,
LINK,스윕+CHoCH,4h,15m,0.0,홀드아웃 12개월,264.0,0.9884437596302003,180.7825802801445,0.01893939393939394,0.04198804879039766,-0.023048654851003703,,0.3333333333333333,0.01893939393939394,,
LINK,스윕+CHoCH,4h,15m,0.0,월,,,,,,,,,,24258.0,-0.2715297691618417
LINK,스윕+CHoCH,4h,15m,0.0,월,,,,,,,,,,24259.0,0.05284478023828269
LINK,스윕+CHoCH,4h,15m,0.0,월,,,,,,,,,,24260.0,-0.4912029849897667
LINK,스윕+CHoCH,4h,15m,0.0,월,,,,,,,,,,24261.0,0.2282466629560523
LINK,스윕+CHoCH,4h,15m,0.0,월,,,,,,,,,,24262.0,0.0664315203634574
LINK,스윕+CHoCH,4h,15m,0.0,월,,,,,,,,,,24263.0,-0.3811410578668795
LINK,스윕+CHoCH,4h,15m,0.0,월,,,,,,,,,,24264.0,-0.33398810152143316
LINK,스윕+CHoCH,4h,15m,0.0,월,,,,,,,,,,24265.0,-0.02088167678388822
LINK,스윕+CHoCH,4h,15m,0.0,월,,,,,,,,,,24266.0,0.19633302879321202
LINK,스윕+CHoCH,4h,15m,0.0,월,,,,,,,,,,24267.0,0.6236896302195072
LINK,스윕+CHoCH,4h,15m,0.0,월,,,,,,,,,,24268.0,-0.21246490373385804
LINK,스윕+CHoCH,4h,15m,0.0,월,,,,,,,,,,24269.0,0.48071608981932545
LINK,스윕+CHoCH,4h,15m,0.0,월,,,,,,,,,,24270.0,-0.10527878292843358
LINK,스윕+CHoCH,4h,15m,0.0,월,,,,,,,,,,24271.0,0.09520708689766971
LINK,스윕+CHoCH,4h,15m,0.0,월,,,,,,,,,,24272.0,0.1123341702922655
LINK,스윕+CHoCH,4h,15m,0.0,월,,,,,,,,,,24273.0,-0.17608323183561445
LINK,스윕+CHoCH,4h,15m,0.0,월,,,,,,,,,,24274.0,0.12930194305124393
LINK,스윕+CHoCH,4h,15m,0.0,월,,,,,,,,,,24275.0,-0.36216251053606247
LINK,스윕+CHoCH,4h,15m,0.0,월,,,,,,,,,,24276.0,-0.3871622629637383
LINK,스윕+CHoCH,4h,15m,0.0,월,,,,,,,,,,24277.0,0.07257856410640666
LINK,스윕+CHoCH,4h,15m,0.0,월,,,,,,,,,,24278.0,-0.6832225450796461
LINK,스윕+CHoCH,4h,15m,0.0,월,,,,,,,,,,24279.0,-0.07883645949604766
LINK,스윕+CHoCH,4h,15m,0.0,월,,,,,,,,,,24280.0,-0.2300465015203404
LINK,스윕+CHoCH,4h,15m,0.0,월,,,,,,,,,,24281.0,0.08914980996666785
LINK,스윕+CHoCH,4h,15m,0.0,월,,,,,,,,,,24282.0,0.11690984191410031
LINK,스윕+CHoCH,4h,15m,0.0,월,,,,,,,,,,24283.0,0.19182292598281894
LINK,스윕+CHoCH,4h,15m,0.0,월,,,,,,,,,,24284.0,-0.7820936053940012
LINK,스윕+CHoCH,4h,15m,0.0,월,,,,,,,,,,24285.0,0.3169492037453818
LINK,스윕+CHoCH,4h,15m,0.0,월,,,,,,,,,,24286.0,-0.09490131497742077
LINK,스윕+CHoCH,4h,15m,0.0,월,,,,,,,,,,24287.0,-0.4235610020438859
LINK,스윕+CHoCH,4h,15m,0.0,월,,,,,,,,,,24288.0,0.25791640496349333
LINK,스윕+CHoCH,4h,15m,0.0,월,,,,,,,,,,24289.0,0.20298725243028595
LINK,스윕+CHoCH,4h,15m,0.0,월,,,,,,,,,,24290.0,0.1661657789492921
LINK,스윕+CHoCH,4h,15m,0.0,월,,,,,,,,,,24291.0,0.302845339053301
LINK,스윕+CHoCH,4h,15m,0.0,월,,,,,,,,,,24292.0,-0.3945479506189707
LINK,스윕+CHoCH,4h,15m,0.0,월,,,,,,,,,,24293.0,0.06872086623296429
LINK,스윕+CHoCH,4h,15m,0.0,월,,,,,,,,,,24294.0,-0.03668959064689523
LINK,스윕+CHoCH,4h,15m,0.0,월,,,,,,,,,,24295.0,-0.08295212953348964
LINK,스윕+CHoCH,4h,15m,0.0,월,,,,,,,,,,24296.0,-0.030601664884210344
LINK,스윕+CHoCH,4h,15m,0.0,월,,,,,,,,,,24297.0,-0.08385495377457819
LINK,스윕+CHoCH,4h,15m,0.0,월,,,,,,,,,,24298.0,-0.04576558839947823
LINK,스윕+CHoCH,4h,15m,0.0,월,,,,,,,,,,24299.0,0.39799556007228043
LINK,스윕+CHoCH,4h,15m,0.0,월,,,,,,,,,,24300.0,-0.35644431363018136
LINK,스윕+CHoCH,4h,15m,0.0,월,,,,,,,,,,24301.0,-0.3947953389132078
LINK,스윕+CHoCH,4h,15m,0.0,월,,,,,,,,,,24302.0,0.3479088648562945
LINK,스윕+CHoCH,4h,15m,0.0,월,,,,,,,,,,24303.0,-0.4335855641005397
LINK,스윕+CHoCH,4h,15m,0.0,월,,,,,,,,,,24304.0,0.17099565154296364
LINK,스윕+CHoCH,4h,15m,0.0,월,,,,,,,,,,24305.0,-0.28634291889281677
LINK,스윕+CHoCH,4h,15m,0.0,월,,,,,,,,,,24306.0,-0.5756309811051845
LINK,스윕+CHoCH,4h,15m,0.0,월,,,,,,,,,,24307.0,0.32420622119518
LINK,스윕+CHoCH,4h,15m,0.0,월,,,,,,,,,,24308.0,-0.11700651656098765
LINK,스윕+CHoCH,4h,15m,0.0,월,,,,,,,,,,24309.0,0.047648117950030204
LINK,스윕+CHoCH,4h,15m,0.0,월,,,,,,,,,,24310.0,0.2238007152360992
LINK,스윕+CHoCH,4h,15m,0.0,월,,,,,,,,,,24311.0,0.2729439218900492
LINK,스윕+CHoCH,4h,15m,0.0,월,,,,,,,,,,24312.0,-0.16451364222591747
LINK,스윕+CHoCH,4h,15m,0.0,월,,,,,,,,,,24313.0,-0.45627471266523595
LINK,스윕+CHoCH,4h,15m,0.0,월,,,,,,,,,,24314.0,-0.23338900739310744
LINK,스윕+CHoCH,4h,15m,0.0,월,,,,,,,,,,24315.0,-0.6062602224322856
LINK,스윕+CHoCH,4h,15m,0.0,월,,,,,,,,,,24316.0,0.0861135680549796
LINK,스윕+CHoCH,4h,15m,0.0,월,,,,,,,,,,24317.0,0.2834526348554058
LINK,스윕+CHoCH,4h,15m,0.0,월,,,,,,,,,,24318.0,-0.11478192048200017
LINK,스윕+CHoCH,4h,15m,0.25,전체,1285.0,0.9884615384615385,219.02562888482638,-0.0062256809338521405,0.03438183168721412,-0.04060751262106627,-0.005544747081712062,0.32684824902723736,0.013229571984435798,,
LINK,스윕+CHoCH,4h,15m,0.25,홀드아웃 전,1021.0,0.9884615384615385,226.73357425179344,-0.015670910871694418,0.032930353695652434,-0.04860126456734687,,0.32419196865817823,0.011753183153770812,,
LINK,스윕+CHoCH,4h,15m,0.25,홀드아웃 12개월,264.0,0.9884615384615385,187.15587616695257,0.030303030303030304,0.03999531285912505,-0.009692282556094724,,0.3371212121212121,0.01893939393939394,,
LINK,스윕+CHoCH,4h,15m,0.25,월,,,,,,,,,,24258.0,-0.08174784289703671
LINK,스윕+CHoCH,4h,15m,0.25,월,,,,,,,,,,24259.0,-0.06665343975135739
LINK,스윕+CHoCH,4h,15m,0.25,월,,,,,,,,,,24260.0,-0.4898664676318292
LINK,스윕+CHoCH,4h,15m,0.25,월,,,,,,,,,,24261.0,0.22935291381717654
LINK,스윕+CHoCH,4h,15m,0.25,월,,,,,,,,,,24262.0,0.06849910993348589
LINK,스윕+CHoCH,4h,15m,0.25,월,,,,,,,,,,24263.0,-0.3795678246205048
LINK,스윕+CHoCH,4h,15m,0.25,월,,,,,,,,,,24264.0,-0.3324527992016235
LINK,스윕+CHoCH,4h,15m,0.25,월,,,,,,,,,,24265.0,0.10030524448983485
LINK,스윕+CHoCH,4h,15m,0.25,월,,,,,,,,,,24266.0,0.1977104262239924
LINK,스윕+CHoCH,4h,15m,0.25,월,,,,,,,,,,24267.0,0.6249094297700795
LINK,스윕+CHoCH,4h,15m,0.25,월,,,,,,,,,,24268.0,-0.37835317931697515
LINK,스윕+CHoCH,4h,15m,0.25,월,,,,,,,,,,24269.0,0.31448609719696324
LINK,스윕+CHoCH,4h,15m,0.25,월,,,,,,,,,,24270.0,-0.10402821059187284
LINK,스윕+CHoCH,4h,15m,0.25,월,,,,,,,,,,24271.0,-0.029142610189109974
LINK,스윕+CHoCH,4h,15m,0.25,월,,,,,,,,,,24272.0,0.25734216509665886
LINK,스윕+CHoCH,4h,15m,0.25,월,,,,,,,,,,24273.0,-0.17441031949562752
LINK,스윕+CHoCH,4h,15m,0.25,월,,,,,,,,,,24274.0,0.13134042622405082
LINK,스윕+CHoCH,4h,15m,0.25,월,,,,,,,,,,24275.0,-0.3607302274803959
LINK,스윕+CHoCH,4h,15m,0.25,월,,,,,,,,,,24276.0,-0.10799463783240716
LINK,스윕+CHoCH,4h,15m,0.25,월,,,,,,,,,,24277.0,0.07373597538425869
LINK,스윕+CHoCH,4h,15m,0.25,월,,,,,,,,,,24278.0,-0.681822903340498
LINK,스윕+CHoCH,4h,15m,0.25,월,,,,,,,,,,24279.0,0.04408833138908396
LINK,스윕+CHoCH,4h,15m,0.25,월,,,,,,,,,,24280.0,-0.2284831551981849
LINK,스윕+CHoCH,4h,15m,0.25,월,,,,,,,,,,24281.0,-0.004712827002697558
LINK,스윕+CHoCH,4h,15m,0.25,월,,,,,,,,,,24282.0,-0.1321973202257036
LINK,스윕+CHoCH,4h,15m,0.25,월,,,,,,,,,,24283.0,0.19411470602203038
LINK,스윕+CHoCH,4h,15m,0.25,월,,,,,,,,,,24284.0,-0.7803752919883713
LINK,스윕+CHoCH,4h,15m,0.25,월,,,,,,,,,,24285.0,0.3189276165499668
LINK,스윕+CHoCH,4h,15m,0.25,월,,,,,,,,,,24286.0,-0.09368699375429461
LINK,스윕+CHoCH,4h,15m,0.25,월,,,,,,,,,,24287.0,-0.42258335512397843
LINK,스윕+CHoCH,4h,15m,0.25,월,,,,,,,,,,24288.0,0.25902186312037
LINK,스윕+CHoCH,4h,15m,0.25,월,,,,,,,,,,24289.0,0.2044523726190518
LINK,스윕+CHoCH,4h,15m,0.25,월,,,,,,,,,,24290.0,0.16755727425429126
LINK,스윕+CHoCH,4h,15m,0.25,월,,,,,,,,,,24291.0,0.19269734879682807
LINK,스윕+CHoCH,4h,15m,0.25,월,,,,,,,,,,24292.0,-0.17721975483204114
LINK,스윕+CHoCH,4h,15m,0.25,월,,,,,,,,,,24293.0,0.1643587593913561
LINK,스윕+CHoCH,4h,15m,0.25,월,,,,,,,,,,24294.0,0.09085807786447937
LINK,스윕+CHoCH,4h,15m,0.25,월,,,,,,,,,,24295.0,0.03547029949390416
LINK,스윕+CHoCH,4h,15m,0.25,월,,,,,,,,,,24296.0,0.1075632413895375
LINK,스윕+CHoCH,4h,15m,0.25,월,,,,,,,,,,24297.0,-0.08206576933280868
LINK,스윕+CHoCH,4h,15m,0.25,월,,,,,,,,,,24298.0,-0.043632809147377896
LINK,스윕+CHoCH,4h,15m,0.25,월,,,,,,,,,,24299.0,0.39898340954514555
LINK,스윕+CHoCH,4h,15m,0.25,월,,,,,,,,,,24300.0,-0.3549115984502598
LINK,스윕+CHoCH,4h,15m,0.25,월,,,,,,,,,,24301.0,-0.39372766549519944
LINK,스윕+CHoCH,4h,15m,0.25,월,,,,,,,,,,24302.0,0.3492664478250487
LINK,스윕+CHoCH,4h,15m,0.25,월,,,,,,,,,,24303.0,-0.45616589824608084
LINK,스윕+CHoCH,4h,15m,0.25,월,,,,,,,,,,24304.0,0.021628661219081635
LINK,스윕+CHoCH,4h,15m,0.25,월,,,,,,,,,,24305.0,-0.4101342579571495
LINK,스윕+CHoCH,4h,15m,0.25,월,,,,,,,,,,24306.0,-0.5732364970432703
LINK,스윕+CHoCH,4h,15m,0.25,월,,,,,,,,,,24307.0,0.3260593493487985
LINK,스윕+CHoCH,4h,15m,0.25,월,,,,,,,,,,24308.0,-0.11587488611592223
LINK,스윕+CHoCH,4h,15m,0.25,월,,,,,,,,,,24309.0,0.04970312685442857
LINK,스윕+CHoCH,4h,15m,0.25,월,,,,,,,,,,24310.0,0.22554741255786984
LINK,스윕+CHoCH,4h,15m,0.25,월,,,,,,,,,,24311.0,0.27453606153967125
LINK,스윕+CHoCH,4h,15m,0.25,월,,,,,,,,,,24312.0,-0.16265932597054722
LINK,스윕+CHoCH,4h,15m,0.25,월,,,,,,,,,,24313.0,-0.4536046894400025
LINK,스윕+CHoCH,4h,15m,0.25,월,,,,,,,,,,24314.0,-0.23195844443298458
LINK,스윕+CHoCH,4h,15m,0.25,월,,,,,,,,,,24315.0,-0.6039876299892808
LINK,스윕+CHoCH,4h,15m,0.25,월,,,,,,,,,,24316.0,0.23331067860324167
LINK,스윕+CHoCH,4h,15m,0.25,월,,,,,,,,,,24317.0,0.28528099843349985
LINK,스윕+CHoCH,4h,15m,0.25,월,,,,,,,,,,24318.0,-0.11331193189570994
LINK,스윕+CHoCH,4h,1h,0.0,전체,785.0,0.9911616161616161,416.41064423122384,-0.0267515923566879,0.018008639874999278,-0.04476023223168717,0.005573248407643313,0.2929936305732484,0.09426751592356689,,
LINK,스윕+CHoCH,4h,1h,0.0,홀드아웃 전,626.0,0.9911616161616161,435.2492060565675,-0.011182108626198083,0.017295611541227683,-0.028477720167425773,,0.2987220447284345,0.0926517571884984,,
LINK,스윕+CHoCH,4h,1h,0.0,홀드아웃 12개월,159.0,0.9911616161616161,368.1957186544344,-0.0880503144654088,0.020815908660791842,-0.10886622312620063,,0.27044025157232704,0.10062893081761007,,
LINK,스윕+CHoCH,4h,1h,0.0,월,,,,,,,,,,24258.0,-0.011161428058202305
LINK,스윕+CHoCH,4h,1h,0.0,월,,,,,,,,,,24259.0,-0.013514208608297685
LINK,스윕+CHoCH,4h,1h,0.0,월,,,,,,,,,,24260.0,-0.26425911482980713
LINK,스윕+CHoCH,4h,1h,0.0,월,,,,,,,,,,24261.0,0.06155533055242076
LINK,스윕+CHoCH,4h,1h,0.0,월,,,,,,,,,,24262.0,-0.18247346963766142
LINK,스윕+CHoCH,4h,1h,0.0,월,,,,,,,,,,24263.0,-0.01763673293941269
LINK,스윕+CHoCH,4h,1h,0.0,월,,,,,,,,,,24264.0,-0.07019573765313737
LINK,스윕+CHoCH,4h,1h,0.0,월,,,,,,,,,,24265.0,-0.08113415417504768
LINK,스윕+CHoCH,4h,1h,0.0,월,,,,,,,,,,24266.0,-0.1016372094364923
LINK,스윕+CHoCH,4h,1h,0.0,월,,,,,,,,,,24267.0,0.184784748063603
LINK,스윕+CHoCH,4h,1h,0.0,월,,,,,,,,,,24268.0,0.13773883398247805
LINK,스윕+CHoCH,4h,1h,0.0,월,,,,,,,,,,24269.0,0.32224078638524173
LINK,스윕+CHoCH,4h,1h,0.0,월,,,,,,,,,,24270.0,-0.5129316857123585
LINK,스윕+CHoCH,4h,1h,0.0,월,,,,,,,,,,24271.0,-0.09269470143182096
LINK,스윕+CHoCH,4h,1h,0.0,월,,,,,,,,,,24272.0,0.13907382268206087
LINK,스윕+CHoCH,4h,1h,0.0,월,,,,,,,,,,24273.0,0.9882594057100699
LINK,스윕+CHoCH,4h,1h,0.0,월,,,,,,,,,,24274.0,-0.11384684355057685
LINK,스윕+CHoCH,4h,1h,0.0,월,,,,,,,,,,24275.0,-0.014605241809690013
LINK,스윕+CHoCH,4h,1h,0.0,월,,,,,,,,,,24276.0,-0.23793804520153997
LINK,스윕+CHoCH,4h,1h,0.0,월,,,,,,,,,,24277.0,-0.10109199093531558
LINK,스윕+CHoCH,4h,1h,0.0,월,,,,,,,,,,24278.0,-0.28652004377726475
LINK,스윕+CHoCH,4h,1h,0.0,월,,,,,,,,,,24279.0,-0.01747217919087538
LINK,스윕+CHoCH,4h,1h,0.0,월,,,,,,,,,,24280.0,0.18107849495386402
LINK,스윕+CHoCH,4h,1h,0.0,월,,,,,,,,,,24281.0,0.11473053784809013
LINK,스윕+CHoCH,4h,1h,0.0,월,,,,,,,,,,24282.0,0.04202877394642056
LINK,스윕+CHoCH,4h,1h,0.0,월,,,,,,,,,,24283.0,0.3129125918866417
LINK,스윕+CHoCH,4h,1h,0.0,월,,,,,,,,,,24284.0,-0.5352850092025571
LINK,스윕+CHoCH,4h,1h,0.0,월,,,,,,,,,,24285.0,0.8540120185179751
LINK,스윕+CHoCH,4h,1h,0.0,월,,,,,,,,,,24286.0,-0.42410565514001364
LINK,스윕+CHoCH,4h,1h,0.0,월,,,,,,,,,,24287.0,0.3864338761308218
LINK,스윕+CHoCH,4h,1h,0.0,월,,,,,,,,,,24288.0,-0.3240048691903035
LINK,스윕+CHoCH,4h,1h,0.0,월,,,,,,,,,,24289.0,0.7392669457912677
LINK,스윕+CHoCH,4h,1h,0.0,월,,,,,,,,,,24290.0,0.31308750807798635
LINK,스윕+CHoCH,4h,1h,0.0,월,,,,,,,,,,24291.0,0.14955617103072205
LINK,스윕+CHoCH,4h,1h,0.0,월,,,,,,,,,,24292.0,-0.47225284130445805
LINK,스윕+CHoCH,4h,1h,0.0,월,,,,,,,,,,24293.0,-0.5251842157518813
LINK,스윕+CHoCH,4h,1h,0.0,월,,,,,,,,,,24294.0,0.1580496738371687
LINK,스윕+CHoCH,4h,1h,0.0,월,,,,,,,,,,24295.0,0.09344857717574016
LINK,스윕+CHoCH,4h,1h,0.0,월,,,,,,,,,,24296.0,-0.41771091105694197
LINK,스윕+CHoCH,4h,1h,0.0,월,,,,,,,,,,24297.0,-0.3325037722852284
LINK,스윕+CHoCH,4h,1h,0.0,월,,,,,,,,,,24298.0,-0.2574230992182617
LINK,스윕+CHoCH,4h,1h,0.0,월,,,,,,,,,,24299.0,-0.012230751189486633
LINK,스윕+CHoCH,4h,1h,0.0,월,,,,,,,,,,24300.0,0.2209343746556675
LINK,스윕+CHoCH,4h,1h,0.0,월,,,,,,,,,,24301.0,0.2367050798419593
LINK,스윕+CHoCH,4h,1h,0.0,월,,,,,,,,,,24302.0,0.3873421877443689
LINK,스윕+CHoCH,4h,1h,0.0,월,,,,,,,,,,24303.0,0.12725692872938893
LINK,스윕+CHoCH,4h,1h,0.0,월,,,,,,,,,,24304.0,-0.13881234564686123
LINK,스윕+CHoCH,4h,1h,0.0,월,,,,,,,,,,24305.0,0.06803578602349784
LINK,스윕+CHoCH,4h,1h,0.0,월,,,,,,,,,,24306.0,-0.33100809990052393
LINK,스윕+CHoCH,4h,1h,0.0,월,,,,,,,,,,24307.0,0.17111594442056807
LINK,스윕+CHoCH,4h,1h,0.0,월,,,,,,,,,,24308.0,-0.5515162984622917
LINK,스윕+CHoCH,4h,1h,0.0,월,,,,,,,,,,24309.0,-0.23821433865409664
LINK,스윕+CHoCH,4h,1h,0.0,월,,,,,,,,,,24310.0,-0.22925562850974993
LINK,스윕+CHoCH,4h,1h,0.0,월,,,,,,,,,,24311.0,-0.015699240072478138
LINK,스윕+CHoCH,4h,1h,0.0,월,,,,,,,,,,24312.0,-0.2138710007731603
LINK,스윕+CHoCH,4h,1h,0.0,월,,,,,,,,,,24313.0,-0.025529940522168948
LINK,스윕+CHoCH,4h,1h,0.0,월,,,,,,,,,,24314.0,0.35831658032961217
LINK,스윕+CHoCH,4h,1h,0.0,월,,,,,,,,,,24315.0,-0.38186067117215355
LINK,스윕+CHoCH,4h,1h,0.0,월,,,,,,,,,,24316.0,-0.08572184429638519
LINK,스윕+CHoCH,4h,1h,0.0,월,,,,,,,,,,24317.0,-0.10534207442156966
LINK,스윕+CHoCH,4h,1h,0.0,월,,,,,,,,,,24318.0,-0.16400349433218034
LINK,스윕+CHoCH,4h,1h,0.25,전체,785.0,0.9911616161616161,424.9882421988147,-0.04203821656050955,0.01767566549736348,-0.059713882057873036,-0.07770700636942676,0.2840764331210191,0.10573248407643313,,
LINK,스윕+CHoCH,4h,1h,0.25,홀드아웃 전,626.0,0.9911616161616161,443.3354623524254,-0.022364217252396165,0.016958810611842495,-0.03932302786423867,,0.29073482428115016,0.10543130990415335,,
LINK,스윕+CHoCH,4h,1h,0.25,홀드아웃 12개월,159.0,0.9911616161616161,374.0107161325219,-0.11949685534591195,0.020497999826521583,-0.13999485517243354,,0.2578616352201258,0.1069182389937107,,
LINK,스윕+CHoCH,4h,1h,0.25,월,,,,,,,,,,24258.0,-0.010865957782347668
LINK,스윕+CHoCH,4h,1h,0.25,월,,,,,,,,,,24259.0,-0.013173809352355664
LINK,스윕+CHoCH,4h,1h,0.25,월,,,,,,,,,,24260.0,-0.26390305172632594
LINK,스윕+CHoCH,4h,1h,0.25,월,,,,,,,,,,24261.0,0.061758242998193276
LINK,스윕+CHoCH,4h,1h,0.25,월,,,,,,,,,,24262.0,-0.18211854306100253
LINK,스윕+CHoCH,4h,1h,0.25,월,,,,,,,,,,24263.0,-0.017187436930211852
LINK,스윕+CHoCH,4h,1h,0.25,월,,,,,,,,,,24264.0,-0.06978190027630948
LINK,스윕+CHoCH,4h,1h,0.25,월,,,,,,,,,,24265.0,-0.009516605905366174
LINK,스윕+CHoCH,4h,1h,0.25,월,,,,,,,,,,24266.0,-0.2836339670378288
LINK,스윕+CHoCH,4h,1h,0.25,월,,,,,,,,,,24267.0,-0.01563008040557925
LINK,스윕+CHoCH,4h,1h,0.25,월,,,,,,,,,,24268.0,0.13800991675482518
LINK,스윕+CHoCH,4h,1h,0.25,월,,,,,,,,,,24269.0,0.3224875056911942
LINK,스윕+CHoCH,4h,1h,0.25,월,,,,,,,,,,24270.0,-0.5126002486493669
LINK,스윕+CHoCH,4h,1h,0.25,월,,,,,,,,,,24271.0,-0.09231016207792447
LINK,스윕+CHoCH,4h,1h,0.25,월,,,,,,,,,,24272.0,0.13935994081603703
LINK,스윕+CHoCH,4h,1h,0.25,월,,,,,,,,,,24273.0,0.9885372586355574
LINK,스윕+CHoCH,4h,1h,0.25,월,,,,,,,,,,24274.0,-0.11329736650801903
LINK,스윕+CHoCH,4h,1h,0.25,월,,,,,,,,,,24275.0,-0.15741652008382764
LINK,스윕+CHoCH,4h,1h,0.25,월,,,,,,,,,,24276.0,-0.23695438205600466
LINK,스윕+CHoCH,4h,1h,0.25,월,,,,,,,,,,24277.0,-0.1007592314522212
LINK,스윕+CHoCH,4h,1h,0.25,월,,,,,,,,,,24278.0,-0.28610658613344336
LINK,스윕+CHoCH,4h,1h,0.25,월,,,,,,,,,,24279.0,-0.1758125432642633
LINK,스윕+CHoCH,4h,1h,0.25,월,,,,,,,,,,24280.0,0.18138339162854195
LINK,스윕+CHoCH,4h,1h,0.25,월,,,,,,,,,,24281.0,0.33107783828592596
LINK,스윕+CHoCH,4h,1h,0.25,월,,,,,,,,,,24282.0,0.04272649972845529
LINK,스윕+CHoCH,4h,1h,0.25,월,,,,,,,,,,24283.0,0.3133812680369766
LINK,스윕+CHoCH,4h,1h,0.25,월,,,,,,,,,,24284.0,-0.5345428663157453
LINK,스윕+CHoCH,4h,1h,0.25,월,,,,,,,,,,24285.0,0.6030252000853311
LINK,스윕+CHoCH,4h,1h,0.25,월,,,,,,,,,,24286.0,-0.42358360337888856
LINK,스윕+CHoCH,4h,1h,0.25,월,,,,,,,,,,24287.0,0.38671449159033017
LINK,스윕+CHoCH,4h,1h,0.25,월,,,,,,,,,,24288.0,-0.3237035293401484
LINK,스윕+CHoCH,4h,1h,0.25,월,,,,,,,,,,24289.0,0.7394668713193063
LINK,스윕+CHoCH,4h,1h,0.25,월,,,,,,,,,,24290.0,0.3136218223696363
LINK,스윕+CHoCH,4h,1h,0.25,월,,,,,,,,,,24291.0,0.03848507279098861
LINK,스윕+CHoCH,4h,1h,0.25,월,,,,,,,,,,24292.0,-0.19802935180331627
LINK,스윕+CHoCH,4h,1h,0.25,월,,,,,,,,,,24293.0,-0.5245547941157825
LINK,스윕+CHoCH,4h,1h,0.25,월,,,,,,,,,,24294.0,0.15839537136641543
LINK,스윕+CHoCH,4h,1h,0.25,월,,,,,,,,,,24295.0,0.09376852388725426
LINK,스윕+CHoCH,4h,1h,0.25,월,,,,,,,,,,24296.0,-0.35070887071841755
LINK,스윕+CHoCH,4h,1h,0.25,월,,,,,,,,,,24297.0,-0.5633660267671405
LINK,스윕+CHoCH,4h,1h,0.25,월,,,,,,,,,,24298.0,-0.37515576562941017
LINK,스윕+CHoCH,4h,1h,0.25,월,,,,,,,,,,24299.0,-0.011961372068562626
LINK,스윕+CHoCH,4h,1h,0.25,월,,,,,,,,,,24300.0,0.22114111349921253
LINK,스윕+CHoCH,4h,1h,0.25,월,,,,,,,,,,24301.0,0.23703409606089856
LINK,스윕+CHoCH,4h,1h,0.25,월,,,,,,,,,,24302.0,0.3876250621017657
LINK,스윕+CHoCH,4h,1h,0.25,월,,,,,,,,,,24303.0,0.12765304958109597
LINK,스윕+CHoCH,4h,1h,0.25,월,,,,,,,,,,24304.0,0.04930007614958683
LINK,스윕+CHoCH,4h,1h,0.25,월,,,,,,,,,,24305.0,0.06834083979697586
LINK,스윕+CHoCH,4h,1h,0.25,월,,,,,,,,,,24306.0,-0.3305316982793481
LINK,스윕+CHoCH,4h,1h,0.25,월,,,,,,,,,,24307.0,0.17146968056545114
LINK,스윕+CHoCH,4h,1h,0.25,월,,,,,,,,,,24308.0,-0.5512625197652435
LINK,스윕+CHoCH,4h,1h,0.25,월,,,,,,,,,,24309.0,-0.23774358718270922
LINK,스윕+CHoCH,4h,1h,0.25,월,,,,,,,,,,24310.0,-0.22900355171613468
LINK,스윕+CHoCH,4h,1h,0.25,월,,,,,,,,,,24311.0,-0.015348027280874366
LINK,스윕+CHoCH,4h,1h,0.25,월,,,,,,,,,,24312.0,-0.21340286326900682
LINK,스윕+CHoCH,4h,1h,0.25,월,,,,,,,,,,24313.0,-0.025081473177260616
LINK,스윕+CHoCH,4h,1h,0.25,월,,,,,,,,,,24314.0,0.045052753351400104
LINK,스윕+CHoCH,4h,1h,0.25,월,,,,,,,,,,24315.0,-0.38131672261262584
LINK,스윕+CHoCH,4h,1h,0.25,월,,,,,,,,,,24316.0,-0.08495639619612974
LINK,스윕+CHoCH,4h,1h,0.25,월,,,,,,,,,,24317.0,-0.10499620588167992
LINK,스윕+CHoCH,4h,1h,0.25,월,,,,,,,,,,24318.0,-0.16362712579528277
SOL,순수CHoCH,—,5m,0.0,전체,18730.0,0.9946893255443441,223.12719204150386,0.011318739989321943,0.036799860845321754,-0.025481120855999805,0.0004404698344901226,0.32835024025627335,0.02626801922050187,,
SOL,순수CHoCH,—,5m,0.0,홀드아웃 전,15278.0,0.9946893255443441,239.38043244783677,0.013548893834271502,0.03382877212353727,-0.02027987828926577,,0.329166121220055,0.026050530174106558,,
SOL,순수CHoCH,—,5m,0.0,홀드아웃 12개월,3452.0,0.9946893255443441,158.27716932808005,0.0014484356894553883,0.04994942442916395,-0.04850098873970856,,0.32473928157589804,0.027230590961761298,,
SOL,순수CHoCH,—,5m,0.0,월,,,,,,,,,,24256.0,0.10457685627576135
SOL,순수CHoCH,—,5m,0.0,월,,,,,,,,,,24257.0,-0.05527780401603972
SOL,순수CHoCH,—,5m,0.0,월,,,,,,,,,,24258.0,-0.07637011301051257
SOL,순수CHoCH,—,5m,0.0,월,,,,,,,,,,24259.0,0.112620048994858
SOL,순수CHoCH,—,5m,0.0,월,,,,,,,,,,24260.0,-0.008831705272523254
SOL,순수CHoCH,—,5m,0.0,월,,,,,,,,,,24261.0,0.13230893235346464
SOL,순수CHoCH,—,5m,0.0,월,,,,,,,,,,24262.0,-0.04230667581127942
SOL,순수CHoCH,—,5m,0.0,월,,,,,,,,,,24263.0,-0.09748027538082119
SOL,순수CHoCH,—,5m,0.0,월,,,,,,,,,,24264.0,-0.06044729087971126
SOL,순수CHoCH,—,5m,0.0,월,,,,,,,,,,24265.0,0.005436202656810948
SOL,순수CHoCH,—,5m,0.0,월,,,,,,,,,,24266.0,0.03328928506509655
SOL,순수CHoCH,—,5m,0.0,월,,,,,,,,,,24267.0,0.0659690269999604
SOL,순수CHoCH,—,5m,0.0,월,,,,,,,,,,24268.0,0.06243287381973927
SOL,순수CHoCH,—,5m,0.0,월,,,,,,,,,,24269.0,0.00903681185971389
SOL,순수CHoCH,—,5m,0.0,월,,,,,,,,,,24270.0,0.09792628238963512
SOL,순수CHoCH,—,5m,0.0,월,,,,,,,,,,24271.0,-0.03695375818917046
SOL,순수CHoCH,—,5m,0.0,월,,,,,,,,,,24272.0,-0.16183019702072332
SOL,순수CHoCH,—,5m,0.0,월,,,,,,,,,,24273.0,-0.1741832570692347
SOL,순수CHoCH,—,5m,0.0,월,,,,,,,,,,24274.0,-0.05578318804447585
SOL,순수CHoCH,—,5m,0.0,월,,,,,,,,,,24275.0,0.05525055038529013
SOL,순수CHoCH,—,5m,0.0,월,,,,,,,,,,24276.0,-0.030131747923254033
SOL,순수CHoCH,—,5m,0.0,월,,,,,,,,,,24277.0,-0.10129353766005057
SOL,순수CHoCH,—,5m,0.0,월,,,,,,,,,,24278.0,0.1486724871472528
SOL,순수CHoCH,—,5m,0.0,월,,,,,,,,,,24279.0,0.19801491968569276
SOL,순수CHoCH,—,5m,0.0,월,,,,,,,,,,24280.0,-0.055513304833073165
SOL,순수CHoCH,—,5m,0.0,월,,,,,,,,,,24281.0,-0.12920127559224198
SOL,순수CHoCH,—,5m,0.0,월,,,,,,,,,,24282.0,-0.06358124337258567
SOL,순수CHoCH,—,5m,0.0,월,,,,,,,,,,24283.0,-0.045602057242830105
SOL,순수CHoCH,—,5m,0.0,월,,,,,,,,,,24284.0,-0.05619391954924094
SOL,순수CHoCH,—,5m,0.0,월,,,,,,,,,,24285.0,-0.027672218636775315
SOL,순수CHoCH,—,5m,0.0,월,,,,,,,,,,24286.0,-0.05513429191554594
SOL,순수CHoCH,—,5m,0.0,월,,,,,,,,,,24287.0,-0.08425542691389584
SOL,순수CHoCH,—,5m,0.0,월,,,,,,,,,,24288.0,0.04796659275953466
SOL,순수CHoCH,—,5m,0.0,월,,,,,,,,,,24289.0,-0.024213223115265352
SOL,순수CHoCH,—,5m,0.0,월,,,,,,,,,,24290.0,0.004205773916677144
SOL,순수CHoCH,—,5m,0.0,월,,,,,,,,,,24291.0,0.021729157181454087
SOL,순수CHoCH,—,5m,0.0,월,,,,,,,,,,24292.0,0.026487551924942097
SOL,순수CHoCH,—,5m,0.0,월,,,,,,,,,,24293.0,-0.12378435317920504
SOL,순수CHoCH,—,5m,0.0,월,,,,,,,,,,24294.0,0.006463977221978023
SOL,순수CHoCH,—,5m,0.0,월,,,,,,,,,,24295.0,0.03808800076778673
SOL,순수CHoCH,—,5m,0.0,월,,,,,,,,,,24296.0,0.06836572406666168
SOL,순수CHoCH,—,5m,0.0,월,,,,,,,,,,24297.0,-0.27181750528956555
SOL,순수CHoCH,—,5m,0.0,월,,,,,,,,,,24298.0,-0.015491390518963663
SOL,순수CHoCH,—,5m,0.0,월,,,,,,,,,,24299.0,-0.2041312827871259
SOL,순수CHoCH,—,5m,0.0,월,,,,,,,,,,24300.0,-0.08599150235295867
SOL,순수CHoCH,—,5m,0.0,월,,,,,,,,,,24301.0,0.043009437492740984
SOL,순수CHoCH,—,5m,0.0,월,,,,,,,,,,24302.0,-0.014464259423305977
SOL,순수CHoCH,—,5m,0.0,월,,,,,,,,,,24303.0,-0.12754280520430336
SOL,순수CHoCH,—,5m,0.0,월,,,,,,,,,,24304.0,0.09248725472916243
SOL,순수CHoCH,—,5m,0.0,월,,,,,,,,,,24305.0,-0.06939305814639656
SOL,순수CHoCH,—,5m,0.0,월,,,,,,,,,,24306.0,-0.04920172506372997
SOL,순수CHoCH,—,5m,0.0,월,,,,,,,,,,24307.0,0.03999146002213572
SOL,순수CHoCH,—,5m,0.0,월,,,,,,,,,,24308.0,-0.15358215813920173
SOL,순수CHoCH,—,5m,0.0,월,,,,,,,,,,24309.0,0.020938209854508668
SOL,순수CHoCH,—,5m,0.0,월,,,,,,,,,,24310.0,-0.14412125398455608
SOL,순수CHoCH,—,5m,0.0,월,,,,,,,,,,24311.0,-0.04672650103490472
SOL,순수CHoCH,—,5m,0.0,월,,,,,,,,,,24312.0,-0.046777490132488254
SOL,순수CHoCH,—,5m,0.0,월,,,,,,,,,,24313.0,0.06067031734861718
SOL,순수CHoCH,—,5m,0.0,월,,,,,,,,,,24314.0,-0.029261940676491755
SOL,순수CHoCH,—,5m,0.0,월,,,,,,,,,,24315.0,-0.03860802338771996
SOL,순수CHoCH,—,5m,0.0,월,,,,,,,,,,24316.0,-0.3158798991128772
SOL,순수CHoCH,—,5m,0.0,월,,,,,,,,,,24317.0,0.005730003743701541
SOL,순수CHoCH,—,5m,0.0,월,,,,,,,,,,24318.0,0.04277229546416164
SOL,순수CHoCH,—,15m,0.0,전체,6312.0,0.9929211892402077,251.26739129019367,0.02043726235741445,0.031164155588019115,-0.010726893230604663,0.003128960709759189,0.3333333333333333,0.02043726235741445,,
SOL,순수CHoCH,—,15m,0.0,홀드아웃 전,5127.0,0.9929211892402077,269.96690728233375,0.032767700409596257,0.028512687415109247,0.004255012994487004,,0.33742929588453285,0.02047981275599766,,
SOL,순수CHoCH,—,15m,0.0,홀드아웃 12개월,1185.0,0.9929211892402077,182.58047065188043,-0.03291139240506329,0.04263595079688736,-0.07554734320195065,,0.31561181434599156,0.020253164556962026,,
SOL,순수CHoCH,—,15m,0.0,월,,,,,,,,,,24256.0,-0.0683369364447721
SOL,순수CHoCH,—,15m,0.0,월,,,,,,,,,,24257.0,-0.09111209108387826
SOL,순수CHoCH,—,15m,0.0,월,,,,,,,,,,24258.0,0.036792158349592124
SOL,순수CHoCH,—,15m,0.0,월,,,,,,,,,,24259.0,0.05536949476942489
SOL,순수CHoCH,—,15m,0.0,월,,,,,,,,,,24260.0,0.04889807088189223
SOL,순수CHoCH,—,15m,0.0,월,,,,,,,,,,24261.0,0.148355153164542
SOL,순수CHoCH,—,15m,0.0,월,,,,,,,,,,24262.0,-0.013764051541365292
SOL,순수CHoCH,—,15m,0.0,월,,,,,,,,,,24263.0,0.2731708227901271
SOL,순수CHoCH,—,15m,0.0,월,,,,,,,,,,24264.0,-0.015747330149232793
SOL,순수CHoCH,—,15m,0.0,월,,,,,,,,,,24265.0,-0.05821163715592337
SOL,순수CHoCH,—,15m,0.0,월,,,,,,,,,,24266.0,0.01027667286513889
SOL,순수CHoCH,—,15m,0.0,월,,,,,,,,,,24267.0,-0.009299164419406659
SOL,순수CHoCH,—,15m,0.0,월,,,,,,,,,,24268.0,0.0934637544144872
SOL,순수CHoCH,—,15m,0.0,월,,,,,,,,,,24269.0,0.09510800327535451
SOL,순수CHoCH,—,15m,0.0,월,,,,,,,,,,24270.0,0.2369472215418071
SOL,순수CHoCH,—,15m,0.0,월,,,,,,,,,,24271.0,-0.05238457685731216
SOL,순수CHoCH,—,15m,0.0,월,,,,,,,,,,24272.0,-0.026171596657374042
SOL,순수CHoCH,—,15m,0.0,월,,,,,,,,,,24273.0,-0.19023188113014425
SOL,순수CHoCH,—,15m,0.0,월,,,,,,,,,,24274.0,-0.09669230532188716
SOL,순수CHoCH,—,15m,0.0,월,,,,,,,,,,24275.0,-0.040026675818414834
SOL,순수CHoCH,—,15m,0.0,월,,,,,,,,,,24276.0,0.03529408310909542
SOL,순수CHoCH,—,15m,0.0,월,,,,,,,,,,24277.0,-0.022117463983848014
SOL,순수CHoCH,—,15m,0.0,월,,,,,,,,,,24278.0,0.14792079692632062
SOL,순수CHoCH,—,15m,0.0,월,,,,,,,,,,24279.0,0.19889915746692297
SOL,순수CHoCH,—,15m,0.0,월,,,,,,,,,,24280.0,0.041321353766077915
SOL,순수CHoCH,—,15m,0.0,월,,,,,,,,,,24281.0,-0.1884625547536902
SOL,순수CHoCH,—,15m,0.0,월,,,,,,,,,,24282.0,-0.18624004750012255
SOL,순수CHoCH,—,15m,0.0,월,,,,,,,,,,24283.0,0.020691991846127702
SOL,순수CHoCH,—,15m,0.0,월,,,,,,,,,,24284.0,0.1314108313318264
SOL,순수CHoCH,—,15m,0.0,월,,,,,,,,,,24285.0,-0.07035656766216437
SOL,순수CHoCH,—,15m,0.0,월,,,,,,,,,,24286.0,-0.11008964372078871
SOL,순수CHoCH,—,15m,0.0,월,,,,,,,,,,24287.0,0.04158728017024333
SOL,순수CHoCH,—,15m,0.0,월,,,,,,,,,,24288.0,0.310300136024602
SOL,순수CHoCH,—,15m,0.0,월,,,,,,,,,,24289.0,0.14568226125375347
SOL,순수CHoCH,—,15m,0.0,월,,,,,,,,,,24290.0,-0.089928400241831
SOL,순수CHoCH,—,15m,0.0,월,,,,,,,,,,24291.0,-0.08442663550331791
SOL,순수CHoCH,—,15m,0.0,월,,,,,,,,,,24292.0,0.003278646251934594
SOL,순수CHoCH,—,15m,0.0,월,,,,,,,,,,24293.0,-0.09464436928391584
SOL,순수CHoCH,—,15m,0.0,월,,,,,,,,,,24294.0,0.03738839251000563
SOL,순수CHoCH,—,15m,0.0,월,,,,,,,,,,24295.0,0.06264713818289175
SOL,순수CHoCH,—,15m,0.0,월,,,,,,,,,,24296.0,0.18229768728858328
SOL,순수CHoCH,—,15m,0.0,월,,,,,,,,,,24297.0,-0.13319161862025494
SOL,순수CHoCH,—,15m,0.0,월,,,,,,,,,,24298.0,-0.17793966060168964
SOL,순수CHoCH,—,15m,0.0,월,,,,,,,,,,24299.0,-0.13467199928075935
SOL,순수CHoCH,—,15m,0.0,월,,,,,,,,,,24300.0,-0.06760532921210104
SOL,순수CHoCH,—,15m,0.0,월,,,,,,,,,,24301.0,-0.1873661466259249
SOL,순수CHoCH,—,15m,0.0,월,,,,,,,,,,24302.0,0.21666017922968497
SOL,순수CHoCH,—,15m,0.0,월,,,,,,,,,,24303.0,-0.110745893678376
SOL,순수CHoCH,—,15m,0.0,월,,,,,,,,,,24304.0,0.053953856852149304
SOL,순수CHoCH,—,15m,0.0,월,,,,,,,,,,24305.0,0.01014998608074999
SOL,순수CHoCH,—,15m,0.0,월,,,,,,,,,,24306.0,-0.039220335241764874
SOL,순수CHoCH,—,15m,0.0,월,,,,,,,,,,24307.0,0.05614472347308092
SOL,순수CHoCH,—,15m,0.0,월,,,,,,,,,,24308.0,-0.17565169402080916
SOL,순수CHoCH,—,15m,0.0,월,,,,,,,,,,24309.0,0.046067239949069784
SOL,순수CHoCH,—,15m,0.0,월,,,,,,,,,,24310.0,-0.054013593185143635
SOL,순수CHoCH,—,15m,0.0,월,,,,,,,,,,24311.0,-0.09135616316719158
SOL,순수CHoCH,—,15m,0.0,월,,,,,,,,,,24312.0,0.11175910159387002
SOL,순수CHoCH,—,15m,0.0,월,,,,,,,,,,24313.0,-0.05039985157899394
SOL,순수CHoCH,—,15m,0.0,월,,,,,,,,,,24314.0,0.11100569885178249
SOL,순수CHoCH,—,15m,0.0,월,,,,,,,,,,24315.0,-0.23146596411371448
SOL,순수CHoCH,—,15m,0.0,월,,,,,,,,,,24316.0,-0.32166854095303776
SOL,순수CHoCH,—,15m,0.0,월,,,,,,,,,,24317.0,-0.04957596639656072
SOL,순수CHoCH,—,15m,0.0,월,,,,,,,,,,24318.0,-0.16918062950355894
SOL,순수CHoCH,—,1h,0.0,전체,1536.0,0.9948186528497409,391.93469553570833,-0.005208333333333333,0.019978295673367678,-0.025186629006701017,-0.035888671875,0.3079427083333333,0.07096354166666667,,
SOL,순수CHoCH,—,1h,0.0,홀드아웃 전,1237.0,0.9948186528497409,423.5903023699264,0.0008084074373484236,0.018187391232860287,-0.017378983795511865,,0.30962004850444624,0.0719482619240097,,
SOL,순수CHoCH,—,1h,0.0,홀드아웃 12개월,299.0,0.9948186528497409,276.72425902514385,-0.030100334448160536,0.02738748896068421,-0.05748782340884478,,0.3010033444816054,0.06688963210702341,,
SOL,순수CHoCH,—,1h,0.0,월,,,,,,,,,,24256.0,0.32440311279985073
SOL,순수CHoCH,—,1h,0.0,월,,,,,,,,,,24257.0,0.03251402015917604
SOL,순수CHoCH,—,1h,0.0,월,,,,,,,,,,24258.0,-0.06156483657832383
SOL,순수CHoCH,—,1h,0.0,월,,,,,,,,,,24259.0,0.3703927299847465
SOL,순수CHoCH,—,1h,0.0,월,,,,,,,,,,24260.0,0.06555792574707991
SOL,순수CHoCH,—,1h,0.0,월,,,,,,,,,,24261.0,0.14452132519888405
SOL,순수CHoCH,—,1h,0.0,월,,,,,,,,,,24262.0,-0.016313829268191173
SOL,순수CHoCH,—,1h,0.0,월,,,,,,,,,,24263.0,-0.1512170682848544
SOL,순수CHoCH,—,1h,0.0,월,,,,,,,,,,24264.0,-0.015335567387136909
SOL,순수CHoCH,—,1h,0.0,월,,,,,,,,,,24265.0,0.17652496033837625
SOL,순수CHoCH,—,1h,0.0,월,,,,,,,,,,24266.0,0.0869173638607366
SOL,순수CHoCH,—,1h,0.0,월,,,,,,,,,,24267.0,0.22365749786480144
SOL,순수CHoCH,—,1h,0.0,월,,,,,,,,,,24268.0,-0.15662714689337817
SOL,순수CHoCH,—,1h,0.0,월,,,,,,,,,,24269.0,0.17013241309280458
SOL,순수CHoCH,—,1h,0.0,월,,,,,,,,,,24270.0,-0.00971099643778952
SOL,순수CHoCH,—,1h,0.0,월,,,,,,,,,,24271.0,0.023386132211073767
SOL,순수CHoCH,—,1h,0.0,월,,,,,,,,,,24272.0,0.061081509890615525
SOL,순수CHoCH,—,1h,0.0,월,,,,,,,,,,24273.0,-0.22670721931869287
SOL,순수CHoCH,—,1h,0.0,월,,,,,,,,,,24274.0,0.2521204331023115
SOL,순수CHoCH,—,1h,0.0,월,,,,,,,,,,24275.0,-0.12839555272954373
SOL,순수CHoCH,—,1h,0.0,월,,,,,,,,,,24276.0,0.020340081952704637
SOL,순수CHoCH,—,1h,0.0,월,,,,,,,,,,24277.0,-0.0154465582225829
SOL,순수CHoCH,—,1h,0.0,월,,,,,,,,,,24278.0,0.2202074021230317
SOL,순수CHoCH,—,1h,0.0,월,,,,,,,,,,24279.0,-0.31440848282868966
SOL,순수CHoCH,—,1h,0.0,월,,,,,,,,,,24280.0,0.19265011959229494
SOL,순수CHoCH,—,1h,0.0,월,,,,,,,,,,24281.0,-0.032172339549919125
SOL,순수CHoCH,—,1h,0.0,월,,,,,,,,,,24282.0,-0.3053234195134875
SOL,순수CHoCH,—,1h,0.0,월,,,,,,,,,,24283.0,0.33660725851503426
SOL,순수CHoCH,—,1h,0.0,월,,,,,,,,,,24284.0,-0.3314791671367192
SOL,순수CHoCH,—,1h,0.0,월,,,,,,,,,,24285.0,-0.2492560840546798
SOL,순수CHoCH,—,1h,0.0,월,,,,,,,,,,24286.0,0.1360885598289484
SOL,순수CHoCH,—,1h,0.0,월,,,,,,,,,,24287.0,-0.17204911939927187
SOL,순수CHoCH,—,1h,0.0,월,,,,,,,,,,24288.0,0.0638431237970491
SOL,순수CHoCH,—,1h,0.0,월,,,,,,,,,,24289.0,-0.05131802493693254
SOL,순수CHoCH,—,1h,0.0,월,,,,,,,,,,24290.0,0.912645296082169
SOL,순수CHoCH,—,1h,0.0,월,,,,,,,,,,24291.0,-0.2229646681769539
SOL,순수CHoCH,—,1h,0.0,월,,,,,,,,,,24292.0,-0.1834640268172418
SOL,순수CHoCH,—,1h,0.0,월,,,,,,,,,,24293.0,-0.060691459550841986
SOL,순수CHoCH,—,1h,0.0,월,,,,,,,,,,24294.0,0.21402494442115857
SOL,순수CHoCH,—,1h,0.0,월,,,,,,,,,,24295.0,-0.07561393037039602
SOL,순수CHoCH,—,1h,0.0,월,,,,,,,,,,24296.0,-0.2688982576811525
SOL,순수CHoCH,—,1h,0.0,월,,,,,,,,,,24297.0,-0.18930270276998953
SOL,순수CHoCH,—,1h,0.0,월,,,,,,,,,,24298.0,-0.13640853351525464
SOL,순수CHoCH,—,1h,0.0,월,,,,,,,,,,24299.0,-0.14273725681720156
SOL,순수CHoCH,—,1h,0.0,월,,,,,,,,,,24300.0,-0.057336227136468756
SOL,순수CHoCH,—,1h,0.0,월,,,,,,,,,,24301.0,0.01763270107741257
SOL,순수CHoCH,—,1h,0.0,월,,,,,,,,,,24302.0,0.03194684592565567
SOL,순수CHoCH,—,1h,0.0,월,,,,,,,,,,24303.0,0.18127002458612254
SOL,순수CHoCH,—,1h,0.0,월,,,,,,,,,,24304.0,-0.4336246226576835
SOL,순수CHoCH,—,1h,0.0,월,,,,,,,,,,24305.0,-0.4709585030735806
SOL,순수CHoCH,—,1h,0.0,월,,,,,,,,,,24306.0,0.10316096190091256
SOL,순수CHoCH,—,1h,0.0,월,,,,,,,,,,24307.0,0.36761921932151864
SOL,순수CHoCH,—,1h,0.0,월,,,,,,,,,,24308.0,-0.023755499649127387
SOL,순수CHoCH,—,1h,0.0,월,,,,,,,,,,24309.0,0.0724120084756526
SOL,순수CHoCH,—,1h,0.0,월,,,,,,,,,,24310.0,-0.35749603897061893
SOL,순수CHoCH,—,1h,0.0,월,,,,,,,,,,24311.0,-0.4223016981360626
SOL,순수CHoCH,—,1h,0.0,월,,,,,,,,,,24312.0,-0.2468409596595183
SOL,순수CHoCH,—,1h,0.0,월,,,,,,,,,,24313.0,0.049892558284906845
SOL,순수CHoCH,—,1h,0.0,월,,,,,,,,,,24314.0,0.2873268132728666
SOL,순수CHoCH,—,1h,0.0,월,,,,,,,,,,24315.0,0.08090049400936956
SOL,순수CHoCH,—,1h,0.0,월,,,,,,,,,,24316.0,-0.5360994334562551
SOL,순수CHoCH,—,1h,0.0,월,,,,,,,,,,24317.0,0.10726683670406724
SOL,순수CHoCH,—,1h,0.0,월,,,,,,,,,,24318.0,0.12822362969490073
SOL,스윕+CHoCH,1h,5m,0.0,전체,5001.0,0.995421974522293,139.03049402168875,0.00599880023995201,0.05493740692150028,-0.048938606681548265,0.010422915416916617,0.3343331333733253,0.002999400119976005,,
SOL,스윕+CHoCH,1h,5m,0.0,홀드아웃 전,4063.0,0.995421974522293,149.60971379011224,0.010337189269013045,0.0505152168396091,-0.04017802757059606,,0.3357125276888998,0.0031996062023135615,,
SOL,스윕+CHoCH,1h,5m,0.0,홀드아웃 12개월,938.0,0.995421974522293,100.95127776801277,-0.01279317697228145,0.07409237312909502,-0.08688555010137648,,0.3283582089552239,0.0021321961620469083,,
SOL,스윕+CHoCH,1h,5m,0.0,월,,,,,,,,,,24256.0,0.19925606355994427
SOL,스윕+CHoCH,1h,5m,0.0,월,,,,,,,,,,24257.0,-0.02455609357695681
SOL,스윕+CHoCH,1h,5m,0.0,월,,,,,,,,,,24258.0,0.012494313669404376
SOL,스윕+CHoCH,1h,5m,0.0,월,,,,,,,,,,24259.0,-0.08341880198051838
SOL,스윕+CHoCH,1h,5m,0.0,월,,,,,,,,,,24260.0,-0.19229400685132694
SOL,스윕+CHoCH,1h,5m,0.0,월,,,,,,,,,,24261.0,0.07388146043143412
SOL,스윕+CHoCH,1h,5m,0.0,월,,,,,,,,,,24262.0,-0.261985794357029
SOL,스윕+CHoCH,1h,5m,0.0,월,,,,,,,,,,24263.0,-0.27890552143467157
SOL,스윕+CHoCH,1h,5m,0.0,월,,,,,,,,,,24264.0,-0.20413962781317654
SOL,스윕+CHoCH,1h,5m,0.0,월,,,,,,,,,,24265.0,0.029452075182825672
SOL,스윕+CHoCH,1h,5m,0.0,월,,,,,,,,,,24266.0,0.20324225001494692
SOL,스윕+CHoCH,1h,5m,0.0,월,,,,,,,,,,24267.0,-0.01634226686076848
SOL,스윕+CHoCH,1h,5m,0.0,월,,,,,,,,,,24268.0,-0.17310646713646569
SOL,스윕+CHoCH,1h,5m,0.0,월,,,,,,,,,,24269.0,0.17355508120707389
SOL,스윕+CHoCH,1h,5m,0.0,월,,,,,,,,,,24270.0,-0.1287794814445979
SOL,스윕+CHoCH,1h,5m,0.0,월,,,,,,,,,,24271.0,-0.16785703802899715
SOL,스윕+CHoCH,1h,5m,0.0,월,,,,,,,,,,24272.0,0.04137686717196358
SOL,스윕+CHoCH,1h,5m,0.0,월,,,,,,,,,,24273.0,-0.3154132811952636
SOL,스윕+CHoCH,1h,5m,0.0,월,,,,,,,,,,24274.0,-0.030225347017885984
SOL,스윕+CHoCH,1h,5m,0.0,월,,,,,,,,,,24275.0,0.26057132566033797
SOL,스윕+CHoCH,1h,5m,0.0,월,,,,,,,,,,24276.0,0.20389498603325643
SOL,스윕+CHoCH,1h,5m,0.0,월,,,,,,,,,,24277.0,0.13328818440054702
SOL,스윕+CHoCH,1h,5m,0.0,월,,,,,,,,,,24278.0,-0.054593848973789896
SOL,스윕+CHoCH,1h,5m,0.0,월,,,,,,,,,,24279.0,-0.16403183217217832
SOL,스윕+CHoCH,1h,5m,0.0,월,,,,,,,,,,24280.0,-0.28485171175394397
SOL,스윕+CHoCH,1h,5m,0.0,월,,,,,,,,,,24281.0,-0.38717532153221784
SOL,스윕+CHoCH,1h,5m,0.0,월,,,,,,,,,,24282.0,-0.045635192103190086
SOL,스윕+CHoCH,1h,5m,0.0,월,,,,,,,,,,24283.0,-0.1890243862019552
SOL,스윕+CHoCH,1h,5m,0.0,월,,,,,,,,,,24284.0,-0.005904814893815164
SOL,스윕+CHoCH,1h,5m,0.0,월,,,,,,,,,,24285.0,-0.24021260407443148
SOL,스윕+CHoCH,1h,5m,0.0,월,,,,,,,,,,24286.0,-0.03867540765310875
SOL,스윕+CHoCH,1h,5m,0.0,월,,,,,,,,,,24287.0,-0.046393832203212984
SOL,스윕+CHoCH,1h,5m,0.0,월,,,,,,,,,,24288.0,0.011994100391431492
SOL,스윕+CHoCH,1h,5m,0.0,월,,,,,,,,,,24289.0,0.04730854993334224
SOL,스윕+CHoCH,1h,5m,0.0,월,,,,,,,,,,24290.0,0.14269094322211723
SOL,스윕+CHoCH,1h,5m,0.0,월,,,,,,,,,,24291.0,0.0054433497125823405
SOL,스윕+CHoCH,1h,5m,0.0,월,,,,,,,,,,24292.0,0.3075362391604532
SOL,스윕+CHoCH,1h,5m,0.0,월,,,,,,,,,,24293.0,0.07503611794424665
SOL,스윕+CHoCH,1h,5m,0.0,월,,,,,,,,,,24294.0,-0.009712707108867173
SOL,스윕+CHoCH,1h,5m,0.0,월,,,,,,,,,,24295.0,-0.01851010208326114
SOL,스윕+CHoCH,1h,5m,0.0,월,,,,,,,,,,24296.0,-0.2537663917400775
SOL,스윕+CHoCH,1h,5m,0.0,월,,,,,,,,,,24297.0,-0.005522035266309891
SOL,스윕+CHoCH,1h,5m,0.0,월,,,,,,,,,,24298.0,0.141877184673221
SOL,스윕+CHoCH,1h,5m,0.0,월,,,,,,,,,,24299.0,-0.23728345628769434
SOL,스윕+CHoCH,1h,5m,0.0,월,,,,,,,,,,24300.0,0.024428430879515375
SOL,스윕+CHoCH,1h,5m,0.0,월,,,,,,,,,,24301.0,-0.02152622719901755
SOL,스윕+CHoCH,1h,5m,0.0,월,,,,,,,,,,24302.0,0.10190921817116678
SOL,스윕+CHoCH,1h,5m,0.0,월,,,,,,,,,,24303.0,-0.3885450197504559
SOL,스윕+CHoCH,1h,5m,0.0,월,,,,,,,,,,24304.0,0.1735868558843954
SOL,스윕+CHoCH,1h,5m,0.0,월,,,,,,,,,,24305.0,-0.02499047394571626
SOL,스윕+CHoCH,1h,5m,0.0,월,,,,,,,,,,24306.0,-0.12299665948569766
SOL,스윕+CHoCH,1h,5m,0.0,월,,,,,,,,,,24307.0,-0.14363517989779173
SOL,스윕+CHoCH,1h,5m,0.0,월,,,,,,,,,,24308.0,-0.06786899655793421
SOL,스윕+CHoCH,1h,5m,0.0,월,,,,,,,,,,24309.0,-0.016147413593632257
SOL,스윕+CHoCH,1h,5m,0.0,월,,,,,,,,,,24310.0,-0.027131050003502598
SOL,스윕+CHoCH,1h,5m,0.0,월,,,,,,,,,,24311.0,-0.15662548232616152
SOL,스윕+CHoCH,1h,5m,0.0,월,,,,,,,,,,24312.0,0.13809066351849103
SOL,스윕+CHoCH,1h,5m,0.0,월,,,,,,,,,,24313.0,-0.015914415978343276
SOL,스윕+CHoCH,1h,5m,0.0,월,,,,,,,,,,24314.0,-0.2139743401724338
SOL,스윕+CHoCH,1h,5m,0.0,월,,,,,,,,,,24315.0,-0.16957434628196064
SOL,스윕+CHoCH,1h,5m,0.0,월,,,,,,,,,,24316.0,-0.522286901485162
SOL,스윕+CHoCH,1h,5m,0.0,월,,,,,,,,,,24317.0,-0.0668666180599667
SOL,스윕+CHoCH,1h,5m,0.0,월,,,,,,,,,,24318.0,0.2236697398957232
SOL,스윕+CHoCH,1h,5m,0.25,전체,5223.0,0.9954259576901087,144.12075664758092,-0.02029484970323569,0.052929728535281335,-0.07322457823851702,0.0019146084625694046,0.3256748994830557,0.0026804518475971664,,
SOL,스윕+CHoCH,1h,5m,0.25,홀드아웃 전,4236.0,0.9954259576901087,156.23696531101163,-0.016288951841359773,0.04859325303070345,-0.06488220487206323,,0.3269593956562795,0.0028328611898017,,
SOL,스윕+CHoCH,1h,5m,0.25,홀드아웃 12개월,987.0,0.9954259576901087,104.50349098914143,-0.037487335359675786,0.07154098510812014,-0.10902832046779595,,0.32016210739615,0.002026342451874367,,
SOL,스윕+CHoCH,1h,5m,0.25,월,,,,,,,,,,24256.0,0.1457917744453369
SOL,스윕+CHoCH,1h,5m,0.25,월,,,,,,,,,,24257.0,-0.06141397410729484
SOL,스윕+CHoCH,1h,5m,0.25,월,,,,,,,,,,24258.0,0.011818803768968657
SOL,스윕+CHoCH,1h,5m,0.25,월,,,,,,,,,,24259.0,-0.10014174809969247
SOL,스윕+CHoCH,1h,5m,0.25,월,,,,,,,,,,24260.0,-0.21390537773832707
SOL,스윕+CHoCH,1h,5m,0.25,월,,,,,,,,,,24261.0,-0.038058474621174475
SOL,스윕+CHoCH,1h,5m,0.25,월,,,,,,,,,,24262.0,-0.33118523422723295
SOL,스윕+CHoCH,1h,5m,0.25,월,,,,,,,,,,24263.0,-0.34602408522063227
SOL,스윕+CHoCH,1h,5m,0.25,월,,,,,,,,,,24264.0,-0.29379474238844605
SOL,스윕+CHoCH,1h,5m,0.25,월,,,,,,,,,,24265.0,-0.03212646307211501
SOL,스윕+CHoCH,1h,5m,0.25,월,,,,,,,,,,24266.0,0.18895942047792016
SOL,스윕+CHoCH,1h,5m,0.25,월,,,,,,,,,,24267.0,0.004239544115265033
SOL,스윕+CHoCH,1h,5m,0.25,월,,,,,,,,,,24268.0,-0.09983566056352103
SOL,스윕+CHoCH,1h,5m,0.25,월,,,,,,,,,,24269.0,0.18309843843407023
SOL,스윕+CHoCH,1h,5m,0.25,월,,,,,,,,,,24270.0,-0.11233189327752986
SOL,스윕+CHoCH,1h,5m,0.25,월,,,,,,,,,,24271.0,-0.1607711118666943
SOL,스윕+CHoCH,1h,5m,0.25,월,,,,,,,,,,24272.0,0.07553956096935542
SOL,스윕+CHoCH,1h,5m,0.25,월,,,,,,,,,,24273.0,-0.3756871173517933
SOL,스윕+CHoCH,1h,5m,0.25,월,,,,,,,,,,24274.0,-0.00015968539331445415
SOL,스윕+CHoCH,1h,5m,0.25,월,,,,,,,,,,24275.0,0.26758725706956127
SOL,스윕+CHoCH,1h,5m,0.25,월,,,,,,,,,,24276.0,0.01155388254388592
SOL,스윕+CHoCH,1h,5m,0.25,월,,,,,,,,,,24277.0,-0.002535266094381412
SOL,스윕+CHoCH,1h,5m,0.25,월,,,,,,,,,,24278.0,-0.13191996203596962
SOL,스윕+CHoCH,1h,5m,0.25,월,,,,,,,,,,24279.0,-0.14634640208761912
SOL,스윕+CHoCH,1h,5m,0.25,월,,,,,,,,,,24280.0,-0.335640032687568
SOL,스윕+CHoCH,1h,5m,0.25,월,,,,,,,,,,24281.0,-0.45467133209520105
SOL,스윕+CHoCH,1h,5m,0.25,월,,,,,,,,,,24282.0,-0.11529886941277791
SOL,스윕+CHoCH,1h,5m,0.25,월,,,,,,,,,,24283.0,-0.29563297704049873
SOL,스윕+CHoCH,1h,5m,0.25,월,,,,,,,,,,24284.0,-0.031076198268951253
SOL,스윕+CHoCH,1h,5m,0.25,월,,,,,,,,,,24285.0,-0.1893275213881299
SOL,스윕+CHoCH,1h,5m,0.25,월,,,,,,,,,,24286.0,-0.050250952800562
SOL,스윕+CHoCH,1h,5m,0.25,월,,,,,,,,,,24287.0,-0.14433664124477927
SOL,스윕+CHoCH,1h,5m,0.25,월,,,,,,,,,,24288.0,-0.08328781423604904
SOL,스윕+CHoCH,1h,5m,0.25,월,,,,,,,,,,24289.0,0.00943541313325102
SOL,스윕+CHoCH,1h,5m,0.25,월,,,,,,,,,,24290.0,0.09848872988885503
SOL,스윕+CHoCH,1h,5m,0.25,월,,,,,,,,,,24291.0,0.026512854729062243
SOL,스윕+CHoCH,1h,5m,0.25,월,,,,,,,,,,24292.0,0.16268624430125278
SOL,스윕+CHoCH,1h,5m,0.25,월,,,,,,,,,,24293.0,0.0014310579850568934
SOL,스윕+CHoCH,1h,5m,0.25,월,,,,,,,,,,24294.0,0.03290164584416113
SOL,스윕+CHoCH,1h,5m,0.25,월,,,,,,,,,,24295.0,-0.017070352289041534
SOL,스윕+CHoCH,1h,5m,0.25,월,,,,,,,,,,24296.0,-0.17568514832498633
SOL,스윕+CHoCH,1h,5m,0.25,월,,,,,,,,,,24297.0,-0.055458241219122385
SOL,스윕+CHoCH,1h,5m,0.25,월,,,,,,,,,,24298.0,0.12277936951788315
SOL,스윕+CHoCH,1h,5m,0.25,월,,,,,,,,,,24299.0,-0.2055254164136851
SOL,스윕+CHoCH,1h,5m,0.25,월,,,,,,,,,,24300.0,-0.014118086948359632
SOL,스윕+CHoCH,1h,5m,0.25,월,,,,,,,,,,24301.0,0.11686881748651526
SOL,스윕+CHoCH,1h,5m,0.25,월,,,,,,,,,,24302.0,0.0913863300257541
SOL,스윕+CHoCH,1h,5m,0.25,월,,,,,,,,,,24303.0,-0.35467596047849836
SOL,스윕+CHoCH,1h,5m,0.25,월,,,,,,,,,,24304.0,0.08410954593633345
SOL,스윕+CHoCH,1h,5m,0.25,월,,,,,,,,,,24305.0,0.06729714391452264
SOL,스윕+CHoCH,1h,5m,0.25,월,,,,,,,,,,24306.0,-0.0596236790241365
SOL,스윕+CHoCH,1h,5m,0.25,월,,,,,,,,,,24307.0,-0.1589551923869987
SOL,스윕+CHoCH,1h,5m,0.25,월,,,,,,,,,,24308.0,-0.014557383099121477
SOL,스윕+CHoCH,1h,5m,0.25,월,,,,,,,,,,24309.0,-0.18261693331110815
SOL,스윕+CHoCH,1h,5m,0.25,월,,,,,,,,,,24310.0,-0.0058240752258175155
SOL,스윕+CHoCH,1h,5m,0.25,월,,,,,,,,,,24311.0,-0.09678787152703587
SOL,스윕+CHoCH,1h,5m,0.25,월,,,,,,,,,,24312.0,0.09500773905436456
SOL,스윕+CHoCH,1h,5m,0.25,월,,,,,,,,,,24313.0,-0.11960853769377429
SOL,스윕+CHoCH,1h,5m,0.25,월,,,,,,,,,,24314.0,-0.19379045233621098
SOL,스윕+CHoCH,1h,5m,0.25,월,,,,,,,,,,24315.0,-0.16426799616072424
SOL,스윕+CHoCH,1h,5m,0.25,월,,,,,,,,,,24316.0,-0.5838242913159316
SOL,스윕+CHoCH,1h,5m,0.25,월,,,,,,,,,,24317.0,-0.13322757017495007
SOL,스윕+CHoCH,1h,5m,0.25,월,,,,,,,,,,24318.0,0.19590088722349133
SOL,스윕+CHoCH,1h,15m,0.0,전체,4016.0,0.993813412521653,228.44646891489103,0.02091633466135458,0.03365035807695456,-0.012734023415599973,0.0075946215139442224,0.33341633466135456,0.020667330677290836,,
SOL,스윕+CHoCH,1h,15m,0.0,홀드아웃 전,3267.0,0.993813412521653,246.02385685884562,0.030303030303030304,0.03111636386242613,-0.0008133335593958316,,0.33639424548515456,0.021120293847566574,,
SOL,스윕+CHoCH,1h,15m,0.0,홀드아웃 12개월,749.0,0.993813412521653,169.53171310017694,-0.020026702269692925,0.04470317396328885,-0.06472987623298178,,0.3204272363150868,0.018691588785046728,,
SOL,스윕+CHoCH,1h,15m,0.0,월,,,,,,,,,,24256.0,0.052968788323876886
SOL,스윕+CHoCH,1h,15m,0.0,월,,,,,,,,,,24257.0,-0.04197986015186736
SOL,스윕+CHoCH,1h,15m,0.0,월,,,,,,,,,,24258.0,-0.15244775715623468
SOL,스윕+CHoCH,1h,15m,0.0,월,,,,,,,,,,24259.0,0.07843262340111008
SOL,스윕+CHoCH,1h,15m,0.0,월,,,,,,,,,,24260.0,-0.03534279820755896
SOL,스윕+CHoCH,1h,15m,0.0,월,,,,,,,,,,24261.0,0.05857632014344437
SOL,스윕+CHoCH,1h,15m,0.0,월,,,,,,,,,,24262.0,0.02388943245509599
SOL,스윕+CHoCH,1h,15m,0.0,월,,,,,,,,,,24263.0,0.19488683486673078
SOL,스윕+CHoCH,1h,15m,0.0,월,,,,,,,,,,24264.0,-0.1569975211978404
SOL,스윕+CHoCH,1h,15m,0.0,월,,,,,,,,,,24265.0,0.08801124013900402
SOL,스윕+CHoCH,1h,15m,0.0,월,,,,,,,,,,24266.0,-0.059121904501622836
SOL,스윕+CHoCH,1h,15m,0.0,월,,,,,,,,,,24267.0,0.18620829975535985
SOL,스윕+CHoCH,1h,15m,0.0,월,,,,,,,,,,24268.0,0.21857907756670994
SOL,스윕+CHoCH,1h,15m,0.0,월,,,,,,,,,,24269.0,0.23232112356842305
SOL,스윕+CHoCH,1h,15m,0.0,월,,,,,,,,,,24270.0,0.03805268557857479
SOL,스윕+CHoCH,1h,15m,0.0,월,,,,,,,,,,24271.0,-0.1352999349940515
SOL,스윕+CHoCH,1h,15m,0.0,월,,,,,,,,,,24272.0,-0.23486895615449638
SOL,스윕+CHoCH,1h,15m,0.0,월,,,,,,,,,,24273.0,-0.31997187440004227
SOL,스윕+CHoCH,1h,15m,0.0,월,,,,,,,,,,24274.0,-0.19716883999272364
SOL,스윕+CHoCH,1h,15m,0.0,월,,,,,,,,,,24275.0,-0.05110462824641669
SOL,스윕+CHoCH,1h,15m,0.0,월,,,,,,,,,,24276.0,0.17452710448986664
SOL,스윕+CHoCH,1h,15m,0.0,월,,,,,,,,,,24277.0,-0.04211630182809919
SOL,스윕+CHoCH,1h,15m,0.0,월,,,,,,,,,,24278.0,0.011920942256568885
SOL,스윕+CHoCH,1h,15m,0.0,월,,,,,,,,,,24279.0,0.14685724185188084
SOL,스윕+CHoCH,1h,15m,0.0,월,,,,,,,,,,24280.0,-0.07250901389659609
SOL,스윕+CHoCH,1h,15m,0.0,월,,,,,,,,,,24281.0,-0.15117862469661963
SOL,스윕+CHoCH,1h,15m,0.0,월,,,,,,,,,,24282.0,-0.03770899594072807
SOL,스윕+CHoCH,1h,15m,0.0,월,,,,,,,,,,24283.0,-0.0672125713378532
SOL,스윕+CHoCH,1h,15m,0.0,월,,,,,,,,,,24284.0,0.12030851349348834
SOL,스윕+CHoCH,1h,15m,0.0,월,,,,,,,,,,24285.0,-0.03382728019457472
SOL,스윕+CHoCH,1h,15m,0.0,월,,,,,,,,,,24286.0,0.08433985130419609
SOL,스윕+CHoCH,1h,15m,0.0,월,,,,,,,,,,24287.0,-0.10529093755672318
SOL,스윕+CHoCH,1h,15m,0.0,월,,,,,,,,,,24288.0,0.141372043604489
SOL,스윕+CHoCH,1h,15m,0.0,월,,,,,,,,,,24289.0,0.058880873413312954
SOL,스윕+CHoCH,1h,15m,0.0,월,,,,,,,,,,24290.0,0.08450337190740219
SOL,스윕+CHoCH,1h,15m,0.0,월,,,,,,,,,,24291.0,0.1976936900737405
SOL,스윕+CHoCH,1h,15m,0.0,월,,,,,,,,,,24292.0,0.07991769525514776
SOL,스윕+CHoCH,1h,15m,0.0,월,,,,,,,,,,24293.0,-0.10653152193447252
SOL,스윕+CHoCH,1h,15m,0.0,월,,,,,,,,,,24294.0,0.23250677499394623
SOL,스윕+CHoCH,1h,15m,0.0,월,,,,,,,,,,24295.0,-0.24747718581451375
SOL,스윕+CHoCH,1h,15m,0.0,월,,,,,,,,,,24296.0,0.040851136893201315
SOL,스윕+CHoCH,1h,15m,0.0,월,,,,,,,,,,24297.0,-0.05775301525996973
SOL,스윕+CHoCH,1h,15m,0.0,월,,,,,,,,,,24298.0,0.013815852381197905
SOL,스윕+CHoCH,1h,15m,0.0,월,,,,,,,,,,24299.0,0.059279871342110255
SOL,스윕+CHoCH,1h,15m,0.0,월,,,,,,,,,,24300.0,-0.15995185917876964
SOL,스윕+CHoCH,1h,15m,0.0,월,,,,,,,,,,24301.0,-0.19915007892338266
SOL,스윕+CHoCH,1h,15m,0.0,월,,,,,,,,,,24302.0,0.12450914202172902
SOL,스윕+CHoCH,1h,15m,0.0,월,,,,,,,,,,24303.0,-0.14420343440378752
SOL,스윕+CHoCH,1h,15m,0.0,월,,,,,,,,,,24304.0,0.026019027776645626
SOL,스윕+CHoCH,1h,15m,0.0,월,,,,,,,,,,24305.0,0.08158520525904678
SOL,스윕+CHoCH,1h,15m,0.0,월,,,,,,,,,,24306.0,-0.04413521310028333
SOL,스윕+CHoCH,1h,15m,0.0,월,,,,,,,,,,24307.0,0.03924996779463141
SOL,스윕+CHoCH,1h,15m,0.0,월,,,,,,,,,,24308.0,0.004091417539014878
SOL,스윕+CHoCH,1h,15m,0.0,월,,,,,,,,,,24309.0,0.04079984432251185
SOL,스윕+CHoCH,1h,15m,0.0,월,,,,,,,,,,24310.0,0.08033536423080805
SOL,스윕+CHoCH,1h,15m,0.0,월,,,,,,,,,,24311.0,-0.02216504818263832
SOL,스윕+CHoCH,1h,15m,0.0,월,,,,,,,,,,24312.0,0.044168334196081765
SOL,스윕+CHoCH,1h,15m,0.0,월,,,,,,,,,,24313.0,-0.0736741093309983
SOL,스윕+CHoCH,1h,15m,0.0,월,,,,,,,,,,24314.0,-0.2604263368964262
SOL,스윕+CHoCH,1h,15m,0.0,월,,,,,,,,,,24315.0,-0.18434309562553164
SOL,스윕+CHoCH,1h,15m,0.0,월,,,,,,,,,,24316.0,-0.48316839827832114
SOL,스윕+CHoCH,1h,15m,0.0,월,,,,,,,,,,24317.0,0.044415119326847385
SOL,스윕+CHoCH,1h,15m,0.0,월,,,,,,,,,,24318.0,-0.0687714070583043
SOL,스윕+CHoCH,1h,15m,0.25,전체,4023.0,0.9938241106719368,237.4192178580116,0.01590852597564007,0.03218050058001736,-0.016271974604377293,0.007115336813323391,0.3315933383047477,0.021128511061396966,,
SOL,스윕+CHoCH,1h,15m,0.25,홀드아웃 전,3272.0,0.9938241106719368,255.63817025190752,0.028422982885085574,0.029715378645282356,-0.0012923957601967812,,0.33557457212713937,0.02169926650366748,,
SOL,스윕+CHoCH,1h,15m,0.25,홀드아웃 12개월,751.0,0.9938241106719368,175.31470568860578,-0.03861517976031957,0.042920685627225015,-0.08153586538754458,,0.31424766977363516,0.018641810918774968,,
SOL,스윕+CHoCH,1h,15m,0.25,월,,,,,,,,,,24256.0,0.1094900415562805
SOL,스윕+CHoCH,1h,15m,0.25,월,,,,,,,,,,24257.0,-0.09467425334487246
SOL,스윕+CHoCH,1h,15m,0.25,월,,,,,,,,,,24258.0,-0.20258479664396048
SOL,스윕+CHoCH,1h,15m,0.25,월,,,,,,,,,,24259.0,0.06303209696483002
SOL,스윕+CHoCH,1h,15m,0.25,월,,,,,,,,,,24260.0,-0.0344973959339653
SOL,스윕+CHoCH,1h,15m,0.25,월,,,,,,,,,,24261.0,0.05934731054462463
SOL,스윕+CHoCH,1h,15m,0.25,월,,,,,,,,,,24262.0,0.025065420137080786
SOL,스윕+CHoCH,1h,15m,0.25,월,,,,,,,,,,24263.0,0.1961564627083207
SOL,스윕+CHoCH,1h,15m,0.25,월,,,,,,,,,,24264.0,-0.19871105939696979
SOL,스윕+CHoCH,1h,15m,0.25,월,,,,,,,,,,24265.0,0.11536985826905709
SOL,스윕+CHoCH,1h,15m,0.25,월,,,,,,,,,,24266.0,-0.05800396985544541
SOL,스윕+CHoCH,1h,15m,0.25,월,,,,,,,,,,24267.0,0.18804445187053365
SOL,스윕+CHoCH,1h,15m,0.25,월,,,,,,,,,,24268.0,0.1663819416417959
SOL,스윕+CHoCH,1h,15m,0.25,월,,,,,,,,,,24269.0,0.23311548610362498
SOL,스윕+CHoCH,1h,15m,0.25,월,,,,,,,,,,24270.0,0.03889455459781731
SOL,스윕+CHoCH,1h,15m,0.25,월,,,,,,,,,,24271.0,-0.13407195714559017
SOL,스윕+CHoCH,1h,15m,0.25,월,,,,,,,,,,24272.0,-0.28592112318533325
SOL,스윕+CHoCH,1h,15m,0.25,월,,,,,,,,,,24273.0,-0.31855759296665703
SOL,스윕+CHoCH,1h,15m,0.25,월,,,,,,,,,,24274.0,-0.2476396911162954
SOL,스윕+CHoCH,1h,15m,0.25,월,,,,,,,,,,24275.0,-0.050496857670096276
SOL,스윕+CHoCH,1h,15m,0.25,월,,,,,,,,,,24276.0,0.17625195074567956
SOL,스윕+CHoCH,1h,15m,0.25,월,,,,,,,,,,24277.0,-0.08944075423379201
SOL,스윕+CHoCH,1h,15m,0.25,월,,,,,,,,,,24278.0,0.061575118101021606
SOL,스윕+CHoCH,1h,15m,0.25,월,,,,,,,,,,24279.0,0.0809700154005221
SOL,스윕+CHoCH,1h,15m,0.25,월,,,,,,,,,,24280.0,-0.1686253856727648
SOL,스윕+CHoCH,1h,15m,0.25,월,,,,,,,,,,24281.0,-0.10099179124053953
SOL,스윕+CHoCH,1h,15m,0.25,월,,,,,,,,,,24282.0,-0.035756972697286164
SOL,스윕+CHoCH,1h,15m,0.25,월,,,,,,,,,,24283.0,-0.06569713586494676
SOL,스윕+CHoCH,1h,15m,0.25,월,,,,,,,,,,24284.0,0.17049438688483282
SOL,스윕+CHoCH,1h,15m,0.25,월,,,,,,,,,,24285.0,-0.050126368334020274
SOL,스윕+CHoCH,1h,15m,0.25,월,,,,,,,,,,24286.0,0.08572357944986668
SOL,스윕+CHoCH,1h,15m,0.25,월,,,,,,,,,,24287.0,-0.10418974869595882
SOL,스윕+CHoCH,1h,15m,0.25,월,,,,,,,,,,24288.0,0.14245051959359423
SOL,스윕+CHoCH,1h,15m,0.25,월,,,,,,,,,,24289.0,0.010465067318150272
SOL,스윕+CHoCH,1h,15m,0.25,월,,,,,,,,,,24290.0,0.0859764189371466
SOL,스윕+CHoCH,1h,15m,0.25,월,,,,,,,,,,24291.0,0.21381805461273173
SOL,스윕+CHoCH,1h,15m,0.25,월,,,,,,,,,,24292.0,0.08123395345911075
SOL,스윕+CHoCH,1h,15m,0.25,월,,,,,,,,,,24293.0,-0.06116168034025918
SOL,스윕+CHoCH,1h,15m,0.25,월,,,,,,,,,,24294.0,0.23484493713541582
SOL,스윕+CHoCH,1h,15m,0.25,월,,,,,,,,,,24295.0,-0.2455010435105462
SOL,스윕+CHoCH,1h,15m,0.25,월,,,,,,,,,,24296.0,0.13116863849371127
SOL,스윕+CHoCH,1h,15m,0.25,월,,,,,,,,,,24297.0,-0.008714657256598826
SOL,스윕+CHoCH,1h,15m,0.25,월,,,,,,,,,,24298.0,0.015916473349204874
SOL,스윕+CHoCH,1h,15m,0.25,월,,,,,,,,,,24299.0,0.06110407030305165
SOL,스윕+CHoCH,1h,15m,0.25,월,,,,,,,,,,24300.0,-0.11088391370195057
SOL,스윕+CHoCH,1h,15m,0.25,월,,,,,,,,,,24301.0,-0.06360533089556568
SOL,스윕+CHoCH,1h,15m,0.25,월,,,,,,,,,,24302.0,0.12576604038583114
SOL,스윕+CHoCH,1h,15m,0.25,월,,,,,,,,,,24303.0,-0.2371378304308501
SOL,스윕+CHoCH,1h,15m,0.25,월,,,,,,,,,,24304.0,-0.016634546887100452
SOL,스윕+CHoCH,1h,15m,0.25,월,,,,,,,,,,24305.0,0.08347102555838272
SOL,스윕+CHoCH,1h,15m,0.25,월,,,,,,,,,,24306.0,-0.04187937995933427
SOL,스윕+CHoCH,1h,15m,0.25,월,,,,,,,,,,24307.0,0.04083893252405801
SOL,스윕+CHoCH,1h,15m,0.25,월,,,,,,,,,,24308.0,-0.0942879016264556
SOL,스윕+CHoCH,1h,15m,0.25,월,,,,,,,,,,24309.0,-0.002941834627639091
SOL,스윕+CHoCH,1h,15m,0.25,월,,,,,,,,,,24310.0,0.03788890944132684
SOL,스윕+CHoCH,1h,15m,0.25,월,,,,,,,,,,24311.0,0.05575386751879424
SOL,스윕+CHoCH,1h,15m,0.25,월,,,,,,,,,,24312.0,0.04608767400922827
SOL,스윕+CHoCH,1h,15m,0.25,월,,,,,,,,,,24313.0,-0.07096058754007688
SOL,스윕+CHoCH,1h,15m,0.25,월,,,,,,,,,,24314.0,-0.3202078657361596
SOL,스윕+CHoCH,1h,15m,0.25,월,,,,,,,,,,24315.0,-0.22994615214587105
SOL,스윕+CHoCH,1h,15m,0.25,월,,,,,,,,,,24316.0,-0.3821540409889104
SOL,스윕+CHoCH,1h,15m,0.25,월,,,,,,,,,,24317.0,-0.054860903303815656
SOL,스윕+CHoCH,1h,15m,0.25,월,,,,,,,,,,24318.0,-0.06744699513467357
SOL,스윕+CHoCH,1h,1h,0.0,전체,1461.0,0.9952316076294278,459.05251560778555,-0.009582477754962354,0.016734610483578674,-0.026317088238541037,-0.03276865160848734,0.2888432580424367,0.12388774811772758,,
SOL,스윕+CHoCH,1h,1h,0.0,홀드아웃 전,1183.0,0.9952316076294278,497.2504256022734,-0.00253592561284869,0.015234025550009142,-0.01776995116285782,,0.28994082840236685,0.12764158918005072,,
SOL,스윕+CHoCH,1h,1h,0.0,홀드아웃 12개월,278.0,0.9952316076294278,342.68878158128007,-0.039568345323741004,0.023120193132545416,-0.06268853845628644,,0.2841726618705036,0.1079136690647482,,
SOL,스윕+CHoCH,1h,1h,0.0,월,,,,,,,,,,24256.0,0.3250878252673785
SOL,스윕+CHoCH,1h,1h,0.0,월,,,,,,,,,,24257.0,-0.08942528764967979
SOL,스윕+CHoCH,1h,1h,0.0,월,,,,,,,,,,24258.0,-0.11893797320570851
SOL,스윕+CHoCH,1h,1h,0.0,월,,,,,,,,,,24259.0,0.2669915844854849
SOL,스윕+CHoCH,1h,1h,0.0,월,,,,,,,,,,24260.0,0.10951038204005713
SOL,스윕+CHoCH,1h,1h,0.0,월,,,,,,,,,,24261.0,0.15228436480164578
SOL,스윕+CHoCH,1h,1h,0.0,월,,,,,,,,,,24262.0,0.09301850102277374
SOL,스윕+CHoCH,1h,1h,0.0,월,,,,,,,,,,24263.0,-0.24026100730312389
SOL,스윕+CHoCH,1h,1h,0.0,월,,,,,,,,,,24264.0,0.029792731634906602
SOL,스윕+CHoCH,1h,1h,0.0,월,,,,,,,,,,24265.0,0.024065858394459447
SOL,스윕+CHoCH,1h,1h,0.0,월,,,,,,,,,,24266.0,-0.012081395291529217
SOL,스윕+CHoCH,1h,1h,0.0,월,,,,,,,,,,24267.0,0.22565719676812038
SOL,스윕+CHoCH,1h,1h,0.0,월,,,,,,,,,,24268.0,-0.32377380711153936
SOL,스윕+CHoCH,1h,1h,0.0,월,,,,,,,,,,24269.0,0.03773405704915563
SOL,스윕+CHoCH,1h,1h,0.0,월,,,,,,,,,,24270.0,0.1922557299473211
SOL,스윕+CHoCH,1h,1h,0.0,월,,,,,,,,,,24271.0,0.06257599220823931
SOL,스윕+CHoCH,1h,1h,0.0,월,,,,,,,,,,24272.0,0.02497503164096786
SOL,스윕+CHoCH,1h,1h,0.0,월,,,,,,,,,,24273.0,-0.14048534384985475
SOL,스윕+CHoCH,1h,1h,0.0,월,,,,,,,,,,24274.0,0.12347346551784799
SOL,스윕+CHoCH,1h,1h,0.0,월,,,,,,,,,,24275.0,-0.2441511502049779
SOL,스윕+CHoCH,1h,1h,0.0,월,,,,,,,,,,24276.0,0.3129752682077329
SOL,스윕+CHoCH,1h,1h,0.0,월,,,,,,,,,,24277.0,-0.0912191009481772
SOL,스윕+CHoCH,1h,1h,0.0,월,,,,,,,,,,24278.0,0.13432393267677956
SOL,스윕+CHoCH,1h,1h,0.0,월,,,,,,,,,,24279.0,-0.3471118002169038
SOL,스윕+CHoCH,1h,1h,0.0,월,,,,,,,,,,24280.0,0.15161113935280449
SOL,스윕+CHoCH,1h,1h,0.0,월,,,,,,,,,,24281.0,-0.06692277642479061
SOL,스윕+CHoCH,1h,1h,0.0,월,,,,,,,,,,24282.0,-0.24715632728025305
SOL,스윕+CHoCH,1h,1h,0.0,월,,,,,,,,,,24283.0,0.22633085611844475
SOL,스윕+CHoCH,1h,1h,0.0,월,,,,,,,,,,24284.0,-0.023797309795931816
SOL,스윕+CHoCH,1h,1h,0.0,월,,,,,,,,,,24285.0,-0.15635826238515163
SOL,스윕+CHoCH,1h,1h,0.0,월,,,,,,,,,,24286.0,0.06849403760888077
SOL,스윕+CHoCH,1h,1h,0.0,월,,,,,,,,,,24287.0,-0.06875718688441786
SOL,스윕+CHoCH,1h,1h,0.0,월,,,,,,,,,,24288.0,-0.17838154058436947
SOL,스윕+CHoCH,1h,1h,0.0,월,,,,,,,,,,24289.0,-0.04858863011004688
SOL,스윕+CHoCH,1h,1h,0.0,월,,,,,,,,,,24290.0,0.9851213404534462
SOL,스윕+CHoCH,1h,1h,0.0,월,,,,,,,,,,24291.0,-0.1977087120203106
SOL,스윕+CHoCH,1h,1h,0.0,월,,,,,,,,,,24292.0,-0.0837639296332506
SOL,스윕+CHoCH,1h,1h,0.0,월,,,,,,,,,,24293.0,-0.1847265075085841
SOL,스윕+CHoCH,1h,1h,0.0,월,,,,,,,,,,24294.0,0.32582874430798403
SOL,스윕+CHoCH,1h,1h,0.0,월,,,,,,,,,,24295.0,0.16272116146909224
SOL,스윕+CHoCH,1h,1h,0.0,월,,,,,,,,,,24296.0,-0.19539148587358285
SOL,스윕+CHoCH,1h,1h,0.0,월,,,,,,,,,,24297.0,-0.28156324102091995
SOL,스윕+CHoCH,1h,1h,0.0,월,,,,,,,,,,24298.0,0.015552552944161229
SOL,스윕+CHoCH,1h,1h,0.0,월,,,,,,,,,,24299.0,0.110019671259529
SOL,스윕+CHoCH,1h,1h,0.0,월,,,,,,,,,,24300.0,-0.15412130913652966
SOL,스윕+CHoCH,1h,1h,0.0,월,,,,,,,,,,24301.0,0.14206068921456977
SOL,스윕+CHoCH,1h,1h,0.0,월,,,,,,,,,,24302.0,0.038362106969483244
SOL,스윕+CHoCH,1h,1h,0.0,월,,,,,,,,,,24303.0,-0.016714418974988463
SOL,스윕+CHoCH,1h,1h,0.0,월,,,,,,,,,,24304.0,-0.49080723351552286
SOL,스윕+CHoCH,1h,1h,0.0,월,,,,,,,,,,24305.0,-0.41317831710633907
SOL,스윕+CHoCH,1h,1h,0.0,월,,,,,,,,,,24306.0,0.19037595999685367
SOL,스윕+CHoCH,1h,1h,0.0,월,,,,,,,,,,24307.0,0.12115662161191236
SOL,스윕+CHoCH,1h,1h,0.0,월,,,,,,,,,,24308.0,-0.01904253314698192
SOL,스윕+CHoCH,1h,1h,0.0,월,,,,,,,,,,24309.0,0.07458018631601251
SOL,스윕+CHoCH,1h,1h,0.0,월,,,,,,,,,,24310.0,-0.26807920204232405
SOL,스윕+CHoCH,1h,1h,0.0,월,,,,,,,,,,24311.0,-0.4942723616569136
SOL,스윕+CHoCH,1h,1h,0.0,월,,,,,,,,,,24312.0,-0.3960499328148705
SOL,스윕+CHoCH,1h,1h,0.0,월,,,,,,,,,,24313.0,0.48957904943696345
SOL,스윕+CHoCH,1h,1h,0.0,월,,,,,,,,,,24314.0,0.15931890082158925
SOL,스윕+CHoCH,1h,1h,0.0,월,,,,,,,,,,24315.0,-0.0778350678091344
SOL,스윕+CHoCH,1h,1h,0.0,월,,,,,,,,,,24316.0,-0.5732901426513949
SOL,스윕+CHoCH,1h,1h,0.0,월,,,,,,,,,,24317.0,0.11327887453047
SOL,스윕+CHoCH,1h,1h,0.0,월,,,,,,,,,,24318.0,0.031069494743571024
SOL,스윕+CHoCH,1h,1h,0.25,전체,1461.0,0.9952316076294278,468.24090432249085,-0.01026694045174538,0.0163642991373882,-0.02663123958913357,-0.014972621492128677,0.2874743326488706,0.1273100616016427,,
SOL,스윕+CHoCH,1h,1h,0.25,홀드아웃 전,1183.0,0.9952316076294278,507.17153772980606,-0.0084530853761623,0.01493030918871437,-0.023383394564876665,,0.2865595942519019,0.13186813186813187,,
SOL,스윕+CHoCH,1h,1h,0.25,홀드아웃 12개월,278.0,0.9952316076294278,351.3311062452117,-0.017985611510791366,0.022466493775090142,-0.04045210528588147,,0.29136690647482016,0.1079136690647482,,
SOL,스윕+CHoCH,1h,1h,0.25,월,,,,,,,,,,24256.0,0.4685083595965497
SOL,스윕+CHoCH,1h,1h,0.25,월,,,,,,,,,,24257.0,-0.08931287384696311
SOL,스윕+CHoCH,1h,1h,0.25,월,,,,,,,,,,24258.0,-0.1187651790793576
SOL,스윕+CHoCH,1h,1h,0.25,월,,,,,,,,,,24259.0,0.267329935256964
SOL,스윕+CHoCH,1h,1h,0.25,월,,,,,,,,,,24260.0,0.10974700531324956
SOL,스윕+CHoCH,1h,1h,0.25,월,,,,,,,,,,24261.0,0.15246142309091104
SOL,스윕+CHoCH,1h,1h,0.25,월,,,,,,,,,,24262.0,0.09327897162873347
SOL,스윕+CHoCH,1h,1h,0.25,월,,,,,,,,,,24263.0,-0.23999057577725183
SOL,스윕+CHoCH,1h,1h,0.25,월,,,,,,,,,,24264.0,0.03008138651440495
SOL,스윕+CHoCH,1h,1h,0.25,월,,,,,,,,,,24265.0,0.024397294888401058
SOL,스윕+CHoCH,1h,1h,0.25,월,,,,,,,,,,24266.0,-0.011810988697688207
SOL,스윕+CHoCH,1h,1h,0.25,월,,,,,,,,,,24267.0,0.22597448570442247
SOL,스윕+CHoCH,1h,1h,0.25,월,,,,,,,,,,24268.0,-0.32340627860253895
SOL,스윕+CHoCH,1h,1h,0.25,월,,,,,,,,,,24269.0,0.03794623004080971
SOL,스윕+CHoCH,1h,1h,0.25,월,,,,,,,,,,24270.0,0.19240744894035597
SOL,스윕+CHoCH,1h,1h,0.25,월,,,,,,,,,,24271.0,0.0628368160770854
SOL,스윕+CHoCH,1h,1h,0.25,월,,,,,,,,,,24272.0,0.025313979553203792
SOL,스윕+CHoCH,1h,1h,0.25,월,,,,,,,,,,24273.0,-0.1401827783207786
SOL,스윕+CHoCH,1h,1h,0.25,월,,,,,,,,,,24274.0,0.12383555980669517
SOL,스윕+CHoCH,1h,1h,0.25,월,,,,,,,,,,24275.0,-0.18517166917893954
SOL,스윕+CHoCH,1h,1h,0.25,월,,,,,,,,,,24276.0,0.2017174159507951
SOL,스윕+CHoCH,1h,1h,0.25,월,,,,,,,,,,24277.0,-0.09100813752714348
SOL,스윕+CHoCH,1h,1h,0.25,월,,,,,,,,,,24278.0,0.134679930018413
SOL,스윕+CHoCH,1h,1h,0.25,월,,,,,,,,,,24279.0,-0.34684936435817515
SOL,스윕+CHoCH,1h,1h,0.25,월,,,,,,,,,,24280.0,0.15211089900292307
SOL,스윕+CHoCH,1h,1h,0.25,월,,,,,,,,,,24281.0,-0.06634491469251654
SOL,스윕+CHoCH,1h,1h,0.25,월,,,,,,,,,,24282.0,-0.246839571526435
SOL,스윕+CHoCH,1h,1h,0.25,월,,,,,,,,,,24283.0,0.2265980004569567
SOL,스윕+CHoCH,1h,1h,0.25,월,,,,,,,,,,24284.0,-0.02326376606282666
SOL,스윕+CHoCH,1h,1h,0.25,월,,,,,,,,,,24285.0,-0.15580897748192366
SOL,스윕+CHoCH,1h,1h,0.25,월,,,,,,,,,,24286.0,0.06880681937034075
SOL,스윕+CHoCH,1h,1h,0.25,월,,,,,,,,,,24287.0,-0.1797703759154513
SOL,스윕+CHoCH,1h,1h,0.25,월,,,,,,,,,,24288.0,-0.17813383683444095
SOL,스윕+CHoCH,1h,1h,0.25,월,,,,,,,,,,24289.0,-0.04836215926618656
SOL,스윕+CHoCH,1h,1h,0.25,월,,,,,,,,,,24290.0,0.9854652793741816
SOL,스윕+CHoCH,1h,1h,0.25,월,,,,,,,,,,24291.0,-0.3088754511495115
SOL,스윕+CHoCH,1h,1h,0.25,월,,,,,,,,,,24292.0,-0.0833976967511861
SOL,스윕+CHoCH,1h,1h,0.25,월,,,,,,,,,,24293.0,-0.18435755403496065
SOL,스윕+CHoCH,1h,1h,0.25,월,,,,,,,,,,24294.0,0.24913365677789917
SOL,스윕+CHoCH,1h,1h,0.25,월,,,,,,,,,,24295.0,0.16297475989383373
SOL,스윕+CHoCH,1h,1h,0.25,월,,,,,,,,,,24296.0,-0.19502709840857693
SOL,스윕+CHoCH,1h,1h,0.25,월,,,,,,,,,,24297.0,-0.28112921450889067
SOL,스윕+CHoCH,1h,1h,0.25,월,,,,,,,,,,24298.0,0.01608916150643797
SOL,스윕+CHoCH,1h,1h,0.25,월,,,,,,,,,,24299.0,0.11036018168050739
SOL,스윕+CHoCH,1h,1h,0.25,월,,,,,,,,,,24300.0,-0.1536962697811068
SOL,스윕+CHoCH,1h,1h,0.25,월,,,,,,,,,,24301.0,0.14245340412044652
SOL,스윕+CHoCH,1h,1h,0.25,월,,,,,,,,,,24302.0,-0.06190980020419593
SOL,스윕+CHoCH,1h,1h,0.25,월,,,,,,,,,,24303.0,-0.016308445634175984
SOL,스윕+CHoCH,1h,1h,0.25,월,,,,,,,,,,24304.0,-0.49032678745750585
SOL,스윕+CHoCH,1h,1h,0.25,월,,,,,,,,,,24305.0,-0.4127523562050719
SOL,스윕+CHoCH,1h,1h,0.25,월,,,,,,,,,,24306.0,0.19073584209276792
SOL,스윕+CHoCH,1h,1h,0.25,월,,,,,,,,,,24307.0,0.12165024843862678
SOL,스윕+CHoCH,1h,1h,0.25,월,,,,,,,,,,24308.0,-0.018573955758192744
SOL,스윕+CHoCH,1h,1h,0.25,월,,,,,,,,,,24309.0,0.07514119871269523
SOL,스윕+CHoCH,1h,1h,0.25,월,,,,,,,,,,24310.0,-0.2677173737934338
SOL,스윕+CHoCH,1h,1h,0.25,월,,,,,,,,,,24311.0,-0.3351292754184518
SOL,스윕+CHoCH,1h,1h,0.25,월,,,,,,,,,,24312.0,-0.3956929646458774
SOL,스윕+CHoCH,1h,1h,0.25,월,,,,,,,,,,24313.0,0.4902968950808745
SOL,스윕+CHoCH,1h,1h,0.25,월,,,,,,,,,,24314.0,0.1596176403388877
SOL,스윕+CHoCH,1h,1h,0.25,월,,,,,,,,,,24315.0,-0.0773136377077551
SOL,스윕+CHoCH,1h,1h,0.25,월,,,,,,,,,,24316.0,-0.45616915874093655
SOL,스윕+CHoCH,1h,1h,0.25,월,,,,,,,,,,24317.0,0.11390567185010687
SOL,스윕+CHoCH,1h,1h,0.25,월,,,,,,,,,,24318.0,0.03146141873070139
SOL,스윕+CHoCH,4h,5m,0.0,전체,1391.0,0.9949928469241774,151.4442965574299,-0.004313443565780014,0.049521089806323304,-0.05383453337210332,0.00709920920201294,0.3299784327821711,0.005751258087706686,,
SOL,스윕+CHoCH,4h,5m,0.0,홀드아웃 전,1118.0,0.9949928469241774,165.94301452772993,-0.01520572450805009,0.045396496107983214,-0.06060222061603331,,0.32647584973166366,0.005366726296958855,,
SOL,스윕+CHoCH,4h,5m,0.0,홀드아웃 12개월,273.0,0.9949928469241774,107.93850015688729,0.040293040293040296,0.06641228304714462,-0.026119242754104356,,0.3443223443223443,0.007326007326007326,,
SOL,스윕+CHoCH,4h,5m,0.0,월,,,,,,,,,,24256.0,0.5816502074166799
SOL,스윕+CHoCH,4h,5m,0.0,월,,,,,,,,,,24257.0,-0.05936038157434886
SOL,스윕+CHoCH,4h,5m,0.0,월,,,,,,,,,,24258.0,-0.11107049717518248
SOL,스윕+CHoCH,4h,5m,0.0,월,,,,,,,,,,24259.0,-0.035395972330808906
SOL,스윕+CHoCH,4h,5m,0.0,월,,,,,,,,,,24260.0,-0.5043382948415179
SOL,스윕+CHoCH,4h,5m,0.0,월,,,,,,,,,,24261.0,0.05089189696561499
SOL,스윕+CHoCH,4h,5m,0.0,월,,,,,,,,,,24262.0,-0.2902228357989374
SOL,스윕+CHoCH,4h,5m,0.0,월,,,,,,,,,,24263.0,0.037865026687518545
SOL,스윕+CHoCH,4h,5m,0.0,월,,,,,,,,,,24264.0,-0.0836659371023613
SOL,스윕+CHoCH,4h,5m,0.0,월,,,,,,,,,,24265.0,0.2740223229873207
SOL,스윕+CHoCH,4h,5m,0.0,월,,,,,,,,,,24266.0,0.40635219147708423
SOL,스윕+CHoCH,4h,5m,0.0,월,,,,,,,,,,24267.0,0.3765442295807945
SOL,스윕+CHoCH,4h,5m,0.0,월,,,,,,,,,,24268.0,-0.6488781249960972
SOL,스윕+CHoCH,4h,5m,0.0,월,,,,,,,,,,24269.0,-0.12398704765556529
SOL,스윕+CHoCH,4h,5m,0.0,월,,,,,,,,,,24270.0,-0.24559760737323877
SOL,스윕+CHoCH,4h,5m,0.0,월,,,,,,,,,,24271.0,-0.11768086412999407
SOL,스윕+CHoCH,4h,5m,0.0,월,,,,,,,,,,24272.0,-0.14074408820408063
SOL,스윕+CHoCH,4h,5m,0.0,월,,,,,,,,,,24273.0,-0.13028561497757937
SOL,스윕+CHoCH,4h,5m,0.0,월,,,,,,,,,,24274.0,-0.14721554186519434
SOL,스윕+CHoCH,4h,5m,0.0,월,,,,,,,,,,24275.0,0.4706333339699929
SOL,스윕+CHoCH,4h,5m,0.0,월,,,,,,,,,,24276.0,-0.529531394574912
SOL,스윕+CHoCH,4h,5m,0.0,월,,,,,,,,,,24277.0,-0.4931545070167234
SOL,스윕+CHoCH,4h,5m,0.0,월,,,,,,,,,,24278.0,0.056076579265054265
SOL,스윕+CHoCH,4h,5m,0.0,월,,,,,,,,,,24279.0,-0.09321393889690542
SOL,스윕+CHoCH,4h,5m,0.0,월,,,,,,,,,,24280.0,-0.2734898516961404
SOL,스윕+CHoCH,4h,5m,0.0,월,,,,,,,,,,24281.0,-0.1512036006855629
SOL,스윕+CHoCH,4h,5m,0.0,월,,,,,,,,,,24282.0,0.17814508146669245
SOL,스윕+CHoCH,4h,5m,0.0,월,,,,,,,,,,24283.0,-0.08837935713775978
SOL,스윕+CHoCH,4h,5m,0.0,월,,,,,,,,,,24284.0,-0.16587005347721065
SOL,스윕+CHoCH,4h,5m,0.0,월,,,,,,,,,,24285.0,0.21807442143154604
SOL,스윕+CHoCH,4h,5m,0.0,월,,,,,,,,,,24286.0,0.6056620345314813
SOL,스윕+CHoCH,4h,5m,0.0,월,,,,,,,,,,24287.0,0.024035865303063
SOL,스윕+CHoCH,4h,5m,0.0,월,,,,,,,,,,24288.0,-0.3854242216703766
SOL,스윕+CHoCH,4h,5m,0.0,월,,,,,,,,,,24289.0,0.056854039500184285
SOL,스윕+CHoCH,4h,5m,0.0,월,,,,,,,,,,24290.0,-0.13935246309964777
SOL,스윕+CHoCH,4h,5m,0.0,월,,,,,,,,,,24291.0,-0.03636535407879003
SOL,스윕+CHoCH,4h,5m,0.0,월,,,,,,,,,,24292.0,-0.29010268394149585
SOL,스윕+CHoCH,4h,5m,0.0,월,,,,,,,,,,24293.0,0.08038616254098539
SOL,스윕+CHoCH,4h,5m,0.0,월,,,,,,,,,,24294.0,-0.25539192484274764
SOL,스윕+CHoCH,4h,5m,0.0,월,,,,,,,,,,24295.0,0.03400071824062378
SOL,스윕+CHoCH,4h,5m,0.0,월,,,,,,,,,,24296.0,0.2175404085851871
SOL,스윕+CHoCH,4h,5m,0.0,월,,,,,,,,,,24297.0,0.010231558546339241
SOL,스윕+CHoCH,4h,5m,0.0,월,,,,,,,,,,24298.0,0.05576405053424409
SOL,스윕+CHoCH,4h,5m,0.0,월,,,,,,,,,,24299.0,-0.34630777283436315
SOL,스윕+CHoCH,4h,5m,0.0,월,,,,,,,,,,24300.0,-0.09328699805141547
SOL,스윕+CHoCH,4h,5m,0.0,월,,,,,,,,,,24301.0,-0.15263808322900155
SOL,스윕+CHoCH,4h,5m,0.0,월,,,,,,,,,,24302.0,-0.1678399455736199
SOL,스윕+CHoCH,4h,5m,0.0,월,,,,,,,,,,24303.0,-0.30281831433153517
SOL,스윕+CHoCH,4h,5m,0.0,월,,,,,,,,,,24304.0,-0.30170884223282785
SOL,스윕+CHoCH,4h,5m,0.0,월,,,,,,,,,,24305.0,-0.015833635556891167
SOL,스윕+CHoCH,4h,5m,0.0,월,,,,,,,,,,24306.0,0.22456995039445984
SOL,스윕+CHoCH,4h,5m,0.0,월,,,,,,,,,,24307.0,-0.21314848546883167
SOL,스윕+CHoCH,4h,5m,0.0,월,,,,,,,,,,24308.0,-0.12694334558383763
SOL,스윕+CHoCH,4h,5m,0.0,월,,,,,,,,,,24309.0,-0.07362727002434401
SOL,스윕+CHoCH,4h,5m,0.0,월,,,,,,,,,,24310.0,0.49922905724565125
SOL,스윕+CHoCH,4h,5m,0.0,월,,,,,,,,,,24311.0,-0.010238914029154078
SOL,스윕+CHoCH,4h,5m,0.0,월,,,,,,,,,,24312.0,0.055989307778708336
SOL,스윕+CHoCH,4h,5m,0.0,월,,,,,,,,,,24313.0,0.2408041675811219
SOL,스윕+CHoCH,4h,5m,0.0,월,,,,,,,,,,24314.0,0.028985652329200667
SOL,스윕+CHoCH,4h,5m,0.0,월,,,,,,,,,,24315.0,-0.34572081440812075
SOL,스윕+CHoCH,4h,5m,0.0,월,,,,,,,,,,24316.0,-0.5712726731965513
SOL,스윕+CHoCH,4h,5m,0.0,월,,,,,,,,,,24317.0,-0.03602095267541246
SOL,스윕+CHoCH,4h,5m,0.0,월,,,,,,,,,,24318.0,0.2579649136031268
SOL,스윕+CHoCH,4h,5m,0.25,전체,1421.0,0.9950980392156863,159.8113400870441,-0.050668543279380716,0.04741895062118898,-0.09808749390056967,0.014954257565095004,0.31456720619282197,0.005629838142153413,,
SOL,스윕+CHoCH,4h,5m,0.25,홀드아웃 전,1140.0,0.9950980392156863,174.93530281387243,-0.07105263157894737,0.04366417987728664,-0.11471681145623401,,0.3078947368421053,0.005263157894736842,,
SOL,스윕+CHoCH,4h,5m,0.25,홀드아웃 12개월,281.0,0.9950980392156863,113.46485142332297,0.03202846975088968,0.06265182837225182,-0.030623358621362166,,0.3416370106761566,0.0071174377224199285,,
SOL,스윕+CHoCH,4h,5m,0.25,월,,,,,,,,,,24256.0,0.47940807090367493
SOL,스윕+CHoCH,4h,5m,0.25,월,,,,,,,,,,24257.0,-0.21387846622473192
SOL,스윕+CHoCH,4h,5m,0.25,월,,,,,,,,,,24258.0,-0.10929391572144671
SOL,스윕+CHoCH,4h,5m,0.25,월,,,,,,,,,,24259.0,-0.06927582942247547
SOL,스윕+CHoCH,4h,5m,0.25,월,,,,,,,,,,24260.0,-0.6611048023526669
SOL,스윕+CHoCH,4h,5m,0.25,월,,,,,,,,,,24261.0,0.05272248114669997
SOL,스윕+CHoCH,4h,5m,0.25,월,,,,,,,,,,24262.0,-0.2873490931271792
SOL,스윕+CHoCH,4h,5m,0.25,월,,,,,,,,,,24263.0,0.03987250873034464
SOL,스윕+CHoCH,4h,5m,0.25,월,,,,,,,,,,24264.0,-0.12336407445202315
SOL,스윕+CHoCH,4h,5m,0.25,월,,,,,,,,,,24265.0,0.15635380308703897
SOL,스윕+CHoCH,4h,5m,0.25,월,,,,,,,,,,24266.0,0.40882591800425705
SOL,스윕+CHoCH,4h,5m,0.25,월,,,,,,,,,,24267.0,0.15531843407534618
SOL,스윕+CHoCH,4h,5m,0.25,월,,,,,,,,,,24268.0,-0.4827342981985742
SOL,스윕+CHoCH,4h,5m,0.25,월,,,,,,,,,,24269.0,-0.12136915567357469
SOL,스윕+CHoCH,4h,5m,0.25,월,,,,,,,,,,24270.0,-0.3747769243066067
SOL,스윕+CHoCH,4h,5m,0.25,월,,,,,,,,,,24271.0,-0.11477696642009237
SOL,스윕+CHoCH,4h,5m,0.25,월,,,,,,,,,,24272.0,-0.23916403611739787
SOL,스윕+CHoCH,4h,5m,0.25,월,,,,,,,,,,24273.0,-0.12780038442438152
SOL,스윕+CHoCH,4h,5m,0.25,월,,,,,,,,,,24274.0,-0.14283696932470236
SOL,스윕+CHoCH,4h,5m,0.25,월,,,,,,,,,,24275.0,0.5369782150008915
SOL,스윕+CHoCH,4h,5m,0.25,월,,,,,,,,,,24276.0,-0.5271087684495904
SOL,스윕+CHoCH,4h,5m,0.25,월,,,,,,,,,,24277.0,-0.5382213269629584
SOL,스윕+CHoCH,4h,5m,0.25,월,,,,,,,,,,24278.0,0.05930038737034373
SOL,스윕+CHoCH,4h,5m,0.25,월,,,,,,,,,,24279.0,-0.13207869931197605
SOL,스윕+CHoCH,4h,5m,0.25,월,,,,,,,,,,24280.0,-0.27006632703909894
SOL,스윕+CHoCH,4h,5m,0.25,월,,,,,,,,,,24281.0,-0.3720351486999515
SOL,스윕+CHoCH,4h,5m,0.25,월,,,,,,,,,,24282.0,-0.09398582047280706
SOL,스윕+CHoCH,4h,5m,0.25,월,,,,,,,,,,24283.0,-0.22313564429825272
SOL,스윕+CHoCH,4h,5m,0.25,월,,,,,,,,,,24284.0,-0.31392573049561034
SOL,스윕+CHoCH,4h,5m,0.25,월,,,,,,,,,,24285.0,0.22225068337853798
SOL,스윕+CHoCH,4h,5m,0.25,월,,,,,,,,,,24286.0,0.46069461576262993
SOL,스윕+CHoCH,4h,5m,0.25,월,,,,,,,,,,24287.0,-0.026397851167056268
SOL,스윕+CHoCH,4h,5m,0.25,월,,,,,,,,,,24288.0,-0.4160702103672134
SOL,스윕+CHoCH,4h,5m,0.25,월,,,,,,,,,,24289.0,0.05864137210936839
SOL,스윕+CHoCH,4h,5m,0.25,월,,,,,,,,,,24290.0,-0.17878243156862172
SOL,스윕+CHoCH,4h,5m,0.25,월,,,,,,,,,,24291.0,0.11019172856106033
SOL,스윕+CHoCH,4h,5m,0.25,월,,,,,,,,,,24292.0,-0.6380427017544574
SOL,스윕+CHoCH,4h,5m,0.25,월,,,,,,,,,,24293.0,0.08314665494383836
SOL,스윕+CHoCH,4h,5m,0.25,월,,,,,,,,,,24294.0,-0.2819185693626725
SOL,스윕+CHoCH,4h,5m,0.25,월,,,,,,,,,,24295.0,0.03667174868820457
SOL,스윕+CHoCH,4h,5m,0.25,월,,,,,,,,,,24296.0,-0.09932426200606949
SOL,스윕+CHoCH,4h,5m,0.25,월,,,,,,,,,,24297.0,-0.1294572160381837
SOL,스윕+CHoCH,4h,5m,0.25,월,,,,,,,,,,24298.0,-0.010755414310198259
SOL,스윕+CHoCH,4h,5m,0.25,월,,,,,,,,,,24299.0,-0.3425589795269177
SOL,스윕+CHoCH,4h,5m,0.25,월,,,,,,,,,,24300.0,-0.12795037087480685
SOL,스윕+CHoCH,4h,5m,0.25,월,,,,,,,,,,24301.0,-0.09395663196179206
SOL,스윕+CHoCH,4h,5m,0.25,월,,,,,,,,,,24302.0,-0.21531409873948512
SOL,스윕+CHoCH,4h,5m,0.25,월,,,,,,,,,,24303.0,-0.29935812349833874
SOL,스윕+CHoCH,4h,5m,0.25,월,,,,,,,,,,24304.0,-0.29843330790693007
SOL,스윕+CHoCH,4h,5m,0.25,월,,,,,,,,,,24305.0,-0.011263576114931239
SOL,스윕+CHoCH,4h,5m,0.25,월,,,,,,,,,,24306.0,0.22875484549661604
SOL,스윕+CHoCH,4h,5m,0.25,월,,,,,,,,,,24307.0,-0.23770535965769715
SOL,스윕+CHoCH,4h,5m,0.25,월,,,,,,,,,,24308.0,-0.021888963162473057
SOL,스윕+CHoCH,4h,5m,0.25,월,,,,,,,,,,24309.0,-0.2543831934224419
SOL,스윕+CHoCH,4h,5m,0.25,월,,,,,,,,,,24310.0,0.4983279400875638
SOL,스윕+CHoCH,4h,5m,0.25,월,,,,,,,,,,24311.0,-0.05788649343979898
SOL,스윕+CHoCH,4h,5m,0.25,월,,,,,,,,,,24312.0,0.015221847062828423
SOL,스윕+CHoCH,4h,5m,0.25,월,,,,,,,,,,24313.0,0.2459023702059625
SOL,스윕+CHoCH,4h,5m,0.25,월,,,,,,,,,,24314.0,-0.051445375157199665
SOL,스윕+CHoCH,4h,5m,0.25,월,,,,,,,,,,24315.0,-0.34105338842521044
SOL,스윕+CHoCH,4h,5m,0.25,월,,,,,,,,,,24316.0,-0.5651714591466568
SOL,스윕+CHoCH,4h,5m,0.25,월,,,,,,,,,,24317.0,-0.18297726342383305
SOL,스윕+CHoCH,4h,5m,0.25,월,,,,,,,,,,24318.0,0.4505986755662253
SOL,스윕+CHoCH,4h,15m,0.0,전체,1343.0,0.9933431952662722,232.54232678316365,-0.00967982129560685,0.033308457948373386,-0.04298827924398025,-0.02103499627699181,0.3239017125837677,0.018615040953090096,,
SOL,스윕+CHoCH,4h,15m,0.0,홀드아웃 전,1071.0,0.9933431952662722,250.95252929476845,-0.022408963585434174,0.030554162896631598,-0.05296312648206576,,0.31932773109243695,0.0196078431372549,,
SOL,스윕+CHoCH,4h,15m,0.0,홀드아웃 12개월,272.0,0.9933431952662722,168.08456418003647,0.04044117647058824,0.04415349471460666,-0.003712318244018409,,0.34191176470588236,0.014705882352941176,,
SOL,스윕+CHoCH,4h,15m,0.0,월,,,,,,,,,,24256.0,-0.3923523415253878
SOL,스윕+CHoCH,4h,15m,0.0,월,,,,,,,,,,24257.0,-0.05754873160413288
SOL,스윕+CHoCH,4h,15m,0.0,월,,,,,,,,,,24258.0,-0.2678635068538513
SOL,스윕+CHoCH,4h,15m,0.0,월,,,,,,,,,,24259.0,-0.2405965917195147
SOL,스윕+CHoCH,4h,15m,0.0,월,,,,,,,,,,24260.0,-0.25587205415622116
SOL,스윕+CHoCH,4h,15m,0.0,월,,,,,,,,,,24261.0,0.5238768575280396
SOL,스윕+CHoCH,4h,15m,0.0,월,,,,,,,,,,24262.0,0.3412397997282484
SOL,스윕+CHoCH,4h,15m,0.0,월,,,,,,,,,,24263.0,0.3605631922627369
SOL,스윕+CHoCH,4h,15m,0.0,월,,,,,,,,,,24264.0,0.1651038631054183
SOL,스윕+CHoCH,4h,15m,0.0,월,,,,,,,,,,24265.0,0.051611734053340366
SOL,스윕+CHoCH,4h,15m,0.0,월,,,,,,,,,,24266.0,0.35448981790294853
SOL,스윕+CHoCH,4h,15m,0.0,월,,,,,,,,,,24267.0,0.38608050007134637
SOL,스윕+CHoCH,4h,15m,0.0,월,,,,,,,,,,24268.0,-0.28738336667097736
SOL,스윕+CHoCH,4h,15m,0.0,월,,,,,,,,,,24269.0,0.06628840333726263
SOL,스윕+CHoCH,4h,15m,0.0,월,,,,,,,,,,24270.0,-0.26841182643038014
SOL,스윕+CHoCH,4h,15m,0.0,월,,,,,,,,,,24271.0,0.17411939311689878
SOL,스윕+CHoCH,4h,15m,0.0,월,,,,,,,,,,24272.0,-0.3492391815123833
SOL,스윕+CHoCH,4h,15m,0.0,월,,,,,,,,,,24273.0,-0.17652372826116383
SOL,스윕+CHoCH,4h,15m,0.0,월,,,,,,,,,,24274.0,-0.12795089661335274
SOL,스윕+CHoCH,4h,15m,0.0,월,,,,,,,,,,24275.0,0.02976009303550207
SOL,스윕+CHoCH,4h,15m,0.0,월,,,,,,,,,,24276.0,0.01732838397175752
SOL,스윕+CHoCH,4h,15m,0.0,월,,,,,,,,,,24277.0,-0.27363368414845296
SOL,스윕+CHoCH,4h,15m,0.0,월,,,,,,,,,,24278.0,0.07398418651046175
SOL,스윕+CHoCH,4h,15m,0.0,월,,,,,,,,,,24279.0,0.07711966600073365
SOL,스윕+CHoCH,4h,15m,0.0,월,,,,,,,,,,24280.0,-0.32054686798152093
SOL,스윕+CHoCH,4h,15m,0.0,월,,,,,,,,,,24281.0,-0.13171335889835356
SOL,스윕+CHoCH,4h,15m,0.0,월,,,,,,,,,,24282.0,-0.39606204914230914
SOL,스윕+CHoCH,4h,15m,0.0,월,,,,,,,,,,24283.0,0.01894536844281015
SOL,스윕+CHoCH,4h,15m,0.0,월,,,,,,,,,,24284.0,0.2913117461083025
SOL,스윕+CHoCH,4h,15m,0.0,월,,,,,,,,,,24285.0,0.21974141951753873
SOL,스윕+CHoCH,4h,15m,0.0,월,,,,,,,,,,24286.0,0.4706068044748373
SOL,스윕+CHoCH,4h,15m,0.0,월,,,,,,,,,,24287.0,-0.07420183311325838
SOL,스윕+CHoCH,4h,15m,0.0,월,,,,,,,,,,24288.0,-0.0718794863033568
SOL,스윕+CHoCH,4h,15m,0.0,월,,,,,,,,,,24289.0,-0.11853843439515852
SOL,스윕+CHoCH,4h,15m,0.0,월,,,,,,,,,,24290.0,-0.2549852395776862
SOL,스윕+CHoCH,4h,15m,0.0,월,,,,,,,,,,24291.0,-0.07546040675303936
SOL,스윕+CHoCH,4h,15m,0.0,월,,,,,,,,,,24292.0,-0.6050197786307716
SOL,스윕+CHoCH,4h,15m,0.0,월,,,,,,,,,,24293.0,-0.2511867520119227
SOL,스윕+CHoCH,4h,15m,0.0,월,,,,,,,,,,24294.0,0.10176611925217446
SOL,스윕+CHoCH,4h,15m,0.0,월,,,,,,,,,,24295.0,-0.036484712036186
SOL,스윕+CHoCH,4h,15m,0.0,월,,,,,,,,,,24296.0,0.030917971684059024
SOL,스윕+CHoCH,4h,15m,0.0,월,,,,,,,,,,24297.0,-0.34998339209017354
SOL,스윕+CHoCH,4h,15m,0.0,월,,,,,,,,,,24298.0,-0.21216739192355968
SOL,스윕+CHoCH,4h,15m,0.0,월,,,,,,,,,,24299.0,-0.5050341411743995
SOL,스윕+CHoCH,4h,15m,0.0,월,,,,,,,,,,24300.0,-0.458469245750073
SOL,스윕+CHoCH,4h,15m,0.0,월,,,,,,,,,,24301.0,-0.4522103772004696
SOL,스윕+CHoCH,4h,15m,0.0,월,,,,,,,,,,24302.0,0.38410221149831814
SOL,스윕+CHoCH,4h,15m,0.0,월,,,,,,,,,,24303.0,-0.4182315083004701
SOL,스윕+CHoCH,4h,15m,0.0,월,,,,,,,,,,24304.0,0.0035257097081480794
SOL,스윕+CHoCH,4h,15m,0.0,월,,,,,,,,,,24305.0,0.21660857584651746
SOL,스윕+CHoCH,4h,15m,0.0,월,,,,,,,,,,24306.0,0.24917955054099275
SOL,스윕+CHoCH,4h,15m,0.0,월,,,,,,,,,,24307.0,0.18690573430535562
SOL,스윕+CHoCH,4h,15m,0.0,월,,,,,,,,,,24308.0,-0.20588626667545157
SOL,스윕+CHoCH,4h,15m,0.0,월,,,,,,,,,,24309.0,-0.09925403752481564
SOL,스윕+CHoCH,4h,15m,0.0,월,,,,,,,,,,24310.0,0.274111402107744
SOL,스윕+CHoCH,4h,15m,0.0,월,,,,,,,,,,24311.0,0.3863055442038639
SOL,스윕+CHoCH,4h,15m,0.0,월,,,,,,,,,,24312.0,0.23887036222107616
SOL,스윕+CHoCH,4h,15m,0.0,월,,,,,,,,,,24313.0,0.07766828918799548
SOL,스윕+CHoCH,4h,15m,0.0,월,,,,,,,,,,24314.0,-0.2563372370888993
SOL,스윕+CHoCH,4h,15m,0.0,월,,,,,,,,,,24315.0,-0.5285365760293496
SOL,스윕+CHoCH,4h,15m,0.0,월,,,,,,,,,,24316.0,-0.14421010598170547
SOL,스윕+CHoCH,4h,15m,0.0,월,,,,,,,,,,24317.0,-0.01129247306908936
SOL,스윕+CHoCH,4h,15m,0.0,월,,,,,,,,,,24318.0,0.16301667801083194
SOL,스윕+CHoCH,4h,15m,0.25,전체,1344.0,0.9933481152993349,241.69301000778654,-0.023065476190476192,0.0318612531090623,-0.05492672929953847,0.012648809523809524,0.31919642857142855,0.019345238095238096,,
SOL,스윕+CHoCH,4h,15m,0.25,홀드아웃 전,1072.0,0.9933481152993349,261.10060846745876,-0.030783582089552237,0.029189923722251026,-0.05997350581180327,,0.3162313432835821,0.020522388059701493,,
SOL,스윕+CHoCH,4h,15m,0.25,홀드아웃 12개월,272.0,0.9933481152993349,174.5240180981748,0.007352941176470588,0.042389433633553776,-0.03503649245708318,,0.33088235294117646,0.014705882352941176,,
SOL,스윕+CHoCH,4h,15m,0.25,월,,,,,,,,,,24256.0,-0.5170325625011633
SOL,스윕+CHoCH,4h,15m,0.25,월,,,,,,,,,,24257.0,-0.05685933292368572
SOL,스윕+CHoCH,4h,15m,0.25,월,,,,,,,,,,24258.0,-0.4172466011056001
SOL,스윕+CHoCH,4h,15m,0.25,월,,,,,,,,,,24259.0,-0.239564264234999
SOL,스윕+CHoCH,4h,15m,0.25,월,,,,,,,,,,24260.0,-0.2549436776673315
SOL,스윕+CHoCH,4h,15m,0.25,월,,,,,,,,,,24261.0,0.5245434012494848
SOL,스윕+CHoCH,4h,15m,0.25,월,,,,,,,,,,24262.0,0.34221646972264835
SOL,스윕+CHoCH,4h,15m,0.25,월,,,,,,,,,,24263.0,0.3617541497634888
SOL,스윕+CHoCH,4h,15m,0.25,월,,,,,,,,,,24264.0,0.16649341295088835
SOL,스윕+CHoCH,4h,15m,0.25,월,,,,,,,,,,24265.0,0.009925845907265888
SOL,스윕+CHoCH,4h,15m,0.25,월,,,,,,,,,,24266.0,0.3554190716121883
SOL,스윕+CHoCH,4h,15m,0.25,월,,,,,,,,,,24267.0,0.38817577295542255
SOL,스윕+CHoCH,4h,15m,0.25,월,,,,,,,,,,24268.0,-0.2853336321876665
SOL,스윕+CHoCH,4h,15m,0.25,월,,,,,,,,,,24269.0,0.06723325044040994
SOL,스윕+CHoCH,4h,15m,0.25,월,,,,,,,,,,24270.0,-0.26744976734689735
SOL,스윕+CHoCH,4h,15m,0.25,월,,,,,,,,,,24271.0,0.1754407500821236
SOL,스윕+CHoCH,4h,15m,0.25,월,,,,,,,,,,24272.0,-0.45582914884910963
SOL,스윕+CHoCH,4h,15m,0.25,월,,,,,,,,,,24273.0,-0.17496144902290156
SOL,스윕+CHoCH,4h,15m,0.25,월,,,,,,,,,,24274.0,-0.12615217263580306
SOL,스윕+CHoCH,4h,15m,0.25,월,,,,,,,,,,24275.0,0.03046417054753623
SOL,스윕+CHoCH,4h,15m,0.25,월,,,,,,,,,,24276.0,0.018399418464208096
SOL,스윕+CHoCH,4h,15m,0.25,월,,,,,,,,,,24277.0,-0.2725861610936909
SOL,스윕+CHoCH,4h,15m,0.25,월,,,,,,,,,,24278.0,0.07535387159679628
SOL,스윕+CHoCH,4h,15m,0.25,월,,,,,,,,,,24279.0,-0.08061662801343723
SOL,스윕+CHoCH,4h,15m,0.25,월,,,,,,,,,,24280.0,-0.3186445480534826
SOL,스윕+CHoCH,4h,15m,0.25,월,,,,,,,,,,24281.0,-0.0036388765678710966
SOL,스윕+CHoCH,4h,15m,0.25,월,,,,,,,,,,24282.0,-0.3947464206467615
SOL,스윕+CHoCH,4h,15m,0.25,월,,,,,,,,,,24283.0,0.020400666905759944
SOL,스윕+CHoCH,4h,15m,0.25,월,,,,,,,,,,24284.0,0.29295191508715074
SOL,스윕+CHoCH,4h,15m,0.25,월,,,,,,,,,,24285.0,0.22170783465502242
SOL,스윕+CHoCH,4h,15m,0.25,월,,,,,,,,,,24286.0,0.47191815920195124
SOL,스윕+CHoCH,4h,15m,0.25,월,,,,,,,,,,24287.0,-0.07322366718357862
SOL,스윕+CHoCH,4h,15m,0.25,월,,,,,,,,,,24288.0,-0.07089440738619349
SOL,스윕+CHoCH,4h,15m,0.25,월,,,,,,,,,,24289.0,-0.2608248134801171
SOL,스윕+CHoCH,4h,15m,0.25,월,,,,,,,,,,24290.0,-0.25337390067322424
SOL,스윕+CHoCH,4h,15m,0.25,월,,,,,,,,,,24291.0,0.08469460261604721
SOL,스윕+CHoCH,4h,15m,0.25,월,,,,,,,,,,24292.0,-0.6034461568386729
SOL,스윕+CHoCH,4h,15m,0.25,월,,,,,,,,,,24293.0,-0.24968879002949515
SOL,스윕+CHoCH,4h,15m,0.25,월,,,,,,,,,,24294.0,0.10369340302727258
SOL,스윕+CHoCH,4h,15m,0.25,월,,,,,,,,,,24295.0,-0.03465364935264171
SOL,스윕+CHoCH,4h,15m,0.25,월,,,,,,,,,,24296.0,0.03197899091098817
SOL,스윕+CHoCH,4h,15m,0.25,월,,,,,,,,,,24297.0,-0.34815960044878125
SOL,스윕+CHoCH,4h,15m,0.25,월,,,,,,,,,,24298.0,-0.20987827540636772
SOL,스윕+CHoCH,4h,15m,0.25,월,,,,,,,,,,24299.0,-0.5032899224287083
SOL,스윕+CHoCH,4h,15m,0.25,월,,,,,,,,,,24300.0,-0.4568776825675671
SOL,스윕+CHoCH,4h,15m,0.25,월,,,,,,,,,,24301.0,-0.45033850851184204
SOL,스윕+CHoCH,4h,15m,0.25,월,,,,,,,,,,24302.0,0.3854978469988693
SOL,스윕+CHoCH,4h,15m,0.25,월,,,,,,,,,,24303.0,-0.41633340632684207
SOL,스윕+CHoCH,4h,15m,0.25,월,,,,,,,,,,24304.0,0.00528047918814901
SOL,스윕+CHoCH,4h,15m,0.25,월,,,,,,,,,,24305.0,0.21916967327999562
SOL,스윕+CHoCH,4h,15m,0.25,월,,,,,,,,,,24306.0,0.2508389237190017
SOL,스윕+CHoCH,4h,15m,0.25,월,,,,,,,,,,24307.0,0.07585571424815436
SOL,스윕+CHoCH,4h,15m,0.25,월,,,,,,,,,,24308.0,-0.20401046775773365
SOL,스윕+CHoCH,4h,15m,0.25,월,,,,,,,,,,24309.0,-0.09718582981723649
SOL,스윕+CHoCH,4h,15m,0.25,월,,,,,,,,,,24310.0,0.18207817045777255
SOL,스윕+CHoCH,4h,15m,0.25,월,,,,,,,,,,24311.0,0.3880710895128
SOL,스윕+CHoCH,4h,15m,0.25,월,,,,,,,,,,24312.0,0.24115578479448718
SOL,스윕+CHoCH,4h,15m,0.25,월,,,,,,,,,,24313.0,0.07992005014592586
SOL,스윕+CHoCH,4h,15m,0.25,월,,,,,,,,,,24314.0,-0.38590883189689185
SOL,스윕+CHoCH,4h,15m,0.25,월,,,,,,,,,,24315.0,-0.3945156316929369
SOL,스윕+CHoCH,4h,15m,0.25,월,,,,,,,,,,24316.0,-0.14154884754362698
SOL,스윕+CHoCH,4h,15m,0.25,월,,,,,,,,,,24317.0,-0.1606919062943528
SOL,스윕+CHoCH,4h,15m,0.25,월,,,,,,,,,,24318.0,0.16457796646904513
SOL,스윕+CHoCH,4h,1h,0.0,전체,810.0,0.9975369458128078,443.4079021058783,-0.014814814814814815,0.0169356038977539,-0.0317504187125687,-0.02947530864197531,0.2938271604938272,0.1037037037037037,,
SOL,스윕+CHoCH,4h,1h,0.0,홀드아웃 전,649.0,0.9975369458128078,482.6877934272292,0.01386748844375963,0.01533626675560033,-0.0014687783118407108,,0.3020030816640986,0.10785824345146379,,
SOL,스윕+CHoCH,4h,1h,0.0,홀드아웃 12개월,161.0,0.9975369458128078,318.8578227245678,-0.13043478260869565,0.023382621321714578,-0.15381740393041027,,0.2608695652173913,0.08695652173913043,,
SOL,스윕+CHoCH,4h,1h,0.0,월,,,,,,,,,,24256.0,0.5914853629920269
SOL,스윕+CHoCH,4h,1h,0.0,월,,,,,,,,,,24257.0,-0.2919554506012934
SOL,스윕+CHoCH,4h,1h,0.0,월,,,,,,,,,,24258.0,-0.09129866025290835
SOL,스윕+CHoCH,4h,1h,0.0,월,,,,,,,,,,24259.0,0.20910963514732464
SOL,스윕+CHoCH,4h,1h,0.0,월,,,,,,,,,,24260.0,0.3483728781296539
SOL,스윕+CHoCH,4h,1h,0.0,월,,,,,,,,,,24261.0,0.46225704066724377
SOL,스윕+CHoCH,4h,1h,0.0,월,,,,,,,,,,24262.0,0.0705841764221747
SOL,스윕+CHoCH,4h,1h,0.0,월,,,,,,,,,,24263.0,-0.6565106044627859
SOL,스윕+CHoCH,4h,1h,0.0,월,,,,,,,,,,24264.0,0.40381616910524665
SOL,스윕+CHoCH,4h,1h,0.0,월,,,,,,,,,,24265.0,-0.015125659669721866
SOL,스윕+CHoCH,4h,1h,0.0,월,,,,,,,,,,24266.0,0.44494376783396367
SOL,스윕+CHoCH,4h,1h,0.0,월,,,,,,,,,,24267.0,0.4461521295322391
SOL,스윕+CHoCH,4h,1h,0.0,월,,,,,,,,,,24268.0,0.06787432973213735
SOL,스윕+CHoCH,4h,1h,0.0,월,,,,,,,,,,24269.0,0.29198267208810186
SOL,스윕+CHoCH,4h,1h,0.0,월,,,,,,,,,,24270.0,-0.3419041719019422
SOL,스윕+CHoCH,4h,1h,0.0,월,,,,,,,,,,24271.0,-0.16475019062388577
SOL,스윕+CHoCH,4h,1h,0.0,월,,,,,,,,,,24272.0,-0.06599991469417156
SOL,스윕+CHoCH,4h,1h,0.0,월,,,,,,,,,,24273.0,0.04223295037622796
SOL,스윕+CHoCH,4h,1h,0.0,월,,,,,,,,,,24274.0,0.5444864040025242
SOL,스윕+CHoCH,4h,1h,0.0,월,,,,,,,,,,24275.0,-0.1338206571439246
SOL,스윕+CHoCH,4h,1h,0.0,월,,,,,,,,,,24276.0,-0.3820892583567686
SOL,스윕+CHoCH,4h,1h,0.0,월,,,,,,,,,,24277.0,-0.23573371792490316
SOL,스윕+CHoCH,4h,1h,0.0,월,,,,,,,,,,24278.0,0.713234665123118
SOL,스윕+CHoCH,4h,1h,0.0,월,,,,,,,,,,24279.0,-0.14725211320804182
SOL,스윕+CHoCH,4h,1h,0.0,월,,,,,,,,,,24280.0,0.8338627700419334
SOL,스윕+CHoCH,4h,1h,0.0,월,,,,,,,,,,24281.0,-0.30441248399955206
SOL,스윕+CHoCH,4h,1h,0.0,월,,,,,,,,,,24282.0,-0.5163450546652303
SOL,스윕+CHoCH,4h,1h,0.0,월,,,,,,,,,,24283.0,0.43013424859533617
SOL,스윕+CHoCH,4h,1h,0.0,월,,,,,,,,,,24284.0,0.3445954399564666
SOL,스윕+CHoCH,4h,1h,0.0,월,,,,,,,,,,24285.0,-0.025784871276342377
SOL,스윕+CHoCH,4h,1h,0.0,월,,,,,,,,,,24286.0,0.20884383070337545
SOL,스윕+CHoCH,4h,1h,0.0,월,,,,,,,,,,24287.0,0.113942482342789
SOL,스윕+CHoCH,4h,1h,0.0,월,,,,,,,,,,24288.0,0.451215389185547
SOL,스윕+CHoCH,4h,1h,0.0,월,,,,,,,,,,24289.0,-0.4138112270991973
SOL,스윕+CHoCH,4h,1h,0.0,월,,,,,,,,,,24290.0,0.3170646981309782
SOL,스윕+CHoCH,4h,1h,0.0,월,,,,,,,,,,24291.0,-0.013088960288274887
SOL,스윕+CHoCH,4h,1h,0.0,월,,,,,,,,,,24292.0,-0.3519062761717642
SOL,스윕+CHoCH,4h,1h,0.0,월,,,,,,,,,,24293.0,-0.40259176174167993
SOL,스윕+CHoCH,4h,1h,0.0,월,,,,,,,,,,24294.0,0.043190379747662044
SOL,스윕+CHoCH,4h,1h,0.0,월,,,,,,,,,,24295.0,0.2362268520482591
SOL,스윕+CHoCH,4h,1h,0.0,월,,,,,,,,,,24296.0,-0.10820574253394027
SOL,스윕+CHoCH,4h,1h,0.0,월,,,,,,,,,,24297.0,-0.28627415437715925
SOL,스윕+CHoCH,4h,1h,0.0,월,,,,,,,,,,24298.0,-0.9349852602770984
SOL,스윕+CHoCH,4h,1h,0.0,월,,,,,,,,,,24299.0,-0.2666511425610964
SOL,스윕+CHoCH,4h,1h,0.0,월,,,,,,,,,,24300.0,-0.28506740499320377
SOL,스윕+CHoCH,4h,1h,0.0,월,,,,,,,,,,24301.0,0.44566416360851846
SOL,스윕+CHoCH,4h,1h,0.0,월,,,,,,,,,,24302.0,0.20808661499147144
SOL,스윕+CHoCH,4h,1h,0.0,월,,,,,,,,,,24303.0,-0.6839419554305796
SOL,스윕+CHoCH,4h,1h,0.0,월,,,,,,,,,,24304.0,-0.3534669720063896
SOL,스윕+CHoCH,4h,1h,0.0,월,,,,,,,,,,24305.0,-0.8413440296934045
SOL,스윕+CHoCH,4h,1h,0.0,월,,,,,,,,,,24306.0,0.5541702289588942
SOL,스윕+CHoCH,4h,1h,0.0,월,,,,,,,,,,24307.0,0.053736478374252473
SOL,스윕+CHoCH,4h,1h,0.0,월,,,,,,,,,,24308.0,-0.17589761507035298
SOL,스윕+CHoCH,4h,1h,0.0,월,,,,,,,,,,24309.0,0.20453493801863273
SOL,스윕+CHoCH,4h,1h,0.0,월,,,,,,,,,,24310.0,-0.2921784074042802
SOL,스윕+CHoCH,4h,1h,0.0,월,,,,,,,,,,24311.0,-0.4826333699570287
SOL,스윕+CHoCH,4h,1h,0.0,월,,,,,,,,,,24312.0,-0.3523970946629508
SOL,스윕+CHoCH,4h,1h,0.0,월,,,,,,,,,,24313.0,0.5587235782506993
SOL,스윕+CHoCH,4h,1h,0.0,월,,,,,,,,,,24314.0,-0.4801607654754306
SOL,스윕+CHoCH,4h,1h,0.0,월,,,,,,,,,,24315.0,0.1790544312133852
SOL,스윕+CHoCH,4h,1h,0.0,월,,,,,,,,,,24316.0,-0.6649734968012241
SOL,스윕+CHoCH,4h,1h,0.0,월,,,,,,,,,,24317.0,0.3590188751506113
SOL,스윕+CHoCH,4h,1h,0.0,월,,,,,,,,,,24318.0,-0.39848983820477507
SOL,스윕+CHoCH,4h,1h,0.25,전체,810.0,0.9975369458128078,453.76105398732886,-0.013580246913580247,0.016534742453637646,-0.0301149893672179,-0.04953703703703704,0.2938271604938272,0.10493827160493827,,
SOL,스윕+CHoCH,4h,1h,0.25,홀드아웃 전,649.0,0.9975369458128078,495.46420911658464,0.01078582434514638,0.015004361395383204,-0.004218537050236826,,0.300462249614792,0.10939907550077041,,
SOL,스윕+CHoCH,4h,1h,0.25,홀드아웃 12개월,161.0,0.9975369458128078,323.87126730703244,-0.11180124223602485,0.022703794048712995,-0.13450503628473784,,0.2670807453416149,0.08695652173913043,,
SOL,스윕+CHoCH,4h,1h,0.25,월,,,,,,,,,,24256.0,0.8924965102800971
SOL,스윕+CHoCH,4h,1h,0.25,월,,,,,,,,,,24257.0,-0.2918151495280462
SOL,스윕+CHoCH,4h,1h,0.25,월,,,,,,,,,,24258.0,-0.09110411936310779
SOL,스윕+CHoCH,4h,1h,0.25,월,,,,,,,,,,24259.0,0.20944488648442366
SOL,스윕+CHoCH,4h,1h,0.25,월,,,,,,,,,,24260.0,0.3485407039849701
SOL,스윕+CHoCH,4h,1h,0.25,월,,,,,,,,,,24261.0,0.46248878962376017
SOL,스윕+CHoCH,4h,1h,0.25,월,,,,,,,,,,24262.0,0.07088707501292651
SOL,스윕+CHoCH,4h,1h,0.25,월,,,,,,,,,,24263.0,-0.6562357793833847
SOL,스윕+CHoCH,4h,1h,0.25,월,,,,,,,,,,24264.0,0.40413843256926785
SOL,스윕+CHoCH,4h,1h,0.25,월,,,,,,,,,,24265.0,-0.014813675578913332
SOL,스윕+CHoCH,4h,1h,0.25,월,,,,,,,,,,24266.0,0.4451345310363712
SOL,스윕+CHoCH,4h,1h,0.25,월,,,,,,,,,,24267.0,0.4465025196696576
SOL,스윕+CHoCH,4h,1h,0.25,월,,,,,,,,,,24268.0,0.0682038500713973
SOL,스윕+CHoCH,4h,1h,0.25,월,,,,,,,,,,24269.0,0.29213045888439304
SOL,스윕+CHoCH,4h,1h,0.25,월,,,,,,,,,,24270.0,-0.34171647509225095
SOL,스윕+CHoCH,4h,1h,0.25,월,,,,,,,,,,24271.0,-0.16450366841985403
SOL,스윕+CHoCH,4h,1h,0.25,월,,,,,,,,,,24272.0,-0.06559423447396984
SOL,스윕+CHoCH,4h,1h,0.25,월,,,,,,,,,,24273.0,0.04258618578910137
SOL,스윕+CHoCH,4h,1h,0.25,월,,,,,,,,,,24274.0,0.5448333664955363
SOL,스윕+CHoCH,4h,1h,0.25,월,,,,,,,,,,24275.0,-0.13366807790748877
SOL,스윕+CHoCH,4h,1h,0.25,월,,,,,,,,,,24276.0,-0.3817883977796677
SOL,스윕+CHoCH,4h,1h,0.25,월,,,,,,,,,,24277.0,-0.23548890368590097
SOL,스윕+CHoCH,4h,1h,0.25,월,,,,,,,,,,24278.0,0.7135897798725549
SOL,스윕+CHoCH,4h,1h,0.25,월,,,,,,,,,,24279.0,-0.14698375594168772
SOL,스윕+CHoCH,4h,1h,0.25,월,,,,,,,,,,24280.0,0.8343489853581907
SOL,스윕+CHoCH,4h,1h,0.25,월,,,,,,,,,,24281.0,-0.3037949612478119
SOL,스윕+CHoCH,4h,1h,0.25,월,,,,,,,,,,24282.0,-0.5160510193880538
SOL,스윕+CHoCH,4h,1h,0.25,월,,,,,,,,,,24283.0,0.4304507723464774
SOL,스윕+CHoCH,4h,1h,0.25,월,,,,,,,,,,24284.0,0.344954555624613
SOL,스윕+CHoCH,4h,1h,0.25,월,,,,,,,,,,24285.0,-0.02526380462943449
SOL,스윕+CHoCH,4h,1h,0.25,월,,,,,,,,,,24286.0,0.20908388764171446
SOL,스윕+CHoCH,4h,1h,0.25,월,,,,,,,,,,24287.0,-0.13630166649561942
SOL,스윕+CHoCH,4h,1h,0.25,월,,,,,,,,,,24288.0,0.4514355052418505
SOL,스윕+CHoCH,4h,1h,0.25,월,,,,,,,,,,24289.0,-0.4134857390425663
SOL,스윕+CHoCH,4h,1h,0.25,월,,,,,,,,,,24290.0,0.3174233400382497
SOL,스윕+CHoCH,4h,1h,0.25,월,,,,,,,,,,24291.0,-0.22769281518778192
SOL,스윕+CHoCH,4h,1h,0.25,월,,,,,,,,,,24292.0,-0.35138050175731916
SOL,스윕+CHoCH,4h,1h,0.25,월,,,,,,,,,,24293.0,-0.4022351548739524
SOL,스윕+CHoCH,4h,1h,0.25,월,,,,,,,,,,24294.0,0.043620022667454975
SOL,스윕+CHoCH,4h,1h,0.25,월,,,,,,,,,,24295.0,0.2364615099573753
SOL,스윕+CHoCH,4h,1h,0.25,월,,,,,,,,,,24296.0,-0.10781394162828849
SOL,스윕+CHoCH,4h,1h,0.25,월,,,,,,,,,,24297.0,-0.2858481503457101
SOL,스윕+CHoCH,4h,1h,0.25,월,,,,,,,,,,24298.0,-0.9343906965452585
SOL,스윕+CHoCH,4h,1h,0.25,월,,,,,,,,,,24299.0,-0.2662333439268213
SOL,스윕+CHoCH,4h,1h,0.25,월,,,,,,,,,,24300.0,-0.2846441165367998
SOL,스윕+CHoCH,4h,1h,0.25,월,,,,,,,,,,24301.0,0.44604309622808064
SOL,스윕+CHoCH,4h,1h,0.25,월,,,,,,,,,,24302.0,0.2084536615639467
SOL,스윕+CHoCH,4h,1h,0.25,월,,,,,,,,,,24303.0,-0.6835445976655242
SOL,스윕+CHoCH,4h,1h,0.25,월,,,,,,,,,,24304.0,-0.3529581402414278
SOL,스윕+CHoCH,4h,1h,0.25,월,,,,,,,,,,24305.0,-0.8408374603582903
SOL,스윕+CHoCH,4h,1h,0.25,월,,,,,,,,,,24306.0,0.5545123319757569
SOL,스윕+CHoCH,4h,1h,0.25,월,,,,,,,,,,24307.0,0.05428107707316109
SOL,스윕+CHoCH,4h,1h,0.25,월,,,,,,,,,,24308.0,-0.17532795314885757
SOL,스윕+CHoCH,4h,1h,0.25,월,,,,,,,,,,24309.0,0.20515265006004457
SOL,스윕+CHoCH,4h,1h,0.25,월,,,,,,,,,,24310.0,-0.29170486256660016
SOL,스윕+CHoCH,4h,1h,0.25,월,,,,,,,,,,24311.0,-0.4820926341750861
SOL,스윕+CHoCH,4h,1h,0.25,월,,,,,,,,,,24312.0,-0.352083659769992
SOL,스윕+CHoCH,4h,1h,0.25,월,,,,,,,,,,24313.0,0.5592924096736186
SOL,스윕+CHoCH,4h,1h,0.25,월,,,,,,,,,,24314.0,-0.47974986687827126
SOL,스윕+CHoCH,4h,1h,0.25,월,,,,,,,,,,24315.0,0.17956919307205438
SOL,스윕+CHoCH,4h,1h,0.25,월,,,,,,,,,,24316.0,-0.5051048549811297
SOL,스윕+CHoCH,4h,1h,0.25,월,,,,,,,,,,24317.0,0.3595082562761037
SOL,스윕+CHoCH,4h,1h,0.25,월,,,,,,,,,,24318.0,-0.3979591547850387
TRX,순수CHoCH,—,5m,0.0,전체,16541.0,0.982302987113249,96.70839780559766,0.02073635209479475,0.09079416915068968,-0.07005781705589492,0.016489329544767548,0.33129798682062755,0.026842391632912157,,
TRX,순수CHoCH,—,5m,0.0,홀드아웃 전,13326.0,0.982302987113249,107.91212422510208,0.01095602581419781,0.08122315229346373,-0.07026712647926592,,0.32770523788083444,0.027840312171694432,,
TRX,순수CHoCH,—,5m,0.0,홀드아웃 12개월,3215.0,0.982302987113249,61.11148625835567,0.061275272161741834,0.1304655130509674,-0.06919024088922558,,0.34618973561430794,0.02270606531881804,,
TRX,순수CHoCH,—,5m,0.0,월,,,,,,,,,,24258.0,-0.12981399736093932
TRX,순수CHoCH,—,5m,0.0,월,,,,,,,,,,24259.0,-0.008020009278015567
TRX,순수CHoCH,—,5m,0.0,월,,,,,,,,,,24260.0,-0.033449021338954214
TRX,순수CHoCH,—,5m,0.0,월,,,,,,,,,,24261.0,-0.03897201332560817
TRX,순수CHoCH,—,5m,0.0,월,,,,,,,,,,24262.0,0.07354312423096213
TRX,순수CHoCH,—,5m,0.0,월,,,,,,,,,,24263.0,-0.15317660255071297
TRX,순수CHoCH,—,5m,0.0,월,,,,,,,,,,24264.0,-0.10696765446398888
TRX,순수CHoCH,—,5m,0.0,월,,,,,,,,,,24265.0,0.08227494599269959
TRX,순수CHoCH,—,5m,0.0,월,,,,,,,,,,24266.0,-0.25135277482911117
TRX,순수CHoCH,—,5m,0.0,월,,,,,,,,,,24267.0,-0.20294654461302455
TRX,순수CHoCH,—,5m,0.0,월,,,,,,,,,,24268.0,-0.00047056973516849975
TRX,순수CHoCH,—,5m,0.0,월,,,,,,,,,,24269.0,-0.011688997914141757
TRX,순수CHoCH,—,5m,0.0,월,,,,,,,,,,24270.0,-0.01191461934928547
TRX,순수CHoCH,—,5m,0.0,월,,,,,,,,,,24271.0,-0.21252687665022632
TRX,순수CHoCH,—,5m,0.0,월,,,,,,,,,,24272.0,-0.2144616918404852
TRX,순수CHoCH,—,5m,0.0,월,,,,,,,,,,24273.0,-0.23123916714209142
TRX,순수CHoCH,—,5m,0.0,월,,,,,,,,,,24274.0,-0.23307649262182403
TRX,순수CHoCH,—,5m,0.0,월,,,,,,,,,,24275.0,-0.026914194968015115
TRX,순수CHoCH,—,5m,0.0,월,,,,,,,,,,24276.0,-0.12819201518384557
TRX,순수CHoCH,—,5m,0.0,월,,,,,,,,,,24277.0,-0.054457169976735324
TRX,순수CHoCH,—,5m,0.0,월,,,,,,,,,,24278.0,-0.08345042034152621
TRX,순수CHoCH,—,5m,0.0,월,,,,,,,,,,24279.0,-0.13864580327724368
TRX,순수CHoCH,—,5m,0.0,월,,,,,,,,,,24280.0,-0.23586023872578352
TRX,순수CHoCH,—,5m,0.0,월,,,,,,,,,,24281.0,-0.08502993997320107
TRX,순수CHoCH,—,5m,0.0,월,,,,,,,,,,24282.0,-0.1628349780229198
TRX,순수CHoCH,—,5m,0.0,월,,,,,,,,,,24283.0,-0.011526416478267602
TRX,순수CHoCH,—,5m,0.0,월,,,,,,,,,,24284.0,-0.3270135760366759
TRX,순수CHoCH,—,5m,0.0,월,,,,,,,,,,24285.0,-0.045959689330082897
TRX,순수CHoCH,—,5m,0.0,월,,,,,,,,,,24286.0,0.010288745139000861
TRX,순수CHoCH,—,5m,0.0,월,,,,,,,,,,24287.0,0.017547511475728802
TRX,순수CHoCH,—,5m,0.0,월,,,,,,,,,,24288.0,-0.1203104124177343
TRX,순수CHoCH,—,5m,0.0,월,,,,,,,,,,24289.0,0.0384869070129805
TRX,순수CHoCH,—,5m,0.0,월,,,,,,,,,,24290.0,0.04275751945743893
TRX,순수CHoCH,—,5m,0.0,월,,,,,,,,,,24291.0,-0.013149853697860547
TRX,순수CHoCH,—,5m,0.0,월,,,,,,,,,,24292.0,0.1653695204436713
TRX,순수CHoCH,—,5m,0.0,월,,,,,,,,,,24293.0,-0.021394547535873328
TRX,순수CHoCH,—,5m,0.0,월,,,,,,,,,,24294.0,-0.21212721753713726
TRX,순수CHoCH,—,5m,0.0,월,,,,,,,,,,24295.0,-0.0021267648008984584
TRX,순수CHoCH,—,5m,0.0,월,,,,,,,,,,24296.0,0.29732926071854293
TRX,순수CHoCH,—,5m,0.0,월,,,,,,,,,,24297.0,-0.29491385861713415
TRX,순수CHoCH,—,5m,0.0,월,,,,,,,,,,24298.0,-0.1160724661593359
TRX,순수CHoCH,—,5m,0.0,월,,,,,,,,,,24299.0,0.06751179264332302
TRX,순수CHoCH,—,5m,0.0,월,,,,,,,,,,24300.0,0.05955171476894555
TRX,순수CHoCH,—,5m,0.0,월,,,,,,,,,,24301.0,0.031028808031743852
TRX,순수CHoCH,—,5m,0.0,월,,,,,,,,,,24302.0,0.028580863677574217
TRX,순수CHoCH,—,5m,0.0,월,,,,,,,,,,24303.0,0.05820727436145068
TRX,순수CHoCH,—,5m,0.0,월,,,,,,,,,,24304.0,-0.17514948490578916
TRX,순수CHoCH,—,5m,0.0,월,,,,,,,,,,24305.0,-0.1259242232066041
TRX,순수CHoCH,—,5m,0.0,월,,,,,,,,,,24306.0,-0.007896305172005182
TRX,순수CHoCH,—,5m,0.0,월,,,,,,,,,,24307.0,0.046125151837966415
TRX,순수CHoCH,—,5m,0.0,월,,,,,,,,,,24308.0,0.12113295220482999
TRX,순수CHoCH,—,5m,0.0,월,,,,,,,,,,24309.0,-0.151483971308552
TRX,순수CHoCH,—,5m,0.0,월,,,,,,,,,,24310.0,-0.1434278931065623
TRX,순수CHoCH,—,5m,0.0,월,,,,,,,,,,24311.0,-0.052240134325026534
TRX,순수CHoCH,—,5m,0.0,월,,,,,,,,,,24312.0,-0.17655514663200328
TRX,순수CHoCH,—,5m,0.0,월,,,,,,,,,,24313.0,0.011410929803985377
TRX,순수CHoCH,—,5m,0.0,월,,,,,,,,,,24314.0,-0.2054036108582439
TRX,순수CHoCH,—,5m,0.0,월,,,,,,,,,,24315.0,-0.2655558612036517
TRX,순수CHoCH,—,5m,0.0,월,,,,,,,,,,24316.0,-0.016901694653142455
TRX,순수CHoCH,—,5m,0.0,월,,,,,,,,,,24317.0,-0.15910375776265834
TRX,순수CHoCH,—,5m,0.0,월,,,,,,,,,,24318.0,0.13193562265191366
TRX,순수CHoCH,—,15m,0.0,전체,5732.0,0.9831903945111492,108.90612074335615,0.04361479413817167,0.0741215748271013,-0.030506780688929643,0.0027913468248429866,0.33967201674808095,0.02459874389392882,,
TRX,순수CHoCH,—,15m,0.0,홀드아웃 전,4623.0,0.9831903945111492,122.11410036252656,0.029418126757516764,0.0662914711587521,-0.03687334440123534,,0.3344148821111832,0.02617348042396712,,
TRX,순수CHoCH,—,15m,0.0,홀드아웃 12개월,1109.0,0.9831903945111492,70.70396557024189,0.10279531109107304,0.10676230454646862,-0.003966993455395585,,0.36158701532912535,0.018034265103697024,,
TRX,순수CHoCH,—,15m,0.0,월,,,,,,,,,,24258.0,-0.13674911955849461
TRX,순수CHoCH,—,15m,0.0,월,,,,,,,,,,24259.0,0.017406535675454804
TRX,순수CHoCH,—,15m,0.0,월,,,,,,,,,,24260.0,-0.12804732442929712
TRX,순수CHoCH,—,15m,0.0,월,,,,,,,,,,24261.0,-0.07720120212304103
TRX,순수CHoCH,—,15m,0.0,월,,,,,,,,,,24262.0,-0.01150510697841841
TRX,순수CHoCH,—,15m,0.0,월,,,,,,,,,,24263.0,-0.06658875414444829
TRX,순수CHoCH,—,15m,0.0,월,,,,,,,,,,24264.0,-0.24489825429306475
TRX,순수CHoCH,—,15m,0.0,월,,,,,,,,,,24265.0,0.17243894271950136
TRX,순수CHoCH,—,15m,0.0,월,,,,,,,,,,24266.0,-0.10405491115974812
TRX,순수CHoCH,—,15m,0.0,월,,,,,,,,,,24267.0,-0.09856915869933307
TRX,순수CHoCH,—,15m,0.0,월,,,,,,,,,,24268.0,0.19804151006737594
TRX,순수CHoCH,—,15m,0.0,월,,,,,,,,,,24269.0,0.012296877226405115
TRX,순수CHoCH,—,15m,0.0,월,,,,,,,,,,24270.0,0.16226028191539058
TRX,순수CHoCH,—,15m,0.0,월,,,,,,,,,,24271.0,-0.14436070132017767
TRX,순수CHoCH,—,15m,0.0,월,,,,,,,,,,24272.0,-0.22501682879691243
TRX,순수CHoCH,—,15m,0.0,월,,,,,,,,,,24273.0,-0.29621644631107485
TRX,순수CHoCH,—,15m,0.0,월,,,,,,,,,,24274.0,-0.19063506512421763
TRX,순수CHoCH,—,15m,0.0,월,,,,,,,,,,24275.0,0.07909141052570917
TRX,순수CHoCH,—,15m,0.0,월,,,,,,,,,,24276.0,-0.027431904450138267
TRX,순수CHoCH,—,15m,0.0,월,,,,,,,,,,24277.0,-0.1630767449133934
TRX,순수CHoCH,—,15m,0.0,월,,,,,,,,,,24278.0,-0.02201406050738514
TRX,순수CHoCH,—,15m,0.0,월,,,,,,,,,,24279.0,-0.1674910501685909
TRX,순수CHoCH,—,15m,0.0,월,,,,,,,,,,24280.0,-0.413815022444472
TRX,순수CHoCH,—,15m,0.0,월,,,,,,,,,,24281.0,0.05177656309716112
TRX,순수CHoCH,—,15m,0.0,월,,,,,,,,,,24282.0,0.006570184835452592
TRX,순수CHoCH,—,15m,0.0,월,,,,,,,,,,24283.0,0.18207366449759615
TRX,순수CHoCH,—,15m,0.0,월,,,,,,,,,,24284.0,-0.48615632361333977
TRX,순수CHoCH,—,15m,0.0,월,,,,,,,,,,24285.0,-0.065992447854338
TRX,순수CHoCH,—,15m,0.0,월,,,,,,,,,,24286.0,-0.15888208554568
TRX,순수CHoCH,—,15m,0.0,월,,,,,,,,,,24287.0,-0.0035084353433986982
TRX,순수CHoCH,—,15m,0.0,월,,,,,,,,,,24288.0,-0.1610986129572754
TRX,순수CHoCH,—,15m,0.0,월,,,,,,,,,,24289.0,0.014920075803049751
TRX,순수CHoCH,—,15m,0.0,월,,,,,,,,,,24290.0,0.227599227688732
TRX,순수CHoCH,—,15m,0.0,월,,,,,,,,,,24291.0,-0.0951879960948693
TRX,순수CHoCH,—,15m,0.0,월,,,,,,,,,,24292.0,0.1057821686266748
TRX,순수CHoCH,—,15m,0.0,월,,,,,,,,,,24293.0,-0.09939779587314662
TRX,순수CHoCH,—,15m,0.0,월,,,,,,,,,,24294.0,-0.13366634870473867
TRX,순수CHoCH,—,15m,0.0,월,,,,,,,,,,24295.0,0.1481254064952201
TRX,순수CHoCH,—,15m,0.0,월,,,,,,,,,,24296.0,0.3607715843390475
TRX,순수CHoCH,—,15m,0.0,월,,,,,,,,,,24297.0,-0.027379975366003267
TRX,순수CHoCH,—,15m,0.0,월,,,,,,,,,,24298.0,-0.023356967138274405
TRX,순수CHoCH,—,15m,0.0,월,,,,,,,,,,24299.0,0.14326744020897048
TRX,순수CHoCH,—,15m,0.0,월,,,,,,,,,,24300.0,0.12616201031779825
TRX,순수CHoCH,—,15m,0.0,월,,,,,,,,,,24301.0,0.12648050591479207
TRX,순수CHoCH,—,15m,0.0,월,,,,,,,,,,24302.0,0.1663537253948019
TRX,순수CHoCH,—,15m,0.0,월,,,,,,,,,,24303.0,0.12806101854955546
TRX,순수CHoCH,—,15m,0.0,월,,,,,,,,,,24304.0,0.04476923829040551
TRX,순수CHoCH,—,15m,0.0,월,,,,,,,,,,24305.0,-0.16098466684478632
TRX,순수CHoCH,—,15m,0.0,월,,,,,,,,,,24306.0,-0.0015625175559909592
TRX,순수CHoCH,—,15m,0.0,월,,,,,,,,,,24307.0,0.15054061075883837
TRX,순수CHoCH,—,15m,0.0,월,,,,,,,,,,24308.0,0.17774942811249414
TRX,순수CHoCH,—,15m,0.0,월,,,,,,,,,,24309.0,-0.1399306710785824
TRX,순수CHoCH,—,15m,0.0,월,,,,,,,,,,24310.0,0.0084627077851311
TRX,순수CHoCH,—,15m,0.0,월,,,,,,,,,,24311.0,-0.16455475517471083
TRX,순수CHoCH,—,15m,0.0,월,,,,,,,,,,24312.0,-0.011218640315519628
TRX,순수CHoCH,—,15m,0.0,월,,,,,,,,,,24313.0,0.0036690757696253786
TRX,순수CHoCH,—,15m,0.0,월,,,,,,,,,,24314.0,-0.10308833240835993
TRX,순수CHoCH,—,15m,0.0,월,,,,,,,,,,24315.0,0.04792447334485672
TRX,순수CHoCH,—,15m,0.0,월,,,,,,,,,,24316.0,-0.16292570248614235
TRX,순수CHoCH,—,15m,0.0,월,,,,,,,,,,24317.0,0.053750440254596965
TRX,순수CHoCH,—,15m,0.0,월,,,,,,,,,,24318.0,0.03920723453083303
TRX,순수CHoCH,—,1h,0.0,전체,1509.0,0.986919555264879,174.37591776798814,0.0066269052352551355,0.045295553660155516,-0.03866864842490038,-0.03189198144466534,0.31146454605699136,0.07223326706428099,,
TRX,순수CHoCH,—,1h,0.0,홀드아웃 전,1230.0,0.986919555264879,192.116005854898,-0.012195121951219513,0.04151413425742695,-0.05370925620864646,,0.3048780487804878,0.07317073170731707,,
TRX,순수CHoCH,—,1h,0.0,홀드아웃 12개월,279.0,0.986919555264879,113.6563566627964,0.08960573476702509,0.06196632737110939,0.027639407395915694,,0.34050179211469533,0.06810035842293907,,
TRX,순수CHoCH,—,1h,0.0,월,,,,,,,,,,24258.0,0.25673623067464796
TRX,순수CHoCH,—,1h,0.0,월,,,,,,,,,,24259.0,0.22898715380435458
TRX,순수CHoCH,—,1h,0.0,월,,,,,,,,,,24260.0,-0.23711980501256502
TRX,순수CHoCH,—,1h,0.0,월,,,,,,,,,,24261.0,-0.1750793203296498
TRX,순수CHoCH,—,1h,0.0,월,,,,,,,,,,24262.0,0.21379817747090443
TRX,순수CHoCH,—,1h,0.0,월,,,,,,,,,,24263.0,0.10336985173748257
TRX,순수CHoCH,—,1h,0.0,월,,,,,,,,,,24264.0,0.23645004458022442
TRX,순수CHoCH,—,1h,0.0,월,,,,,,,,,,24265.0,0.2183930296411719
TRX,순수CHoCH,—,1h,0.0,월,,,,,,,,,,24266.0,-0.11758975907324692
TRX,순수CHoCH,—,1h,0.0,월,,,,,,,,,,24267.0,-0.19600059719910876
TRX,순수CHoCH,—,1h,0.0,월,,,,,,,,,,24268.0,-0.1322430741434543
TRX,순수CHoCH,—,1h,0.0,월,,,,,,,,,,24269.0,0.05469498163219131
TRX,순수CHoCH,—,1h,0.0,월,,,,,,,,,,24270.0,0.17804820420851888
TRX,순수CHoCH,—,1h,0.0,월,,,,,,,,,,24271.0,-0.13241850253683346
TRX,순수CHoCH,—,1h,0.0,월,,,,,,,,,,24272.0,-0.0708764400213808
TRX,순수CHoCH,—,1h,0.0,월,,,,,,,,,,24273.0,-0.5625807793030126
TRX,순수CHoCH,—,1h,0.0,월,,,,,,,,,,24274.0,-0.5721975603937548
TRX,순수CHoCH,—,1h,0.0,월,,,,,,,,,,24275.0,0.00528997792226435
TRX,순수CHoCH,—,1h,0.0,월,,,,,,,,,,24276.0,-0.3980631590196494
TRX,순수CHoCH,—,1h,0.0,월,,,,,,,,,,24277.0,0.07316827438695873
TRX,순수CHoCH,—,1h,0.0,월,,,,,,,,,,24278.0,-0.16026596730858134
TRX,순수CHoCH,—,1h,0.0,월,,,,,,,,,,24279.0,-0.519724617807312
TRX,순수CHoCH,—,1h,0.0,월,,,,,,,,,,24280.0,-0.6657767445129091
TRX,순수CHoCH,—,1h,0.0,월,,,,,,,,,,24281.0,-0.23972217282388167
TRX,순수CHoCH,—,1h,0.0,월,,,,,,,,,,24282.0,0.044827292539352144
TRX,순수CHoCH,—,1h,0.0,월,,,,,,,,,,24283.0,-0.1398454458339005
TRX,순수CHoCH,—,1h,0.0,월,,,,,,,,,,24284.0,-0.3781199261751241
TRX,순수CHoCH,—,1h,0.0,월,,,,,,,,,,24285.0,-0.1486944143030848
TRX,순수CHoCH,—,1h,0.0,월,,,,,,,,,,24286.0,0.1000473124904323
TRX,순수CHoCH,—,1h,0.0,월,,,,,,,,,,24287.0,0.02567733033443025
TRX,순수CHoCH,—,1h,0.0,월,,,,,,,,,,24288.0,0.389771888988096
TRX,순수CHoCH,—,1h,0.0,월,,,,,,,,,,24289.0,-0.1386385201640057
TRX,순수CHoCH,—,1h,0.0,월,,,,,,,,,,24290.0,0.39972841338323367
TRX,순수CHoCH,—,1h,0.0,월,,,,,,,,,,24291.0,-0.023565300019755875
TRX,순수CHoCH,—,1h,0.0,월,,,,,,,,,,24292.0,0.2893059413466603
TRX,순수CHoCH,—,1h,0.0,월,,,,,,,,,,24293.0,-0.2753446506395937
TRX,순수CHoCH,—,1h,0.0,월,,,,,,,,,,24294.0,-0.006055325565551207
TRX,순수CHoCH,—,1h,0.0,월,,,,,,,,,,24295.0,0.1852600068453789
TRX,순수CHoCH,—,1h,0.0,월,,,,,,,,,,24296.0,0.5641954231060913
TRX,순수CHoCH,—,1h,0.0,월,,,,,,,,,,24297.0,0.17113014321586612
TRX,순수CHoCH,—,1h,0.0,월,,,,,,,,,,24298.0,0.06593691706937321
TRX,순수CHoCH,—,1h,0.0,월,,,,,,,,,,24299.0,0.3962068430036005
TRX,순수CHoCH,—,1h,0.0,월,,,,,,,,,,24300.0,0.009352160498644225
TRX,순수CHoCH,—,1h,0.0,월,,,,,,,,,,24301.0,0.056232667206692975
TRX,순수CHoCH,—,1h,0.0,월,,,,,,,,,,24302.0,0.0158043932627151
TRX,순수CHoCH,—,1h,0.0,월,,,,,,,,,,24303.0,0.0972238711369753
TRX,순수CHoCH,—,1h,0.0,월,,,,,,,,,,24304.0,-0.07132772369193977
TRX,순수CHoCH,—,1h,0.0,월,,,,,,,,,,24305.0,-0.21189567551375202
TRX,순수CHoCH,—,1h,0.0,월,,,,,,,,,,24306.0,-0.45339381770321296
TRX,순수CHoCH,—,1h,0.0,월,,,,,,,,,,24307.0,-0.1402754881498693
TRX,순수CHoCH,—,1h,0.0,월,,,,,,,,,,24308.0,0.10106181746365175
TRX,순수CHoCH,—,1h,0.0,월,,,,,,,,,,24309.0,-0.024875600730606844
TRX,순수CHoCH,—,1h,0.0,월,,,,,,,,,,24310.0,0.0339852359616752
TRX,순수CHoCH,—,1h,0.0,월,,,,,,,,,,24311.0,-0.1476844601252364
TRX,순수CHoCH,—,1h,0.0,월,,,,,,,,,,24312.0,0.20953255785365127
TRX,순수CHoCH,—,1h,0.0,월,,,,,,,,,,24313.0,0.03386654744512611
TRX,순수CHoCH,—,1h,0.0,월,,,,,,,,,,24314.0,-0.07591852425982167
TRX,순수CHoCH,—,1h,0.0,월,,,,,,,,,,24315.0,-0.26859995102186907
TRX,순수CHoCH,—,1h,0.0,월,,,,,,,,,,24316.0,0.2347949787226982
TRX,순수CHoCH,—,1h,0.0,월,,,,,,,,,,24317.0,-0.21016863084794057
TRX,순수CHoCH,—,1h,0.0,월,,,,,,,,,,24318.0,0.507955875536594
TRX,스윕+CHoCH,1h,5m,0.0,전체,5181.0,0.985730593607306,58.84083553986472,0.033005211349160395,0.13375230529941967,-0.10074709395025931,0.030664929550279867,0.3429839799266551,0.004053271569195136,,
TRX,스윕+CHoCH,1h,5m,0.0,홀드아웃 전,4140.0,0.985730593607306,66.67031005210015,0.05,0.11821486179565556,-0.06821486179565557,,0.34830917874396133,0.005072463768115942,,
TRX,스윕+CHoCH,1h,5m,0.0,홀드아웃 12개월,1041.0,0.985730593607306,38.07881596436417,-0.0345821325648415,0.19554386736049892,-0.23012599992534039,,0.3218059558117195,0.0,,
TRX,스윕+CHoCH,1h,5m,0.0,월,,,,,,,,,,24258.0,-0.10745253352363533
TRX,스윕+CHoCH,1h,5m,0.0,월,,,,,,,,,,24259.0,-0.12603976882532103
TRX,스윕+CHoCH,1h,5m,0.0,월,,,,,,,,,,24260.0,-0.1267441967717077
TRX,스윕+CHoCH,1h,5m,0.0,월,,,,,,,,,,24261.0,0.2296385199700771
TRX,스윕+CHoCH,1h,5m,0.0,월,,,,,,,,,,24262.0,-0.03555319986108166
TRX,스윕+CHoCH,1h,5m,0.0,월,,,,,,,,,,24263.0,-0.05163463209819721
TRX,스윕+CHoCH,1h,5m,0.0,월,,,,,,,,,,24264.0,-0.1631608012808858
TRX,스윕+CHoCH,1h,5m,0.0,월,,,,,,,,,,24265.0,0.020059357411041305
TRX,스윕+CHoCH,1h,5m,0.0,월,,,,,,,,,,24266.0,0.0033271680603320928
TRX,스윕+CHoCH,1h,5m,0.0,월,,,,,,,,,,24267.0,0.07304326467941057
TRX,스윕+CHoCH,1h,5m,0.0,월,,,,,,,,,,24268.0,-0.0926492897188127
TRX,스윕+CHoCH,1h,5m,0.0,월,,,,,,,,,,24269.0,-0.019712500241853854
TRX,스윕+CHoCH,1h,5m,0.0,월,,,,,,,,,,24270.0,-0.03937551005378511
TRX,스윕+CHoCH,1h,5m,0.0,월,,,,,,,,,,24271.0,-0.07910227255661169
TRX,스윕+CHoCH,1h,5m,0.0,월,,,,,,,,,,24272.0,-0.19691567181234557
TRX,스윕+CHoCH,1h,5m,0.0,월,,,,,,,,,,24273.0,-0.14910003836617505
TRX,스윕+CHoCH,1h,5m,0.0,월,,,,,,,,,,24274.0,-0.43377938382909503
TRX,스윕+CHoCH,1h,5m,0.0,월,,,,,,,,,,24275.0,-0.14591074800281667
TRX,스윕+CHoCH,1h,5m,0.0,월,,,,,,,,,,24276.0,0.023873289513815555
TRX,스윕+CHoCH,1h,5m,0.0,월,,,,,,,,,,24277.0,-0.14995993822236214
TRX,스윕+CHoCH,1h,5m,0.0,월,,,,,,,,,,24278.0,-0.23515539290924853
TRX,스윕+CHoCH,1h,5m,0.0,월,,,,,,,,,,24279.0,-0.12558641407586643
TRX,스윕+CHoCH,1h,5m,0.0,월,,,,,,,,,,24280.0,-0.2700320230815903
TRX,스윕+CHoCH,1h,5m,0.0,월,,,,,,,,,,24281.0,0.09140927917030663
TRX,스윕+CHoCH,1h,5m,0.0,월,,,,,,,,,,24282.0,-0.12506343483223
TRX,스윕+CHoCH,1h,5m,0.0,월,,,,,,,,,,24283.0,0.21997699609592275
TRX,스윕+CHoCH,1h,5m,0.0,월,,,,,,,,,,24284.0,-0.34098528465847205
TRX,스윕+CHoCH,1h,5m,0.0,월,,,,,,,,,,24285.0,-0.244482410597731
TRX,스윕+CHoCH,1h,5m,0.0,월,,,,,,,,,,24286.0,-0.20914936395776285
TRX,스윕+CHoCH,1h,5m,0.0,월,,,,,,,,,,24287.0,0.0061838745872530125
TRX,스윕+CHoCH,1h,5m,0.0,월,,,,,,,,,,24288.0,-0.16166977235576227
TRX,스윕+CHoCH,1h,5m,0.0,월,,,,,,,,,,24289.0,-0.22668969460542596
TRX,스윕+CHoCH,1h,5m,0.0,월,,,,,,,,,,24290.0,0.6164518255251408
TRX,스윕+CHoCH,1h,5m,0.0,월,,,,,,,,,,24291.0,-0.07183513669064454
TRX,스윕+CHoCH,1h,5m,0.0,월,,,,,,,,,,24292.0,-0.049543859605692464
TRX,스윕+CHoCH,1h,5m,0.0,월,,,,,,,,,,24293.0,-0.11685222787770931
TRX,스윕+CHoCH,1h,5m,0.0,월,,,,,,,,,,24294.0,-0.20398125347235818
TRX,스윕+CHoCH,1h,5m,0.0,월,,,,,,,,,,24295.0,0.18204913867657535
TRX,스윕+CHoCH,1h,5m,0.0,월,,,,,,,,,,24296.0,0.04050479294081129
TRX,스윕+CHoCH,1h,5m,0.0,월,,,,,,,,,,24297.0,-0.3150429608134714
TRX,스윕+CHoCH,1h,5m,0.0,월,,,,,,,,,,24298.0,-0.12800538609001033
TRX,스윕+CHoCH,1h,5m,0.0,월,,,,,,,,,,24299.0,0.20574408836725497
TRX,스윕+CHoCH,1h,5m,0.0,월,,,,,,,,,,24300.0,0.057485867626607096
TRX,스윕+CHoCH,1h,5m,0.0,월,,,,,,,,,,24301.0,0.17203517666834692
TRX,스윕+CHoCH,1h,5m,0.0,월,,,,,,,,,,24302.0,-0.014051911192754367
TRX,스윕+CHoCH,1h,5m,0.0,월,,,,,,,,,,24303.0,-0.06334560269920388
TRX,스윕+CHoCH,1h,5m,0.0,월,,,,,,,,,,24304.0,-0.13726654765739824
TRX,스윕+CHoCH,1h,5m,0.0,월,,,,,,,,,,24305.0,-0.09287210875290369
TRX,스윕+CHoCH,1h,5m,0.0,월,,,,,,,,,,24306.0,-0.1482088182085182
TRX,스윕+CHoCH,1h,5m,0.0,월,,,,,,,,,,24307.0,-0.2031739761595383
TRX,스윕+CHoCH,1h,5m,0.0,월,,,,,,,,,,24308.0,0.051773280231952025
TRX,스윕+CHoCH,1h,5m,0.0,월,,,,,,,,,,24309.0,-0.4158143786534406
TRX,스윕+CHoCH,1h,5m,0.0,월,,,,,,,,,,24310.0,-0.36419165095338457
TRX,스윕+CHoCH,1h,5m,0.0,월,,,,,,,,,,24311.0,0.06525689164199484
TRX,스윕+CHoCH,1h,5m,0.0,월,,,,,,,,,,24312.0,-0.34023852700546586
TRX,스윕+CHoCH,1h,5m,0.0,월,,,,,,,,,,24313.0,-0.09771145214296705
TRX,스윕+CHoCH,1h,5m,0.0,월,,,,,,,,,,24314.0,-0.5212664036850334
TRX,스윕+CHoCH,1h,5m,0.0,월,,,,,,,,,,24315.0,-0.5382262507398974
TRX,스윕+CHoCH,1h,5m,0.0,월,,,,,,,,,,24316.0,-0.21132137027735684
TRX,스윕+CHoCH,1h,5m,0.0,월,,,,,,,,,,24317.0,-0.2486846073269235
TRX,스윕+CHoCH,1h,5m,0.0,월,,,,,,,,,,24318.0,0.14247911493515167
TRX,스윕+CHoCH,1h,5m,0.25,전체,5332.0,0.9861290919178842,61.39844979537071,0.039572393098274566,0.12731275214007778,-0.0877403590418032,0.04135408852213053,0.34508627156789196,0.00431357839459865,,
TRX,스윕+CHoCH,1h,5m,0.25,홀드아웃 전,4260.0,0.9861290919178842,69.29649408357189,0.05187793427230047,0.11236253624892455,-0.06048460197662408,,0.3488262910798122,0.00539906103286385,,
TRX,스윕+CHoCH,1h,5m,0.25,홀드아웃 12개월,1072.0,0.9861290919178842,39.733554847514,-0.009328358208955223,0.1867231249911157,-0.19605148320007093,,0.3302238805970149,0.0,,
TRX,스윕+CHoCH,1h,5m,0.25,월,,,,,,,,,,24258.0,-0.15061208603954424
TRX,스윕+CHoCH,1h,5m,0.25,월,,,,,,,,,,24259.0,-0.163716402379671
TRX,스윕+CHoCH,1h,5m,0.25,월,,,,,,,,,,24260.0,-0.1409037142525298
TRX,스윕+CHoCH,1h,5m,0.25,월,,,,,,,,,,24261.0,0.18092784914729831
TRX,스윕+CHoCH,1h,5m,0.25,월,,,,,,,,,,24262.0,-0.06431003076198416
TRX,스윕+CHoCH,1h,5m,0.25,월,,,,,,,,,,24263.0,0.00846367925307816
TRX,스윕+CHoCH,1h,5m,0.25,월,,,,,,,,,,24264.0,-0.2221444609777214
TRX,스윕+CHoCH,1h,5m,0.25,월,,,,,,,,,,24265.0,0.06857493536314814
TRX,스윕+CHoCH,1h,5m,0.25,월,,,,,,,,,,24266.0,-0.03028299390461057
TRX,스윕+CHoCH,1h,5m,0.25,월,,,,,,,,,,24267.0,0.18423208977774094
TRX,스윕+CHoCH,1h,5m,0.25,월,,,,,,,,,,24268.0,-0.12203137797934556
TRX,스윕+CHoCH,1h,5m,0.25,월,,,,,,,,,,24269.0,-0.04994088760537204
TRX,스윕+CHoCH,1h,5m,0.25,월,,,,,,,,,,24270.0,-0.052318496008700366
TRX,스윕+CHoCH,1h,5m,0.25,월,,,,,,,,,,24271.0,-0.07661754632784135
TRX,스윕+CHoCH,1h,5m,0.25,월,,,,,,,,,,24272.0,-0.17694580489704417
TRX,스윕+CHoCH,1h,5m,0.25,월,,,,,,,,,,24273.0,-0.02385186555145728
TRX,스윕+CHoCH,1h,5m,0.25,월,,,,,,,,,,24274.0,-0.38536859793045675
TRX,스윕+CHoCH,1h,5m,0.25,월,,,,,,,,,,24275.0,-0.017756721115625606
TRX,스윕+CHoCH,1h,5m,0.25,월,,,,,,,,,,24276.0,0.05847395291061794
TRX,스윕+CHoCH,1h,5m,0.25,월,,,,,,,,,,24277.0,-0.09259075285330359
TRX,스윕+CHoCH,1h,5m,0.25,월,,,,,,,,,,24278.0,-0.28450226849566207
TRX,스윕+CHoCH,1h,5m,0.25,월,,,,,,,,,,24279.0,-0.11862830253651652
TRX,스윕+CHoCH,1h,5m,0.25,월,,,,,,,,,,24280.0,-0.29715955850660036
TRX,스윕+CHoCH,1h,5m,0.25,월,,,,,,,,,,24281.0,-0.008859067733942386
TRX,스윕+CHoCH,1h,5m,0.25,월,,,,,,,,,,24282.0,-0.17106174317264214
TRX,스윕+CHoCH,1h,5m,0.25,월,,,,,,,,,,24283.0,0.1698241197582906
TRX,스윕+CHoCH,1h,5m,0.25,월,,,,,,,,,,24284.0,-0.35612313108752197
TRX,스윕+CHoCH,1h,5m,0.25,월,,,,,,,,,,24285.0,-0.2943284976687465
TRX,스윕+CHoCH,1h,5m,0.25,월,,,,,,,,,,24286.0,-0.17718310761152523
TRX,스윕+CHoCH,1h,5m,0.25,월,,,,,,,,,,24287.0,-0.043526617247204254
TRX,스윕+CHoCH,1h,5m,0.25,월,,,,,,,,,,24288.0,-0.0980711268279555
TRX,스윕+CHoCH,1h,5m,0.25,월,,,,,,,,,,24289.0,-0.16467914196582123
TRX,스윕+CHoCH,1h,5m,0.25,월,,,,,,,,,,24290.0,0.6448499394340276
TRX,스윕+CHoCH,1h,5m,0.25,월,,,,,,,,,,24291.0,-0.1269357648767063
TRX,스윕+CHoCH,1h,5m,0.25,월,,,,,,,,,,24292.0,0.054185724431194016
TRX,스윕+CHoCH,1h,5m,0.25,월,,,,,,,,,,24293.0,-0.21167108228707168
TRX,스윕+CHoCH,1h,5m,0.25,월,,,,,,,,,,24294.0,-0.16111448139061238
TRX,스윕+CHoCH,1h,5m,0.25,월,,,,,,,,,,24295.0,0.2761549753445031
TRX,스윕+CHoCH,1h,5m,0.25,월,,,,,,,,,,24296.0,0.10016839853101096
TRX,스윕+CHoCH,1h,5m,0.25,월,,,,,,,,,,24297.0,-0.1982785140930063
TRX,스윕+CHoCH,1h,5m,0.25,월,,,,,,,,,,24298.0,-0.07287181456627961
TRX,스윕+CHoCH,1h,5m,0.25,월,,,,,,,,,,24299.0,0.15552871756958506
TRX,스윕+CHoCH,1h,5m,0.25,월,,,,,,,,,,24300.0,0.05655500700509696
TRX,스윕+CHoCH,1h,5m,0.25,월,,,,,,,,,,24301.0,0.15694135191785946
TRX,스윕+CHoCH,1h,5m,0.25,월,,,,,,,,,,24302.0,0.0055334574320772085
TRX,스윕+CHoCH,1h,5m,0.25,월,,,,,,,,,,24303.0,-0.04613133258516761
TRX,스윕+CHoCH,1h,5m,0.25,월,,,,,,,,,,24304.0,-0.15990135743188338
TRX,스윕+CHoCH,1h,5m,0.25,월,,,,,,,,,,24305.0,-0.11133396356144311
TRX,스윕+CHoCH,1h,5m,0.25,월,,,,,,,,,,24306.0,-0.09863646548433305
TRX,스윕+CHoCH,1h,5m,0.25,월,,,,,,,,,,24307.0,-0.10506777666929398
TRX,스윕+CHoCH,1h,5m,0.25,월,,,,,,,,,,24308.0,0.07893758120206856
TRX,스윕+CHoCH,1h,5m,0.25,월,,,,,,,,,,24309.0,-0.3797295130659738
TRX,스윕+CHoCH,1h,5m,0.25,월,,,,,,,,,,24310.0,-0.35082627303417135
TRX,스윕+CHoCH,1h,5m,0.25,월,,,,,,,,,,24311.0,0.10715582053229204
TRX,스윕+CHoCH,1h,5m,0.25,월,,,,,,,,,,24312.0,-0.26852511444523636
TRX,스윕+CHoCH,1h,5m,0.25,월,,,,,,,,,,24313.0,-0.0655465746953877
TRX,스윕+CHoCH,1h,5m,0.25,월,,,,,,,,,,24314.0,-0.5154692418284699
TRX,스윕+CHoCH,1h,5m,0.25,월,,,,,,,,,,24315.0,-0.5333184219939178
TRX,스윕+CHoCH,1h,5m,0.25,월,,,,,,,,,,24316.0,-0.1908675481015085
TRX,스윕+CHoCH,1h,5m,0.25,월,,,,,,,,,,24317.0,-0.20288187088468418
TRX,스윕+CHoCH,1h,5m,0.25,월,,,,,,,,,,24318.0,0.13352059363440077
TRX,스윕+CHoCH,1h,15m,0.0,전체,3893.0,0.983826130907253,102.1218654260749,0.031338299511944515,0.07901524553627413,-0.04767694602432962,-0.000899049576162343,0.33573079886976626,0.024145902902645774,,
TRX,스윕+CHoCH,1h,15m,0.0,홀드아웃 전,3123.0,0.983826130907253,114.8287467828161,0.010886967659301952,0.06995824558610765,-0.0590712779268057,,0.3282100544348383,0.026256804354787062,,
TRX,스윕+CHoCH,1h,15m,0.0,홀드아웃 12개월,770.0,0.983826130907253,64.3375362366476,0.11428571428571428,0.11574902585363772,-0.001463311567923463,,0.36623376623376624,0.015584415584415584,,
TRX,스윕+CHoCH,1h,15m,0.0,월,,,,,,,,,,24258.0,-0.19145680154232622
TRX,스윕+CHoCH,1h,15m,0.0,월,,,,,,,,,,24259.0,-0.13022126375705267
TRX,스윕+CHoCH,1h,15m,0.0,월,,,,,,,,,,24260.0,-0.11107893974273493
TRX,스윕+CHoCH,1h,15m,0.0,월,,,,,,,,,,24261.0,0.023522298169611225
TRX,스윕+CHoCH,1h,15m,0.0,월,,,,,,,,,,24262.0,-0.15557189480883332
TRX,스윕+CHoCH,1h,15m,0.0,월,,,,,,,,,,24263.0,-0.2516228497160407
TRX,스윕+CHoCH,1h,15m,0.0,월,,,,,,,,,,24264.0,-0.5302622191824287
TRX,스윕+CHoCH,1h,15m,0.0,월,,,,,,,,,,24265.0,0.17607640113993514
TRX,스윕+CHoCH,1h,15m,0.0,월,,,,,,,,,,24266.0,-0.09345632169253174
TRX,스윕+CHoCH,1h,15m,0.0,월,,,,,,,,,,24267.0,-0.03844007387447248
TRX,스윕+CHoCH,1h,15m,0.0,월,,,,,,,,,,24268.0,0.06716963135277375
TRX,스윕+CHoCH,1h,15m,0.0,월,,,,,,,,,,24269.0,-0.06288164300703125
TRX,스윕+CHoCH,1h,15m,0.0,월,,,,,,,,,,24270.0,-0.049203015819564086
TRX,스윕+CHoCH,1h,15m,0.0,월,,,,,,,,,,24271.0,-0.08782484721202809
TRX,스윕+CHoCH,1h,15m,0.0,월,,,,,,,,,,24272.0,-0.02428466999984238
TRX,스윕+CHoCH,1h,15m,0.0,월,,,,,,,,,,24273.0,-0.25837948820293877
TRX,스윕+CHoCH,1h,15m,0.0,월,,,,,,,,,,24274.0,-0.6467137284283188
TRX,스윕+CHoCH,1h,15m,0.0,월,,,,,,,,,,24275.0,0.03228099566026557
TRX,스윕+CHoCH,1h,15m,0.0,월,,,,,,,,,,24276.0,0.11945090349124343
TRX,스윕+CHoCH,1h,15m,0.0,월,,,,,,,,,,24277.0,-0.2896815267316245
TRX,스윕+CHoCH,1h,15m,0.0,월,,,,,,,,,,24278.0,0.028905725268415856
TRX,스윕+CHoCH,1h,15m,0.0,월,,,,,,,,,,24279.0,-0.02543191195350598
TRX,스윕+CHoCH,1h,15m,0.0,월,,,,,,,,,,24280.0,-0.34525598767339893
TRX,스윕+CHoCH,1h,15m,0.0,월,,,,,,,,,,24281.0,-0.048281067188724505
TRX,스윕+CHoCH,1h,15m,0.0,월,,,,,,,,,,24282.0,-0.2195408286723104
TRX,스윕+CHoCH,1h,15m,0.0,월,,,,,,,,,,24283.0,0.03969761879933724
TRX,스윕+CHoCH,1h,15m,0.0,월,,,,,,,,,,24284.0,-0.38320305909950575
TRX,스윕+CHoCH,1h,15m,0.0,월,,,,,,,,,,24285.0,-0.165308566115342
TRX,스윕+CHoCH,1h,15m,0.0,월,,,,,,,,,,24286.0,-0.05669614228126543
TRX,스윕+CHoCH,1h,15m,0.0,월,,,,,,,,,,24287.0,-0.010264802503570099
TRX,스윕+CHoCH,1h,15m,0.0,월,,,,,,,,,,24288.0,-0.29754424799447066
TRX,스윕+CHoCH,1h,15m,0.0,월,,,,,,,,,,24289.0,-0.17448648973319203
TRX,스윕+CHoCH,1h,15m,0.0,월,,,,,,,,,,24290.0,0.4341237400884456
TRX,스윕+CHoCH,1h,15m,0.0,월,,,,,,,,,,24291.0,-0.03669637321449553
TRX,스윕+CHoCH,1h,15m,0.0,월,,,,,,,,,,24292.0,0.15277539515415695
TRX,스윕+CHoCH,1h,15m,0.0,월,,,,,,,,,,24293.0,-0.10713379594711482
TRX,스윕+CHoCH,1h,15m,0.0,월,,,,,,,,,,24294.0,-0.016331640125342543
TRX,스윕+CHoCH,1h,15m,0.0,월,,,,,,,,,,24295.0,-0.0002449994676658041
TRX,스윕+CHoCH,1h,15m,0.0,월,,,,,,,,,,24296.0,0.36171225037015375
TRX,스윕+CHoCH,1h,15m,0.0,월,,,,,,,,,,24297.0,0.025698549271625203
TRX,스윕+CHoCH,1h,15m,0.0,월,,,,,,,,,,24298.0,-0.018164759848820662
TRX,스윕+CHoCH,1h,15m,0.0,월,,,,,,,,,,24299.0,0.03992584269974211
TRX,스윕+CHoCH,1h,15m,0.0,월,,,,,,,,,,24300.0,0.2348823899717959
TRX,스윕+CHoCH,1h,15m,0.0,월,,,,,,,,,,24301.0,0.12403474350441858
TRX,스윕+CHoCH,1h,15m,0.0,월,,,,,,,,,,24302.0,0.12957610569200415
TRX,스윕+CHoCH,1h,15m,0.0,월,,,,,,,,,,24303.0,0.16099596594765211
TRX,스윕+CHoCH,1h,15m,0.0,월,,,,,,,,,,24304.0,0.11359297404657571
TRX,스윕+CHoCH,1h,15m,0.0,월,,,,,,,,,,24305.0,0.007659690876404328
TRX,스윕+CHoCH,1h,15m,0.0,월,,,,,,,,,,24306.0,-0.13817234161911557
TRX,스윕+CHoCH,1h,15m,0.0,월,,,,,,,,,,24307.0,0.11689978056262773
TRX,스윕+CHoCH,1h,15m,0.0,월,,,,,,,,,,24308.0,0.19830880275211266
TRX,스윕+CHoCH,1h,15m,0.0,월,,,,,,,,,,24309.0,-0.1258516039775104
TRX,스윕+CHoCH,1h,15m,0.0,월,,,,,,,,,,24310.0,-0.1799149962332364
TRX,스윕+CHoCH,1h,15m,0.0,월,,,,,,,,,,24311.0,-0.004187653182342521
TRX,스윕+CHoCH,1h,15m,0.0,월,,,,,,,,,,24312.0,-0.13920667805968914
TRX,스윕+CHoCH,1h,15m,0.0,월,,,,,,,,,,24313.0,0.11957802491001007
TRX,스윕+CHoCH,1h,15m,0.0,월,,,,,,,,,,24314.0,-0.12346983665869404
TRX,스윕+CHoCH,1h,15m,0.0,월,,,,,,,,,,24315.0,-0.0657110985876294
TRX,스윕+CHoCH,1h,15m,0.0,월,,,,,,,,,,24316.0,0.009616881839046812
TRX,스윕+CHoCH,1h,15m,0.0,월,,,,,,,,,,24317.0,0.01857639960827011
TRX,스윕+CHoCH,1h,15m,0.0,월,,,,,,,,,,24318.0,0.07706479153397666
TRX,스윕+CHoCH,1h,15m,0.25,전체,3896.0,0.9838383838383838,105.88305145279709,0.033880903490759756,0.0758070088897705,-0.04192610539901074,-0.00019250513347022612,0.33598562628336753,0.025924024640657083,,
TRX,스윕+CHoCH,1h,15m,0.25,홀드아웃 전,3126.0,0.9838383838383838,118.45046893449462,0.014075495841330775,0.06719093750469865,-0.05311544166336788,,0.3285348688419706,0.028470889315419065,,
TRX,스윕+CHoCH,1h,15m,0.25,홀드아웃 12개월,770.0,0.9838383838383838,66.30723890332763,0.11428571428571428,0.11078602077254272,0.0034996935131715507,,0.36623376623376624,0.015584415584415584,,
TRX,스윕+CHoCH,1h,15m,0.25,월,,,,,,,,,,24258.0,-0.1897366492853767
TRX,스윕+CHoCH,1h,15m,0.25,월,,,,,,,,,,24259.0,-0.09871717735891598
TRX,스윕+CHoCH,1h,15m,0.25,월,,,,,,,,,,24260.0,-0.15583121967545135
TRX,스윕+CHoCH,1h,15m,0.25,월,,,,,,,,,,24261.0,0.005975099747796396
TRX,스윕+CHoCH,1h,15m,0.25,월,,,,,,,,,,24262.0,-0.20240351316741353
TRX,스윕+CHoCH,1h,15m,0.25,월,,,,,,,,,,24263.0,-0.19713819959626347
TRX,스윕+CHoCH,1h,15m,0.25,월,,,,,,,,,,24264.0,-0.5280631911518969
TRX,스윕+CHoCH,1h,15m,0.25,월,,,,,,,,,,24265.0,0.1776716280680004
TRX,스윕+CHoCH,1h,15m,0.25,월,,,,,,,,,,24266.0,-0.19407437939688862
TRX,스윕+CHoCH,1h,15m,0.25,월,,,,,,,,,,24267.0,0.1443183129323199
TRX,스윕+CHoCH,1h,15m,0.25,월,,,,,,,,,,24268.0,-0.02097632452749591
TRX,스윕+CHoCH,1h,15m,0.25,월,,,,,,,,,,24269.0,-0.06182670850188743
TRX,스윕+CHoCH,1h,15m,0.25,월,,,,,,,,,,24270.0,-0.09970245728537185
TRX,스윕+CHoCH,1h,15m,0.25,월,,,,,,,,,,24271.0,-0.0852699457975287
TRX,스윕+CHoCH,1h,15m,0.25,월,,,,,,,,,,24272.0,0.02420215655160085
TRX,스윕+CHoCH,1h,15m,0.25,월,,,,,,,,,,24273.0,-0.25587581794086794
TRX,스윕+CHoCH,1h,15m,0.25,월,,,,,,,,,,24274.0,-0.5700177839150173
TRX,스윕+CHoCH,1h,15m,0.25,월,,,,,,,,,,24275.0,-0.01888716568248969
TRX,스윕+CHoCH,1h,15m,0.25,월,,,,,,,,,,24276.0,0.12245903680773272
TRX,스윕+CHoCH,1h,15m,0.25,월,,,,,,,,,,24277.0,-0.239390694022811
TRX,스윕+CHoCH,1h,15m,0.25,월,,,,,,,,,,24278.0,0.052650860432346756
TRX,스윕+CHoCH,1h,15m,0.25,월,,,,,,,,,,24279.0,-0.05403111780209782
TRX,스윕+CHoCH,1h,15m,0.25,월,,,,,,,,,,24280.0,-0.341537119834711
TRX,스윕+CHoCH,1h,15m,0.25,월,,,,,,,,,,24281.0,0.0041624914413343
TRX,스윕+CHoCH,1h,15m,0.25,월,,,,,,,,,,24282.0,-0.16677412768517297
TRX,스윕+CHoCH,1h,15m,0.25,월,,,,,,,,,,24283.0,0.04289871752362257
TRX,스윕+CHoCH,1h,15m,0.25,월,,,,,,,,,,24284.0,-0.32709057714004613
TRX,스윕+CHoCH,1h,15m,0.25,월,,,,,,,,,,24285.0,-0.2148311054758518
TRX,스윕+CHoCH,1h,15m,0.25,월,,,,,,,,,,24286.0,-0.08404828492458762
TRX,스윕+CHoCH,1h,15m,0.25,월,,,,,,,,,,24287.0,-0.1282648389503058
TRX,스윕+CHoCH,1h,15m,0.25,월,,,,,,,,,,24288.0,-0.2091029816616634
TRX,스윕+CHoCH,1h,15m,0.25,월,,,,,,,,,,24289.0,-0.2196479368299829
TRX,스윕+CHoCH,1h,15m,0.25,월,,,,,,,,,,24290.0,0.3587189695113338
TRX,스윕+CHoCH,1h,15m,0.25,월,,,,,,,,,,24291.0,-0.048813262933532914
TRX,스윕+CHoCH,1h,15m,0.25,월,,,,,,,,,,24292.0,0.1730772064023922
TRX,스윕+CHoCH,1h,15m,0.25,월,,,,,,,,,,24293.0,-0.20067485397162768
TRX,스윕+CHoCH,1h,15m,0.25,월,,,,,,,,,,24294.0,-0.012021193777148295
TRX,스윕+CHoCH,1h,15m,0.25,월,,,,,,,,,,24295.0,0.004628404203160147
TRX,스윕+CHoCH,1h,15m,0.25,월,,,,,,,,,,24296.0,0.3651871127842239
TRX,스윕+CHoCH,1h,15m,0.25,월,,,,,,,,,,24297.0,0.08999028497575493
TRX,스윕+CHoCH,1h,15m,0.25,월,,,,,,,,,,24298.0,0.03906976242544634
TRX,스윕+CHoCH,1h,15m,0.25,월,,,,,,,,,,24299.0,0.04269748156581355
TRX,스윕+CHoCH,1h,15m,0.25,월,,,,,,,,,,24300.0,0.27965324121953167
TRX,스윕+CHoCH,1h,15m,0.25,월,,,,,,,,,,24301.0,0.1266797166191009
TRX,스윕+CHoCH,1h,15m,0.25,월,,,,,,,,,,24302.0,0.2649847163894796
TRX,스윕+CHoCH,1h,15m,0.25,월,,,,,,,,,,24303.0,0.16318947667185865
TRX,스윕+CHoCH,1h,15m,0.25,월,,,,,,,,,,24304.0,0.16122035361663523
TRX,스윕+CHoCH,1h,15m,0.25,월,,,,,,,,,,24305.0,0.01037041881399451
TRX,스윕+CHoCH,1h,15m,0.25,월,,,,,,,,,,24306.0,-0.17887731615812041
TRX,스윕+CHoCH,1h,15m,0.25,월,,,,,,,,,,24307.0,0.163793679142342
TRX,스윕+CHoCH,1h,15m,0.25,월,,,,,,,,,,24308.0,0.1586959091823111
TRX,스윕+CHoCH,1h,15m,0.25,월,,,,,,,,,,24309.0,-0.1684567543495498
TRX,스윕+CHoCH,1h,15m,0.25,월,,,,,,,,,,24310.0,-0.08056281374382268
TRX,스윕+CHoCH,1h,15m,0.25,월,,,,,,,,,,24311.0,-0.03999654244201542
TRX,스윕+CHoCH,1h,15m,0.25,월,,,,,,,,,,24312.0,-0.1328809781971639
TRX,스윕+CHoCH,1h,15m,0.25,월,,,,,,,,,,24313.0,0.12349587888643009
TRX,스윕+CHoCH,1h,15m,0.25,월,,,,,,,,,,24314.0,-0.11738360636021207
TRX,스윕+CHoCH,1h,15m,0.25,월,,,,,,,,,,24315.0,-0.01205273007963143
TRX,스윕+CHoCH,1h,15m,0.25,월,,,,,,,,,,24316.0,0.018083171273520608
TRX,스윕+CHoCH,1h,15m,0.25,월,,,,,,,,,,24317.0,0.02172193647768494
TRX,스윕+CHoCH,1h,15m,0.25,월,,,,,,,,,,24318.0,0.030159543773840405
TRX,스윕+CHoCH,1h,1h,0.0,전체,1448.0,0.9863760217983651,206.20134161502736,0.007596685082872928,0.03799876931524289,-0.030402084232369973,-0.036256906077348064,0.2969613259668508,0.11671270718232044,,
TRX,스윕+CHoCH,1h,1h,0.0,홀드아웃 전,1180.0,0.9863760217983651,233.14810961818978,-0.003389830508474576,0.03453793188366431,-0.03792776239213891,,0.2923728813559322,0.11949152542372882,,
TRX,스윕+CHoCH,1h,1h,0.0,홀드아웃 12개월,268.0,0.9863760217983651,136.87840578837722,0.055970149253731345,0.05323678487219334,0.0027333643815379977,,0.31716417910447764,0.1044776119402985,,
TRX,스윕+CHoCH,1h,1h,0.0,월,,,,,,,,,,24258.0,0.16723413566280543
TRX,스윕+CHoCH,1h,1h,0.0,월,,,,,,,,,,24259.0,0.29408326870023205
TRX,스윕+CHoCH,1h,1h,0.0,월,,,,,,,,,,24260.0,-0.20479077767406223
TRX,스윕+CHoCH,1h,1h,0.0,월,,,,,,,,,,24261.0,-0.18619985246611187
TRX,스윕+CHoCH,1h,1h,0.0,월,,,,,,,,,,24262.0,-0.021213814567808985
TRX,스윕+CHoCH,1h,1h,0.0,월,,,,,,,,,,24263.0,-0.019029785865322738
TRX,스윕+CHoCH,1h,1h,0.0,월,,,,,,,,,,24264.0,0.02690449937041765
TRX,스윕+CHoCH,1h,1h,0.0,월,,,,,,,,,,24265.0,0.14130390813919086
TRX,스윕+CHoCH,1h,1h,0.0,월,,,,,,,,,,24266.0,-0.06770707670717815
TRX,스윕+CHoCH,1h,1h,0.0,월,,,,,,,,,,24267.0,0.06124498289051527
TRX,스윕+CHoCH,1h,1h,0.0,월,,,,,,,,,,24268.0,-0.06096056753266316
TRX,스윕+CHoCH,1h,1h,0.0,월,,,,,,,,,,24269.0,0.12563352464929653
TRX,스윕+CHoCH,1h,1h,0.0,월,,,,,,,,,,24270.0,0.07208521164597204
TRX,스윕+CHoCH,1h,1h,0.0,월,,,,,,,,,,24271.0,-0.3741203874852623
TRX,스윕+CHoCH,1h,1h,0.0,월,,,,,,,,,,24272.0,-0.1019515202619825
TRX,스윕+CHoCH,1h,1h,0.0,월,,,,,,,,,,24273.0,-0.3283573012890976
TRX,스윕+CHoCH,1h,1h,0.0,월,,,,,,,,,,24274.0,-0.44568130499875946
TRX,스윕+CHoCH,1h,1h,0.0,월,,,,,,,,,,24275.0,-0.23582108873654115
TRX,스윕+CHoCH,1h,1h,0.0,월,,,,,,,,,,24276.0,-0.54508143184768
TRX,스윕+CHoCH,1h,1h,0.0,월,,,,,,,,,,24277.0,0.17336719081613386
TRX,스윕+CHoCH,1h,1h,0.0,월,,,,,,,,,,24278.0,-0.24641278205733105
TRX,스윕+CHoCH,1h,1h,0.0,월,,,,,,,,,,24279.0,-0.23441286480885817
TRX,스윕+CHoCH,1h,1h,0.0,월,,,,,,,,,,24280.0,-0.8031390815225846
TRX,스윕+CHoCH,1h,1h,0.0,월,,,,,,,,,,24281.0,-0.08512737610379802
TRX,스윕+CHoCH,1h,1h,0.0,월,,,,,,,,,,24282.0,-0.1165340559077634
TRX,스윕+CHoCH,1h,1h,0.0,월,,,,,,,,,,24283.0,0.2005773579470392
TRX,스윕+CHoCH,1h,1h,0.0,월,,,,,,,,,,24284.0,-0.31927957488006964
TRX,스윕+CHoCH,1h,1h,0.0,월,,,,,,,,,,24285.0,-0.0531880219262184
TRX,스윕+CHoCH,1h,1h,0.0,월,,,,,,,,,,24286.0,0.47720670680501426
TRX,스윕+CHoCH,1h,1h,0.0,월,,,,,,,,,,24287.0,-0.10150740964577044
TRX,스윕+CHoCH,1h,1h,0.0,월,,,,,,,,,,24288.0,0.12256085595613607
TRX,스윕+CHoCH,1h,1h,0.0,월,,,,,,,,,,24289.0,-0.03706468274944417
TRX,스윕+CHoCH,1h,1h,0.0,월,,,,,,,,,,24290.0,0.508336476473784
TRX,스윕+CHoCH,1h,1h,0.0,월,,,,,,,,,,24291.0,0.03119669868985814
TRX,스윕+CHoCH,1h,1h,0.0,월,,,,,,,,,,24292.0,0.21140884351421127
TRX,스윕+CHoCH,1h,1h,0.0,월,,,,,,,,,,24293.0,-0.22201846739446934
TRX,스윕+CHoCH,1h,1h,0.0,월,,,,,,,,,,24294.0,-0.05686839376185074
TRX,스윕+CHoCH,1h,1h,0.0,월,,,,,,,,,,24295.0,-0.009644986197995505
TRX,스윕+CHoCH,1h,1h,0.0,월,,,,,,,,,,24296.0,0.5567389918877251
TRX,스윕+CHoCH,1h,1h,0.0,월,,,,,,,,,,24297.0,-0.07199725855382068
TRX,스윕+CHoCH,1h,1h,0.0,월,,,,,,,,,,24298.0,0.2716012133905789
TRX,스윕+CHoCH,1h,1h,0.0,월,,,,,,,,,,24299.0,0.5787132566415252
TRX,스윕+CHoCH,1h,1h,0.0,월,,,,,,,,,,24300.0,-0.021345052281383507
TRX,스윕+CHoCH,1h,1h,0.0,월,,,,,,,,,,24301.0,0.18603095080060408
TRX,스윕+CHoCH,1h,1h,0.0,월,,,,,,,,,,24302.0,-0.07535233137808414
TRX,스윕+CHoCH,1h,1h,0.0,월,,,,,,,,,,24303.0,0.25685566519434205
TRX,스윕+CHoCH,1h,1h,0.0,월,,,,,,,,,,24304.0,-0.06920116972253389
TRX,스윕+CHoCH,1h,1h,0.0,월,,,,,,,,,,24305.0,-0.27731057160800116
TRX,스윕+CHoCH,1h,1h,0.0,월,,,,,,,,,,24306.0,0.004980456357486615
TRX,스윕+CHoCH,1h,1h,0.0,월,,,,,,,,,,24307.0,-0.08477295744695662
TRX,스윕+CHoCH,1h,1h,0.0,월,,,,,,,,,,24308.0,0.08585096939551219
TRX,스윕+CHoCH,1h,1h,0.0,월,,,,,,,,,,24309.0,-0.13274076516677671
TRX,스윕+CHoCH,1h,1h,0.0,월,,,,,,,,,,24310.0,0.03813916371562811
TRX,스윕+CHoCH,1h,1h,0.0,월,,,,,,,,,,24311.0,-0.24560916021784712
TRX,스윕+CHoCH,1h,1h,0.0,월,,,,,,,,,,24312.0,0.24231039139927618
TRX,스윕+CHoCH,1h,1h,0.0,월,,,,,,,,,,24313.0,-0.05681680703710031
TRX,스윕+CHoCH,1h,1h,0.0,월,,,,,,,,,,24314.0,-0.18080578658895535
TRX,스윕+CHoCH,1h,1h,0.0,월,,,,,,,,,,24315.0,-0.23148940464908102
TRX,스윕+CHoCH,1h,1h,0.0,월,,,,,,,,,,24316.0,0.09839568682537107
TRX,스윕+CHoCH,1h,1h,0.0,월,,,,,,,,,,24317.0,-0.011685954069843392
TRX,스윕+CHoCH,1h,1h,0.0,월,,,,,,,,,,24318.0,0.4188712898976089
TRX,스윕+CHoCH,1h,1h,0.25,전체,1448.0,0.9863760217983651,210.2013557913428,0.0006906077348066298,0.03735992467770421,-0.03666931694289757,-0.035134668508287295,0.2935082872928177,0.12016574585635359,,
TRX,스윕+CHoCH,1h,1h,0.25,홀드아웃 전,1180.0,0.9863760217983651,237.21339642435106,-0.011864406779661017,0.033976758228794035,-0.045841165008455045,,0.288135593220339,0.12372881355932204,,
TRX,스윕+CHoCH,1h,1h,0.25,홀드아웃 12개월,268.0,0.9863760217983651,138.36555257582035,0.055970149253731345,0.052255956057234085,0.003714193196497266,,0.31716417910447764,0.1044776119402985,,
TRX,스윕+CHoCH,1h,1h,0.25,월,,,,,,,,,,24258.0,0.07628054634347047
TRX,스윕+CHoCH,1h,1h,0.25,월,,,,,,,,,,24259.0,0.29446950318242293
TRX,스윕+CHoCH,1h,1h,0.25,월,,,,,,,,,,24260.0,-0.20442895628731836
TRX,스윕+CHoCH,1h,1h,0.25,월,,,,,,,,,,24261.0,-0.18594956540944993
TRX,스윕+CHoCH,1h,1h,0.25,월,,,,,,,,,,24262.0,-0.02077462291045572
TRX,스윕+CHoCH,1h,1h,0.25,월,,,,,,,,,,24263.0,-0.018608703649547816
TRX,스윕+CHoCH,1h,1h,0.25,월,,,,,,,,,,24264.0,0.02732003492800138
TRX,스윕+CHoCH,1h,1h,0.25,월,,,,,,,,,,24265.0,0.1416699231328652
TRX,스윕+CHoCH,1h,1h,0.25,월,,,,,,,,,,24266.0,-0.06727863051160415
TRX,스윕+CHoCH,1h,1h,0.25,월,,,,,,,,,,24267.0,0.06170586532218042
TRX,스윕+CHoCH,1h,1h,0.25,월,,,,,,,,,,24268.0,-0.060459449868364906
TRX,스윕+CHoCH,1h,1h,0.25,월,,,,,,,,,,24269.0,0.12589690299189113
TRX,스윕+CHoCH,1h,1h,0.25,월,,,,,,,,,,24270.0,0.11795655466201647
TRX,스윕+CHoCH,1h,1h,0.25,월,,,,,,,,,,24271.0,-0.3734227332399365
TRX,스윕+CHoCH,1h,1h,0.25,월,,,,,,,,,,24272.0,-0.1011888797331422
TRX,스윕+CHoCH,1h,1h,0.25,월,,,,,,,,,,24273.0,-0.42552879957046347
TRX,스윕+CHoCH,1h,1h,0.25,월,,,,,,,,,,24274.0,-0.4447650257923215
TRX,스윕+CHoCH,1h,1h,0.25,월,,,,,,,,,,24275.0,-0.32009634793057035
TRX,스윕+CHoCH,1h,1h,0.25,월,,,,,,,,,,24276.0,-0.5443520637659889
TRX,스윕+CHoCH,1h,1h,0.25,월,,,,,,,,,,24277.0,0.17404971913678935
TRX,스윕+CHoCH,1h,1h,0.25,월,,,,,,,,,,24278.0,-0.24551853839103543
TRX,스윕+CHoCH,1h,1h,0.25,월,,,,,,,,,,24279.0,-0.30351410963841025
TRX,스윕+CHoCH,1h,1h,0.25,월,,,,,,,,,,24280.0,-0.802366146953914
TRX,스윕+CHoCH,1h,1h,0.25,월,,,,,,,,,,24281.0,-0.04408110299527956
TRX,스윕+CHoCH,1h,1h,0.25,월,,,,,,,,,,24282.0,-0.11591473443477074
TRX,스윕+CHoCH,1h,1h,0.25,월,,,,,,,,,,24283.0,0.20126392561858927
TRX,스윕+CHoCH,1h,1h,0.25,월,,,,,,,,,,24284.0,-0.1834501668749163
TRX,스윕+CHoCH,1h,1h,0.25,월,,,,,,,,,,24285.0,-0.05233515733805978
TRX,스윕+CHoCH,1h,1h,0.25,월,,,,,,,,,,24286.0,0.4780934111944754
TRX,스윕+CHoCH,1h,1h,0.25,월,,,,,,,,,,24287.0,-0.10100606651273422
TRX,스윕+CHoCH,1h,1h,0.25,월,,,,,,,,,,24288.0,0.12327113890239616
TRX,스윕+CHoCH,1h,1h,0.25,월,,,,,,,,,,24289.0,-0.03643378176743117
TRX,스윕+CHoCH,1h,1h,0.25,월,,,,,,,,,,24290.0,0.5089363897412563
TRX,스윕+CHoCH,1h,1h,0.25,월,,,,,,,,,,24291.0,0.03207670195500409
TRX,스윕+CHoCH,1h,1h,0.25,월,,,,,,,,,,24292.0,0.2121499648979596
TRX,스윕+CHoCH,1h,1h,0.25,월,,,,,,,,,,24293.0,-0.2208216595491292
TRX,스윕+CHoCH,1h,1h,0.25,월,,,,,,,,,,24294.0,-0.05592686531026566
TRX,스윕+CHoCH,1h,1h,0.25,월,,,,,,,,,,24295.0,-0.008669523411999952
TRX,스윕+CHoCH,1h,1h,0.25,월,,,,,,,,,,24296.0,0.5574551473086083
TRX,스윕+CHoCH,1h,1h,0.25,월,,,,,,,,,,24297.0,-0.22570594061778276
TRX,스윕+CHoCH,1h,1h,0.25,월,,,,,,,,,,24298.0,0.2728399254282942
TRX,스윕+CHoCH,1h,1h,0.25,월,,,,,,,,,,24299.0,0.5792348434528615
TRX,스윕+CHoCH,1h,1h,0.25,월,,,,,,,,,,24300.0,-0.02093502286883361
TRX,스윕+CHoCH,1h,1h,0.25,월,,,,,,,,,,24301.0,0.18640085317814326
TRX,스윕+CHoCH,1h,1h,0.25,월,,,,,,,,,,24302.0,-0.07476967313479917
TRX,스윕+CHoCH,1h,1h,0.25,월,,,,,,,,,,24303.0,0.11350590533508666
TRX,스윕+CHoCH,1h,1h,0.25,월,,,,,,,,,,24304.0,-0.06850190883751038
TRX,스윕+CHoCH,1h,1h,0.25,월,,,,,,,,,,24305.0,-0.2765839280796141
TRX,스윕+CHoCH,1h,1h,0.25,월,,,,,,,,,,24306.0,0.005714572882292509
TRX,스윕+CHoCH,1h,1h,0.25,월,,,,,,,,,,24307.0,-0.08410367530918543
TRX,스윕+CHoCH,1h,1h,0.25,월,,,,,,,,,,24308.0,0.08661356559407207
TRX,스윕+CHoCH,1h,1h,0.25,월,,,,,,,,,,24309.0,-0.13164840223515203
TRX,스윕+CHoCH,1h,1h,0.25,월,,,,,,,,,,24310.0,0.03903828624313078
TRX,스윕+CHoCH,1h,1h,0.25,월,,,,,,,,,,24311.0,-0.24449194078936368
TRX,스윕+CHoCH,1h,1h,0.25,월,,,,,,,,,,24312.0,0.2432394755199953
TRX,스윕+CHoCH,1h,1h,0.25,월,,,,,,,,,,24313.0,-0.05572023873211546
TRX,스윕+CHoCH,1h,1h,0.25,월,,,,,,,,,,24314.0,-0.17943749505908554
TRX,스윕+CHoCH,1h,1h,0.25,월,,,,,,,,,,24315.0,-0.2306163843237705
TRX,스윕+CHoCH,1h,1h,0.25,월,,,,,,,,,,24316.0,0.09960993523378084
TRX,스윕+CHoCH,1h,1h,0.25,월,,,,,,,,,,24317.0,-0.010598360765574369
TRX,스윕+CHoCH,1h,1h,0.25,월,,,,,,,,,,24318.0,0.4197890846886083
TRX,스윕+CHoCH,4h,5m,0.0,전체,1447.0,0.9883879781420765,64.23982869379091,0.007601935038009675,0.12647842647531718,-0.1188764914373075,0.028766413268832065,0.3337940566689703,0.006219765031098825,,
TRX,스윕+CHoCH,4h,5m,0.0,홀드아웃 전,1157.0,0.9883879781420765,72.67441860465124,0.016421780466724288,0.11243070404649709,-0.09600892357977285,,0.3362143474503025,0.007778738115816767,,
TRX,스윕+CHoCH,4h,5m,0.0,홀드아웃 12개월,290.0,0.9883879781420765,39.285410641277366,-0.027586206896551724,0.18252399492409238,-0.2101102018206441,,0.32413793103448274,0.0,,
TRX,스윕+CHoCH,4h,5m,0.0,월,,,,,,,,,,24258.0,-0.21835183728549798
TRX,스윕+CHoCH,4h,5m,0.0,월,,,,,,,,,,24259.0,0.0076749844829215605
TRX,스윕+CHoCH,4h,5m,0.0,월,,,,,,,,,,24260.0,0.08968550265723912
TRX,스윕+CHoCH,4h,5m,0.0,월,,,,,,,,,,24261.0,-0.34176235180283876
TRX,스윕+CHoCH,4h,5m,0.0,월,,,,,,,,,,24262.0,-0.2531838259218222
TRX,스윕+CHoCH,4h,5m,0.0,월,,,,,,,,,,24263.0,-0.3893242127564061
TRX,스윕+CHoCH,4h,5m,0.0,월,,,,,,,,,,24264.0,-0.2490311243933917
TRX,스윕+CHoCH,4h,5m,0.0,월,,,,,,,,,,24265.0,0.4470988411891096
TRX,스윕+CHoCH,4h,5m,0.0,월,,,,,,,,,,24266.0,-0.34736288217955374
TRX,스윕+CHoCH,4h,5m,0.0,월,,,,,,,,,,24267.0,0.07334063342045592
TRX,스윕+CHoCH,4h,5m,0.0,월,,,,,,,,,,24268.0,-0.006581635500893801
TRX,스윕+CHoCH,4h,5m,0.0,월,,,,,,,,,,24269.0,-0.1749765875244891
TRX,스윕+CHoCH,4h,5m,0.0,월,,,,,,,,,,24270.0,0.052323709719788204
TRX,스윕+CHoCH,4h,5m,0.0,월,,,,,,,,,,24271.0,-0.23137113734469275
TRX,스윕+CHoCH,4h,5m,0.0,월,,,,,,,,,,24272.0,-0.3933957750261111
TRX,스윕+CHoCH,4h,5m,0.0,월,,,,,,,,,,24273.0,-0.1640610236588922
TRX,스윕+CHoCH,4h,5m,0.0,월,,,,,,,,,,24274.0,-0.2075703018972612
TRX,스윕+CHoCH,4h,5m,0.0,월,,,,,,,,,,24275.0,0.05497499065230266
TRX,스윕+CHoCH,4h,5m,0.0,월,,,,,,,,,,24276.0,-0.2865674488362198
TRX,스윕+CHoCH,4h,5m,0.0,월,,,,,,,,,,24277.0,-0.4186521638661756
TRX,스윕+CHoCH,4h,5m,0.0,월,,,,,,,,,,24278.0,0.06447523170471492
TRX,스윕+CHoCH,4h,5m,0.0,월,,,,,,,,,,24279.0,-0.603765588679765
TRX,스윕+CHoCH,4h,5m,0.0,월,,,,,,,,,,24280.0,-0.3037513923859293
TRX,스윕+CHoCH,4h,5m,0.0,월,,,,,,,,,,24281.0,0.2905589364964042
TRX,스윕+CHoCH,4h,5m,0.0,월,,,,,,,,,,24282.0,-0.28045173059626916
TRX,스윕+CHoCH,4h,5m,0.0,월,,,,,,,,,,24283.0,-0.2609222815043545
TRX,스윕+CHoCH,4h,5m,0.0,월,,,,,,,,,,24284.0,-0.36913371475756235
TRX,스윕+CHoCH,4h,5m,0.0,월,,,,,,,,,,24285.0,0.11640056534700179
TRX,스윕+CHoCH,4h,5m,0.0,월,,,,,,,,,,24286.0,0.4068491927683906
TRX,스윕+CHoCH,4h,5m,0.0,월,,,,,,,,,,24287.0,0.44888628409022446
TRX,스윕+CHoCH,4h,5m,0.0,월,,,,,,,,,,24288.0,-0.02773992644110809
TRX,스윕+CHoCH,4h,5m,0.0,월,,,,,,,,,,24289.0,-0.3530352443335249
TRX,스윕+CHoCH,4h,5m,0.0,월,,,,,,,,,,24290.0,0.2636969432257266
TRX,스윕+CHoCH,4h,5m,0.0,월,,,,,,,,,,24291.0,-0.2515180810669973
TRX,스윕+CHoCH,4h,5m,0.0,월,,,,,,,,,,24292.0,0.18122845394208698
TRX,스윕+CHoCH,4h,5m,0.0,월,,,,,,,,,,24293.0,-0.24278756992945483
TRX,스윕+CHoCH,4h,5m,0.0,월,,,,,,,,,,24294.0,0.16016146880728252
TRX,스윕+CHoCH,4h,5m,0.0,월,,,,,,,,,,24295.0,0.0792027534895108
TRX,스윕+CHoCH,4h,5m,0.0,월,,,,,,,,,,24296.0,-0.26456244334460693
TRX,스윕+CHoCH,4h,5m,0.0,월,,,,,,,,,,24297.0,-0.3726836363058648
TRX,스윕+CHoCH,4h,5m,0.0,월,,,,,,,,,,24298.0,0.09772117490199334
TRX,스윕+CHoCH,4h,5m,0.0,월,,,,,,,,,,24299.0,0.3956917419427562
TRX,스윕+CHoCH,4h,5m,0.0,월,,,,,,,,,,24300.0,-0.10323667107007828
TRX,스윕+CHoCH,4h,5m,0.0,월,,,,,,,,,,24301.0,-0.0025475252785765864
TRX,스윕+CHoCH,4h,5m,0.0,월,,,,,,,,,,24302.0,-0.13626405512815956
TRX,스윕+CHoCH,4h,5m,0.0,월,,,,,,,,,,24303.0,-0.22935967378694216
TRX,스윕+CHoCH,4h,5m,0.0,월,,,,,,,,,,24304.0,-0.1108173202409197
TRX,스윕+CHoCH,4h,5m,0.0,월,,,,,,,,,,24305.0,-0.20760243389357053
TRX,스윕+CHoCH,4h,5m,0.0,월,,,,,,,,,,24306.0,-0.15538907758751858
TRX,스윕+CHoCH,4h,5m,0.0,월,,,,,,,,,,24307.0,-0.1876775079469505
TRX,스윕+CHoCH,4h,5m,0.0,월,,,,,,,,,,24308.0,-0.04591659734541321
TRX,스윕+CHoCH,4h,5m,0.0,월,,,,,,,,,,24309.0,-0.5229664959865429
TRX,스윕+CHoCH,4h,5m,0.0,월,,,,,,,,,,24310.0,-0.18210820264163666
TRX,스윕+CHoCH,4h,5m,0.0,월,,,,,,,,,,24311.0,0.0027830561868146305
TRX,스윕+CHoCH,4h,5m,0.0,월,,,,,,,,,,24312.0,-0.4555573004460175
TRX,스윕+CHoCH,4h,5m,0.0,월,,,,,,,,,,24313.0,-0.09120888644895526
TRX,스윕+CHoCH,4h,5m,0.0,월,,,,,,,,,,24314.0,-0.47033146300174306
TRX,스윕+CHoCH,4h,5m,0.0,월,,,,,,,,,,24315.0,-0.2684878298045671
TRX,스윕+CHoCH,4h,5m,0.0,월,,,,,,,,,,24316.0,-0.5923226333099961
TRX,스윕+CHoCH,4h,5m,0.0,월,,,,,,,,,,24317.0,-0.19552984170837473
TRX,스윕+CHoCH,4h,5m,0.0,월,,,,,,,,,,24318.0,0.755945919707039
TRX,스윕+CHoCH,4h,5m,0.25,전체,1471.0,0.9885752688172043,66.80962217034576,-0.016315431679129844,0.12038712830841572,-0.13670255998754557,0.0378144119646499,0.3256288239292998,0.006798096532970768,,
TRX,스윕+CHoCH,4h,5m,0.25,홀드아웃 전,1177.0,0.9885752688172043,76.4985106334701,-0.020390824129141887,0.10727361458242851,-0.1276644387115704,,0.32370433305012747,0.008496176720475786,,
TRX,스윕+CHoCH,4h,5m,0.25,홀드아웃 12개월,294.0,0.9885752688172043,41.32355242473943,0.0,0.1728857870005483,-0.17288578700054827,,0.3333333333333333,0.0,,
TRX,스윕+CHoCH,4h,5m,0.25,월,,,,,,,,,,24258.0,-0.2459324145936913
TRX,스윕+CHoCH,4h,5m,0.25,월,,,,,,,,,,24259.0,-0.032854443798368806
TRX,스윕+CHoCH,4h,5m,0.25,월,,,,,,,,,,24260.0,0.03841530078866054
TRX,스윕+CHoCH,4h,5m,0.25,월,,,,,,,,,,24261.0,-0.5164358613833907
TRX,스윕+CHoCH,4h,5m,0.25,월,,,,,,,,,,24262.0,-0.36612113647023603
TRX,스윕+CHoCH,4h,5m,0.25,월,,,,,,,,,,24263.0,-0.3860562825746173
TRX,스윕+CHoCH,4h,5m,0.25,월,,,,,,,,,,24264.0,-0.38234044982788684
TRX,스윕+CHoCH,4h,5m,0.25,월,,,,,,,,,,24265.0,0.4499804376256082
TRX,스윕+CHoCH,4h,5m,0.25,월,,,,,,,,,,24266.0,-0.4651034434908631
TRX,스윕+CHoCH,4h,5m,0.25,월,,,,,,,,,,24267.0,0.1592848669243298
TRX,스윕+CHoCH,4h,5m,0.25,월,,,,,,,,,,24268.0,-0.22057370073854618
TRX,스윕+CHoCH,4h,5m,0.25,월,,,,,,,,,,24269.0,-0.17225464187548184
TRX,스윕+CHoCH,4h,5m,0.25,월,,,,,,,,,,24270.0,-0.15062096848895862
TRX,스윕+CHoCH,4h,5m,0.25,월,,,,,,,,,,24271.0,-0.11629668569135175
TRX,스윕+CHoCH,4h,5m,0.25,월,,,,,,,,,,24272.0,-0.21505051211456594
TRX,스윕+CHoCH,4h,5m,0.25,월,,,,,,,,,,24273.0,-0.15811496244069295
TRX,스윕+CHoCH,4h,5m,0.25,월,,,,,,,,,,24274.0,-0.2007864881264426
TRX,스윕+CHoCH,4h,5m,0.25,월,,,,,,,,,,24275.0,0.05869814644358909
TRX,스윕+CHoCH,4h,5m,0.25,월,,,,,,,,,,24276.0,-0.2810853002149835
TRX,스윕+CHoCH,4h,5m,0.25,월,,,,,,,,,,24277.0,-0.4137551676165543
TRX,스윕+CHoCH,4h,5m,0.25,월,,,,,,,,,,24278.0,0.06922587748918896
TRX,스윕+CHoCH,4h,5m,0.25,월,,,,,,,,,,24279.0,-0.5969530752420455
TRX,스윕+CHoCH,4h,5m,0.25,월,,,,,,,,,,24280.0,-0.3364073555278558
TRX,스윕+CHoCH,4h,5m,0.25,월,,,,,,,,,,24281.0,-0.1899629383230365
TRX,스윕+CHoCH,4h,5m,0.25,월,,,,,,,,,,24282.0,-0.1777180187235947
TRX,스윕+CHoCH,4h,5m,0.25,월,,,,,,,,,,24283.0,-0.25196980444312944
TRX,스윕+CHoCH,4h,5m,0.25,월,,,,,,,,,,24284.0,-0.22234081663305885
TRX,스윕+CHoCH,4h,5m,0.25,월,,,,,,,,,,24285.0,-0.03872733992214258
TRX,스윕+CHoCH,4h,5m,0.25,월,,,,,,,,,,24286.0,0.4051219747900675
TRX,스윕+CHoCH,4h,5m,0.25,월,,,,,,,,,,24287.0,0.36852072620708304
TRX,스윕+CHoCH,4h,5m,0.25,월,,,,,,,,,,24288.0,-0.06729926877736124
TRX,스윕+CHoCH,4h,5m,0.25,월,,,,,,,,,,24289.0,-0.45665691084486054
TRX,스윕+CHoCH,4h,5m,0.25,월,,,,,,,,,,24290.0,0.27094313781538915
TRX,스윕+CHoCH,4h,5m,0.25,월,,,,,,,,,,24291.0,-0.24231445766319942
TRX,스윕+CHoCH,4h,5m,0.25,월,,,,,,,,,,24292.0,0.1863308757051357
TRX,스윕+CHoCH,4h,5m,0.25,월,,,,,,,,,,24293.0,-0.48133109635362975
TRX,스윕+CHoCH,4h,5m,0.25,월,,,,,,,,,,24294.0,0.036933333871647815
TRX,스윕+CHoCH,4h,5m,0.25,월,,,,,,,,,,24295.0,0.08824596522598034
TRX,스윕+CHoCH,4h,5m,0.25,월,,,,,,,,,,24296.0,-0.17661767147575944
TRX,스윕+CHoCH,4h,5m,0.25,월,,,,,,,,,,24297.0,-0.20723827676537354
TRX,스윕+CHoCH,4h,5m,0.25,월,,,,,,,,,,24298.0,0.32089812533153794
TRX,스윕+CHoCH,4h,5m,0.25,월,,,,,,,,,,24299.0,0.13979607981963688
TRX,스윕+CHoCH,4h,5m,0.25,월,,,,,,,,,,24300.0,-0.1311132081633433
TRX,스윕+CHoCH,4h,5m,0.25,월,,,,,,,,,,24301.0,-0.167654035999137
TRX,스윕+CHoCH,4h,5m,0.25,월,,,,,,,,,,24302.0,-0.1296590112114267
TRX,스윕+CHoCH,4h,5m,0.25,월,,,,,,,,,,24303.0,-0.14289616628138344
TRX,스윕+CHoCH,4h,5m,0.25,월,,,,,,,,,,24304.0,-0.2491724890532303
TRX,스윕+CHoCH,4h,5m,0.25,월,,,,,,,,,,24305.0,-0.23584801458787846
TRX,스윕+CHoCH,4h,5m,0.25,월,,,,,,,,,,24306.0,-0.018904211709278654
TRX,스윕+CHoCH,4h,5m,0.25,월,,,,,,,,,,24307.0,-0.01520330039664628
TRX,스윕+CHoCH,4h,5m,0.25,월,,,,,,,,,,24308.0,0.032770063833388076
TRX,스윕+CHoCH,4h,5m,0.25,월,,,,,,,,,,24309.0,-0.5119630892348587
TRX,스윕+CHoCH,4h,5m,0.25,월,,,,,,,,,,24310.0,-0.0879774759621206
TRX,스윕+CHoCH,4h,5m,0.25,월,,,,,,,,,,24311.0,0.01157080426916374
TRX,스윕+CHoCH,4h,5m,0.25,월,,,,,,,,,,24312.0,-0.3515327902108622
TRX,스윕+CHoCH,4h,5m,0.25,월,,,,,,,,,,24313.0,-0.07912039458589681
TRX,스윕+CHoCH,4h,5m,0.25,월,,,,,,,,,,24314.0,-0.458104236571231
TRX,스윕+CHoCH,4h,5m,0.25,월,,,,,,,,,,24315.0,-0.3609903828385113
TRX,스윕+CHoCH,4h,5m,0.25,월,,,,,,,,,,24316.0,-0.3438036839161902
TRX,스윕+CHoCH,4h,5m,0.25,월,,,,,,,,,,24317.0,-0.3832956416768134
TRX,스윕+CHoCH,4h,5m,0.25,월,,,,,,,,,,24318.0,0.6329833369235719
TRX,스윕+CHoCH,4h,15m,0.0,전체,1393.0,0.9893465909090909,102.1218654260749,0.03230437903804738,0.08040511166800454,-0.04810073262995719,0.023689877961234746,0.3381191672648959,0.017946877243359655,,
TRX,스윕+CHoCH,4h,15m,0.0,홀드아웃 전,1113.0,0.9893465909090909,113.93788044326648,0.03863432165318958,0.0711431855328196,-0.03250886387963003,,0.3387241689128482,0.022461814914645103,,
TRX,스윕+CHoCH,4h,15m,0.0,홀드아웃 12개월,280.0,0.9893465909090909,64.42032917646054,0.007142857142857143,0.1172212680553647,-0.11007841091250753,,0.3357142857142857,0.0,,
TRX,스윕+CHoCH,4h,15m,0.0,월,,,,,,,,,,24258.0,-0.3876022286443086
TRX,스윕+CHoCH,4h,15m,0.0,월,,,,,,,,,,24259.0,0.2800910342670086
TRX,스윕+CHoCH,4h,15m,0.0,월,,,,,,,,,,24260.0,-0.033690413111368646
TRX,스윕+CHoCH,4h,15m,0.0,월,,,,,,,,,,24261.0,0.3082443521154875
TRX,스윕+CHoCH,4h,15m,0.0,월,,,,,,,,,,24262.0,-0.342388904178276
TRX,스윕+CHoCH,4h,15m,0.0,월,,,,,,,,,,24263.0,-0.5464533302005479
TRX,스윕+CHoCH,4h,15m,0.0,월,,,,,,,,,,24264.0,-0.3448659863830384
TRX,스윕+CHoCH,4h,15m,0.0,월,,,,,,,,,,24265.0,0.15839578269888505
TRX,스윕+CHoCH,4h,15m,0.0,월,,,,,,,,,,24266.0,-0.047477822245509275
TRX,스윕+CHoCH,4h,15m,0.0,월,,,,,,,,,,24267.0,-0.31806987585232904
TRX,스윕+CHoCH,4h,15m,0.0,월,,,,,,,,,,24268.0,-0.05331130767338784
TRX,스윕+CHoCH,4h,15m,0.0,월,,,,,,,,,,24269.0,0.015542998579667372
TRX,스윕+CHoCH,4h,15m,0.0,월,,,,,,,,,,24270.0,0.01231934470043435
TRX,스윕+CHoCH,4h,15m,0.0,월,,,,,,,,,,24271.0,0.016804682802145792
TRX,스윕+CHoCH,4h,15m,0.0,월,,,,,,,,,,24272.0,-0.3412872285528712
TRX,스윕+CHoCH,4h,15m,0.0,월,,,,,,,,,,24273.0,-0.3452386803539491
TRX,스윕+CHoCH,4h,15m,0.0,월,,,,,,,,,,24274.0,-0.0363651041917179
TRX,스윕+CHoCH,4h,15m,0.0,월,,,,,,,,,,24275.0,-0.05191052618453438
TRX,스윕+CHoCH,4h,15m,0.0,월,,,,,,,,,,24276.0,0.3889008652791581
TRX,스윕+CHoCH,4h,15m,0.0,월,,,,,,,,,,24277.0,-0.4264827673052141
TRX,스윕+CHoCH,4h,15m,0.0,월,,,,,,,,,,24278.0,-0.05958646161213604
TRX,스윕+CHoCH,4h,15m,0.0,월,,,,,,,,,,24279.0,-0.47229194040287864
TRX,스윕+CHoCH,4h,15m,0.0,월,,,,,,,,,,24280.0,-0.4738678060762001
TRX,스윕+CHoCH,4h,15m,0.0,월,,,,,,,,,,24281.0,0.16986637659453888
TRX,스윕+CHoCH,4h,15m,0.0,월,,,,,,,,,,24282.0,-0.03180711938940026
TRX,스윕+CHoCH,4h,15m,0.0,월,,,,,,,,,,24283.0,0.08370444316583314
TRX,스윕+CHoCH,4h,15m,0.0,월,,,,,,,,,,24284.0,-0.32790238317657233
TRX,스윕+CHoCH,4h,15m,0.0,월,,,,,,,,,,24285.0,0.3128534882390184
TRX,스윕+CHoCH,4h,15m,0.0,월,,,,,,,,,,24286.0,0.13185747835355166
TRX,스윕+CHoCH,4h,15m,0.0,월,,,,,,,,,,24287.0,0.2530925304339669
TRX,스윕+CHoCH,4h,15m,0.0,월,,,,,,,,,,24288.0,-0.047412187500414066
TRX,스윕+CHoCH,4h,15m,0.0,월,,,,,,,,,,24289.0,-0.27371117002088824
TRX,스윕+CHoCH,4h,15m,0.0,월,,,,,,,,,,24290.0,0.7087005289084957
TRX,스윕+CHoCH,4h,15m,0.0,월,,,,,,,,,,24291.0,-0.04598133940658309
TRX,스윕+CHoCH,4h,15m,0.0,월,,,,,,,,,,24292.0,0.2408667012555783
TRX,스윕+CHoCH,4h,15m,0.0,월,,,,,,,,,,24293.0,-0.4255140188273355
TRX,스윕+CHoCH,4h,15m,0.0,월,,,,,,,,,,24294.0,-0.11883289955875853
TRX,스윕+CHoCH,4h,15m,0.0,월,,,,,,,,,,24295.0,0.3371379077184658
TRX,스윕+CHoCH,4h,15m,0.0,월,,,,,,,,,,24296.0,0.3634455078093473
TRX,스윕+CHoCH,4h,15m,0.0,월,,,,,,,,,,24297.0,-0.09494670664980029
TRX,스윕+CHoCH,4h,15m,0.0,월,,,,,,,,,,24298.0,-0.07265763896860225
TRX,스윕+CHoCH,4h,15m,0.0,월,,,,,,,,,,24299.0,0.09828709972986449
TRX,스윕+CHoCH,4h,15m,0.0,월,,,,,,,,,,24300.0,0.18898662216318324
TRX,스윕+CHoCH,4h,15m,0.0,월,,,,,,,,,,24301.0,0.002486364454646728
TRX,스윕+CHoCH,4h,15m,0.0,월,,,,,,,,,,24302.0,0.03813911154993421
TRX,스윕+CHoCH,4h,15m,0.0,월,,,,,,,,,,24303.0,-0.0660534732638897
TRX,스윕+CHoCH,4h,15m,0.0,월,,,,,,,,,,24304.0,-0.13386175146300494
TRX,스윕+CHoCH,4h,15m,0.0,월,,,,,,,,,,24305.0,-0.04894103241899129
TRX,스윕+CHoCH,4h,15m,0.0,월,,,,,,,,,,24306.0,0.3061904802056201
TRX,스윕+CHoCH,4h,15m,0.0,월,,,,,,,,,,24307.0,-0.07676518839651818
TRX,스윕+CHoCH,4h,15m,0.0,월,,,,,,,,,,24308.0,0.2929685765075684
TRX,스윕+CHoCH,4h,15m,0.0,월,,,,,,,,,,24309.0,-0.9823195745382062
TRX,스윕+CHoCH,4h,15m,0.0,월,,,,,,,,,,24310.0,-0.05724911075978197
TRX,스윕+CHoCH,4h,15m,0.0,월,,,,,,,,,,24311.0,0.41398484924454987
TRX,스윕+CHoCH,4h,15m,0.0,월,,,,,,,,,,24312.0,-0.3729757789792803
TRX,스윕+CHoCH,4h,15m,0.0,월,,,,,,,,,,24313.0,-0.15177746815353912
TRX,스윕+CHoCH,4h,15m,0.0,월,,,,,,,,,,24314.0,-0.3584994530374925
TRX,스윕+CHoCH,4h,15m,0.0,월,,,,,,,,,,24315.0,0.07823692563095201
TRX,스윕+CHoCH,4h,15m,0.0,월,,,,,,,,,,24316.0,-0.3188192656720902
TRX,스윕+CHoCH,4h,15m,0.0,월,,,,,,,,,,24317.0,-0.09817654380215786
TRX,스윕+CHoCH,4h,15m,0.0,월,,,,,,,,,,24318.0,0.30010928289455235
TRX,스윕+CHoCH,4h,15m,0.25,전체,1393.0,0.9893465909090909,105.35633100105503,0.03804737975592247,0.07683311103190704,-0.03878573127598457,0.008255563531945441,0.33955491744436467,0.019382627422828428,,
TRX,스윕+CHoCH,4h,15m,0.25,홀드아웃 전,1113.0,0.9893465909090909,117.73656237875711,0.04582210242587601,0.06792974955052787,-0.022107647124651856,,0.34052111410601976,0.02425876010781671,,
TRX,스윕+CHoCH,4h,15m,0.25,홀드아웃 12개월,280.0,0.9893465909090909,66.26617943813287,0.007142857142857143,0.11222397292038923,-0.10508111577753207,,0.3357142857142857,0.0,,
TRX,스윕+CHoCH,4h,15m,0.25,월,,,,,,,,,,24258.0,-0.3853264411429637
TRX,스윕+CHoCH,4h,15m,0.25,월,,,,,,,,,,24259.0,0.2818448184012071
TRX,스윕+CHoCH,4h,15m,0.25,월,,,,,,,,,,24260.0,-0.03217760646379131
TRX,스윕+CHoCH,4h,15m,0.25,월,,,,,,,,,,24261.0,0.30941860248703146
TRX,스윕+CHoCH,4h,15m,0.25,월,,,,,,,,,,24262.0,-0.34012686085121185
TRX,스윕+CHoCH,4h,15m,0.25,월,,,,,,,,,,24263.0,-0.5441685957193884
TRX,스윕+CHoCH,4h,15m,0.25,월,,,,,,,,,,24264.0,-0.343197012796954
TRX,스윕+CHoCH,4h,15m,0.25,월,,,,,,,,,,24265.0,0.1601172932592842
TRX,스윕+CHoCH,4h,15m,0.25,월,,,,,,,,,,24266.0,-0.045240413693595015
TRX,스윕+CHoCH,4h,15m,0.25,월,,,,,,,,,,24267.0,-0.040940460244471094
TRX,스윕+CHoCH,4h,15m,0.25,월,,,,,,,,,,24268.0,-0.051120084292264
TRX,스윕+CHoCH,4h,15m,0.25,월,,,,,,,,,,24269.0,-0.10926364367817078
TRX,스윕+CHoCH,4h,15m,0.25,월,,,,,,,,,,24270.0,0.01499798829895317
TRX,스윕+CHoCH,4h,15m,0.25,월,,,,,,,,,,24271.0,0.01924997787707686
TRX,스윕+CHoCH,4h,15m,0.25,월,,,,,,,,,,24272.0,-0.33900319993548816
TRX,스윕+CHoCH,4h,15m,0.25,월,,,,,,,,,,24273.0,-0.5136675479094737
TRX,스윕+CHoCH,4h,15m,0.25,월,,,,,,,,,,24274.0,-0.032355992141738815
TRX,스윕+CHoCH,4h,15m,0.25,월,,,,,,,,,,24275.0,-0.13392791030758297
TRX,스윕+CHoCH,4h,15m,0.25,월,,,,,,,,,,24276.0,0.39101655718007955
TRX,스윕+CHoCH,4h,15m,0.25,월,,,,,,,,,,24277.0,-0.4242279645758742
TRX,스윕+CHoCH,4h,15m,0.25,월,,,,,,,,,,24278.0,-0.057232663476848064
TRX,스윕+CHoCH,4h,15m,0.25,월,,,,,,,,,,24279.0,-0.47008089102375344
TRX,스윕+CHoCH,4h,15m,0.25,월,,,,,,,,,,24280.0,-0.46979905225844537
TRX,스윕+CHoCH,4h,15m,0.25,월,,,,,,,,,,24281.0,0.3508003614763693
TRX,스윕+CHoCH,4h,15m,0.25,월,,,,,,,,,,24282.0,0.08093320140105238
TRX,스윕+CHoCH,4h,15m,0.25,월,,,,,,,,,,24283.0,0.08730114157791231
TRX,스윕+CHoCH,4h,15m,0.25,월,,,,,,,,,,24284.0,-0.16501424717905835
TRX,스윕+CHoCH,4h,15m,0.25,월,,,,,,,,,,24285.0,0.3166134670825712
TRX,스윕+CHoCH,4h,15m,0.25,월,,,,,,,,,,24286.0,0.13614915997958366
TRX,스윕+CHoCH,4h,15m,0.25,월,,,,,,,,,,24287.0,0.014211834506347882
TRX,스윕+CHoCH,4h,15m,0.25,월,,,,,,,,,,24288.0,-0.15664815580303096
TRX,스윕+CHoCH,4h,15m,0.25,월,,,,,,,,,,24289.0,-0.2708760612256055
TRX,스윕+CHoCH,4h,15m,0.25,월,,,,,,,,,,24290.0,0.7127389892170563
TRX,스윕+CHoCH,4h,15m,0.25,월,,,,,,,,,,24291.0,-0.04193523050477578
TRX,스윕+CHoCH,4h,15m,0.25,월,,,,,,,,,,24292.0,0.24273493182112577
TRX,스윕+CHoCH,4h,15m,0.25,월,,,,,,,,,,24293.0,-0.4205595457392218
TRX,스윕+CHoCH,4h,15m,0.25,월,,,,,,,,,,24294.0,-0.11465991929623633
TRX,스윕+CHoCH,4h,15m,0.25,월,,,,,,,,,,24295.0,0.34143082278771536
TRX,스윕+CHoCH,4h,15m,0.25,월,,,,,,,,,,24296.0,0.36703790090660643
TRX,스윕+CHoCH,4h,15m,0.25,월,,,,,,,,,,24297.0,-0.08864941021929304
TRX,스윕+CHoCH,4h,15m,0.25,월,,,,,,,,,,24298.0,0.0450213498570058
TRX,스윕+CHoCH,4h,15m,0.25,월,,,,,,,,,,24299.0,0.10214014231052894
TRX,스윕+CHoCH,4h,15m,0.25,월,,,,,,,,,,24300.0,0.1903304006006979
TRX,스윕+CHoCH,4h,15m,0.25,월,,,,,,,,,,24301.0,0.005969966264769343
TRX,스윕+CHoCH,4h,15m,0.25,월,,,,,,,,,,24302.0,0.17738832459537124
TRX,스윕+CHoCH,4h,15m,0.25,월,,,,,,,,,,24303.0,-0.06328624423161805
TRX,스윕+CHoCH,4h,15m,0.25,월,,,,,,,,,,24304.0,-0.03661226578498584
TRX,스윕+CHoCH,4h,15m,0.25,월,,,,,,,,,,24305.0,-0.04519873971510993
TRX,스윕+CHoCH,4h,15m,0.25,월,,,,,,,,,,24306.0,0.30979788623904
TRX,스윕+CHoCH,4h,15m,0.25,월,,,,,,,,,,24307.0,0.10044171332558571
TRX,스윕+CHoCH,4h,15m,0.25,월,,,,,,,,,,24308.0,0.17725659978885894
TRX,스윕+CHoCH,4h,15m,0.25,월,,,,,,,,,,24309.0,-0.9760592334450792
TRX,스윕+CHoCH,4h,15m,0.25,월,,,,,,,,,,24310.0,-0.05270494746183021
TRX,스윕+CHoCH,4h,15m,0.25,월,,,,,,,,,,24311.0,0.417155593453046
TRX,스윕+CHoCH,4h,15m,0.25,월,,,,,,,,,,24312.0,-0.3675740773443488
TRX,스윕+CHoCH,4h,15m,0.25,월,,,,,,,,,,24313.0,-0.1472134090648651
TRX,스윕+CHoCH,4h,15m,0.25,월,,,,,,,,,,24314.0,-0.35301365773365906
TRX,스윕+CHoCH,4h,15m,0.25,월,,,,,,,,,,24315.0,0.08164252582654312
TRX,스윕+CHoCH,4h,15m,0.25,월,,,,,,,,,,24316.0,-0.3073483031704133
TRX,스윕+CHoCH,4h,15m,0.25,월,,,,,,,,,,24317.0,-0.09506765631511711
TRX,스윕+CHoCH,4h,15m,0.25,월,,,,,,,,,,24318.0,0.30448532012065
TRX,스윕+CHoCH,4h,1h,0.0,전체,832.0,0.9892984542211652,211.78958754133447,0.06370192307692307,0.037676933406550935,0.026024989670372145,-0.012770432692307692,0.3173076923076923,0.11177884615384616,,
TRX,스윕+CHoCH,4h,1h,0.0,홀드아웃 전,666.0,0.9892984542211652,235.415751069632,0.046546546546546545,0.034041706111007944,0.012504840435538594,,0.30930930930930933,0.11861861861861862,,
TRX,스윕+CHoCH,4h,1h,0.0,홀드아웃 12개월,166.0,0.9892984542211652,138.34936730637344,0.13253012048192772,0.0522616405079463,0.08026847997398141,,0.3493975903614458,0.08433734939759036,,
TRX,스윕+CHoCH,4h,1h,0.0,월,,,,,,,,,,24258.0,-0.19805636706697252
TRX,스윕+CHoCH,4h,1h,0.0,월,,,,,,,,,,24259.0,0.3550377642742788
TRX,스윕+CHoCH,4h,1h,0.0,월,,,,,,,,,,24260.0,0.3410724083548907
TRX,스윕+CHoCH,4h,1h,0.0,월,,,,,,,,,,24261.0,0.07832023554316789
TRX,스윕+CHoCH,4h,1h,0.0,월,,,,,,,,,,24262.0,0.13446322513048675
TRX,스윕+CHoCH,4h,1h,0.0,월,,,,,,,,,,24263.0,-0.0216662048270256
TRX,스윕+CHoCH,4h,1h,0.0,월,,,,,,,,,,24264.0,0.23140698862032905
TRX,스윕+CHoCH,4h,1h,0.0,월,,,,,,,,,,24265.0,0.7815608105246623
TRX,스윕+CHoCH,4h,1h,0.0,월,,,,,,,,,,24266.0,0.04165787505871048
TRX,스윕+CHoCH,4h,1h,0.0,월,,,,,,,,,,24267.0,0.34013672867224043
TRX,스윕+CHoCH,4h,1h,0.0,월,,,,,,,,,,24268.0,-0.10001215454494734
TRX,스윕+CHoCH,4h,1h,0.0,월,,,,,,,,,,24269.0,0.3038138474293807
TRX,스윕+CHoCH,4h,1h,0.0,월,,,,,,,,,,24270.0,0.31672660571398087
TRX,스윕+CHoCH,4h,1h,0.0,월,,,,,,,,,,24271.0,-0.32744393840500463
TRX,스윕+CHoCH,4h,1h,0.0,월,,,,,,,,,,24272.0,-0.19389245424881438
TRX,스윕+CHoCH,4h,1h,0.0,월,,,,,,,,,,24273.0,-0.4229994882041338
TRX,스윕+CHoCH,4h,1h,0.0,월,,,,,,,,,,24274.0,-0.36770390896126215
TRX,스윕+CHoCH,4h,1h,0.0,월,,,,,,,,,,24275.0,-0.5285044168397707
TRX,스윕+CHoCH,4h,1h,0.0,월,,,,,,,,,,24276.0,-0.4216785436000085
TRX,스윕+CHoCH,4h,1h,0.0,월,,,,,,,,,,24277.0,0.03182093208075793
TRX,스윕+CHoCH,4h,1h,0.0,월,,,,,,,,,,24278.0,0.030830954928501506
TRX,스윕+CHoCH,4h,1h,0.0,월,,,,,,,,,,24279.0,-0.2513791517471982
TRX,스윕+CHoCH,4h,1h,0.0,월,,,,,,,,,,24280.0,-0.8297565435531268
TRX,스윕+CHoCH,4h,1h,0.0,월,,,,,,,,,,24281.0,-0.4091575876581265
TRX,스윕+CHoCH,4h,1h,0.0,월,,,,,,,,,,24282.0,0.12487277881295426
TRX,스윕+CHoCH,4h,1h,0.0,월,,,,,,,,,,24283.0,0.22845087831129765
TRX,스윕+CHoCH,4h,1h,0.0,월,,,,,,,,,,24284.0,-0.4585606374680629
TRX,스윕+CHoCH,4h,1h,0.0,월,,,,,,,,,,24285.0,0.02346619344289127
TRX,스윕+CHoCH,4h,1h,0.0,월,,,,,,,,,,24286.0,-0.20267800235267858
TRX,스윕+CHoCH,4h,1h,0.0,월,,,,,,,,,,24287.0,-0.1427979192175095
TRX,스윕+CHoCH,4h,1h,0.0,월,,,,,,,,,,24288.0,0.19872935526967625
TRX,스윕+CHoCH,4h,1h,0.0,월,,,,,,,,,,24289.0,-0.5418794139755299
TRX,스윕+CHoCH,4h,1h,0.0,월,,,,,,,,,,24290.0,0.9507693358261313
TRX,스윕+CHoCH,4h,1h,0.0,월,,,,,,,,,,24291.0,0.39392442246072495
TRX,스윕+CHoCH,4h,1h,0.0,월,,,,,,,,,,24292.0,0.4729991397684121
TRX,스윕+CHoCH,4h,1h,0.0,월,,,,,,,,,,24293.0,-0.07363080228181307
TRX,스윕+CHoCH,4h,1h,0.0,월,,,,,,,,,,24294.0,-0.1876705114842726
TRX,스윕+CHoCH,4h,1h,0.0,월,,,,,,,,,,24295.0,-0.15437516967039855
TRX,스윕+CHoCH,4h,1h,0.0,월,,,,,,,,,,24296.0,0.7072970073182624
TRX,스윕+CHoCH,4h,1h,0.0,월,,,,,,,,,,24297.0,-0.29485029449094025
TRX,스윕+CHoCH,4h,1h,0.0,월,,,,,,,,,,24298.0,0.3941721369399557
TRX,스윕+CHoCH,4h,1h,0.0,월,,,,,,,,,,24299.0,0.7345437054715456
TRX,스윕+CHoCH,4h,1h,0.0,월,,,,,,,,,,24300.0,0.2763503770636397
TRX,스윕+CHoCH,4h,1h,0.0,월,,,,,,,,,,24301.0,0.19195938450386896
TRX,스윕+CHoCH,4h,1h,0.0,월,,,,,,,,,,24302.0,-0.11044815197917275
TRX,스윕+CHoCH,4h,1h,0.0,월,,,,,,,,,,24303.0,-0.09953262367887365
TRX,스윕+CHoCH,4h,1h,0.0,월,,,,,,,,,,24304.0,-0.07739356988458573
TRX,스윕+CHoCH,4h,1h,0.0,월,,,,,,,,,,24305.0,-0.4286933268924764
TRX,스윕+CHoCH,4h,1h,0.0,월,,,,,,,,,,24306.0,0.032272951640762194
TRX,스윕+CHoCH,4h,1h,0.0,월,,,,,,,,,,24307.0,-0.43534215637817075
TRX,스윕+CHoCH,4h,1h,0.0,월,,,,,,,,,,24308.0,0.08072290760955446
TRX,스윕+CHoCH,4h,1h,0.0,월,,,,,,,,,,24309.0,-0.4074350932394352
TRX,스윕+CHoCH,4h,1h,0.0,월,,,,,,,,,,24310.0,0.08789190322394269
TRX,스윕+CHoCH,4h,1h,0.0,월,,,,,,,,,,24311.0,0.1604679451692431
TRX,스윕+CHoCH,4h,1h,0.0,월,,,,,,,,,,24312.0,0.4214016689510531
TRX,스윕+CHoCH,4h,1h,0.0,월,,,,,,,,,,24313.0,-0.06139515068384354
TRX,스윕+CHoCH,4h,1h,0.0,월,,,,,,,,,,24314.0,-0.3453543584790222
TRX,스윕+CHoCH,4h,1h,0.0,월,,,,,,,,,,24315.0,-0.19798026123451937
TRX,스윕+CHoCH,4h,1h,0.0,월,,,,,,,,,,24316.0,0.7160284921744583
TRX,스윕+CHoCH,4h,1h,0.0,월,,,,,,,,,,24317.0,0.8292385561127651
TRX,스윕+CHoCH,4h,1h,0.0,월,,,,,,,,,,24318.0,0.4426261811605108
TRX,스윕+CHoCH,4h,1h,0.25,전체,832.0,0.9892984542211652,216.36116612225715,0.06610576923076923,0.036852832373014746,0.02925293685775449,-0.028846153846153844,0.3173076923076923,0.1141826923076923,,
TRX,스윕+CHoCH,4h,1h,0.25,홀드아웃 전,666.0,0.9892984542211652,240.1203937753803,0.04954954954954955,0.03325888914013352,0.016290660409416034,,0.30930930930930933,0.12162162162162163,,
TRX,스윕+CHoCH,4h,1h,0.25,홀드아웃 12개월,166.0,0.9892984542211652,140.13293683346095,0.13253012048192772,0.05127190582541772,0.08125821465650998,,0.3493975903614458,0.08433734939759036,,
TRX,스윕+CHoCH,4h,1h,0.25,월,,,,,,,,,,24258.0,-0.38021392480142213
TRX,스윕+CHoCH,4h,1h,0.25,월,,,,,,,,,,24259.0,0.35548927537409036
TRX,스윕+CHoCH,4h,1h,0.25,월,,,,,,,,,,24260.0,0.3414379119023799
TRX,스윕+CHoCH,4h,1h,0.25,월,,,,,,,,,,24261.0,0.07859113760206697
TRX,스윕+CHoCH,4h,1h,0.25,월,,,,,,,,,,24262.0,0.13490929955543918
TRX,스윕+CHoCH,4h,1h,0.25,월,,,,,,,,,,24263.0,-0.021136151062473314
TRX,스윕+CHoCH,4h,1h,0.25,월,,,,,,,,,,24264.0,0.23175078051224848
TRX,스윕+CHoCH,4h,1h,0.25,월,,,,,,,,,,24265.0,0.781935708191012
TRX,스윕+CHoCH,4h,1h,0.25,월,,,,,,,,,,24266.0,0.04205742318555239
TRX,스윕+CHoCH,4h,1h,0.25,월,,,,,,,,,,24267.0,0.3405897015334238
TRX,스윕+CHoCH,4h,1h,0.25,월,,,,,,,,,,24268.0,-0.0993416475626885
TRX,스윕+CHoCH,4h,1h,0.25,월,,,,,,,,,,24269.0,0.30408109893107566
TRX,스윕+CHoCH,4h,1h,0.25,월,,,,,,,,,,24270.0,0.40038717794109435
TRX,스윕+CHoCH,4h,1h,0.25,월,,,,,,,,,,24271.0,-0.3268156380673678
TRX,스윕+CHoCH,4h,1h,0.25,월,,,,,,,,,,24272.0,-0.192949538732255
TRX,스윕+CHoCH,4h,1h,0.25,월,,,,,,,,,,24273.0,-0.4222501078987262
TRX,스윕+CHoCH,4h,1h,0.25,월,,,,,,,,,,24274.0,-0.3670838591919852
TRX,스윕+CHoCH,4h,1h,0.25,월,,,,,,,,,,24275.0,-0.7808677780130249
TRX,스윕+CHoCH,4h,1h,0.25,월,,,,,,,,,,24276.0,-0.4210904947720987
TRX,스윕+CHoCH,4h,1h,0.25,월,,,,,,,,,,24277.0,0.032517429667496885
TRX,스윕+CHoCH,4h,1h,0.25,월,,,,,,,,,,24278.0,0.0316252309537262
TRX,스윕+CHoCH,4h,1h,0.25,월,,,,,,,,,,24279.0,-0.2507906954760995
TRX,스윕+CHoCH,4h,1h,0.25,월,,,,,,,,,,24280.0,-0.8288826030189016
TRX,스윕+CHoCH,4h,1h,0.25,월,,,,,,,,,,24281.0,-0.030649373136103497
TRX,스윕+CHoCH,4h,1h,0.25,월,,,,,,,,,,24282.0,0.12548657644243058
TRX,스윕+CHoCH,4h,1h,0.25,월,,,,,,,,,,24283.0,0.22911821686966757
TRX,스윕+CHoCH,4h,1h,0.25,월,,,,,,,,,,24284.0,-0.21849233678142646
TRX,스윕+CHoCH,4h,1h,0.25,월,,,,,,,,,,24285.0,0.024710912637832913
TRX,스윕+CHoCH,4h,1h,0.25,월,,,,,,,,,,24286.0,-0.20189349227181064
TRX,스윕+CHoCH,4h,1h,0.25,월,,,,,,,,,,24287.0,-0.14234707826993265
TRX,스윕+CHoCH,4h,1h,0.25,월,,,,,,,,,,24288.0,0.19917108313886894
TRX,스윕+CHoCH,4h,1h,0.25,월,,,,,,,,,,24289.0,-0.5411708187875114
TRX,스윕+CHoCH,4h,1h,0.25,월,,,,,,,,,,24290.0,0.9517666531875422
TRX,스윕+CHoCH,4h,1h,0.25,월,,,,,,,,,,24291.0,0.39466832154400083
TRX,스윕+CHoCH,4h,1h,0.25,월,,,,,,,,,,24292.0,0.47334854836509244
TRX,스윕+CHoCH,4h,1h,0.25,월,,,,,,,,,,24293.0,-0.07198838652208576
TRX,스윕+CHoCH,4h,1h,0.25,월,,,,,,,,,,24294.0,-0.18652930864279696
TRX,스윕+CHoCH,4h,1h,0.25,월,,,,,,,,,,24295.0,-0.15365370609588097
TRX,스윕+CHoCH,4h,1h,0.25,월,,,,,,,,,,24296.0,0.707768152612968
TRX,스윕+CHoCH,4h,1h,0.25,월,,,,,,,,,,24297.0,-0.29340248253361084
TRX,스윕+CHoCH,4h,1h,0.25,월,,,,,,,,,,24298.0,0.3956325425488716
TRX,스윕+CHoCH,4h,1h,0.25,월,,,,,,,,,,24299.0,0.735114796940135
TRX,스윕+CHoCH,4h,1h,0.25,월,,,,,,,,,,24300.0,0.27670096759051915
TRX,스윕+CHoCH,4h,1h,0.25,월,,,,,,,,,,24301.0,0.19231818918427868
TRX,스윕+CHoCH,4h,1h,0.25,월,,,,,,,,,,24302.0,-0.10964055665779747
TRX,스윕+CHoCH,4h,1h,0.25,월,,,,,,,,,,24303.0,-0.09905670093141325
TRX,스윕+CHoCH,4h,1h,0.25,월,,,,,,,,,,24304.0,-0.07671288079448406
TRX,스윕+CHoCH,4h,1h,0.25,월,,,,,,,,,,24305.0,-0.4278950177762219
TRX,스윕+CHoCH,4h,1h,0.25,월,,,,,,,,,,24306.0,0.03295386544828575
TRX,스윕+CHoCH,4h,1h,0.25,월,,,,,,,,,,24307.0,-0.4347088384240835
TRX,스윕+CHoCH,4h,1h,0.25,월,,,,,,,,,,24308.0,0.08168690476253704
TRX,스윕+CHoCH,4h,1h,0.25,월,,,,,,,,,,24309.0,-0.4064568492323352
TRX,스윕+CHoCH,4h,1h,0.25,월,,,,,,,,,,24310.0,0.08873793010193849
TRX,스윕+CHoCH,4h,1h,0.25,월,,,,,,,,,,24311.0,0.1612472954643168
TRX,스윕+CHoCH,4h,1h,0.25,월,,,,,,,,,,24312.0,0.4223421065631571
TRX,스윕+CHoCH,4h,1h,0.25,월,,,,,,,,,,24313.0,-0.06008684821828409
TRX,스윕+CHoCH,4h,1h,0.25,월,,,,,,,,,,24314.0,-0.34388063623944587
TRX,스윕+CHoCH,4h,1h,0.25,월,,,,,,,,,,24315.0,-0.19702369838071646
TRX,스윕+CHoCH,4h,1h,0.25,월,,,,,,,,,,24316.0,0.7172470687970107
TRX,스윕+CHoCH,4h,1h,0.25,월,,,,,,,,,,24317.0,0.8299833420945927
TRX,스윕+CHoCH,4h,1h,0.25,월,,,,,,,,,,24318.0,0.4436120647698388
XRP,순수CHoCH,—,5m,0.0,전체,17893.0,0.9917414920740495,168.80861410211872,0.01654278209355614,0.04841552614217878,-0.03187274404862264,0.0015089699882635667,0.329793774101604,0.0271614597887442,,
XRP,순수CHoCH,—,5m,0.0,홀드아웃 전,14670.0,0.9917414920740495,174.2679304235307,0.012815269256987049,0.04715532013497104,-0.034340050877983995,,0.3283571915473756,0.02774369461486026,,
XRP,순수CHoCH,—,5m,0.0,홀드아웃 12개월,3223.0,0.9917414920740495,148.60977948226267,0.033509152963077875,0.054151555346565204,-0.020642402383487322,,0.336332609370152,0.02451132485262178,,
XRP,순수CHoCH,—,5m,0.0,월,,,,,,,,,,24258.0,0.07500409529414236
XRP,순수CHoCH,—,5m,0.0,월,,,,,,,,,,24259.0,-0.039158047788238566
XRP,순수CHoCH,—,5m,0.0,월,,,,,,,,,,24260.0,-0.025416415011446265
XRP,순수CHoCH,—,5m,0.0,월,,,,,,,,,,24261.0,-0.0645814481447078
XRP,순수CHoCH,—,5m,0.0,월,,,,,,,,,,24262.0,-0.057697876075622004
XRP,순수CHoCH,—,5m,0.0,월,,,,,,,,,,24263.0,-0.05286587668953675
XRP,순수CHoCH,—,5m,0.0,월,,,,,,,,,,24264.0,0.046044972276359016
XRP,순수CHoCH,—,5m,0.0,월,,,,,,,,,,24265.0,0.008808824854232579
XRP,순수CHoCH,—,5m,0.0,월,,,,,,,,,,24266.0,-0.012071431896341567
XRP,순수CHoCH,—,5m,0.0,월,,,,,,,,,,24267.0,-0.10030481775600246
XRP,순수CHoCH,—,5m,0.0,월,,,,,,,,,,24268.0,-0.01749862858732245
XRP,순수CHoCH,—,5m,0.0,월,,,,,,,,,,24269.0,0.029410819258070386
XRP,순수CHoCH,—,5m,0.0,월,,,,,,,,,,24270.0,0.04777017896439638
XRP,순수CHoCH,—,5m,0.0,월,,,,,,,,,,24271.0,-0.12854416606171754
XRP,순수CHoCH,—,5m,0.0,월,,,,,,,,,,24272.0,0.027243557335208352
XRP,순수CHoCH,—,5m,0.0,월,,,,,,,,,,24273.0,-0.15698619059271002
XRP,순수CHoCH,—,5m,0.0,월,,,,,,,,,,24274.0,-0.12535841429480826
XRP,순수CHoCH,—,5m,0.0,월,,,,,,,,,,24275.0,0.1050071717148676
XRP,순수CHoCH,—,5m,0.0,월,,,,,,,,,,24276.0,0.07587927675749379
XRP,순수CHoCH,—,5m,0.0,월,,,,,,,,,,24277.0,0.03144311068315459
XRP,순수CHoCH,—,5m,0.0,월,,,,,,,,,,24278.0,-0.24304315198851803
XRP,순수CHoCH,—,5m,0.0,월,,,,,,,,,,24279.0,-0.020628270252988787
XRP,순수CHoCH,—,5m,0.0,월,,,,,,,,,,24280.0,-0.00841472639671252
XRP,순수CHoCH,—,5m,0.0,월,,,,,,,,,,24281.0,0.02674867723299335
XRP,순수CHoCH,—,5m,0.0,월,,,,,,,,,,24282.0,0.022413441954569773
XRP,순수CHoCH,—,5m,0.0,월,,,,,,,,,,24283.0,-0.12403784553482528
XRP,순수CHoCH,—,5m,0.0,월,,,,,,,,,,24284.0,0.05957326751000632
XRP,순수CHoCH,—,5m,0.0,월,,,,,,,,,,24285.0,-0.10679158527768193
XRP,순수CHoCH,—,5m,0.0,월,,,,,,,,,,24286.0,-0.0906717235156911
XRP,순수CHoCH,—,5m,0.0,월,,,,,,,,,,24287.0,-0.08225823520120179
XRP,순수CHoCH,—,5m,0.0,월,,,,,,,,,,24288.0,-0.04152013725086314
XRP,순수CHoCH,—,5m,0.0,월,,,,,,,,,,24289.0,0.015280328802669501
XRP,순수CHoCH,—,5m,0.0,월,,,,,,,,,,24290.0,-0.09452067109333853
XRP,순수CHoCH,—,5m,0.0,월,,,,,,,,,,24291.0,-0.11267884734451031
XRP,순수CHoCH,—,5m,0.0,월,,,,,,,,,,24292.0,-0.04405748891814338
XRP,순수CHoCH,—,5m,0.0,월,,,,,,,,,,24293.0,-0.10409514239097738
XRP,순수CHoCH,—,5m,0.0,월,,,,,,,,,,24294.0,-0.049320030038662636
XRP,순수CHoCH,—,5m,0.0,월,,,,,,,,,,24295.0,0.03700153588981613
XRP,순수CHoCH,—,5m,0.0,월,,,,,,,,,,24296.0,0.001499565629098149
XRP,순수CHoCH,—,5m,0.0,월,,,,,,,,,,24297.0,-0.04103955780119964
XRP,순수CHoCH,—,5m,0.0,월,,,,,,,,,,24298.0,-0.010415856771860958
XRP,순수CHoCH,—,5m,0.0,월,,,,,,,,,,24299.0,0.2256603177039959
XRP,순수CHoCH,—,5m,0.0,월,,,,,,,,,,24300.0,-0.09658334266060371
XRP,순수CHoCH,—,5m,0.0,월,,,,,,,,,,24301.0,-0.09617910624266914
XRP,순수CHoCH,—,5m,0.0,월,,,,,,,,,,24302.0,-0.015287876369188203
XRP,순수CHoCH,—,5m,0.0,월,,,,,,,,,,24303.0,0.042610594241597986
XRP,순수CHoCH,—,5m,0.0,월,,,,,,,,,,24304.0,-0.13135811213968568
XRP,순수CHoCH,—,5m,0.0,월,,,,,,,,,,24305.0,-0.1121570352072365
XRP,순수CHoCH,—,5m,0.0,월,,,,,,,,,,24306.0,-0.10670191495846904
XRP,순수CHoCH,—,5m,0.0,월,,,,,,,,,,24307.0,0.1793706418650936
XRP,순수CHoCH,—,5m,0.0,월,,,,,,,,,,24308.0,-0.051600175415604965
XRP,순수CHoCH,—,5m,0.0,월,,,,,,,,,,24309.0,-0.06874359657918092
XRP,순수CHoCH,—,5m,0.0,월,,,,,,,,,,24310.0,-0.007600544587234136
XRP,순수CHoCH,—,5m,0.0,월,,,,,,,,,,24311.0,-0.07790587845454607
XRP,순수CHoCH,—,5m,0.0,월,,,,,,,,,,24312.0,-0.08463373910090079
XRP,순수CHoCH,—,5m,0.0,월,,,,,,,,,,24313.0,0.09968764203087165
XRP,순수CHoCH,—,5m,0.0,월,,,,,,,,,,24314.0,0.054195449344995955
XRP,순수CHoCH,—,5m,0.0,월,,,,,,,,,,24315.0,0.015399387555290628
XRP,순수CHoCH,—,5m,0.0,월,,,,,,,,,,24316.0,-0.33462031756694943
XRP,순수CHoCH,—,5m,0.0,월,,,,,,,,,,24317.0,0.04661738305021779
XRP,순수CHoCH,—,5m,0.0,월,,,,,,,,,,24318.0,-0.08262107365460229
XRP,순수CHoCH,—,15m,0.0,전체,6128.0,0.9898239379744791,192.61130234275987,0.015665796344647518,0.04175398949904005,-0.026088193154392533,-0.008648825065274151,0.3299608355091384,0.025783289817232376,,
XRP,순수CHoCH,—,15m,0.0,홀드아웃 전,5016.0,0.9898239379744791,197.4086317566394,0.02033492822966507,0.04077876273222573,-0.020443834502560647,,0.33114035087719296,0.026913875598086126,,
XRP,순수CHoCH,—,15m,0.0,홀드아웃 12개월,1112.0,0.9898239379744791,172.8454669674601,-0.00539568345323741,0.046153033979562275,-0.05154871743279967,,0.32464028776978415,0.02068345323741007,,
XRP,순수CHoCH,—,15m,0.0,월,,,,,,,,,,24258.0,-0.013584465534946452
XRP,순수CHoCH,—,15m,0.0,월,,,,,,,,,,24259.0,-0.10310342489037627
XRP,순수CHoCH,—,15m,0.0,월,,,,,,,,,,24260.0,0.022304075062216315
XRP,순수CHoCH,—,15m,0.0,월,,,,,,,,,,24261.0,-0.1579965222951038
XRP,순수CHoCH,—,15m,0.0,월,,,,,,,,,,24262.0,-0.024254043227776717
XRP,순수CHoCH,—,15m,0.0,월,,,,,,,,,,24263.0,-0.11340207169890869
XRP,순수CHoCH,—,15m,0.0,월,,,,,,,,,,24264.0,-0.11092302747887497
XRP,순수CHoCH,—,15m,0.0,월,,,,,,,,,,24265.0,-0.04779458457629442
XRP,순수CHoCH,—,15m,0.0,월,,,,,,,,,,24266.0,-0.03965929672885455
XRP,순수CHoCH,—,15m,0.0,월,,,,,,,,,,24267.0,-0.10889509085746854
XRP,순수CHoCH,—,15m,0.0,월,,,,,,,,,,24268.0,0.055024148893456824
XRP,순수CHoCH,—,15m,0.0,월,,,,,,,,,,24269.0,-0.06814125136035899
XRP,순수CHoCH,—,15m,0.0,월,,,,,,,,,,24270.0,0.09664260999514722
XRP,순수CHoCH,—,15m,0.0,월,,,,,,,,,,24271.0,-0.016079294823687397
XRP,순수CHoCH,—,15m,0.0,월,,,,,,,,,,24272.0,0.00325918956047486
XRP,순수CHoCH,—,15m,0.0,월,,,,,,,,,,24273.0,-0.06568945080534601
XRP,순수CHoCH,—,15m,0.0,월,,,,,,,,,,24274.0,-0.16225367155755568
XRP,순수CHoCH,—,15m,0.0,월,,,,,,,,,,24275.0,0.21669888147995384
XRP,순수CHoCH,—,15m,0.0,월,,,,,,,,,,24276.0,0.35549635177119115
XRP,순수CHoCH,—,15m,0.0,월,,,,,,,,,,24277.0,-0.08893792590570392
XRP,순수CHoCH,—,15m,0.0,월,,,,,,,,,,24278.0,-0.3150226009780002
XRP,순수CHoCH,—,15m,0.0,월,,,,,,,,,,24279.0,0.13091944546356815
XRP,순수CHoCH,—,15m,0.0,월,,,,,,,,,,24280.0,-0.004367047130146668
XRP,순수CHoCH,—,15m,0.0,월,,,,,,,,,,24281.0,-0.15383319072394727
XRP,순수CHoCH,—,15m,0.0,월,,,,,,,,,,24282.0,-0.17432727593826125
XRP,순수CHoCH,—,15m,0.0,월,,,,,,,,,,24283.0,-0.1264687823580109
XRP,순수CHoCH,—,15m,0.0,월,,,,,,,,,,24284.0,0.23823319864503018
XRP,순수CHoCH,—,15m,0.0,월,,,,,,,,,,24285.0,-0.1338831998258229
XRP,순수CHoCH,—,15m,0.0,월,,,,,,,,,,24286.0,0.002036619443950642
XRP,순수CHoCH,—,15m,0.0,월,,,,,,,,,,24287.0,-0.0035199256372028553
XRP,순수CHoCH,—,15m,0.0,월,,,,,,,,,,24288.0,-0.08368637191593703
XRP,순수CHoCH,—,15m,0.0,월,,,,,,,,,,24289.0,-0.03353594995852688
XRP,순수CHoCH,—,15m,0.0,월,,,,,,,,,,24290.0,0.036078712393656495
XRP,순수CHoCH,—,15m,0.0,월,,,,,,,,,,24291.0,-0.09427714930558034
XRP,순수CHoCH,—,15m,0.0,월,,,,,,,,,,24292.0,0.0753065506938961
XRP,순수CHoCH,—,15m,0.0,월,,,,,,,,,,24293.0,-0.20110598146704356
XRP,순수CHoCH,—,15m,0.0,월,,,,,,,,,,24294.0,0.2279688556329583
XRP,순수CHoCH,—,15m,0.0,월,,,,,,,,,,24295.0,0.04715905084006957
XRP,순수CHoCH,—,15m,0.0,월,,,,,,,,,,24296.0,0.048079737428322035
XRP,순수CHoCH,—,15m,0.0,월,,,,,,,,,,24297.0,0.09700666746538712
XRP,순수CHoCH,—,15m,0.0,월,,,,,,,,,,24298.0,-0.014645280912420875
XRP,순수CHoCH,—,15m,0.0,월,,,,,,,,,,24299.0,0.0782557480842857
XRP,순수CHoCH,—,15m,0.0,월,,,,,,,,,,24300.0,-0.07650514075762975
XRP,순수CHoCH,—,15m,0.0,월,,,,,,,,,,24301.0,-0.09964375790980187
XRP,순수CHoCH,—,15m,0.0,월,,,,,,,,,,24302.0,0.11092239194675538
XRP,순수CHoCH,—,15m,0.0,월,,,,,,,,,,24303.0,-0.021023184357864447
XRP,순수CHoCH,—,15m,0.0,월,,,,,,,,,,24304.0,-0.026830105901591038
XRP,순수CHoCH,—,15m,0.0,월,,,,,,,,,,24305.0,-0.02937156409589417
XRP,순수CHoCH,—,15m,0.0,월,,,,,,,,,,24306.0,0.14037568903483374
XRP,순수CHoCH,—,15m,0.0,월,,,,,,,,,,24307.0,0.027095458528354262
XRP,순수CHoCH,—,15m,0.0,월,,,,,,,,,,24308.0,0.025263159948665598
XRP,순수CHoCH,—,15m,0.0,월,,,,,,,,,,24309.0,-0.17961001706001817
XRP,순수CHoCH,—,15m,0.0,월,,,,,,,,,,24310.0,-0.04271082932738102
XRP,순수CHoCH,—,15m,0.0,월,,,,,,,,,,24311.0,0.024940161122341518
XRP,순수CHoCH,—,15m,0.0,월,,,,,,,,,,24312.0,-0.1471193321190986
XRP,순수CHoCH,—,15m,0.0,월,,,,,,,,,,24313.0,-0.0015122414502492013
XRP,순수CHoCH,—,15m,0.0,월,,,,,,,,,,24314.0,-0.07730411898061483
XRP,순수CHoCH,—,15m,0.0,월,,,,,,,,,,24315.0,-0.00252148702600218
XRP,순수CHoCH,—,15m,0.0,월,,,,,,,,,,24316.0,-0.4054085495923808
XRP,순수CHoCH,—,15m,0.0,월,,,,,,,,,,24317.0,0.03720721621099375
XRP,순수CHoCH,—,15m,0.0,월,,,,,,,,,,24318.0,0.11514620161747194
XRP,순수CHoCH,—,1h,0.0,전체,1471.0,0.9939189189189189,284.50416240689435,0.024473147518694765,0.027345775553264437,-0.0028726280345696634,-0.0201393609789259,0.3140720598232495,0.08225696804894629,,
XRP,순수CHoCH,—,1h,0.0,홀드아웃 전,1187.0,0.9939189189189189,290.45643153527084,0.04970513900589722,0.026530535632646585,0.02317460337325064,,0.3226621735467565,0.08171861836562763,,
XRP,순수CHoCH,—,1h,0.0,홀드아웃 12개월,284.0,0.9939189189189189,257.3728449127384,-0.08098591549295775,0.030753133953874967,-0.11173904944683274,,0.27816901408450706,0.08450704225352113,,
XRP,순수CHoCH,—,1h,0.0,월,,,,,,,,,,24258.0,0.39723335315983593
XRP,순수CHoCH,—,1h,0.0,월,,,,,,,,,,24259.0,0.23387339941749838
XRP,순수CHoCH,—,1h,0.0,월,,,,,,,,,,24260.0,0.019412486672097856
XRP,순수CHoCH,—,1h,0.0,월,,,,,,,,,,24261.0,0.39846205027603293
XRP,순수CHoCH,—,1h,0.0,월,,,,,,,,,,24262.0,-0.11317079399609176
XRP,순수CHoCH,—,1h,0.0,월,,,,,,,,,,24263.0,-0.01906820585787953
XRP,순수CHoCH,—,1h,0.0,월,,,,,,,,,,24264.0,0.1829299487202998
XRP,순수CHoCH,—,1h,0.0,월,,,,,,,,,,24265.0,0.18417102426882204
XRP,순수CHoCH,—,1h,0.0,월,,,,,,,,,,24266.0,-0.24209922318338725
XRP,순수CHoCH,—,1h,0.0,월,,,,,,,,,,24267.0,-0.10989929082742128
XRP,순수CHoCH,—,1h,0.0,월,,,,,,,,,,24268.0,0.47696526367746167
XRP,순수CHoCH,—,1h,0.0,월,,,,,,,,,,24269.0,-0.30586801965760213
XRP,순수CHoCH,—,1h,0.0,월,,,,,,,,,,24270.0,0.18674818247903058
XRP,순수CHoCH,—,1h,0.0,월,,,,,,,,,,24271.0,0.04560672604548112
XRP,순수CHoCH,—,1h,0.0,월,,,,,,,,,,24272.0,-0.6195232030694423
XRP,순수CHoCH,—,1h,0.0,월,,,,,,,,,,24273.0,-0.25125726188898057
XRP,순수CHoCH,—,1h,0.0,월,,,,,,,,,,24274.0,-0.21344554909600855
XRP,순수CHoCH,—,1h,0.0,월,,,,,,,,,,24275.0,0.21761815754273378
XRP,순수CHoCH,—,1h,0.0,월,,,,,,,,,,24276.0,0.5849051904278051
XRP,순수CHoCH,—,1h,0.0,월,,,,,,,,,,24277.0,-0.13553965031979517
XRP,순수CHoCH,—,1h,0.0,월,,,,,,,,,,24278.0,-0.33235084986821434
XRP,순수CHoCH,—,1h,0.0,월,,,,,,,,,,24279.0,-0.19628904847322234
XRP,순수CHoCH,—,1h,0.0,월,,,,,,,,,,24280.0,0.01261350728086695
XRP,순수CHoCH,—,1h,0.0,월,,,,,,,,,,24281.0,-0.3301904748915431
XRP,순수CHoCH,—,1h,0.0,월,,,,,,,,,,24282.0,0.23705748912167388
XRP,순수CHoCH,—,1h,0.0,월,,,,,,,,,,24283.0,0.15174234835249692
XRP,순수CHoCH,—,1h,0.0,월,,,,,,,,,,24284.0,0.2826759349957342
XRP,순수CHoCH,—,1h,0.0,월,,,,,,,,,,24285.0,0.07458442074720324
XRP,순수CHoCH,—,1h,0.0,월,,,,,,,,,,24286.0,0.02491073820497696
XRP,순수CHoCH,—,1h,0.0,월,,,,,,,,,,24287.0,-0.025950303531682987
XRP,순수CHoCH,—,1h,0.0,월,,,,,,,,,,24288.0,-0.11891360727509977
XRP,순수CHoCH,—,1h,0.0,월,,,,,,,,,,24289.0,0.06177597430294796
XRP,순수CHoCH,—,1h,0.0,월,,,,,,,,,,24290.0,-0.32711712658997605
XRP,순수CHoCH,—,1h,0.0,월,,,,,,,,,,24291.0,0.11427986568121368
XRP,순수CHoCH,—,1h,0.0,월,,,,,,,,,,24292.0,0.04089878471638002
XRP,순수CHoCH,—,1h,0.0,월,,,,,,,,,,24293.0,-6.202298689933921e-05
XRP,순수CHoCH,—,1h,0.0,월,,,,,,,,,,24294.0,-0.11422054921846088
XRP,순수CHoCH,—,1h,0.0,월,,,,,,,,,,24295.0,0.06375947960102915
XRP,순수CHoCH,—,1h,0.0,월,,,,,,,,,,24296.0,-0.12986587982538014
XRP,순수CHoCH,—,1h,0.0,월,,,,,,,,,,24297.0,-0.2798419963965439
XRP,순수CHoCH,—,1h,0.0,월,,,,,,,,,,24298.0,0.2157803306200962
XRP,순수CHoCH,—,1h,0.0,월,,,,,,,,,,24299.0,0.3996240125023047
XRP,순수CHoCH,—,1h,0.0,월,,,,,,,,,,24300.0,-0.06953834368257042
XRP,순수CHoCH,—,1h,0.0,월,,,,,,,,,,24301.0,0.5754386044492282
XRP,순수CHoCH,—,1h,0.0,월,,,,,,,,,,24302.0,0.07127387824292439
XRP,순수CHoCH,—,1h,0.0,월,,,,,,,,,,24303.0,0.19143114851690265
XRP,순수CHoCH,—,1h,0.0,월,,,,,,,,,,24304.0,-0.27067150427982634
XRP,순수CHoCH,—,1h,0.0,월,,,,,,,,,,24305.0,-0.06518926528808823
XRP,순수CHoCH,—,1h,0.0,월,,,,,,,,,,24306.0,0.24056540000103938
XRP,순수CHoCH,—,1h,0.0,월,,,,,,,,,,24307.0,0.018940192321463527
XRP,순수CHoCH,—,1h,0.0,월,,,,,,,,,,24308.0,0.1987203663705551
XRP,순수CHoCH,—,1h,0.0,월,,,,,,,,,,24309.0,-0.07144489624835232
XRP,순수CHoCH,—,1h,0.0,월,,,,,,,,,,24310.0,-0.07465378871338241
XRP,순수CHoCH,—,1h,0.0,월,,,,,,,,,,24311.0,-0.023540138732701426
XRP,순수CHoCH,—,1h,0.0,월,,,,,,,,,,24312.0,-0.5343925529017384
XRP,순수CHoCH,—,1h,0.0,월,,,,,,,,,,24313.0,0.17040676686527567
XRP,순수CHoCH,—,1h,0.0,월,,,,,,,,,,24314.0,-0.16320920664200875
XRP,순수CHoCH,—,1h,0.0,월,,,,,,,,,,24315.0,-0.18936644194239854
XRP,순수CHoCH,—,1h,0.0,월,,,,,,,,,,24316.0,-0.6251247531285967
XRP,순수CHoCH,—,1h,0.0,월,,,,,,,,,,24317.0,0.18577728583825592
XRP,순수CHoCH,—,1h,0.0,월,,,,,,,,,,24318.0,-0.279417511605378
XRP,스윕+CHoCH,1h,5m,0.0,전체,4693.0,0.9925972927241963,103.83041717211174,-0.012784998934583422,0.073292967273455,-0.08607796620803841,0.001944385254634562,0.3272959727253356,0.005327082889409759,,
XRP,스윕+CHoCH,1h,5m,0.0,홀드아웃 전,3818.0,0.9925972927241963,107.28686669780186,-0.011262441068622316,0.07199461082307934,-0.08325705189170167,,0.32765845992666315,0.005762179151388162,,
XRP,스윕+CHoCH,1h,5m,0.0,홀드아웃 12개월,875.0,0.9925972927241963,92.79086366880887,-0.019428571428571427,0.07895825290492267,-0.09838682433349406,,0.32571428571428573,0.0034285714285714284,,
XRP,스윕+CHoCH,1h,5m,0.0,월,,,,,,,,,,24258.0,-0.12795670615712898
XRP,스윕+CHoCH,1h,5m,0.0,월,,,,,,,,,,24259.0,-0.18942691270478365
XRP,스윕+CHoCH,1h,5m,0.0,월,,,,,,,,,,24260.0,0.11096773330744607
XRP,스윕+CHoCH,1h,5m,0.0,월,,,,,,,,,,24261.0,-0.0025164483202429486
XRP,스윕+CHoCH,1h,5m,0.0,월,,,,,,,,,,24262.0,-0.0909964164524143
XRP,스윕+CHoCH,1h,5m,0.0,월,,,,,,,,,,24263.0,-0.08661341873901833
XRP,스윕+CHoCH,1h,5m,0.0,월,,,,,,,,,,24264.0,-0.020660236279663565
XRP,스윕+CHoCH,1h,5m,0.0,월,,,,,,,,,,24265.0,0.16441435904336513
XRP,스윕+CHoCH,1h,5m,0.0,월,,,,,,,,,,24266.0,0.18554434631273858
XRP,스윕+CHoCH,1h,5m,0.0,월,,,,,,,,,,24267.0,-0.1568031730304877
XRP,스윕+CHoCH,1h,5m,0.0,월,,,,,,,,,,24268.0,-0.13094017244031675
XRP,스윕+CHoCH,1h,5m,0.0,월,,,,,,,,,,24269.0,-0.03590313295713497
XRP,스윕+CHoCH,1h,5m,0.0,월,,,,,,,,,,24270.0,0.029393701751010744
XRP,스윕+CHoCH,1h,5m,0.0,월,,,,,,,,,,24271.0,-0.20257950945751818
XRP,스윕+CHoCH,1h,5m,0.0,월,,,,,,,,,,24272.0,-0.14059403953689362
XRP,스윕+CHoCH,1h,5m,0.0,월,,,,,,,,,,24273.0,-0.15315038978711842
XRP,스윕+CHoCH,1h,5m,0.0,월,,,,,,,,,,24274.0,-0.299087621997509
XRP,스윕+CHoCH,1h,5m,0.0,월,,,,,,,,,,24275.0,-0.15999016239024333
XRP,스윕+CHoCH,1h,5m,0.0,월,,,,,,,,,,24276.0,0.04492391647611405
XRP,스윕+CHoCH,1h,5m,0.0,월,,,,,,,,,,24277.0,-0.004821318624031989
XRP,스윕+CHoCH,1h,5m,0.0,월,,,,,,,,,,24278.0,-0.2364069818023503
XRP,스윕+CHoCH,1h,5m,0.0,월,,,,,,,,,,24279.0,0.055465936860337094
XRP,스윕+CHoCH,1h,5m,0.0,월,,,,,,,,,,24280.0,0.08588689856515123
XRP,스윕+CHoCH,1h,5m,0.0,월,,,,,,,,,,24281.0,0.035899616349154534
XRP,스윕+CHoCH,1h,5m,0.0,월,,,,,,,,,,24282.0,0.025699667304093378
XRP,스윕+CHoCH,1h,5m,0.0,월,,,,,,,,,,24283.0,-0.42104029608183186
XRP,스윕+CHoCH,1h,5m,0.0,월,,,,,,,,,,24284.0,-0.210067450923348
XRP,스윕+CHoCH,1h,5m,0.0,월,,,,,,,,,,24285.0,-0.14764786014826906
XRP,스윕+CHoCH,1h,5m,0.0,월,,,,,,,,,,24286.0,-0.17031530422148333
XRP,스윕+CHoCH,1h,5m,0.0,월,,,,,,,,,,24287.0,-0.2369516456493204
XRP,스윕+CHoCH,1h,5m,0.0,월,,,,,,,,,,24288.0,-0.011053043696079491
XRP,스윕+CHoCH,1h,5m,0.0,월,,,,,,,,,,24289.0,0.17570656686061406
XRP,스윕+CHoCH,1h,5m,0.0,월,,,,,,,,,,24290.0,0.22158165898462162
XRP,스윕+CHoCH,1h,5m,0.0,월,,,,,,,,,,24291.0,-0.2809298327416447
XRP,스윕+CHoCH,1h,5m,0.0,월,,,,,,,,,,24292.0,-0.20872722666329135
XRP,스윕+CHoCH,1h,5m,0.0,월,,,,,,,,,,24293.0,-0.0006958160814620381
XRP,스윕+CHoCH,1h,5m,0.0,월,,,,,,,,,,24294.0,-0.05600935908881696
XRP,스윕+CHoCH,1h,5m,0.0,월,,,,,,,,,,24295.0,-0.15435374194322796
XRP,스윕+CHoCH,1h,5m,0.0,월,,,,,,,,,,24296.0,-0.236367039022229
XRP,스윕+CHoCH,1h,5m,0.0,월,,,,,,,,,,24297.0,-0.11625994339428693
XRP,스윕+CHoCH,1h,5m,0.0,월,,,,,,,,,,24298.0,-0.17077131503461762
XRP,스윕+CHoCH,1h,5m,0.0,월,,,,,,,,,,24299.0,0.13681214697922822
XRP,스윕+CHoCH,1h,5m,0.0,월,,,,,,,,,,24300.0,-0.01696658383902738
XRP,스윕+CHoCH,1h,5m,0.0,월,,,,,,,,,,24301.0,-0.06520884174776768
XRP,스윕+CHoCH,1h,5m,0.0,월,,,,,,,,,,24302.0,-0.16723295644301628
XRP,스윕+CHoCH,1h,5m,0.0,월,,,,,,,,,,24303.0,-0.20118391155664467
XRP,스윕+CHoCH,1h,5m,0.0,월,,,,,,,,,,24304.0,-0.10544874487725217
XRP,스윕+CHoCH,1h,5m,0.0,월,,,,,,,,,,24305.0,-0.1736117822717771
XRP,스윕+CHoCH,1h,5m,0.0,월,,,,,,,,,,24306.0,-0.17090969576834972
XRP,스윕+CHoCH,1h,5m,0.0,월,,,,,,,,,,24307.0,-0.06157958286427776
XRP,스윕+CHoCH,1h,5m,0.0,월,,,,,,,,,,24308.0,-0.11584214935199426
XRP,스윕+CHoCH,1h,5m,0.0,월,,,,,,,,,,24309.0,0.00844282114570294
XRP,스윕+CHoCH,1h,5m,0.0,월,,,,,,,,,,24310.0,-0.13669568401847015
XRP,스윕+CHoCH,1h,5m,0.0,월,,,,,,,,,,24311.0,-0.22162600992416132
XRP,스윕+CHoCH,1h,5m,0.0,월,,,,,,,,,,24312.0,-0.0725822301639207
XRP,스윕+CHoCH,1h,5m,0.0,월,,,,,,,,,,24313.0,0.09156549102795171
XRP,스윕+CHoCH,1h,5m,0.0,월,,,,,,,,,,24314.0,-0.04090155003394375
XRP,스윕+CHoCH,1h,5m,0.0,월,,,,,,,,,,24315.0,-0.22088564798460258
XRP,스윕+CHoCH,1h,5m,0.0,월,,,,,,,,,,24316.0,-0.3535746934940076
XRP,스윕+CHoCH,1h,5m,0.0,월,,,,,,,,,,24317.0,0.11680135025872554
XRP,스윕+CHoCH,1h,5m,0.0,월,,,,,,,,,,24318.0,-0.2162511157922967
XRP,스윕+CHoCH,1h,5m,0.25,전체,4876.0,0.9922669922669922,108.58750131968337,-0.014766201804757998,0.07009712985110761,-0.08486333165586561,5.127153404429867e-05,0.32670221493027074,0.005127153404429861,,
XRP,스윕+CHoCH,1h,5m,0.25,홀드아웃 전,3971.0,0.9922669922669922,111.69089046239924,-0.014605892722236212,0.06900335629355225,-0.08360924901578845,,0.32661798035759254,0.00554016620498615,,
XRP,스윕+CHoCH,1h,5m,0.25,홀드아웃 12개월,905.0,0.9922669922669922,97.44907652059942,-0.015469613259668509,0.07489643901912131,-0.09036605227878981,,0.3270718232044199,0.0033149171270718232,,
XRP,스윕+CHoCH,1h,5m,0.25,월,,,,,,,,,,24258.0,0.011236656439218588
XRP,스윕+CHoCH,1h,5m,0.25,월,,,,,,,,,,24259.0,-0.25999701771335193
XRP,스윕+CHoCH,1h,5m,0.25,월,,,,,,,,,,24260.0,0.12041202582513971
XRP,스윕+CHoCH,1h,5m,0.25,월,,,,,,,,,,24261.0,-0.04613531597724267
XRP,스윕+CHoCH,1h,5m,0.25,월,,,,,,,,,,24262.0,-0.14417579847556583
XRP,스윕+CHoCH,1h,5m,0.25,월,,,,,,,,,,24263.0,-0.03138919401631305
XRP,스윕+CHoCH,1h,5m,0.25,월,,,,,,,,,,24264.0,-0.04648793981525849
XRP,스윕+CHoCH,1h,5m,0.25,월,,,,,,,,,,24265.0,0.16902119624006412
XRP,스윕+CHoCH,1h,5m,0.25,월,,,,,,,,,,24266.0,0.1761067373918612
XRP,스윕+CHoCH,1h,5m,0.25,월,,,,,,,,,,24267.0,-0.14905729383391042
XRP,스윕+CHoCH,1h,5m,0.25,월,,,,,,,,,,24268.0,-0.25127404857292607
XRP,스윕+CHoCH,1h,5m,0.25,월,,,,,,,,,,24269.0,0.09904088732016243
XRP,스윕+CHoCH,1h,5m,0.25,월,,,,,,,,,,24270.0,0.006949445688547137
XRP,스윕+CHoCH,1h,5m,0.25,월,,,,,,,,,,24271.0,-0.20919122907413776
XRP,스윕+CHoCH,1h,5m,0.25,월,,,,,,,,,,24272.0,-0.14557076486805784
XRP,스윕+CHoCH,1h,5m,0.25,월,,,,,,,,,,24273.0,-0.06507320433600029
XRP,스윕+CHoCH,1h,5m,0.25,월,,,,,,,,,,24274.0,-0.36204528397077684
XRP,스윕+CHoCH,1h,5m,0.25,월,,,,,,,,,,24275.0,-0.16440997626878667
XRP,스윕+CHoCH,1h,5m,0.25,월,,,,,,,,,,24276.0,-0.0022191360320793748
XRP,스윕+CHoCH,1h,5m,0.25,월,,,,,,,,,,24277.0,-0.03034610940301324
XRP,스윕+CHoCH,1h,5m,0.25,월,,,,,,,,,,24278.0,-0.3048955769678564
XRP,스윕+CHoCH,1h,5m,0.25,월,,,,,,,,,,24279.0,0.0270118211142378
XRP,스윕+CHoCH,1h,5m,0.25,월,,,,,,,,,,24280.0,0.11288326129840325
XRP,스윕+CHoCH,1h,5m,0.25,월,,,,,,,,,,24281.0,-0.007453857302080868
XRP,스윕+CHoCH,1h,5m,0.25,월,,,,,,,,,,24282.0,-0.008339036547118539
XRP,스윕+CHoCH,1h,5m,0.25,월,,,,,,,,,,24283.0,-0.37480508546063807
XRP,스윕+CHoCH,1h,5m,0.25,월,,,,,,,,,,24284.0,-0.08647042144921016
XRP,스윕+CHoCH,1h,5m,0.25,월,,,,,,,,,,24285.0,-0.16903924519455021
XRP,스윕+CHoCH,1h,5m,0.25,월,,,,,,,,,,24286.0,-0.14027698528801383
XRP,스윕+CHoCH,1h,5m,0.25,월,,,,,,,,,,24287.0,-0.14332524944685543
XRP,스윕+CHoCH,1h,5m,0.25,월,,,,,,,,,,24288.0,0.003654642391294715
XRP,스윕+CHoCH,1h,5m,0.25,월,,,,,,,,,,24289.0,0.07684627699282524
XRP,스윕+CHoCH,1h,5m,0.25,월,,,,,,,,,,24290.0,0.1795469219780329
XRP,스윕+CHoCH,1h,5m,0.25,월,,,,,,,,,,24291.0,-0.2705321695660416
XRP,스윕+CHoCH,1h,5m,0.25,월,,,,,,,,,,24292.0,-0.20172125730818088
XRP,스윕+CHoCH,1h,5m,0.25,월,,,,,,,,,,24293.0,-0.009842281612487716
XRP,스윕+CHoCH,1h,5m,0.25,월,,,,,,,,,,24294.0,-0.08309805185759106
XRP,스윕+CHoCH,1h,5m,0.25,월,,,,,,,,,,24295.0,-0.12674144992298095
XRP,스윕+CHoCH,1h,5m,0.25,월,,,,,,,,,,24296.0,-0.1991966221449537
XRP,스윕+CHoCH,1h,5m,0.25,월,,,,,,,,,,24297.0,-0.07835689020054482
XRP,스윕+CHoCH,1h,5m,0.25,월,,,,,,,,,,24298.0,-0.216121081365603
XRP,스윕+CHoCH,1h,5m,0.25,월,,,,,,,,,,24299.0,0.12417692223402643
XRP,스윕+CHoCH,1h,5m,0.25,월,,,,,,,,,,24300.0,-0.15785538852448278
XRP,스윕+CHoCH,1h,5m,0.25,월,,,,,,,,,,24301.0,0.056447352533015804
XRP,스윕+CHoCH,1h,5m,0.25,월,,,,,,,,,,24302.0,-0.13515146506426776
XRP,스윕+CHoCH,1h,5m,0.25,월,,,,,,,,,,24303.0,-0.1577360418118233
XRP,스윕+CHoCH,1h,5m,0.25,월,,,,,,,,,,24304.0,-0.08722169350430614
XRP,스윕+CHoCH,1h,5m,0.25,월,,,,,,,,,,24305.0,-0.2021566584182295
XRP,스윕+CHoCH,1h,5m,0.25,월,,,,,,,,,,24306.0,-0.19936473004681532
XRP,스윕+CHoCH,1h,5m,0.25,월,,,,,,,,,,24307.0,-0.036874055295849105
XRP,스윕+CHoCH,1h,5m,0.25,월,,,,,,,,,,24308.0,-0.12329030298318103
XRP,스윕+CHoCH,1h,5m,0.25,월,,,,,,,,,,24309.0,0.018914580831562708
XRP,스윕+CHoCH,1h,5m,0.25,월,,,,,,,,,,24310.0,-0.18143797784601706
XRP,스윕+CHoCH,1h,5m,0.25,월,,,,,,,,,,24311.0,-0.08752920842646396
XRP,스윕+CHoCH,1h,5m,0.25,월,,,,,,,,,,24312.0,-0.08330444115729659
XRP,스윕+CHoCH,1h,5m,0.25,월,,,,,,,,,,24313.0,0.14493816324389885
XRP,스윕+CHoCH,1h,5m,0.25,월,,,,,,,,,,24314.0,-0.10741907397060906
XRP,스윕+CHoCH,1h,5m,0.25,월,,,,,,,,,,24315.0,-0.18987558441832264
XRP,스윕+CHoCH,1h,5m,0.25,월,,,,,,,,,,24316.0,-0.487752506044932
XRP,스윕+CHoCH,1h,5m,0.25,월,,,,,,,,,,24317.0,0.17047406269806767
XRP,스윕+CHoCH,1h,5m,0.25,월,,,,,,,,,,24318.0,-0.1612036778671345
XRP,스윕+CHoCH,1h,15m,0.0,전체,3789.0,0.9882629107981221,178.1376518218625,0.006598046978094484,0.04444215790589338,-0.037844110927798894,0.015208498284507786,0.3269992082343626,0.0256004222750066,,
XRP,스윕+CHoCH,1h,15m,0.0,홀드아웃 전,3089.0,0.9882629107981221,182.72796318634747,0.0,0.043572191686370845,-0.04357219168637084,,0.3243768209776627,0.026869537067011978,,
XRP,스윕+CHoCH,1h,15m,0.0,홀드아웃 12개월,700.0,0.9882629107981221,158.3547061043102,0.03571428571428571,0.048281194551757826,-0.012566908837472128,,0.3385714285714286,0.02,,
XRP,스윕+CHoCH,1h,15m,0.0,월,,,,,,,,,,24258.0,0.03362876476528391
XRP,스윕+CHoCH,1h,15m,0.0,월,,,,,,,,,,24259.0,-0.18724269648094793
XRP,스윕+CHoCH,1h,15m,0.0,월,,,,,,,,,,24260.0,0.05491476137631567
XRP,스윕+CHoCH,1h,15m,0.0,월,,,,,,,,,,24261.0,-0.20077846158590762
XRP,스윕+CHoCH,1h,15m,0.0,월,,,,,,,,,,24262.0,-0.2374617766061285
XRP,스윕+CHoCH,1h,15m,0.0,월,,,,,,,,,,24263.0,-0.15386212425303938
XRP,스윕+CHoCH,1h,15m,0.0,월,,,,,,,,,,24264.0,-0.22358666400541494
XRP,스윕+CHoCH,1h,15m,0.0,월,,,,,,,,,,24265.0,0.026719168787656258
XRP,스윕+CHoCH,1h,15m,0.0,월,,,,,,,,,,24266.0,-0.0064542287345033715
XRP,스윕+CHoCH,1h,15m,0.0,월,,,,,,,,,,24267.0,-0.2116410190240131
XRP,스윕+CHoCH,1h,15m,0.0,월,,,,,,,,,,24268.0,0.13111212751477858
XRP,스윕+CHoCH,1h,15m,0.0,월,,,,,,,,,,24269.0,-0.24156074543101191
XRP,스윕+CHoCH,1h,15m,0.0,월,,,,,,,,,,24270.0,0.2389155316255314
XRP,스윕+CHoCH,1h,15m,0.0,월,,,,,,,,,,24271.0,0.11187561997666279
XRP,스윕+CHoCH,1h,15m,0.0,월,,,,,,,,,,24272.0,-0.17265789817790345
XRP,스윕+CHoCH,1h,15m,0.0,월,,,,,,,,,,24273.0,-0.1510143706101595
XRP,스윕+CHoCH,1h,15m,0.0,월,,,,,,,,,,24274.0,-0.09514655465031306
XRP,스윕+CHoCH,1h,15m,0.0,월,,,,,,,,,,24275.0,0.10316530277176014
XRP,스윕+CHoCH,1h,15m,0.0,월,,,,,,,,,,24276.0,0.2870608785888828
XRP,스윕+CHoCH,1h,15m,0.0,월,,,,,,,,,,24277.0,-0.14154903034272695
XRP,스윕+CHoCH,1h,15m,0.0,월,,,,,,,,,,24278.0,-0.1851297631623951
XRP,스윕+CHoCH,1h,15m,0.0,월,,,,,,,,,,24279.0,0.034611464907361146
XRP,스윕+CHoCH,1h,15m,0.0,월,,,,,,,,,,24280.0,0.051428992643401165
XRP,스윕+CHoCH,1h,15m,0.0,월,,,,,,,,,,24281.0,-0.14848032188865845
XRP,스윕+CHoCH,1h,15m,0.0,월,,,,,,,,,,24282.0,-0.2351774190551792
XRP,스윕+CHoCH,1h,15m,0.0,월,,,,,,,,,,24283.0,-0.22680616668042045
XRP,스윕+CHoCH,1h,15m,0.0,월,,,,,,,,,,24284.0,0.10124459852243414
XRP,스윕+CHoCH,1h,15m,0.0,월,,,,,,,,,,24285.0,-0.006532692575290438
XRP,스윕+CHoCH,1h,15m,0.0,월,,,,,,,,,,24286.0,0.21102966501072962
XRP,스윕+CHoCH,1h,15m,0.0,월,,,,,,,,,,24287.0,0.06714121571347616
XRP,스윕+CHoCH,1h,15m,0.0,월,,,,,,,,,,24288.0,-0.02346841892228077
XRP,스윕+CHoCH,1h,15m,0.0,월,,,,,,,,,,24289.0,0.09522638500459028
XRP,스윕+CHoCH,1h,15m,0.0,월,,,,,,,,,,24290.0,0.12187038346382521
XRP,스윕+CHoCH,1h,15m,0.0,월,,,,,,,,,,24291.0,-0.08567719051648878
XRP,스윕+CHoCH,1h,15m,0.0,월,,,,,,,,,,24292.0,-0.04386968657381523
XRP,스윕+CHoCH,1h,15m,0.0,월,,,,,,,,,,24293.0,-0.123065544076815
XRP,스윕+CHoCH,1h,15m,0.0,월,,,,,,,,,,24294.0,0.13409612333349183
XRP,스윕+CHoCH,1h,15m,0.0,월,,,,,,,,,,24295.0,-0.1831551048466658
XRP,스윕+CHoCH,1h,15m,0.0,월,,,,,,,,,,24296.0,-0.04317046624656817
XRP,스윕+CHoCH,1h,15m,0.0,월,,,,,,,,,,24297.0,0.03605379248006694
XRP,스윕+CHoCH,1h,15m,0.0,월,,,,,,,,,,24298.0,0.0611109288201646
XRP,스윕+CHoCH,1h,15m,0.0,월,,,,,,,,,,24299.0,0.09463367583847598
XRP,스윕+CHoCH,1h,15m,0.0,월,,,,,,,,,,24300.0,-0.1805485750951655
XRP,스윕+CHoCH,1h,15m,0.0,월,,,,,,,,,,24301.0,-0.24076434641829747
XRP,스윕+CHoCH,1h,15m,0.0,월,,,,,,,,,,24302.0,-0.011078580368761321
XRP,스윕+CHoCH,1h,15m,0.0,월,,,,,,,,,,24303.0,-0.08659050186529363
XRP,스윕+CHoCH,1h,15m,0.0,월,,,,,,,,,,24304.0,-0.20104710342965632
XRP,스윕+CHoCH,1h,15m,0.0,월,,,,,,,,,,24305.0,-0.14965555409984285
XRP,스윕+CHoCH,1h,15m,0.0,월,,,,,,,,,,24306.0,0.19689979411659067
XRP,스윕+CHoCH,1h,15m,0.0,월,,,,,,,,,,24307.0,-0.17631667237521587
XRP,스윕+CHoCH,1h,15m,0.0,월,,,,,,,,,,24308.0,0.04719017657426281
XRP,스윕+CHoCH,1h,15m,0.0,월,,,,,,,,,,24309.0,-0.15727010502043148
XRP,스윕+CHoCH,1h,15m,0.0,월,,,,,,,,,,24310.0,0.0676555976951519
XRP,스윕+CHoCH,1h,15m,0.0,월,,,,,,,,,,24311.0,0.04958270859875452
XRP,스윕+CHoCH,1h,15m,0.0,월,,,,,,,,,,24312.0,-0.07243941878285315
XRP,스윕+CHoCH,1h,15m,0.0,월,,,,,,,,,,24313.0,0.09610773581815717
XRP,스윕+CHoCH,1h,15m,0.0,월,,,,,,,,,,24314.0,0.07832349473017507
XRP,스윕+CHoCH,1h,15m,0.0,월,,,,,,,,,,24315.0,-0.14269877494666797
XRP,스윕+CHoCH,1h,15m,0.0,월,,,,,,,,,,24316.0,-0.31568367824963495
XRP,스윕+CHoCH,1h,15m,0.0,월,,,,,,,,,,24317.0,0.1729241851096435
XRP,스윕+CHoCH,1h,15m,0.0,월,,,,,,,,,,24318.0,0.27735052859199355
XRP,스윕+CHoCH,1h,15m,0.25,전체,3798.0,0.9882903981264637,185.01679164493592,0.0028962611901000527,0.04256003846787082,-0.03966377727777077,0.00108609794628752,0.32490784623486046,0.028172722485518695,,
XRP,스윕+CHoCH,1h,15m,0.25,홀드아웃 전,3093.0,0.9882903981264637,190.12836444696856,-0.006142903330100227,0.04166829557075725,-0.047811198900857464,,0.3213708373747171,0.029744584545748465,,
XRP,스윕+CHoCH,1h,15m,0.25,홀드아웃 12개월,705.0,0.9882903981264637,163.64127665807666,0.0425531914893617,0.0464723232632925,-0.003919131773930797,,0.3404255319148936,0.02127659574468085,,
XRP,스윕+CHoCH,1h,15m,0.25,월,,,,,,,,,,24258.0,0.019120562998123265
XRP,스윕+CHoCH,1h,15m,0.25,월,,,,,,,,,,24259.0,-0.18569029491090522
XRP,스윕+CHoCH,1h,15m,0.25,월,,,,,,,,,,24260.0,-0.03832854073992102
XRP,스윕+CHoCH,1h,15m,0.25,월,,,,,,,,,,24261.0,-0.2559249923811567
XRP,스윕+CHoCH,1h,15m,0.25,월,,,,,,,,,,24262.0,-0.28247266744165705
XRP,스윕+CHoCH,1h,15m,0.25,월,,,,,,,,,,24263.0,-0.13745323484633168
XRP,스윕+CHoCH,1h,15m,0.25,월,,,,,,,,,,24264.0,-0.22221012206601506
XRP,스윕+CHoCH,1h,15m,0.25,월,,,,,,,,,,24265.0,0.028419330918506947
XRP,스윕+CHoCH,1h,15m,0.25,월,,,,,,,,,,24266.0,-0.005392745413117307
XRP,스윕+CHoCH,1h,15m,0.25,월,,,,,,,,,,24267.0,-0.3027640400458378
XRP,스윕+CHoCH,1h,15m,0.25,월,,,,,,,,,,24268.0,0.06949237997725019
XRP,스윕+CHoCH,1h,15m,0.25,월,,,,,,,,,,24269.0,-0.24006903547758765
XRP,스윕+CHoCH,1h,15m,0.25,월,,,,,,,,,,24270.0,0.19521527924098397
XRP,스윕+CHoCH,1h,15m,0.25,월,,,,,,,,,,24271.0,0.16411917416161984
XRP,스윕+CHoCH,1h,15m,0.25,월,,,,,,,,,,24272.0,-0.17044178344527186
XRP,스윕+CHoCH,1h,15m,0.25,월,,,,,,,,,,24273.0,-0.1494559847633586
XRP,스윕+CHoCH,1h,15m,0.25,월,,,,,,,,,,24274.0,-0.039261388780809224
XRP,스윕+CHoCH,1h,15m,0.25,월,,,,,,,,,,24275.0,0.17911854933254606
XRP,스윕+CHoCH,1h,15m,0.25,월,,,,,,,,,,24276.0,0.2904878695529118
XRP,스윕+CHoCH,1h,15m,0.25,월,,,,,,,,,,24277.0,-0.20233076911915843
XRP,스윕+CHoCH,1h,15m,0.25,월,,,,,,,,,,24278.0,-0.14006013174095147
XRP,스윕+CHoCH,1h,15m,0.25,월,,,,,,,,,,24279.0,0.03601242402865139
XRP,스윕+CHoCH,1h,15m,0.25,월,,,,,,,,,,24280.0,0.053370225483775964
XRP,스윕+CHoCH,1h,15m,0.25,월,,,,,,,,,,24281.0,-0.16164690547545899
XRP,스윕+CHoCH,1h,15m,0.25,월,,,,,,,,,,24282.0,-0.13905481443379267
XRP,스윕+CHoCH,1h,15m,0.25,월,,,,,,,,,,24283.0,-0.27425049666100904
XRP,스윕+CHoCH,1h,15m,0.25,월,,,,,,,,,,24284.0,0.15451625162717364
XRP,스윕+CHoCH,1h,15m,0.25,월,,,,,,,,,,24285.0,-0.0033218623567640997
XRP,스윕+CHoCH,1h,15m,0.25,월,,,,,,,,,,24286.0,0.1829597967114712
XRP,스윕+CHoCH,1h,15m,0.25,월,,,,,,,,,,24287.0,0.12022149769587705
XRP,스윕+CHoCH,1h,15m,0.25,월,,,,,,,,,,24288.0,-0.02117661015086185
XRP,스윕+CHoCH,1h,15m,0.25,월,,,,,,,,,,24289.0,0.01765728962989413
XRP,스윕+CHoCH,1h,15m,0.25,월,,,,,,,,,,24290.0,0.12414465238400231
XRP,스윕+CHoCH,1h,15m,0.25,월,,,,,,,,,,24291.0,-0.08424976886191388
XRP,스윕+CHoCH,1h,15m,0.25,월,,,,,,,,,,24292.0,-0.024603139675367498
XRP,스윕+CHoCH,1h,15m,0.25,월,,,,,,,,,,24293.0,-0.1522982434011245
XRP,스윕+CHoCH,1h,15m,0.25,월,,,,,,,,,,24294.0,0.13703074061060544
XRP,스윕+CHoCH,1h,15m,0.25,월,,,,,,,,,,24295.0,-0.18153478728393888
XRP,스윕+CHoCH,1h,15m,0.25,월,,,,,,,,,,24296.0,-0.07847372592119971
XRP,스윕+CHoCH,1h,15m,0.25,월,,,,,,,,,,24297.0,0.03824513731474743
XRP,스윕+CHoCH,1h,15m,0.25,월,,,,,,,,,,24298.0,0.01009761865441692
XRP,스윕+CHoCH,1h,15m,0.25,월,,,,,,,,,,24299.0,0.0960656387457664
XRP,스윕+CHoCH,1h,15m,0.25,월,,,,,,,,,,24300.0,-0.1794420601013052
XRP,스윕+CHoCH,1h,15m,0.25,월,,,,,,,,,,24301.0,-0.23921719431932337
XRP,스윕+CHoCH,1h,15m,0.25,월,,,,,,,,,,24302.0,-0.009703983685550482
XRP,스윕+CHoCH,1h,15m,0.25,월,,,,,,,,,,24303.0,-0.08502480921713886
XRP,스윕+CHoCH,1h,15m,0.25,월,,,,,,,,,,24304.0,-0.18454010779340055
XRP,스윕+CHoCH,1h,15m,0.25,월,,,,,,,,,,24305.0,-0.14791138328684897
XRP,스윕+CHoCH,1h,15m,0.25,월,,,,,,,,,,24306.0,0.20019285784369806
XRP,스윕+CHoCH,1h,15m,0.25,월,,,,,,,,,,24307.0,-0.18759537673443555
XRP,스윕+CHoCH,1h,15m,0.25,월,,,,,,,,,,24308.0,0.0020552789497379274
XRP,스윕+CHoCH,1h,15m,0.25,월,,,,,,,,,,24309.0,-0.1548748307446459
XRP,스윕+CHoCH,1h,15m,0.25,월,,,,,,,,,,24310.0,0.06986097245675404
XRP,스윕+CHoCH,1h,15m,0.25,월,,,,,,,,,,24311.0,0.09757237161867535
XRP,스윕+CHoCH,1h,15m,0.25,월,,,,,,,,,,24312.0,-0.1181781771053316
XRP,스윕+CHoCH,1h,15m,0.25,월,,,,,,,,,,24313.0,0.09886312260509848
XRP,스윕+CHoCH,1h,15m,0.25,월,,,,,,,,,,24314.0,0.09143952622557548
XRP,스윕+CHoCH,1h,15m,0.25,월,,,,,,,,,,24315.0,-0.09316004757677203
XRP,스윕+CHoCH,1h,15m,0.25,월,,,,,,,,,,24316.0,-0.27051570368896205
XRP,스윕+CHoCH,1h,15m,0.25,월,,,,,,,,,,24317.0,0.24267258456931506
XRP,스윕+CHoCH,1h,15m,0.25,월,,,,,,,,,,24318.0,0.2783447718049346
XRP,스윕+CHoCH,1h,1h,0.0,전체,1385.0,0.994256999282125,352.7671479563949,-0.008664259927797834,0.022707798753402442,-0.03137205868120028,-0.018140794223826716,0.28447653429602887,0.1379061371841155,,
XRP,스윕+CHoCH,1h,1h,0.0,홀드아웃 전,1119.0,0.994256999282125,359.4400302686344,-0.005361930294906166,0.02230101791084011,-0.02766294820574628,,0.28507596067917784,0.13941018766756033,,
XRP,스윕+CHoCH,1h,1h,0.0,홀드아웃 12개월,266.0,0.994256999282125,329.24535011528656,-0.022556390977443608,0.02441903094448232,-0.04697542192192591,,0.2819548872180451,0.13157894736842105,,
XRP,스윕+CHoCH,1h,1h,0.0,월,,,,,,,,,,24258.0,0.43005270379891924
XRP,스윕+CHoCH,1h,1h,0.0,월,,,,,,,,,,24259.0,0.17167224834106612
XRP,스윕+CHoCH,1h,1h,0.0,월,,,,,,,,,,24260.0,-0.08441535231465339
XRP,스윕+CHoCH,1h,1h,0.0,월,,,,,,,,,,24261.0,0.21114916800726
XRP,스윕+CHoCH,1h,1h,0.0,월,,,,,,,,,,24262.0,-0.15055330418869028
XRP,스윕+CHoCH,1h,1h,0.0,월,,,,,,,,,,24263.0,-0.016113112499919112
XRP,스윕+CHoCH,1h,1h,0.0,월,,,,,,,,,,24264.0,0.08980091242605204
XRP,스윕+CHoCH,1h,1h,0.0,월,,,,,,,,,,24265.0,0.055596566934344595
XRP,스윕+CHoCH,1h,1h,0.0,월,,,,,,,,,,24266.0,0.04591748918682394
XRP,스윕+CHoCH,1h,1h,0.0,월,,,,,,,,,,24267.0,0.25415067574420797
XRP,스윕+CHoCH,1h,1h,0.0,월,,,,,,,,,,24268.0,0.5343308594686729
XRP,스윕+CHoCH,1h,1h,0.0,월,,,,,,,,,,24269.0,-0.4060393608677465
XRP,스윕+CHoCH,1h,1h,0.0,월,,,,,,,,,,24270.0,0.10608549773131248
XRP,스윕+CHoCH,1h,1h,0.0,월,,,,,,,,,,24271.0,-0.01953690400987511
XRP,스윕+CHoCH,1h,1h,0.0,월,,,,,,,,,,24272.0,-0.5479562509755073
XRP,스윕+CHoCH,1h,1h,0.0,월,,,,,,,,,,24273.0,-0.3784174108043253
XRP,스윕+CHoCH,1h,1h,0.0,월,,,,,,,,,,24274.0,-0.3216450931706957
XRP,스윕+CHoCH,1h,1h,0.0,월,,,,,,,,,,24275.0,-0.14672108672578288
XRP,스윕+CHoCH,1h,1h,0.0,월,,,,,,,,,,24276.0,0.28413148140512356
XRP,스윕+CHoCH,1h,1h,0.0,월,,,,,,,,,,24277.0,-0.3198924649355223
XRP,스윕+CHoCH,1h,1h,0.0,월,,,,,,,,,,24278.0,-0.476382935379371
XRP,스윕+CHoCH,1h,1h,0.0,월,,,,,,,,,,24279.0,-0.21378051879852267
XRP,스윕+CHoCH,1h,1h,0.0,월,,,,,,,,,,24280.0,-0.024371189521628436
XRP,스윕+CHoCH,1h,1h,0.0,월,,,,,,,,,,24281.0,-0.14770719358555826
XRP,스윕+CHoCH,1h,1h,0.0,월,,,,,,,,,,24282.0,-0.021214430698467034
XRP,스윕+CHoCH,1h,1h,0.0,월,,,,,,,,,,24283.0,-0.06867263713272732
XRP,스윕+CHoCH,1h,1h,0.0,월,,,,,,,,,,24284.0,0.10202781799853547
XRP,스윕+CHoCH,1h,1h,0.0,월,,,,,,,,,,24285.0,0.0964229278010446
XRP,스윕+CHoCH,1h,1h,0.0,월,,,,,,,,,,24286.0,0.04783906037119622
XRP,스윕+CHoCH,1h,1h,0.0,월,,,,,,,,,,24287.0,0.1462557149595731
XRP,스윕+CHoCH,1h,1h,0.0,월,,,,,,,,,,24288.0,-0.20984481432827543
XRP,스윕+CHoCH,1h,1h,0.0,월,,,,,,,,,,24289.0,-0.11980379294038909
XRP,스윕+CHoCH,1h,1h,0.0,월,,,,,,,,,,24290.0,-0.11553672277112066
XRP,스윕+CHoCH,1h,1h,0.0,월,,,,,,,,,,24291.0,0.15943073173267877
XRP,스윕+CHoCH,1h,1h,0.0,월,,,,,,,,,,24292.0,-0.2026622554613206
XRP,스윕+CHoCH,1h,1h,0.0,월,,,,,,,,,,24293.0,-0.07241293216021216
XRP,스윕+CHoCH,1h,1h,0.0,월,,,,,,,,,,24294.0,-0.5058096990148547
XRP,스윕+CHoCH,1h,1h,0.0,월,,,,,,,,,,24295.0,0.030992637871845263
XRP,스윕+CHoCH,1h,1h,0.0,월,,,,,,,,,,24296.0,-0.01842352451148491
XRP,스윕+CHoCH,1h,1h,0.0,월,,,,,,,,,,24297.0,0.08561040554348705
XRP,스윕+CHoCH,1h,1h,0.0,월,,,,,,,,,,24298.0,0.3016709450473452
XRP,스윕+CHoCH,1h,1h,0.0,월,,,,,,,,,,24299.0,0.5781838123273203
XRP,스윕+CHoCH,1h,1h,0.0,월,,,,,,,,,,24300.0,-0.1295586725295264
XRP,스윕+CHoCH,1h,1h,0.0,월,,,,,,,,,,24301.0,0.4006489173317977
XRP,스윕+CHoCH,1h,1h,0.0,월,,,,,,,,,,24302.0,-0.01662116501371377
XRP,스윕+CHoCH,1h,1h,0.0,월,,,,,,,,,,24303.0,-0.01688694808559767
XRP,스윕+CHoCH,1h,1h,0.0,월,,,,,,,,,,24304.0,-0.3152698404901174
XRP,스윕+CHoCH,1h,1h,0.0,월,,,,,,,,,,24305.0,-0.023799505031841514
XRP,스윕+CHoCH,1h,1h,0.0,월,,,,,,,,,,24306.0,0.08271521299441613
XRP,스윕+CHoCH,1h,1h,0.0,월,,,,,,,,,,24307.0,0.07102651562654407
XRP,스윕+CHoCH,1h,1h,0.0,월,,,,,,,,,,24308.0,0.05201368803537219
XRP,스윕+CHoCH,1h,1h,0.0,월,,,,,,,,,,24309.0,0.0015904624599555673
XRP,스윕+CHoCH,1h,1h,0.0,월,,,,,,,,,,24310.0,0.13958265500372677
XRP,스윕+CHoCH,1h,1h,0.0,월,,,,,,,,,,24311.0,0.20414343243556224
XRP,스윕+CHoCH,1h,1h,0.0,월,,,,,,,,,,24312.0,-0.5897921678227377
XRP,스윕+CHoCH,1h,1h,0.0,월,,,,,,,,,,24313.0,0.3534825586698795
XRP,스윕+CHoCH,1h,1h,0.0,월,,,,,,,,,,24314.0,-0.10984224392172742
XRP,스윕+CHoCH,1h,1h,0.0,월,,,,,,,,,,24315.0,0.020795487343830365
XRP,스윕+CHoCH,1h,1h,0.0,월,,,,,,,,,,24316.0,-0.6542312859819459
XRP,스윕+CHoCH,1h,1h,0.0,월,,,,,,,,,,24317.0,0.2643732859082466
XRP,스윕+CHoCH,1h,1h,0.0,월,,,,,,,,,,24318.0,-0.3373045179474156
XRP,스윕+CHoCH,1h,1h,0.25,전체,1385.0,0.994256999282125,359.7148188679418,-0.012996389891696752,0.022235108764083186,-0.03523149865577994,-0.05433212996389892,0.2815884476534296,0.14223826714801444,,
XRP,스윕+CHoCH,1h,1h,0.25,홀드아웃 전,1119.0,0.994256999282125,366.6811493244278,-0.012511170688114389,0.02186590604571025,-0.03437707673382464,,0.28150134048257375,0.14298480786416443,,
XRP,스윕+CHoCH,1h,1h,0.25,홀드아웃 12개월,266.0,0.994256999282125,334.08084454107836,-0.015037593984962405,0.023788258545509176,-0.038825852530471584,,0.2819548872180451,0.13909774436090225,,
XRP,스윕+CHoCH,1h,1h,0.25,월,,,,,,,,,,24258.0,0.43049394385664996
XRP,스윕+CHoCH,1h,1h,0.25,월,,,,,,,,,,24259.0,0.17191739419022786
XRP,스윕+CHoCH,1h,1h,0.25,월,,,,,,,,,,24260.0,-0.08414828761140748
XRP,스윕+CHoCH,1h,1h,0.25,월,,,,,,,,,,24261.0,0.2114928371814918
XRP,스윕+CHoCH,1h,1h,0.25,월,,,,,,,,,,24262.0,-0.1501943357706603
XRP,스윕+CHoCH,1h,1h,0.25,월,,,,,,,,,,24263.0,-0.01578585015571099
XRP,스윕+CHoCH,1h,1h,0.25,월,,,,,,,,,,24264.0,0.09021038406137882
XRP,스윕+CHoCH,1h,1h,0.25,월,,,,,,,,,,24265.0,0.05599269509035384
XRP,스윕+CHoCH,1h,1h,0.25,월,,,,,,,,,,24266.0,0.04620139161543378
XRP,스윕+CHoCH,1h,1h,0.25,월,,,,,,,,,,24267.0,0.25453165473203593
XRP,스윕+CHoCH,1h,1h,0.25,월,,,,,,,,,,24268.0,0.5347062163220689
XRP,스윕+CHoCH,1h,1h,0.25,월,,,,,,,,,,24269.0,-0.40568386964402514
XRP,스윕+CHoCH,1h,1h,0.25,월,,,,,,,,,,24270.0,0.10653014679888378
XRP,스윕+CHoCH,1h,1h,0.25,월,,,,,,,,,,24271.0,-0.019056028876255952
XRP,스윕+CHoCH,1h,1h,0.25,월,,,,,,,,,,24272.0,-0.5474814949147968
XRP,스윕+CHoCH,1h,1h,0.25,월,,,,,,,,,,24273.0,-0.37807279614868633
XRP,스윕+CHoCH,1h,1h,0.25,월,,,,,,,,,,24274.0,-0.32116785516620355
XRP,스윕+CHoCH,1h,1h,0.25,월,,,,,,,,,,24275.0,-0.14618939923766214
XRP,스윕+CHoCH,1h,1h,0.25,월,,,,,,,,,,24276.0,0.2849088258053348
XRP,스윕+CHoCH,1h,1h,0.25,월,,,,,,,,,,24277.0,-0.3194728493880402
XRP,스윕+CHoCH,1h,1h,0.25,월,,,,,,,,,,24278.0,-0.5503903304177821
XRP,스윕+CHoCH,1h,1h,0.25,월,,,,,,,,,,24279.0,-0.21326818777615483
XRP,스윕+CHoCH,1h,1h,0.25,월,,,,,,,,,,24280.0,-0.023829679471425235
XRP,스윕+CHoCH,1h,1h,0.25,월,,,,,,,,,,24281.0,-0.14717925123621073
XRP,스윕+CHoCH,1h,1h,0.25,월,,,,,,,,,,24282.0,-0.15799192076858243
XRP,스윕+CHoCH,1h,1h,0.25,월,,,,,,,,,,24283.0,-0.06776614496947925
XRP,스윕+CHoCH,1h,1h,0.25,월,,,,,,,,,,24284.0,0.10256909919885468
XRP,스윕+CHoCH,1h,1h,0.25,월,,,,,,,,,,24285.0,0.09700761524196873
XRP,스윕+CHoCH,1h,1h,0.25,월,,,,,,,,,,24286.0,0.04846598665939383
XRP,스윕+CHoCH,1h,1h,0.25,월,,,,,,,,,,24287.0,-0.02017860644187524
XRP,스윕+CHoCH,1h,1h,0.25,월,,,,,,,,,,24288.0,-0.20929465950774961
XRP,스윕+CHoCH,1h,1h,0.25,월,,,,,,,,,,24289.0,-0.11934343098410678
XRP,스윕+CHoCH,1h,1h,0.25,월,,,,,,,,,,24290.0,-0.11495030160906952
XRP,스윕+CHoCH,1h,1h,0.25,월,,,,,,,,,,24291.0,0.26734569649351353
XRP,스윕+CHoCH,1h,1h,0.25,월,,,,,,,,,,24292.0,-0.2024298307827239
XRP,스윕+CHoCH,1h,1h,0.25,월,,,,,,,,,,24293.0,-0.1521635742276875
XRP,스윕+CHoCH,1h,1h,0.25,월,,,,,,,,,,24294.0,-0.4691834402977923
XRP,스윕+CHoCH,1h,1h,0.25,월,,,,,,,,,,24295.0,-0.06907649858949165
XRP,스윕+CHoCH,1h,1h,0.25,월,,,,,,,,,,24296.0,-0.018026327558442294
XRP,스윕+CHoCH,1h,1h,0.25,월,,,,,,,,,,24297.0,0.08622123917611006
XRP,스윕+CHoCH,1h,1h,0.25,월,,,,,,,,,,24298.0,0.1339454576203044
XRP,스윕+CHoCH,1h,1h,0.25,월,,,,,,,,,,24299.0,0.5783597994319107
XRP,스윕+CHoCH,1h,1h,0.25,월,,,,,,,,,,24300.0,-0.12933309380184665
XRP,스윕+CHoCH,1h,1h,0.25,월,,,,,,,,,,24301.0,0.400856562375659
XRP,스윕+CHoCH,1h,1h,0.25,월,,,,,,,,,,24302.0,0.12160240006154313
XRP,스윕+CHoCH,1h,1h,0.25,월,,,,,,,,,,24303.0,-0.01650211144853793
XRP,스윕+CHoCH,1h,1h,0.25,월,,,,,,,,,,24304.0,-0.3149992075933349
XRP,스윕+CHoCH,1h,1h,0.25,월,,,,,,,,,,24305.0,-0.02328723886331697
XRP,스윕+CHoCH,1h,1h,0.25,월,,,,,,,,,,24306.0,0.0835975769768696
XRP,스윕+CHoCH,1h,1h,0.25,월,,,,,,,,,,24307.0,0.07133547195113787
XRP,스윕+CHoCH,1h,1h,0.25,월,,,,,,,,,,24308.0,0.05255486027030701
XRP,스윕+CHoCH,1h,1h,0.25,월,,,,,,,,,,24309.0,-0.06708834477654876
XRP,스윕+CHoCH,1h,1h,0.25,월,,,,,,,,,,24310.0,0.13995310683851656
XRP,스윕+CHoCH,1h,1h,0.25,월,,,,,,,,,,24311.0,0.24194131971993188
XRP,스윕+CHoCH,1h,1h,0.25,월,,,,,,,,,,24312.0,-0.7102049876271672
XRP,스윕+CHoCH,1h,1h,0.25,월,,,,,,,,,,24313.0,0.35411789112030234
XRP,스윕+CHoCH,1h,1h,0.25,월,,,,,,,,,,24314.0,-0.10957633530393925
XRP,스윕+CHoCH,1h,1h,0.25,월,,,,,,,,,,24315.0,0.021247025504717302
XRP,스윕+CHoCH,1h,1h,0.25,월,,,,,,,,,,24316.0,-0.5092906879275161
XRP,스윕+CHoCH,1h,1h,0.25,월,,,,,,,,,,24317.0,0.26515747410133783
XRP,스윕+CHoCH,1h,1h,0.25,월,,,,,,,,,,24318.0,-0.1476363138365038
XRP,스윕+CHoCH,4h,5m,0.0,전체,1180.0,0.9932659932659933,118.80897915226616,0.015254237288135594,0.06323322591525701,-0.04797898862712142,0.0023305084745762713,0.33559322033898303,0.00847457627118644,,
XRP,스윕+CHoCH,4h,5m,0.0,홀드아웃 전,927.0,0.9932659932659933,123.01307940271924,0.008629989212513484,0.061781933492619824,-0.05315194428010635,,0.3333333333333333,0.008629989212513484,,
XRP,스윕+CHoCH,4h,5m,0.0,홀드아웃 12개월,253.0,0.9932659932659933,105.17223859363855,0.039525691699604744,0.06855080724246915,-0.029025115542864424,,0.3438735177865613,0.007905138339920948,,
XRP,스윕+CHoCH,4h,5m,0.0,월,,,,,,,,,,24258.0,-0.3648572302029308
XRP,스윕+CHoCH,4h,5m,0.0,월,,,,,,,,,,24259.0,-0.09600956920244413
XRP,스윕+CHoCH,4h,5m,0.0,월,,,,,,,,,,24260.0,0.24682557108123793
XRP,스윕+CHoCH,4h,5m,0.0,월,,,,,,,,,,24261.0,-0.6707662576556186
XRP,스윕+CHoCH,4h,5m,0.0,월,,,,,,,,,,24262.0,0.3918037057811499
XRP,스윕+CHoCH,4h,5m,0.0,월,,,,,,,,,,24263.0,0.06287261815338269
XRP,스윕+CHoCH,4h,5m,0.0,월,,,,,,,,,,24264.0,-0.10165882530808612
XRP,스윕+CHoCH,4h,5m,0.0,월,,,,,,,,,,24265.0,0.23674438873471354
XRP,스윕+CHoCH,4h,5m,0.0,월,,,,,,,,,,24266.0,0.0009582209402926939
XRP,스윕+CHoCH,4h,5m,0.0,월,,,,,,,,,,24267.0,0.21518833750501185
XRP,스윕+CHoCH,4h,5m,0.0,월,,,,,,,,,,24268.0,-0.6734686176790675
XRP,스윕+CHoCH,4h,5m,0.0,월,,,,,,,,,,24269.0,-0.46250742636218883
XRP,스윕+CHoCH,4h,5m,0.0,월,,,,,,,,,,24270.0,0.24966998388013548
XRP,스윕+CHoCH,4h,5m,0.0,월,,,,,,,,,,24271.0,0.09567514274128647
XRP,스윕+CHoCH,4h,5m,0.0,월,,,,,,,,,,24272.0,-0.20062834803918872
XRP,스윕+CHoCH,4h,5m,0.0,월,,,,,,,,,,24273.0,-0.04490741501160894
XRP,스윕+CHoCH,4h,5m,0.0,월,,,,,,,,,,24274.0,0.14195556841214868
XRP,스윕+CHoCH,4h,5m,0.0,월,,,,,,,,,,24275.0,0.041786571629997465
XRP,스윕+CHoCH,4h,5m,0.0,월,,,,,,,,,,24276.0,-0.21265989847762065
XRP,스윕+CHoCH,4h,5m,0.0,월,,,,,,,,,,24277.0,0.2203857941241165
XRP,스윕+CHoCH,4h,5m,0.0,월,,,,,,,,,,24278.0,-0.6247483161161342
XRP,스윕+CHoCH,4h,5m,0.0,월,,,,,,,,,,24279.0,-0.056108906667590525
XRP,스윕+CHoCH,4h,5m,0.0,월,,,,,,,,,,24280.0,0.031808785563884466
XRP,스윕+CHoCH,4h,5m,0.0,월,,,,,,,,,,24281.0,0.2520471767891636
XRP,스윕+CHoCH,4h,5m,0.0,월,,,,,,,,,,24282.0,-0.019583712565215673
XRP,스윕+CHoCH,4h,5m,0.0,월,,,,,,,,,,24283.0,0.42616025430467697
XRP,스윕+CHoCH,4h,5m,0.0,월,,,,,,,,,,24284.0,-0.6438684849917359
XRP,스윕+CHoCH,4h,5m,0.0,월,,,,,,,,,,24285.0,0.03479320151571093
XRP,스윕+CHoCH,4h,5m,0.0,월,,,,,,,,,,24286.0,0.18531948567204864
XRP,스윕+CHoCH,4h,5m,0.0,월,,,,,,,,,,24287.0,-0.5935244036164201
XRP,스윕+CHoCH,4h,5m,0.0,월,,,,,,,,,,24288.0,-0.21254793170953856
XRP,스윕+CHoCH,4h,5m,0.0,월,,,,,,,,,,24289.0,0.12481756523551293
XRP,스윕+CHoCH,4h,5m,0.0,월,,,,,,,,,,24290.0,0.038975409175434114
XRP,스윕+CHoCH,4h,5m,0.0,월,,,,,,,,,,24291.0,0.25189440365625687
XRP,스윕+CHoCH,4h,5m,0.0,월,,,,,,,,,,24292.0,-0.42293780997771974
XRP,스윕+CHoCH,4h,5m,0.0,월,,,,,,,,,,24293.0,0.33859430829040904
XRP,스윕+CHoCH,4h,5m,0.0,월,,,,,,,,,,24294.0,-0.14454708468474872
XRP,스윕+CHoCH,4h,5m,0.0,월,,,,,,,,,,24295.0,-0.051200736007468745
XRP,스윕+CHoCH,4h,5m,0.0,월,,,,,,,,,,24296.0,-0.36046125076416563
XRP,스윕+CHoCH,4h,5m,0.0,월,,,,,,,,,,24297.0,-0.13852003579543112
XRP,스윕+CHoCH,4h,5m,0.0,월,,,,,,,,,,24298.0,0.3367409961010129
XRP,스윕+CHoCH,4h,5m,0.0,월,,,,,,,,,,24299.0,-0.16071998726898767
XRP,스윕+CHoCH,4h,5m,0.0,월,,,,,,,,,,24300.0,-0.03366498412932327
XRP,스윕+CHoCH,4h,5m,0.0,월,,,,,,,,,,24301.0,-0.621361974615739
XRP,스윕+CHoCH,4h,5m,0.0,월,,,,,,,,,,24302.0,0.19546120524254637
XRP,스윕+CHoCH,4h,5m,0.0,월,,,,,,,,,,24303.0,0.35728235063928615
XRP,스윕+CHoCH,4h,5m,0.0,월,,,,,,,,,,24304.0,-0.7569329085756065
XRP,스윕+CHoCH,4h,5m,0.0,월,,,,,,,,,,24305.0,-0.33527997722122455
XRP,스윕+CHoCH,4h,5m,0.0,월,,,,,,,,,,24306.0,0.0008990231983229436
XRP,스윕+CHoCH,4h,5m,0.0,월,,,,,,,,,,24307.0,0.11219179928643373
XRP,스윕+CHoCH,4h,5m,0.0,월,,,,,,,,,,24308.0,-0.2939633832233832
XRP,스윕+CHoCH,4h,5m,0.0,월,,,,,,,,,,24309.0,-0.07725514260448839
XRP,스윕+CHoCH,4h,5m,0.0,월,,,,,,,,,,24310.0,0.3653979756202953
XRP,스윕+CHoCH,4h,5m,0.0,월,,,,,,,,,,24311.0,-0.30997303005996585
XRP,스윕+CHoCH,4h,5m,0.0,월,,,,,,,,,,24312.0,0.5664153945528309
XRP,스윕+CHoCH,4h,5m,0.0,월,,,,,,,,,,24313.0,0.12479803597656826
XRP,스윕+CHoCH,4h,5m,0.0,월,,,,,,,,,,24314.0,-0.18062552372367432
XRP,스윕+CHoCH,4h,5m,0.0,월,,,,,,,,,,24315.0,0.28982130387093524
XRP,스윕+CHoCH,4h,5m,0.0,월,,,,,,,,,,24316.0,-0.362341654423251
XRP,스윕+CHoCH,4h,5m,0.0,월,,,,,,,,,,24317.0,-0.16803452982242661
XRP,스윕+CHoCH,4h,5m,0.0,월,,,,,,,,,,24318.0,-0.5991188331070466
XRP,스윕+CHoCH,4h,5m,0.25,전체,1207.0,0.9934156378600824,124.801484676706,0.02236951118475559,0.06024487004652537,-0.037875358861769785,0.006524440762220382,0.3380281690140845,0.008285004142502071,,
XRP,스윕+CHoCH,4h,5m,0.25,홀드아웃 전,947.0,0.9934156378600824,129.63708240584737,0.0031678986272439284,0.059274648506385294,-0.05610674987914135,,0.33157338965153116,0.008447729672650475,,
XRP,스윕+CHoCH,4h,5m,0.25,홀드아웃 12개월,260.0,0.9934156378600824,111.05095718635965,0.09230769230769231,0.06377871542542025,0.02852897688227206,,0.36153846153846153,0.007692307692307693,,
XRP,스윕+CHoCH,4h,5m,0.25,월,,,,,,,,,,24258.0,-0.2223777242960022
XRP,스윕+CHoCH,4h,5m,0.25,월,,,,,,,,,,24259.0,-0.09283914151143638
XRP,스윕+CHoCH,4h,5m,0.25,월,,,,,,,,,,24260.0,0.24944699437670179
XRP,스윕+CHoCH,4h,5m,0.25,월,,,,,,,,,,24261.0,-0.6679303466983054
XRP,스윕+CHoCH,4h,5m,0.25,월,,,,,,,,,,24262.0,0.3941946568243052
XRP,스윕+CHoCH,4h,5m,0.25,월,,,,,,,,,,24263.0,-0.049564557874031516
XRP,스윕+CHoCH,4h,5m,0.25,월,,,,,,,,,,24264.0,-0.14589867950379073
XRP,스윕+CHoCH,4h,5m,0.25,월,,,,,,,,,,24265.0,0.2398206904141106
XRP,스윕+CHoCH,4h,5m,0.25,월,,,,,,,,,,24266.0,0.003566142375998292
XRP,스윕+CHoCH,4h,5m,0.25,월,,,,,,,,,,24267.0,0.218515324927965
XRP,스윕+CHoCH,4h,5m,0.25,월,,,,,,,,,,24268.0,-0.6959125756675499
XRP,스윕+CHoCH,4h,5m,0.25,월,,,,,,,,,,24269.0,-0.45955328760626224
XRP,스윕+CHoCH,4h,5m,0.25,월,,,,,,,,,,24270.0,0.25322566009781056
XRP,스윕+CHoCH,4h,5m,0.25,월,,,,,,,,,,24271.0,0.09851085237157892
XRP,스윕+CHoCH,4h,5m,0.25,월,,,,,,,,,,24272.0,-0.32257026792736315
XRP,스윕+CHoCH,4h,5m,0.25,월,,,,,,,,,,24273.0,-0.042312989743115086
XRP,스윕+CHoCH,4h,5m,0.25,월,,,,,,,,,,24274.0,-0.05731900230019281
XRP,스윕+CHoCH,4h,5m,0.25,월,,,,,,,,,,24275.0,-0.004249907748165819
XRP,스윕+CHoCH,4h,5m,0.25,월,,,,,,,,,,24276.0,-0.2040997481816968
XRP,스윕+CHoCH,4h,5m,0.25,월,,,,,,,,,,24277.0,0.10958927052542798
XRP,스윕+CHoCH,4h,5m,0.25,월,,,,,,,,,,24278.0,-0.6598490241205474
XRP,스윕+CHoCH,4h,5m,0.25,월,,,,,,,,,,24279.0,0.025528560679496125
XRP,스윕+CHoCH,4h,5m,0.25,월,,,,,,,,,,24280.0,0.03476709490010622
XRP,스윕+CHoCH,4h,5m,0.25,월,,,,,,,,,,24281.0,0.25750451815979697
XRP,스윕+CHoCH,4h,5m,0.25,월,,,,,,,,,,24282.0,-0.014904287214298418
XRP,스윕+CHoCH,4h,5m,0.25,월,,,,,,,,,,24283.0,0.4309185307237728
XRP,스윕+CHoCH,4h,5m,0.25,월,,,,,,,,,,24284.0,-0.6390012598830711
XRP,스윕+CHoCH,4h,5m,0.25,월,,,,,,,,,,24285.0,-0.15189628184341336
XRP,스윕+CHoCH,4h,5m,0.25,월,,,,,,,,,,24286.0,-0.025891131165083507
XRP,스윕+CHoCH,4h,5m,0.25,월,,,,,,,,,,24287.0,-0.5857350776320108
XRP,스윕+CHoCH,4h,5m,0.25,월,,,,,,,,,,24288.0,-0.20785591639823633
XRP,스윕+CHoCH,4h,5m,0.25,월,,,,,,,,,,24289.0,0.1283765053694783
XRP,스윕+CHoCH,4h,5m,0.25,월,,,,,,,,,,24290.0,0.15328887956304627
XRP,스윕+CHoCH,4h,5m,0.25,월,,,,,,,,,,24291.0,0.4439070227397379
XRP,스윕+CHoCH,4h,5m,0.25,월,,,,,,,,,,24292.0,-0.41881274629447895
XRP,스윕+CHoCH,4h,5m,0.25,월,,,,,,,,,,24293.0,0.2564054705610684
XRP,스윕+CHoCH,4h,5m,0.25,월,,,,,,,,,,24294.0,-0.0046364183994365565
XRP,스윕+CHoCH,4h,5m,0.25,월,,,,,,,,,,24295.0,-0.048390848898225106
XRP,스윕+CHoCH,4h,5m,0.25,월,,,,,,,,,,24296.0,-0.2086217863061349
XRP,스윕+CHoCH,4h,5m,0.25,월,,,,,,,,,,24297.0,-0.13314210630464438
XRP,스윕+CHoCH,4h,5m,0.25,월,,,,,,,,,,24298.0,0.3408786086796199
XRP,스윕+CHoCH,4h,5m,0.25,월,,,,,,,,,,24299.0,-0.1579122553319048
XRP,스윕+CHoCH,4h,5m,0.25,월,,,,,,,,,,24300.0,-0.08456112971217117
XRP,스윕+CHoCH,4h,5m,0.25,월,,,,,,,,,,24301.0,-0.6177618886384725
XRP,스윕+CHoCH,4h,5m,0.25,월,,,,,,,,,,24302.0,0.37507961011827173
XRP,스윕+CHoCH,4h,5m,0.25,월,,,,,,,,,,24303.0,0.3601760408624299
XRP,스윕+CHoCH,4h,5m,0.25,월,,,,,,,,,,24304.0,-0.7533503329175144
XRP,스윕+CHoCH,4h,5m,0.25,월,,,,,,,,,,24305.0,-0.39116199929552775
XRP,스윕+CHoCH,4h,5m,0.25,월,,,,,,,,,,24306.0,0.006323060200754265
XRP,스윕+CHoCH,4h,5m,0.25,월,,,,,,,,,,24307.0,0.04800528413202174
XRP,스윕+CHoCH,4h,5m,0.25,월,,,,,,,,,,24308.0,-0.3189180759709253
XRP,스윕+CHoCH,4h,5m,0.25,월,,,,,,,,,,24309.0,-0.07282081485259619
XRP,스윕+CHoCH,4h,5m,0.25,월,,,,,,,,,,24310.0,0.36962192699704144
XRP,스윕+CHoCH,4h,5m,0.25,월,,,,,,,,,,24311.0,-0.23591454286729824
XRP,스윕+CHoCH,4h,5m,0.25,월,,,,,,,,,,24312.0,0.6283811696992239
XRP,스윕+CHoCH,4h,5m,0.25,월,,,,,,,,,,24313.0,0.12927202073653282
XRP,스윕+CHoCH,4h,5m,0.25,월,,,,,,,,,,24314.0,-0.31462573396270804
XRP,스윕+CHoCH,4h,5m,0.25,월,,,,,,,,,,24315.0,0.36630924642109614
XRP,스윕+CHoCH,4h,5m,0.25,월,,,,,,,,,,24316.0,-0.35653965626928347
XRP,스윕+CHoCH,4h,5m,0.25,월,,,,,,,,,,24317.0,0.14213225707277619
XRP,스윕+CHoCH,4h,5m,0.25,월,,,,,,,,,,24318.0,-0.05520115607883551
XRP,스윕+CHoCH,4h,15m,0.0,전체,1157.0,0.990582191780822,185.49434242255626,-0.03111495246326707,0.04299368768682026,-0.07410864015008732,0.0011884183232497843,0.31547104580812446,0.02247191011235955,,
XRP,스윕+CHoCH,4h,15m,0.0,홀드아웃 전,904.0,0.990582191780822,194.74233713812603,-0.02101769911504425,0.0412132286515833,-0.062230927766627545,,0.3185840707964602,0.023230088495575223,,
XRP,스윕+CHoCH,4h,15m,0.0,홀드아웃 12개월,253.0,0.990582191780822,154.0408606038682,-0.06719367588932806,0.04935548597873417,-0.11654916186806225,,0.30434782608695654,0.019762845849802372,,
XRP,스윕+CHoCH,4h,15m,0.0,월,,,,,,,,,,24258.0,-0.31663507449109984
XRP,스윕+CHoCH,4h,15m,0.0,월,,,,,,,,,,24259.0,0.14242557422157154
XRP,스윕+CHoCH,4h,15m,0.0,월,,,,,,,,,,24260.0,0.026337852682235353
XRP,스윕+CHoCH,4h,15m,0.0,월,,,,,,,,,,24261.0,-0.3160876512229915
XRP,스윕+CHoCH,4h,15m,0.0,월,,,,,,,,,,24262.0,-0.03429838916521851
XRP,스윕+CHoCH,4h,15m,0.0,월,,,,,,,,,,24263.0,-0.17676601963230507
XRP,스윕+CHoCH,4h,15m,0.0,월,,,,,,,,,,24264.0,-0.4315218819060955
XRP,스윕+CHoCH,4h,15m,0.0,월,,,,,,,,,,24265.0,-0.23512975132943778
XRP,스윕+CHoCH,4h,15m,0.0,월,,,,,,,,,,24266.0,-0.34443252834385396
XRP,스윕+CHoCH,4h,15m,0.0,월,,,,,,,,,,24267.0,-0.20040811146292575
XRP,스윕+CHoCH,4h,15m,0.0,월,,,,,,,,,,24268.0,0.08205501760614864
XRP,스윕+CHoCH,4h,15m,0.0,월,,,,,,,,,,24269.0,-0.44621746459788675
XRP,스윕+CHoCH,4h,15m,0.0,월,,,,,,,,,,24270.0,0.5199912760941544
XRP,스윕+CHoCH,4h,15m,0.0,월,,,,,,,,,,24271.0,0.3898006402313435
XRP,스윕+CHoCH,4h,15m,0.0,월,,,,,,,,,,24272.0,-0.36374186307429013
XRP,스윕+CHoCH,4h,15m,0.0,월,,,,,,,,,,24273.0,-0.09549274315440437
XRP,스윕+CHoCH,4h,15m,0.0,월,,,,,,,,,,24274.0,-0.5965325447055784
XRP,스윕+CHoCH,4h,15m,0.0,월,,,,,,,,,,24275.0,0.2428469204993445
XRP,스윕+CHoCH,4h,15m,0.0,월,,,,,,,,,,24276.0,0.054034325937031294
XRP,스윕+CHoCH,4h,15m,0.0,월,,,,,,,,,,24277.0,-0.23349505313627872
XRP,스윕+CHoCH,4h,15m,0.0,월,,,,,,,,,,24278.0,-0.38560889186833136
XRP,스윕+CHoCH,4h,15m,0.0,월,,,,,,,,,,24279.0,0.13555633035699718
XRP,스윕+CHoCH,4h,15m,0.0,월,,,,,,,,,,24280.0,-0.45467227359937845
XRP,스윕+CHoCH,4h,15m,0.0,월,,,,,,,,,,24281.0,-0.35239981826378747
XRP,스윕+CHoCH,4h,15m,0.0,월,,,,,,,,,,24282.0,-0.29729343601206726
XRP,스윕+CHoCH,4h,15m,0.0,월,,,,,,,,,,24283.0,0.05002276469419541
XRP,스윕+CHoCH,4h,15m,0.0,월,,,,,,,,,,24284.0,-0.046138785136016214
XRP,스윕+CHoCH,4h,15m,0.0,월,,,,,,,,,,24285.0,-0.490379568948261
XRP,스윕+CHoCH,4h,15m,0.0,월,,,,,,,,,,24286.0,0.5547166427900645
XRP,스윕+CHoCH,4h,15m,0.0,월,,,,,,,,,,24287.0,-0.308605153413932
XRP,스윕+CHoCH,4h,15m,0.0,월,,,,,,,,,,24288.0,0.04795164378277242
XRP,스윕+CHoCH,4h,15m,0.0,월,,,,,,,,,,24289.0,0.020758142934015553
XRP,스윕+CHoCH,4h,15m,0.0,월,,,,,,,,,,24290.0,0.17350521694135324
XRP,스윕+CHoCH,4h,15m,0.0,월,,,,,,,,,,24291.0,0.31807146816462184
XRP,스윕+CHoCH,4h,15m,0.0,월,,,,,,,,,,24292.0,-0.18210362350874204
XRP,스윕+CHoCH,4h,15m,0.0,월,,,,,,,,,,24293.0,0.6890654557253647
XRP,스윕+CHoCH,4h,15m,0.0,월,,,,,,,,,,24294.0,-0.010923684589811212
XRP,스윕+CHoCH,4h,15m,0.0,월,,,,,,,,,,24295.0,-0.038509283279207406
XRP,스윕+CHoCH,4h,15m,0.0,월,,,,,,,,,,24296.0,0.2069544834822686
XRP,스윕+CHoCH,4h,15m,0.0,월,,,,,,,,,,24297.0,-0.10529386812978127
XRP,스윕+CHoCH,4h,15m,0.0,월,,,,,,,,,,24298.0,0.07448944598747055
XRP,스윕+CHoCH,4h,15m,0.0,월,,,,,,,,,,24299.0,0.20996708587792642
XRP,스윕+CHoCH,4h,15m,0.0,월,,,,,,,,,,24300.0,-0.3901861732273881
XRP,스윕+CHoCH,4h,15m,0.0,월,,,,,,,,,,24301.0,-0.2798290327722576
XRP,스윕+CHoCH,4h,15m,0.0,월,,,,,,,,,,24302.0,0.17540412557977222
XRP,스윕+CHoCH,4h,15m,0.0,월,,,,,,,,,,24303.0,-0.026789586875189925
XRP,스윕+CHoCH,4h,15m,0.0,월,,,,,,,,,,24304.0,-0.1328608684296176
XRP,스윕+CHoCH,4h,15m,0.0,월,,,,,,,,,,24305.0,-0.12867044291032587
XRP,스윕+CHoCH,4h,15m,0.0,월,,,,,,,,,,24306.0,-0.015467103614402115
XRP,스윕+CHoCH,4h,15m,0.0,월,,,,,,,,,,24307.0,-0.1390645085980624
XRP,스윕+CHoCH,4h,15m,0.0,월,,,,,,,,,,24308.0,-0.005776005785686327
XRP,스윕+CHoCH,4h,15m,0.0,월,,,,,,,,,,24309.0,-0.14658100676041844
XRP,스윕+CHoCH,4h,15m,0.0,월,,,,,,,,,,24310.0,-0.36861759946230993
XRP,스윕+CHoCH,4h,15m,0.0,월,,,,,,,,,,24311.0,-0.08753900853089881
XRP,스윕+CHoCH,4h,15m,0.0,월,,,,,,,,,,24312.0,-0.09989622055337243
XRP,스윕+CHoCH,4h,15m,0.0,월,,,,,,,,,,24313.0,-0.06062279738430639
XRP,스윕+CHoCH,4h,15m,0.0,월,,,,,,,,,,24314.0,-0.14444653300065363
XRP,스윕+CHoCH,4h,15m,0.0,월,,,,,,,,,,24315.0,-0.13671823966767188
XRP,스윕+CHoCH,4h,15m,0.0,월,,,,,,,,,,24316.0,-0.19255981092392357
XRP,스윕+CHoCH,4h,15m,0.0,월,,,,,,,,,,24317.0,0.008093860746854205
XRP,스윕+CHoCH,4h,15m,0.0,월,,,,,,,,,,24318.0,0.08658760229171895
XRP,스윕+CHoCH,4h,15m,0.25,전체,1163.0,0.9906303236797275,191.25558260953346,-0.03267411865864144,0.041321735200710585,-0.07399585385935202,0.0060189165950128975,0.31470335339638866,0.023215821152192607,,
XRP,스윕+CHoCH,4h,15m,0.25,홀드아웃 전,907.0,0.9906303236797275,200.57175314783746,-0.026460859977949284,0.0395318398003019,-0.06599269977825117,,0.3164277839029768,0.024255788313120176,,
XRP,스윕+CHoCH,4h,15m,0.25,홀드아웃 12개월,256.0,0.9906303236797275,160.44451501971506,-0.0546875,0.047663278670127276,-0.10235077867012728,,0.30859375,0.01953125,,
XRP,스윕+CHoCH,4h,15m,0.25,월,,,,,,,,,,24258.0,-0.170362290580243
XRP,스윕+CHoCH,4h,15m,0.25,월,,,,,,,,,,24259.0,0.14380055952565007
XRP,스윕+CHoCH,4h,15m,0.25,월,,,,,,,,,,24260.0,-0.27435294190924253
XRP,스윕+CHoCH,4h,15m,0.25,월,,,,,,,,,,24261.0,-0.31459563579671085
XRP,스윕+CHoCH,4h,15m,0.25,월,,,,,,,,,,24262.0,-0.03282981741318259
XRP,스윕+CHoCH,4h,15m,0.25,월,,,,,,,,,,24263.0,-0.17502060634997518
XRP,스윕+CHoCH,4h,15m,0.25,월,,,,,,,,,,24264.0,-0.43010990362100365
XRP,스윕+CHoCH,4h,15m,0.25,월,,,,,,,,,,24265.0,-0.23362727153395343
XRP,스윕+CHoCH,4h,15m,0.25,월,,,,,,,,,,24266.0,-0.34346484381177805
XRP,스윕+CHoCH,4h,15m,0.25,월,,,,,,,,,,24267.0,-0.31931082946998823
XRP,스윕+CHoCH,4h,15m,0.25,월,,,,,,,,,,24268.0,0.08394717709274394
XRP,스윕+CHoCH,4h,15m,0.25,월,,,,,,,,,,24269.0,-0.4449639686007704
XRP,스윕+CHoCH,4h,15m,0.25,월,,,,,,,,,,24270.0,0.5215219711359611
XRP,스윕+CHoCH,4h,15m,0.25,월,,,,,,,,,,24271.0,0.39111161648263987
XRP,스윕+CHoCH,4h,15m,0.25,월,,,,,,,,,,24272.0,-0.4996755984751417
XRP,스윕+CHoCH,4h,15m,0.25,월,,,,,,,,,,24273.0,-0.09467044002213518
XRP,스윕+CHoCH,4h,15m,0.25,월,,,,,,,,,,24274.0,-0.5941850295178301
XRP,스윕+CHoCH,4h,15m,0.25,월,,,,,,,,,,24275.0,0.3187426949776487
XRP,스윕+CHoCH,4h,15m,0.25,월,,,,,,,,,,24276.0,0.057353890530920826
XRP,스윕+CHoCH,4h,15m,0.25,월,,,,,,,,,,24277.0,-0.4743315810382911
XRP,스윕+CHoCH,4h,15m,0.25,월,,,,,,,,,,24278.0,-0.3834282595926085
XRP,스윕+CHoCH,4h,15m,0.25,월,,,,,,,,,,24279.0,0.1373706535367509
XRP,스윕+CHoCH,4h,15m,0.25,월,,,,,,,,,,24280.0,-0.4525654162401235
XRP,스윕+CHoCH,4h,15m,0.25,월,,,,,,,,,,24281.0,-0.3934575744767053
XRP,스윕+CHoCH,4h,15m,0.25,월,,,,,,,,,,24282.0,-0.294941301560424
XRP,스윕+CHoCH,4h,15m,0.25,월,,,,,,,,,,24283.0,0.05536772685442597
XRP,스윕+CHoCH,4h,15m,0.25,월,,,,,,,,,,24284.0,-0.044301322289888305
XRP,스윕+CHoCH,4h,15m,0.25,월,,,,,,,,,,24285.0,-0.48722278030817057
XRP,스윕+CHoCH,4h,15m,0.25,월,,,,,,,,,,24286.0,0.5576777990707161
XRP,스윕+CHoCH,4h,15m,0.25,월,,,,,,,,,,24287.0,-0.30542325560229133
XRP,스윕+CHoCH,4h,15m,0.25,월,,,,,,,,,,24288.0,0.04975742686543447
XRP,스윕+CHoCH,4h,15m,0.25,월,,,,,,,,,,24289.0,0.022389147220201
XRP,스윕+CHoCH,4h,15m,0.25,월,,,,,,,,,,24290.0,0.17544846941522188
XRP,스윕+CHoCH,4h,15m,0.25,월,,,,,,,,,,24291.0,0.5135181748433001
XRP,스윕+CHoCH,4h,15m,0.25,월,,,,,,,,,,24292.0,-0.18070871055284607
XRP,스윕+CHoCH,4h,15m,0.25,월,,,,,,,,,,24293.0,0.6907859071197303
XRP,스윕+CHoCH,4h,15m,0.25,월,,,,,,,,,,24294.0,-0.007257864822035121
XRP,스윕+CHoCH,4h,15m,0.25,월,,,,,,,,,,24295.0,-0.037031502623694715
XRP,스윕+CHoCH,4h,15m,0.25,월,,,,,,,,,,24296.0,0.36169351576839137
XRP,스윕+CHoCH,4h,15m,0.25,월,,,,,,,,,,24297.0,-0.1030264079176562
XRP,스윕+CHoCH,4h,15m,0.25,월,,,,,,,,,,24298.0,0.07640869173012739
XRP,스윕+CHoCH,4h,15m,0.25,월,,,,,,,,,,24299.0,0.210989952931047
XRP,스윕+CHoCH,4h,15m,0.25,월,,,,,,,,,,24300.0,-0.38924484228411294
XRP,스윕+CHoCH,4h,15m,0.25,월,,,,,,,,,,24301.0,-0.27842901499337713
XRP,스윕+CHoCH,4h,15m,0.25,월,,,,,,,,,,24302.0,0.1763316119597305
XRP,스윕+CHoCH,4h,15m,0.25,월,,,,,,,,,,24303.0,-0.02543329202051374
XRP,스윕+CHoCH,4h,15m,0.25,월,,,,,,,,,,24304.0,-0.13157439173419766
XRP,스윕+CHoCH,4h,15m,0.25,월,,,,,,,,,,24305.0,-0.1262598315788142
XRP,스윕+CHoCH,4h,15m,0.25,월,,,,,,,,,,24306.0,-0.01225556248967314
XRP,스윕+CHoCH,4h,15m,0.25,월,,,,,,,,,,24307.0,-0.1374560832197223
XRP,스윕+CHoCH,4h,15m,0.25,월,,,,,,,,,,24308.0,-0.12114815624599357
XRP,스윕+CHoCH,4h,15m,0.25,월,,,,,,,,,,24309.0,-0.14497045478446172
XRP,스윕+CHoCH,4h,15m,0.25,월,,,,,,,,,,24310.0,-0.3995829552409694
XRP,스윕+CHoCH,4h,15m,0.25,월,,,,,,,,,,24311.0,-0.08504432321536042
XRP,스윕+CHoCH,4h,15m,0.25,월,,,,,,,,,,24312.0,-0.09675141388963912
XRP,스윕+CHoCH,4h,15m,0.25,월,,,,,,,,,,24313.0,-0.05778364936086582
XRP,스윕+CHoCH,4h,15m,0.25,월,,,,,,,,,,24314.0,-0.03331260924430686
XRP,스윕+CHoCH,4h,15m,0.25,월,,,,,,,,,,24315.0,-0.04982705464658287
XRP,스윕+CHoCH,4h,15m,0.25,월,,,,,,,,,,24316.0,-0.18887827942127208
XRP,스윕+CHoCH,4h,15m,0.25,월,,,,,,,,,,24317.0,0.1788431028433332
XRP,스윕+CHoCH,4h,15m,0.25,월,,,,,,,,,,24318.0,0.08836885941539356
XRP,스윕+CHoCH,4h,1h,0.0,전체,688.0,0.9942196531791907,354.5545644643489,0.020348837209302327,0.02210901795918646,-0.001760180749884129,-0.020712209302325583,0.29796511627906974,0.12645348837209303,,
XRP,스윕+CHoCH,4h,1h,0.0,홀드아웃 전,535.0,0.9942196531791907,367.523464260729,0.026168224299065422,0.02131529452425586,0.0048529297748095505,,0.29906542056074764,0.12897196261682242,,
XRP,스윕+CHoCH,4h,1h,0.0,홀드아웃 12개월,153.0,0.9942196531791907,323.81094825007403,0.0,0.024884456114009138,-0.024884456114009156,,0.29411764705882354,0.11764705882352941,,
XRP,스윕+CHoCH,4h,1h,0.0,월,,,,,,,,,,24258.0,0.23236539155237154
XRP,스윕+CHoCH,4h,1h,0.0,월,,,,,,,,,,24259.0,0.05071043801415725
XRP,스윕+CHoCH,4h,1h,0.0,월,,,,,,,,,,24260.0,-0.013449815095009822
XRP,스윕+CHoCH,4h,1h,0.0,월,,,,,,,,,,24261.0,0.35865560500350124
XRP,스윕+CHoCH,4h,1h,0.0,월,,,,,,,,,,24262.0,-0.09538558981540902
XRP,스윕+CHoCH,4h,1h,0.0,월,,,,,,,,,,24263.0,0.4400046777352959
XRP,스윕+CHoCH,4h,1h,0.0,월,,,,,,,,,,24264.0,0.2341346348516488
XRP,스윕+CHoCH,4h,1h,0.0,월,,,,,,,,,,24265.0,0.2674740489132962
XRP,스윕+CHoCH,4h,1h,0.0,월,,,,,,,,,,24266.0,-0.014492983229102011
XRP,스윕+CHoCH,4h,1h,0.0,월,,,,,,,,,,24267.0,0.24803247430428085
XRP,스윕+CHoCH,4h,1h,0.0,월,,,,,,,,,,24268.0,0.6081189373332985
XRP,스윕+CHoCH,4h,1h,0.0,월,,,,,,,,,,24269.0,-0.01440982025448672
XRP,스윕+CHoCH,4h,1h,0.0,월,,,,,,,,,,24270.0,0.340722687198708
XRP,스윕+CHoCH,4h,1h,0.0,월,,,,,,,,,,24271.0,0.12328254440236268
XRP,스윕+CHoCH,4h,1h,0.0,월,,,,,,,,,,24272.0,-0.35761838336111706
XRP,스윕+CHoCH,4h,1h,0.0,월,,,,,,,,,,24273.0,-0.5198993402154736
XRP,스윕+CHoCH,4h,1h,0.0,월,,,,,,,,,,24274.0,-0.021819231560258962
XRP,스윕+CHoCH,4h,1h,0.0,월,,,,,,,,,,24275.0,0.10274404007999716
XRP,스윕+CHoCH,4h,1h,0.0,월,,,,,,,,,,24276.0,0.4223399952409478
XRP,스윕+CHoCH,4h,1h,0.0,월,,,,,,,,,,24277.0,-0.6257436647219522
XRP,스윕+CHoCH,4h,1h,0.0,월,,,,,,,,,,24278.0,-0.10931429337724645
XRP,스윕+CHoCH,4h,1h,0.0,월,,,,,,,,,,24279.0,-0.07967420899905009
XRP,스윕+CHoCH,4h,1h,0.0,월,,,,,,,,,,24280.0,-0.2558107634361591
XRP,스윕+CHoCH,4h,1h,0.0,월,,,,,,,,,,24281.0,-0.5738009017225828
XRP,스윕+CHoCH,4h,1h,0.0,월,,,,,,,,,,24282.0,-0.10935940810096362
XRP,스윕+CHoCH,4h,1h,0.0,월,,,,,,,,,,24283.0,-0.12152303529383111
XRP,스윕+CHoCH,4h,1h,0.0,월,,,,,,,,,,24284.0,-0.1388496749470322
XRP,스윕+CHoCH,4h,1h,0.0,월,,,,,,,,,,24285.0,-0.28780094041715953
XRP,스윕+CHoCH,4h,1h,0.0,월,,,,,,,,,,24286.0,0.5990386222814073
XRP,스윕+CHoCH,4h,1h,0.0,월,,,,,,,,,,24287.0,-0.7429745780209209
XRP,스윕+CHoCH,4h,1h,0.0,월,,,,,,,,,,24288.0,-0.18425330130715467
XRP,스윕+CHoCH,4h,1h,0.0,월,,,,,,,,,,24289.0,-0.12844250865622672
XRP,스윕+CHoCH,4h,1h,0.0,월,,,,,,,,,,24290.0,-0.2409316020411671
XRP,스윕+CHoCH,4h,1h,0.0,월,,,,,,,,,,24291.0,0.4320590006611081
XRP,스윕+CHoCH,4h,1h,0.0,월,,,,,,,,,,24292.0,-0.01690625007148842
XRP,스윕+CHoCH,4h,1h,0.0,월,,,,,,,,,,24293.0,0.07997127529183995
XRP,스윕+CHoCH,4h,1h,0.0,월,,,,,,,,,,24294.0,-0.04069485383801894
XRP,스윕+CHoCH,4h,1h,0.0,월,,,,,,,,,,24295.0,0.09485955208388047
XRP,스윕+CHoCH,4h,1h,0.0,월,,,,,,,,,,24296.0,0.31416923151426607
XRP,스윕+CHoCH,4h,1h,0.0,월,,,,,,,,,,24297.0,-0.026579835449171085
XRP,스윕+CHoCH,4h,1h,0.0,월,,,,,,,,,,24298.0,0.47672186209984735
XRP,스윕+CHoCH,4h,1h,0.0,월,,,,,,,,,,24299.0,0.49002449701346573
XRP,스윕+CHoCH,4h,1h,0.0,월,,,,,,,,,,24300.0,-0.4432726402789831
XRP,스윕+CHoCH,4h,1h,0.0,월,,,,,,,,,,24301.0,0.18798402890401503
XRP,스윕+CHoCH,4h,1h,0.0,월,,,,,,,,,,24302.0,-0.13888994656779693
XRP,스윕+CHoCH,4h,1h,0.0,월,,,,,,,,,,24303.0,-0.3488165765103191
XRP,스윕+CHoCH,4h,1h,0.0,월,,,,,,,,,,24304.0,-0.011522737185293369
XRP,스윕+CHoCH,4h,1h,0.0,월,,,,,,,,,,24305.0,-0.16905208893255064
XRP,스윕+CHoCH,4h,1h,0.0,월,,,,,,,,,,24306.0,-0.09717037475257088
XRP,스윕+CHoCH,4h,1h,0.0,월,,,,,,,,,,24307.0,0.3480071804914462
XRP,스윕+CHoCH,4h,1h,0.0,월,,,,,,,,,,24308.0,-0.02114297444503138
XRP,스윕+CHoCH,4h,1h,0.0,월,,,,,,,,,,24309.0,0.2190347882261725
XRP,스윕+CHoCH,4h,1h,0.0,월,,,,,,,,,,24310.0,0.23001133288074063
XRP,스윕+CHoCH,4h,1h,0.0,월,,,,,,,,,,24311.0,-0.01775356048508832
XRP,스윕+CHoCH,4h,1h,0.0,월,,,,,,,,,,24312.0,-0.6197114088745237
XRP,스윕+CHoCH,4h,1h,0.0,월,,,,,,,,,,24313.0,0.6380993495732832
XRP,스윕+CHoCH,4h,1h,0.0,월,,,,,,,,,,24314.0,0.07705243581133282
XRP,스윕+CHoCH,4h,1h,0.0,월,,,,,,,,,,24315.0,-0.29157203882082233
XRP,스윕+CHoCH,4h,1h,0.0,월,,,,,,,,,,24316.0,-0.503978293674761
XRP,스윕+CHoCH,4h,1h,0.0,월,,,,,,,,,,24317.0,0.5734451356486651
XRP,스윕+CHoCH,4h,1h,0.0,월,,,,,,,,,,24318.0,-0.15048610074722846
XRP,스윕+CHoCH,4h,1h,0.25,전체,688.0,0.9942196531791907,361.17297272812465,0.01744186046511628,0.021674415303002067,-0.004232554837885807,-0.01217296511627907,0.29505813953488375,0.13226744186046513,,
XRP,스윕+CHoCH,4h,1h,0.25,홀드아웃 전,535.0,0.9942196531791907,374.35986057645584,0.014953271028037384,0.020965866696269635,-0.006012595668232246,,0.29345794392523367,0.13457943925233645,,
XRP,스윕+CHoCH,4h,1h,0.25,홀드아웃 12개월,153.0,0.9942196531791907,328.2595670538558,0.026143790849673203,0.02415201990824293,0.0019917709414302843,,0.3006535947712418,0.12418300653594772,,
XRP,스윕+CHoCH,4h,1h,0.25,월,,,,,,,,,,24258.0,0.3162019557514049
XRP,스윕+CHoCH,4h,1h,0.25,월,,,,,,,,,,24259.0,0.051027415240761285
XRP,스윕+CHoCH,4h,1h,0.25,월,,,,,,,,,,24260.0,-0.013182329777433917
XRP,스윕+CHoCH,4h,1h,0.25,월,,,,,,,,,,24261.0,0.3590075070402332
XRP,스윕+CHoCH,4h,1h,0.25,월,,,,,,,,,,24262.0,-0.09497579307610882
XRP,스윕+CHoCH,4h,1h,0.25,월,,,,,,,,,,24263.0,0.44030120872758843
XRP,스윕+CHoCH,4h,1h,0.25,월,,,,,,,,,,24264.0,0.23455693783211995
XRP,스윕+CHoCH,4h,1h,0.25,월,,,,,,,,,,24265.0,0.2679126105583128
XRP,스윕+CHoCH,4h,1h,0.25,월,,,,,,,,,,24266.0,-0.014149179106275037
XRP,스윕+CHoCH,4h,1h,0.25,월,,,,,,,,,,24267.0,0.2484315867198702
XRP,스윕+CHoCH,4h,1h,0.25,월,,,,,,,,,,24268.0,0.6084096582055432
XRP,스윕+CHoCH,4h,1h,0.25,월,,,,,,,,,,24269.0,-0.014146287182241238
XRP,스윕+CHoCH,4h,1h,0.25,월,,,,,,,,,,24270.0,0.34107818341016716
XRP,스윕+CHoCH,4h,1h,0.25,월,,,,,,,,,,24271.0,0.1238192190351692
XRP,스윕+CHoCH,4h,1h,0.25,월,,,,,,,,,,24272.0,-0.35712579536245204
XRP,스윕+CHoCH,4h,1h,0.25,월,,,,,,,,,,24273.0,-0.5195248896424213
XRP,스윕+CHoCH,4h,1h,0.25,월,,,,,,,,,,24274.0,-0.021413821905382793
XRP,스윕+CHoCH,4h,1h,0.25,월,,,,,,,,,,24275.0,-0.08528983970134557
XRP,스윕+CHoCH,4h,1h,0.25,월,,,,,,,,,,24276.0,0.4230776082592072
XRP,스윕+CHoCH,4h,1h,0.25,월,,,,,,,,,,24277.0,-0.6253213210530537
XRP,스윕+CHoCH,4h,1h,0.25,월,,,,,,,,,,24278.0,-0.27676881248193413
XRP,스윕+CHoCH,4h,1h,0.25,월,,,,,,,,,,24279.0,-0.07920758059368593
XRP,스윕+CHoCH,4h,1h,0.25,월,,,,,,,,,,24280.0,-0.2553065410445115
XRP,스윕+CHoCH,4h,1h,0.25,월,,,,,,,,,,24281.0,-0.5732331740480724
XRP,스윕+CHoCH,4h,1h,0.25,월,,,,,,,,,,24282.0,-0.3834373500081931
XRP,스윕+CHoCH,4h,1h,0.25,월,,,,,,,,,,24283.0,-0.12078498101458303
XRP,스윕+CHoCH,4h,1h,0.25,월,,,,,,,,,,24284.0,-0.13830725393155763
XRP,스윕+CHoCH,4h,1h,0.25,월,,,,,,,,,,24285.0,-0.2871276012863405
XRP,스윕+CHoCH,4h,1h,0.25,월,,,,,,,,,,24286.0,0.5994177971276147
XRP,스윕+CHoCH,4h,1h,0.25,월,,,,,,,,,,24287.0,-0.7420208143488528
XRP,스윕+CHoCH,4h,1h,0.25,월,,,,,,,,,,24288.0,-0.1836743268752434
XRP,스윕+CHoCH,4h,1h,0.25,월,,,,,,,,,,24289.0,-0.1281706436349055
XRP,스윕+CHoCH,4h,1h,0.25,월,,,,,,,,,,24290.0,-0.24042553971263686
XRP,스윕+CHoCH,4h,1h,0.25,월,,,,,,,,,,24291.0,0.5829574779456859
XRP,스윕+CHoCH,4h,1h,0.25,월,,,,,,,,,,24292.0,-0.01661334944683875
XRP,스윕+CHoCH,4h,1h,0.25,월,,,,,,,,,,24293.0,-0.12083568810820904
XRP,스윕+CHoCH,4h,1h,0.25,월,,,,,,,,,,24294.0,-0.0398108691179552
XRP,스윕+CHoCH,4h,1h,0.25,월,,,,,,,,,,24295.0,0.09513559081257661
XRP,스윕+CHoCH,4h,1h,0.25,월,,,,,,,,,,24296.0,0.31459054749526466
XRP,스윕+CHoCH,4h,1h,0.25,월,,,,,,,,,,24297.0,-0.026084496661342493
XRP,스윕+CHoCH,4h,1h,0.25,월,,,,,,,,,,24298.0,0.47708581030797326
XRP,스윕+CHoCH,4h,1h,0.25,월,,,,,,,,,,24299.0,0.4902183479054079
XRP,스윕+CHoCH,4h,1h,0.25,월,,,,,,,,,,24300.0,-0.4429617286143487
XRP,스윕+CHoCH,4h,1h,0.25,월,,,,,,,,,,24301.0,0.1882465001277568
XRP,스윕+CHoCH,4h,1h,0.25,월,,,,,,,,,,24302.0,-0.13862412711480454
XRP,스윕+CHoCH,4h,1h,0.25,월,,,,,,,,,,24303.0,-0.34842669245402696
XRP,스윕+CHoCH,4h,1h,0.25,월,,,,,,,,,,24304.0,-0.011362195639031403
XRP,스윕+CHoCH,4h,1h,0.25,월,,,,,,,,,,24305.0,-0.16842957802708053
XRP,스윕+CHoCH,4h,1h,0.25,월,,,,,,,,,,24306.0,-0.09638881372688164
XRP,스윕+CHoCH,4h,1h,0.25,월,,,,,,,,,,24307.0,0.34833323476604344
XRP,스윕+CHoCH,4h,1h,0.25,월,,,,,,,,,,24308.0,-0.02060109142878154
XRP,스윕+CHoCH,4h,1h,0.25,월,,,,,,,,,,24309.0,0.09385877811604267
XRP,스윕+CHoCH,4h,1h,0.25,월,,,,,,,,,,24310.0,0.2303731097110159
XRP,스윕+CHoCH,4h,1h,0.25,월,,,,,,,,,,24311.0,0.2146197558316022
XRP,스윕+CHoCH,4h,1h,0.25,월,,,,,,,,,,24312.0,-0.6191071097068666
XRP,스윕+CHoCH,4h,1h,0.25,월,,,,,,,,,,24313.0,0.6386914802207989
XRP,스윕+CHoCH,4h,1h,0.25,월,,,,,,,,,,24314.0,0.07731412631444777
XRP,스윕+CHoCH,4h,1h,0.25,월,,,,,,,,,,24315.0,-0.29109342341542116
XRP,스윕+CHoCH,4h,1h,0.25,월,,,,,,,,,,24316.0,-0.32515178532961686
XRP,스윕+CHoCH,4h,1h,0.25,월,,,,,,,,,,24317.0,0.5741048055564266
XRP,스윕+CHoCH,4h,1h,0.25,월,,,,,,,,,,24318.0,-0.14981274633251523
