symbol,tf,bar,year,month,holdout,risk_bps,gross,fee,net
ADA,4h,1755,2021,24258,False,120.75158803559108,2.0,0.033125858343337186,1.9668741416566629
ADA,4h,2496,2021,24258,False,182.02411804174858,2.0,0.021975109908691167,1.9780248900913089
ADA,4h,4600,2021,24258,False,197.3265436028004,2.0,0.02027096774193552,1.9797290322580645
ADA,4h,5209,2021,24258,False,95.82730208217389,2.0,0.04174175744371805,1.958258242556282
ADA,4h,5784,2021,24258,False,132.68395795246832,-1.0,0.06029364908503753,-1.0602936490850374
ADA,4h,7094,2021,24258,False,133.85724261181494,-1.0,0.0597651635720597,-1.0597651635720597
ADA,4h,8536,2021,24258,False,137.67499419908762,2.0,0.0290539325842696,1.9709460674157304
ADA,4h,12496,2021,24259,False,77.22926404342493,-1.0,0.10358767624021009,-1.1035876762402101
ADA,4h,14479,2021,24259,False,116.23232482128071,-1.0,0.06882766917293302,-1.068827669172933
ADA,4h,14452,2021,24259,False,220.228124386672,-1.0,0.036325968911916834,-1.0363259689119169
ADA,4h,16086,2021,24259,False,377.1021359071239,-1.0,0.021214411795244543,-1.0212144117952446
ADA,4h,16272,2021,24259,False,222.9113125375105,2.0,0.0179443562305834,1.9820556437694166
ADA,4h,17347,2021,24259,False,64.721781652209,2.0,0.06180299580587144,1.9381970041941285
ADA,4h,17763,2021,24260,False,93.13548703725135,-1.0,0.08589636726546826,-1.0858963672654682
ADA,4h,21694,2021,24260,False,143.344312553663,2.0,0.027904839255499185,1.9720951607445008
ADA,4h,23769,2021,24260,False,94.84318133682147,-1.0,0.0843497643925417,-1.0843497643925417
ADA,4h,24388,2021,24260,False,144.00435757867007,2.0,0.027776937220908654,1.9722230627790913
ADA,4h,25521,2021,24260,False,124.41108245565935,2.0,0.03215147654892897,1.967848523451071
ADA,4h,26964,2021,24261,False,214.17303518557054,-1.0,0.037352974864778794,-1.0373529748647787
ADA,4h,29521,2021,24261,False,195.30101190541112,2.0,0.020481204684885578,1.9795187953151143
ADA,4h,29655,2021,24261,False,448.7065382170269,2.0,0.008914512402458712,1.9910854875975412
ADA,4h,30824,2021,24261,False,168.05769386597507,-1.0,0.047602700096432055,-1.047602700096432
ADA,4h,32761,2021,24261,False,138.4021677393868,-1.0,0.05780256285482544,-1.0578025628548255
ADA,4h,36049,2021,24262,False,83.9223124438994,2.0,0.047663128952433596,1.9523368710475664
ADA,4h,35707,2021,24262,False,116.8730632986643,-1.0,0.06845033213133406,-1.0684503321313341
ADA,4h,36164,2021,24262,False,62.98006196316121,-1.0,0.1270243272335842,-1.1270243272335843
ADA,4h,36843,2021,24262,False,69.0764872521243,-1.0,0.11581364829396384,-1.1158136482939638
ADA,4h,37403,2021,24262,False,58.94597067954015,-1.0,0.1357175038051712,-1.1357175038051712
ADA,4h,38852,2021,24262,False,59.07821516546708,-1.0,0.1354137049941927,-1.1354137049941926
ADA,4h,41380,2021,24262,False,83.41640491282331,2.0,0.047952198421645165,1.952047801578355
ADA,4h,41082,2021,24262,False,74.75125239513322,-1.0,0.10702161828289114,-1.1070216182828911
ADA,4h,43020,2021,24262,False,215.26180357908603,2.0,0.018582023998188892,1.9814179760018111
ADA,4h,44809,2021,24263,False,253.9914710257011,-1.0,0.03149712062256803,-1.031497120622568
ADA,4h,46704,2021,24263,False,151.98852985351,2.0,0.026317775452235057,1.973682224547765
ADA,4h,47032,2021,24263,False,107.59326425476472,2.0,0.037177048467723774,1.9628229515322762
ADA,4h,50111,2021,24263,False,72.59026347175546,-1.0,0.11020761762509325,-1.1102076176250932
ADA,4h,50227,2021,24263,False,76.60454347981499,2.0,0.052216223977028006,1.947783776022972
ADA,4h,51132,2021,24263,False,114.44379732090823,-1.0,0.06990330788804092,-1.0699033078880409
ADA,4h,52705,2021,24264,False,266.7586412376411,2.0,0.014994828214155629,1.9850051717858443
ADA,4h,53473,2021,24264,False,357.5144706754643,-1.0,0.022376716626002095,-1.022376716626002
ADA,4h,53803,2021,24264,False,297.3127501429389,2.0,0.01345384615384615,1.9865461538461537
ADA,4h,54679,2021,24264,False,232.6655338247131,-1.0,0.03438412156923546,-1.0343841215692355
ADA,4h,55976,2021,24264,False,140.52838673412063,2.0,0.02846399999999993,1.9715360000000002
ADA,4h,57255,2021,24264,False,138.231469951643,-1.0,0.05787394146064287,-1.0578739414606428
ADA,4h,57924,2021,24264,False,71.10461090841314,-1.0,0.11251028446389312,-1.1125102844638932
ADA,4h,57999,2021,24264,False,105.1725975066384,2.0,0.038032720450281964,1.961967279549718
ADA,4h,59509,2021,24264,False,192.83824507293218,-1.0,0.04148554658840817,-1.041485546588408
ADA,4h,60487,2021,24264,False,103.98560874275555,-1.0,0.07693372281726767,-1.0769337228172677
ADA,4h,60455,2021,24264,False,174.62142428977052,-1.0,0.045813393359595035,-1.045813393359595
ADA,4h,60630,2021,24264,False,100.29775897194823,2.0,0.039881249999999896,1.9601187500000001
ADA,4h,60621,2021,24264,False,79.35819311606022,-1.0,0.10080874684608954,-1.1008087468460896
ADA,4h,61643,2022,24265,False,112.55593103370796,-1.0,0.071075774741752,-1.071075774741752
ADA,4h,62636,2022,24265,False,67.25220321796593,-1.0,0.11895521064301517,-1.1189552106430152
ADA,4h,63323,2022,24265,False,192.75381963943417,2.0,0.020751858549326863,1.979248141450673
ADA,4h,65331,2022,24265,False,84.69864409118372,2.0,0.04722625778629625,1.9527737422137037
ADA,4h,67834,2022,24265,False,270.82363031859785,-1.0,0.02953951983654001,-1.02953951983654
ADA,4h,74758,2022,24266,False,60.48304517796772,-1.0,0.13226847253574092,-1.132268472535741
ADA,4h,76309,2022,24266,False,99.46378317417393,2.0,0.0402156430446194,1.9597843569553806
ADA,4h,76787,2022,24266,False,232.17377616873856,-1.0,0.034456949152542465,-1.0344569491525424
ADA,4h,77411,2022,24266,False,290.4257350133642,-1.0,0.027545768282662253,-1.0275457682826623
ADA,4h,79275,2022,24267,False,127.78462622171357,2.0,0.031302670111972415,1.9686973298880275
ADA,4h,81269,2022,24267,False,175.67856379568258,-1.0,0.0455377128953772,-1.0455377128953771
ADA,4h,82323,2022,24267,False,47.27111077718681,-1.0,0.16923655629139192,-1.169236556291392
ADA,4h,82419,2022,24267,False,51.42467006157212,-1.0,0.15556735688185044,-1.1555673568818505
ADA,4h,84242,2022,24267,False,85.76816467487556,-1.0,0.09327470198675564,-1.0932747019867557
ADA,4h,87462,2022,24267,False,108.97700824397032,-1.0,0.07340998003991947,-1.0734099800399195
ADA,4h,87897,2022,24268,False,139.30411016503683,2.0,0.028714156353758024,1.971285843646242
ADA,4h,91623,2022,24268,False,70.09222103401983,-1.0,0.11413534743202294,-1.114135347432023
ADA,4h,92603,2022,24268,False,102.27077669311562,-1.0,0.07822371413102333,-1.0782237141310234
ADA,4h,93560,2022,24268,False,101.60931300784229,-1.0,0.07873294054633116,-1.078732940546331
ADA,4h,94907,2022,24268,False,105.35567528079582,-1.0,0.07593326110509242,-1.0759332611050925
ADA,4h,97085,2022,24269,False,59.038227572517165,-1.0,0.13550542299349233,-1.1355054229934924
ADA,4h,97526,2022,24269,False,128.61556441035202,-1.0,0.062200869985499944,-1.0622008699855
ADA,4h,97507,2022,24269,False,173.10018437400882,-1.0,0.04621601085481691,-1.0462160108548169
ADA,4h,100066,2022,24269,False,436.5811501039017,-1.0,0.018324199288256227,-1.0183241992882561
ADA,4h,101563,2022,24269,False,179.80050793183514,2.0,0.02224687819856691,1.977753121801433
ADA,4h,101933,2022,24269,False,136.67600875340761,-1.0,0.05853258426966279,-1.058532584269663
ADA,4h,104575,2022,24269,False,64.98237599196521,-1.0,0.12311030303030417,-1.1231103030303042
ADA,4h,105348,2022,24270,False,249.10004601268426,-1.0,0.03211561028612832,-1.0321156102861284
ADA,4h,104995,2022,24269,False,442.6494345718898,-1.0,0.018072992700729942,-1.01807299270073
ADA,4h,105512,2022,24270,False,256.41025641025664,2.0,0.015599999999999985,1.9844
ADA,4h,105951,2022,24270,False,176.65493635870308,2.0,0.02264301288404351,1.9773569871159564
ADA,4h,106758,2022,24270,False,296.2789765515395,-1.0,0.027001578354002288,-1.0270015783540023
ADA,4h,106826,2022,24270,False,107.5251365366355,2.0,0.03720060377358495,1.962799396226415
ADA,4h,107863,2022,24270,False,123.82350977905318,-1.0,0.06460808625336942,-1.0646080862533693
ADA,4h,108060,2022,24270,False,133.77365765342878,-1.0,0.05980250626566425,-1.0598025062656642
ADA,4h,108467,2022,24270,False,228.80416041455092,-1.0,0.03496439918533595,-1.034964399185336
ADA,4h,109550,2022,24270,False,203.2806682097212,-1.0,0.03935445544554456,-1.0393544554455445
ADA,4h,110811,2022,24270,False,169.1287996841817,2.0,0.023650614250614304,1.9763493857493857
ADA,4h,113060,2022,24270,False,91.1303788046426,2.0,0.043893156732892034,1.956106843267108
ADA,4h,115143,2022,24271,False,118.79391932504875,-1.0,0.06734351425943003,-1.06734351425943
ADA,4h,120367,2022,24271,False,85.6731181120774,-1.0,0.0933781818181803,-1.0933781818181803
ADA,4h,120685,2022,24271,False,230.00501756146454,-1.0,0.034781849912740054,-1.0347818499127401
ADA,4h,121485,2022,24271,False,131.29450030741077,-1.0,0.06093172205438105,-1.060931722054381
ADA,4h,121687,2022,24271,False,258.091532105688,2.0,0.015498377522754245,1.9845016224772458
ADA,4h,123999,2022,24272,False,69.15299977180425,2.0,0.057842754662841396,1.9421572453371585
ADA,4h,125431,2022,24272,False,85.20409131449595,-1.0,0.09389220489977743,-1.0938922048997775
ADA,4h,126812,2022,24272,False,88.18952100985626,2.0,0.04535686274509815,1.9546431372549018
ADA,4h,126595,2022,24272,False,159.944367176634,-1.0,0.050017391304347895,-1.0500173913043478
ADA,4h,131171,2022,24272,False,113.3082509405889,-1.0,0.07060386100386151,-1.0706038610038615
ADA,4h,130902,2022,24272,False,65.51288040196334,-1.0,0.1221133913043495,-1.1221133913043495
ADA,4h,131217,2022,24272,False,101.19803957161054,2.0,0.03952645739910297,1.960473542600897
ADA,4h,132859,2022,24273,False,63.319672131147165,-1.0,0.12634304207119817,-1.1263430420711982
ADA,4h,132948,2022,24273,False,65.49752734141035,-1.0,0.1221420155038747,-1.1221420155038746
ADA,4h,133589,2022,24273,False,210.36343105683608,-1.0,0.038029423459244475,-1.0380294234592444
ADA,4h,136509,2022,24273,False,237.6416118656915,2.0,0.016832068965517245,1.9831679310344827
ADA,4h,136707,2022,24273,False,99.78502903712206,-1.0,0.08017234726688147,-1.0801723472668814
ADA,4h,137388,2022,24273,False,124.29155999037218,-1.0,0.06436478873239417,-1.0643647887323942
ADA,4h,139299,2022,24273,False,89.76104304324315,-1.0,0.08912552404438896,-1.089125524044389
ADA,4h,139567,2022,24273,False,64.6744490058021,-1.0,0.1236964539007097,-1.1236964539007097
ADA,4h,140774,2022,24274,False,60.98631612216048,2.0,0.06558848368522013,1.93441151631478
ADA,4h,143862,2022,24274,False,77.29784164829506,2.0,0.0517478873239435,1.9482521126760566
ADA,4h,144196,2022,24274,False,96.43594480060844,-1.0,0.0829566197183099,-1.0829566197183098
ADA,4h,144319,2022,24274,False,50.0974870017336,2.0,0.07984432432432353,1.9201556756756766
ADA,4h,146227,2022,24274,False,113.35121571342174,-1.0,0.0705770992366404,-1.0705770992366404
ADA,4h,147989,2022,24274,False,297.60676707241583,2.0,0.013440554592720975,1.986559445407279
ADA,4h,148209,2022,24274,False,85.18537354422061,-1.0,0.09391283582089496,-1.093912835820895
ADA,4h,148878,2022,24274,False,73.80535401551184,2.0,0.05419661016949138,1.9458033898305087
ADA,4h,151005,2022,24275,False,93.801590874982,2.0,0.04264319999999965,1.9573568000000003
ADA,4h,151147,2022,24275,False,77.35821689310013,2.0,0.05170750000000032,1.9482924999999998
ADA,4h,151391,2022,24275,False,89.12520572224248,-1.0,0.08976136363636449,-1.0897613636363646
ADA,4h,157545,2022,24275,False,41.09349961127741,-1.0,0.19467799227799368,-1.1946779922779938
ADA,4h,157164,2022,24275,False,66.7690566647818,2.0,0.05990799031476884,1.9400920096852312
ADA,4h,160064,2022,24276,False,88.58299079119284,-1.0,0.09031079136690631,-1.0903107913669063
ADA,4h,161441,2022,24276,False,70.00000000000017,-1.0,0.114285714285714,-1.114285714285714
ADA,4h,163445,2022,24276,False,87.66352619308984,-1.0,0.09125802197802314,-1.0912580219780232
ADA,4h,164117,2022,24276,False,71.86938520427907,-1.0,0.11131304347826373,-1.1113130434782637
ADA,4h,166645,2022,24276,False,31.900166522881452,-1.0,0.25078238993711005,-1.25078238993711
ADA,4h,166739,2022,24276,False,24.82197355035603,-1.0,0.3222950819672134,-1.3222950819672135
ADA,4h,167054,2023,24277,False,38.43353022089192,2.0,0.10407578947368351,1.8959242105263165
ADA,4h,167345,2023,24277,False,45.68023833167983,2.0,0.08756521739130133,1.9124347826086987
ADA,4h,169299,2023,24277,False,380.1732435033677,2.0,0.010521518987341797,1.9894784810126582
ADA,4h,169873,2023,24277,False,62.90097410236636,2.0,0.06359201995012535,1.9364079800498746
ADA,4h,170609,2023,24277,False,152.13489097489784,2.0,0.026292456479690758,1.9737075435203093
ADA,4h,171301,2023,24277,False,75.57958501995658,2.0,0.05292434456928827,1.9470756554307118
ADA,4h,173666,2023,24277,False,86.91473876114684,-1.0,0.09204422764227659,-1.0920442276422766
ADA,4h,173911,2023,24277,False,173.10800076693397,-1.0,0.04621392405063297,-1.046213924050633
ADA,4h,175551,2023,24277,False,62.707193353837695,-1.0,0.12757707006369148,-1.1275770700636916
ADA,4h,175765,2023,24278,False,142.97155010568545,-1.0,0.05595518824609757,-1.0559551882460976
ADA,4h,177061,2023,24278,False,42.346461602411416,-1.0,0.1889177914110406,-1.1889177914110407
ADA,4h,176232,2023,24278,False,72.03002942071508,2.0,0.05553239436619808,1.944467605633802
ADA,4h,177123,2023,24278,False,86.45241319949879,-1.0,0.09253645680819908,-1.092536456808199
ADA,4h,179112,2023,24278,False,46.289301265057546,-1.0,0.1728261127596447,-1.1728261127596447
ADA,4h,179415,2023,24278,False,85.97348220516476,-1.0,0.09305194805194722,-1.0930519480519472
ADA,4h,180142,2023,24278,False,129.43901502483445,-1.0,0.061805167464115074,-1.0618051674641151
ADA,4h,183787,2023,24279,False,68.33903989937896,-1.0,0.11706339468302511,-1.117063394683025
ADA,4h,184597,2023,24279,False,161.0836003495479,2.0,0.024831826401446745,1.9751681735985533
ADA,4h,184910,2023,24279,False,38.300578205639816,-1.0,0.2088741312741328,-1.2088741312741327
ADA,4h,185003,2023,24279,False,28.27325882614118,2.0,0.14147643979057833,1.8585235602094217
ADA,4h,187969,2023,24279,False,152.085389930898,-1.0,0.05260202839756603,-1.0526020283975661
ADA,4h,190172,2023,24279,False,90.11965811965942,-1.0,0.08877086494688795,-1.088770864946888
ADA,4h,190404,2023,24279,False,88.94779270108768,-1.0,0.08994039938556198,-1.0899403993855619
ADA,4h,192135,2023,24279,False,73.34110990440146,2.0,0.05453967093235857,1.9454603290676413
ADA,4h,192815,2023,24280,False,85.50970998815201,2.0,0.04677831325301219,1.9532216867469878
ADA,4h,193426,2023,24280,False,163.52913908990297,-1.0,0.04892094488188959,-1.0489209448818897
ADA,4h,195732,2023,24280,False,52.67397905434823,-1.0,0.15187764705882043,-1.1518776470588203
ADA,4h,197288,2023,24280,False,66.96075104626215,-1.0,0.11947297297297224,-1.1194729729729722
ADA,4h,196910,2023,24280,False,58.42388297519145,-1.0,0.1369303030303043,-1.1369303030303044
ADA,4h,197783,2023,24280,False,44.907613725960594,-1.0,0.17814351145038215,-1.1781435114503822
ADA,4h,198859,2023,24280,False,156.30213279264905,-1.0,0.051182922824302264,-1.0511829228243024
ADA,4h,199015,2023,24280,False,55.09782414611115,-1.0,0.1451962962962966,-1.1451962962962967
ADA,4h,200109,2023,24280,False,90.04842832735957,-1.0,0.08884108416547838,-1.0888410841654783
ADA,4h,200107,2023,24280,False,89.23793047655806,-1.0,0.08964797768479764,-1.0896479776847976
ADA,4h,202348,2023,24281,False,52.42345788734776,-1.0,0.15260343980343913,-1.152603439803439
ADA,4h,204893,2023,24281,False,59.41354848447503,-1.0,0.13464942263279273,-1.1346494226327928
ADA,4h,206421,2023,24281,False,76.05842363868942,-1.0,0.10518230088495495,-1.1051823008849548
ADA,4h,209098,2023,24281,False,20.443253049564888,-1.0,0.39132715231787785,-1.3913271523178778
ADA,4h,209189,2023,24281,False,61.55719407427374,-1.0,0.12996043956044118,-1.1299604395604412
ADA,4h,210558,2023,24282,False,100.09468416069203,-1.0,0.07992432432432474,-1.0799243243243248
ADA,4h,211576,2023,24282,False,35.02484320273719,-1.0,0.22840930232557902,-1.228409302325579
ADA,4h,211390,2023,24282,False,31.805772747754627,-1.0,0.25152666666665946,-1.2515266666666593
ADA,4h,211800,2023,24282,False,47.8387875195801,2.0,0.08361415929203528,1.9163858407079648
ADA,4h,213515,2023,24282,False,235.58684948912017,2.0,0.016978876404494418,1.9830211235955055
ADA,4h,213038,2023,24282,False,409.9047619047616,-1.0,0.01951672862453533,-1.0195167286245352
ADA,4h,214917,2023,24282,False,46.725478468900604,-1.0,0.17121279999999603,-1.171212799999996
ADA,4h,215032,2023,24282,False,74.63530476082917,2.0,0.05359393939393839,1.9464060606060616
ADA,4h,215727,2023,24282,False,86.42045347100023,2.0,0.04628533916849053,1.9537146608315095
ADA,4h,217860,2023,24282,False,84.6011784363729,2.0,0.04728066528066546,1.9527193347193346
ADA,4h,218634,2023,24282,False,72.24819379515463,-1.0,0.11072941176470663,-1.1107294117647066
ADA,4h,220404,2023,24283,False,109.52619142073523,-1.0,0.07304188976377991,-1.07304188976378
ADA,4h,221358,2023,24283,False,43.3546059933398,2.0,0.09226240000000198,1.907737599999998
ADA,4h,222845,2023,24283,False,334.1807256759878,-1.0,0.023939142461964054,-1.0239391424619642
ADA,4h,223016,2023,24283,False,211.64256581386732,2.0,0.018899789768745616,1.9811002102312545
ADA,4h,224239,2023,24283,False,79.61298796994937,2.0,0.0502430583501003,1.9497569416498997
ADA,4h,229824,2023,24284,False,34.191852373671374,-1.0,0.23397386934672806,-1.2339738693467281
ADA,4h,230872,2023,24284,False,22.75351490864647,-1.0,0.3515940298507442,-1.3515940298507443
ADA,4h,232779,2023,24284,False,121.03505843071673,-1.0,0.06609655172413854,-1.0660965517241385
ADA,4h,233351,2023,24284,False,35.20132522636218,-1.0,0.22726417112299002,-1.22726417112299
ADA,4h,233738,2023,24284,False,37.7709554377147,2.0,0.10590147783251355,1.8940985221674864
ADA,4h,235513,2023,24284,False,24.41536642124038,-1.0,0.3276625000000133,-1.3276625000000133
ADA,4h,235969,2023,24284,False,56.300933259537906,-1.0,0.14209355932203352,-1.1420935593220336
ADA,4h,236045,2023,24284,False,37.8644452858766,-1.0,0.2112799999999998,-1.21128
ADA,4h,236177,2023,24284,False,199.29223319053702,-1.0,0.040142056074766605,-1.0401420560747665
ADA,4h,241662,2023,24285,False,36.594683717376206,-1.0,0.21861098901099044,-1.2186109890109904
ADA,4h,241843,2023,24285,False,60.82048020353122,2.0,0.06576732026143656,1.9342326797385634
ADA,4h,245888,2023,24286,False,59.743085644480274,-1.0,0.13390670926517717,-1.1339067092651771
ADA,4h,249862,2023,24286,False,43.17754767520769,-1.0,0.18528148148148663,-1.1852814814814867
ADA,4h,250888,2023,24286,False,54.5921644187529,-1.0,0.14654117647059123,-1.1465411764705913
ADA,4h,252188,2023,24286,False,147.5098583321158,2.0,0.027116831683168398,1.9728831683168315
ADA,4h,252752,2023,24286,False,91.24216162897136,2.0,0.04383938223938256,1.9561606177606174
ADA,4h,253302,2023,24286,False,52.26271868949276,-1.0,0.15307278688524048,-1.1530727868852404
ADA,4h,254896,2023,24287,False,102.48206167931156,-1.0,0.07806244204018575,-1.0780624420401859
ADA,4h,256039,2023,24287,False,83.84167571933965,-1.0,0.09541794019933515,-1.0954179401993351
ADA,4h,256602,2023,24287,False,61.84077043872296,-1.0,0.12936449438202055,-1.1293644943820205
ADA,4h,258782,2023,24287,False,85.24928958925408,-1.0,0.09384242424242352,-1.0938424242424236
ADA,4h,259867,2023,24287,False,72.23942208462397,-1.0,0.11074285714285616,-1.1107428571428561
ADA,4h,260281,2023,24287,False,75.72628390472187,-1.0,0.10564363636363734,-1.1056436363636373
ADA,4h,261769,2023,24287,False,36.06388459556961,-1.0,0.2218285714285695,-1.2218285714285695
ADA,4h,263943,2023,24288,False,58.64004990642592,-1.0,0.1364255319148925,-1.1364255319148926
ADA,4h,265851,2023,24288,False,203.79230905546808,-1.0,0.039255652173912824,-1.039255652173913
ADA,4h,265446,2023,24288,False,226.67902587006103,-1.0,0.03529219330855,-1.03529219330855
ADA,4h,266193,2023,24288,False,217.863032722855,-1.0,0.03672031872509942,-1.0367203187250995
ADA,4h,266309,2023,24288,False,141.80078294910814,-1.0,0.056417177914110495,-1.0564171779141105
ADA,4h,267269,2023,24288,False,163.30290595427576,-1.0,0.04898871794871778,-1.0489887179487178
ADA,4h,268090,2023,24288,False,85.792724776939,-1.0,0.09324799999999991,-1.093248
ADA,4h,268297,2023,24288,False,142.88144242218186,-1.0,0.055990476190475716,-1.0559904761904757
ADA,4h,269551,2023,24288,False,80.05227903937292,-1.0,0.09993469387755069,-1.0999346938775507
ADA,4h,272338,2024,24289,False,51.59282614036501,-1.0,0.15506031746031815,-1.1550603174603182
ADA,4h,273485,2024,24289,False,90.92631180147595,2.0,0.04399166666666744,1.9560083333333325
ADA,4h,274280,2024,24289,False,166.96880068695802,-1.0,0.04791314285714267,-1.0479131428571427
ADA,4h,275248,2024,24289,False,363.9386661740264,-1.0,0.021981725888324817,-1.0219817258883248
ADA,4h,279468,2024,24289,False,57.815620729528646,2.0,0.06918545454545379,1.9308145454545462
ADA,4h,280515,2024,24289,False,220.7830438622321,-1.0,0.03623466666666655,-1.0362346666666666
ADA,4h,281751,2024,24290,False,47.73269689737387,2.0,0.08380000000000146,1.9161999999999986
ADA,4h,282771,2024,24290,False,68.71463217461518,-1.0,0.11642352941176612,-1.1164235294117661
ADA,4h,284418,2024,24290,False,97.99432182434228,-1.0,0.0816373831775706,-1.0816373831775705
ADA,4h,284587,2024,24290,False,50.21455309047805,-1.0,0.15931636363636187,-1.159316363636362
ADA,4h,286457,2024,24290,False,179.54070981210918,2.0,0.022279069767441782,1.9777209302325582
ADA,4h,288786,2024,24290,False,158.59696232273154,2.0,0.02522116402116413,1.9747788359788359
ADA,4h,289076,2024,24290,False,252.75631890797152,-1.0,0.031651038575667804,-1.0316510385756679
ADA,4h,289817,2024,24291,False,152.1262293922032,2.0,0.026293953488372,1.973706046511628
ADA,4h,290677,2024,24291,False,358.9177250138049,-1.0,0.022289230769230745,-1.0222892307692308
ADA,4h,290745,2024,24291,False,191.5223207998866,2.0,0.02088529411764714,1.9791147058823528
ADA,4h,292517,2024,24291,False,90.85903083700359,-1.0,0.08804848484848564,-1.0880484848484857
ADA,4h,294976,2024,24291,False,103.63943118823742,2.0,0.03859534883720957,1.9614046511627905
ADA,4h,300481,2024,24292,False,46.68222740913679,-1.0,0.17137142857142704,-1.171371428571427
ADA,4h,302187,2024,24292,False,490.329325666493,2.0,0.008157782515991462,1.9918422174840085
ADA,4h,302282,2024,24292,False,148.90939597315426,-1.0,0.05372394366197187,-1.0537239436619719
ADA,4h,302491,2024,24292,False,139.33996856993167,2.0,0.02870676691729328,1.9712932330827067
ADA,4h,304006,2024,24292,False,95.60229445506756,-1.0,0.08367999999999944,-1.0836799999999995
ADA,4h,306702,2024,24292,False,155.44041450777243,2.0,0.025733333333333264,1.9742666666666668
ADA,4h,307879,2024,24293,False,111.3294040602487,-1.0,0.07185882352941186,-1.071858823529412
ADA,4h,309017,2024,24293,False,155.14184397163135,2.0,0.02578285714285712,1.974217142857143
ADA,4h,310323,2024,24293,False,40.71477041393403,2.0,0.09824444444444315,1.9017555555555568
ADA,4h,312086,2024,24293,False,158.8655506983678,-1.0,0.05035704697986606,-1.050357046979866
ADA,4h,312922,2024,24293,False,149.25373134328348,-1.0,0.053600000000000037,-1.0536
ADA,4h,314397,2024,24293,False,73.06999894101469,2.0,0.05474202898550711,1.9452579710144928
ADA,4h,317591,2024,24294,False,101.13914617268247,-1.0,0.07909894736842052,-1.0790989473684205
ADA,4h,318069,2024,24294,False,43.12301407172067,-1.0,0.18551578947368297,-1.185515789473683
ADA,4h,320137,2024,24294,False,82.58527827648136,2.0,0.04843478260869553,1.9515652173913045
ADA,4h,320860,2024,24294,False,245.4615187931475,2.0,0.016295833333333336,1.9837041666666666
ADA,4h,321313,2024,24294,False,64.84054518989036,2.0,0.06168979591836716,1.938310204081633
ADA,4h,320939,2024,24294,False,90.04373552868545,-1.0,0.08884571428571421,-1.0888457142857142
ADA,4h,322230,2024,24294,False,82.70972823946545,-1.0,0.09672380952380824,-1.0967238095238083
ADA,4h,323053,2024,24294,False,98.07767752059567,2.0,0.040784000000000264,1.9592159999999996
ADA,4h,324270,2024,24294,False,35.70517725070167,-1.0,0.22405714285714087,-1.224057142857141
ADA,4h,325933,2024,24295,False,177.6271186440678,2.0,0.02251908396946565,1.9774809160305344
ADA,4h,325581,2024,24295,False,362.82805105406555,-1.0,0.022049011857707516,-1.0220490118577075
ADA,4h,326312,2024,24295,False,92.87925696594387,-1.0,0.08613333333333371,-1.0861333333333336
ADA,4h,326029,2024,24295,False,101.12052473353323,-1.0,0.07911351351351392,-1.079113513513514
ADA,4h,326364,2024,24295,False,108.13887307911125,-1.0,0.07397894736842164,-1.0739789473684216
ADA,4h,329661,2024,24295,False,80.9810273021737,-1.0,0.09878857142857292,-1.098788571428573
ADA,4h,329925,2024,24295,False,93.61104610344029,2.0,0.04272999999999996,1.95727
ADA,4h,331100,2024,24295,False,59.257467650260196,-1.0,0.13500408163265262,-1.1350040816326525
ADA,4h,331513,2024,24295,False,67.33167082294214,-1.0,0.11881481481481569,-1.1188148148148156
ADA,4h,332644,2024,24295,False,136.13088547520945,-1.0,0.058766972477064104,-1.058766972477064
ADA,4h,332520,2024,24295,False,117.95859412614386,-1.0,0.06782040816326508,-1.0678204081632652
ADA,4h,333465,2024,24296,False,78.55459544383353,-1.0,0.1018399999999999,-1.10184
ADA,4h,334073,2024,24296,False,75.55982964693035,-1.0,0.10587636363636248,-1.1058763636363624
ADA,4h,334668,2024,24296,False,465.0099100472646,-1.0,0.01720393442622946,-1.0172039344262294
ADA,4h,335209,2024,24296,False,118.61313868613183,2.0,0.03372307692307679,1.9662769230769233
ADA,4h,337624,2024,24296,False,104.52961672473893,-1.0,0.07653333333333315,-1.0765333333333331
ADA,4h,337686,2024,24296,False,118.11023622047288,-1.0,0.06773333333333308,-1.067733333333333
ADA,4h,338868,2024,24296,False,56.0306694190508,-1.0,0.1427789473684201,-1.14277894736842
ADA,4h,341110,2024,24296,False,116.26278190222685,2.0,0.03440481927710854,1.9655951807228915
ADA,4h,346382,2024,24297,False,68.54309464780408,-1.0,0.11671489361702311,-1.116714893617023
ADA,4h,345747,2024,24297,False,72.74283269148629,2.0,0.05498823529411653,1.9450117647058836
ADA,4h,347327,2024,24297,False,42.15729030382343,-1.0,0.1897655172413784,-1.1897655172413784
ADA,4h,346934,2024,24297,False,42.665882006767895,-1.0,0.18750344827586118,-1.1875034482758613
ADA,4h,349142,2024,24297,False,93.23703217334203,2.0,0.042901408450704254,1.9570985915492958
ADA,4h,350517,2024,24297,False,75.72840456937513,-1.0,0.1056406779661014,-1.1056406779661014
ADA,4h,352622,2024,24298,False,48.57737682165091,-1.0,0.16468571428571674,-1.1646857142857168
ADA,4h,354570,2024,24298,False,42.83266704740152,-1.0,0.18677333333333318,-1.1867733333333332
ADA,4h,354882,2024,24298,False,58.49582172701925,-1.0,0.13676190476190536,-1.1367619047619053
ADA,4h,356708,2024,24298,False,72.97221442604523,-1.0,0.10963076923076959,-1.1096307692307696
ADA,4h,358599,2024,24298,False,59.453032104637394,-1.0,0.13455999999999987,-1.1345599999999998
ADA,4h,359858,2024,24299,False,84.39422114146625,-1.0,0.09479322033898457,-1.0947932203389845
ADA,4h,360279,2024,24299,False,57.937427578215576,-1.0,0.13807999999999987,-1.13808
ADA,4h,362557,2024,24299,False,299.4441455979926,2.0,0.013358083832335292,1.9866419161676647
ADA,4h,363331,2024,24299,False,185.6002869183174,-1.0,0.0431033816425122,-1.0431033816425122
ADA,4h,363632,2024,24299,False,169.06247174758303,-1.0,0.04731978609625628,-1.0473197860962562
ADA,4h,366488,2024,24299,False,181.10982415499626,2.0,0.022086046511627915,1.977913953488372
ADA,4h,371383,2024,24300,False,326.37624317131076,-1.0,0.02451158798283275,-1.0245115879828328
ADA,4h,372322,2024,24300,False,173.98745008556742,2.0,0.022990163934426253,1.9770098360655737
ADA,4h,371756,2024,24300,False,138.33992094861534,-1.0,0.05782857142857195,-1.057828571428572
ADA,4h,372501,2024,24300,False,75.44392308400023,-1.0,0.1060390243902441,-1.106039024390244
ADA,4h,374203,2024,24300,False,136.1466968098463,2.0,0.029380073800738107,1.9706199261992619
ADA,4h,374940,2024,24300,False,151.4828248346489,2.0,0.026405633802816922,1.973594366197183
ADA,4h,376720,2024,24300,False,74.11630558722862,-1.0,0.10793846153846236,-1.1079384615384624
ADA,4h,380034,2025,24301,False,117.81011781011786,-1.0,0.06790588235294115,-1.067905882352941
ADA,4h,380713,2025,24301,False,148.20913956360607,-1.0,0.0539777777777779,-1.053977777777778
ADA,4h,381870,2025,24301,False,160.88139031023803,2.0,0.024863037249283713,1.9751369627507163
ADA,4h,382833,2025,24301,False,262.6768016934485,-1.0,0.03045567765567754,-1.0304556776556775
ADA,4h,382900,2025,24301,False,261.7397998460365,-1.0,0.030564705882352817,-1.0305647058823528
ADA,4h,385809,2025,24301,False,150.55752530702483,-1.0,0.053135836177474215,-1.0531358361774743
ADA,4h,385021,2025,24301,False,119.6744853997126,-1.0,0.0668480000000001,-1.066848
ADA,4h,384922,2025,24301,False,126.16201859229834,-1.0,0.06341052631578904,-1.0634105263157891
ADA,4h,386237,2025,24302,False,68.96551724137866,2.0,0.058000000000000544,1.9419999999999995
ADA,4h,387164,2025,24302,False,243.60453280857735,-1.0,0.03284011142061277,-1.0328401114206127
ADA,4h,387246,2025,24302,False,174.1663968921976,-1.0,0.04593308550185887,-1.045933085501859
ADA,4h,388069,2025,24302,False,158.88104291146178,-1.0,0.05035213675213656,-1.0503521367521365
ADA,4h,389292,2025,24302,False,212.18961625282122,-1.0,0.03770212765957455,-1.0377021276595746
ADA,4h,392262,2025,24302,False,91.95700038855064,2.0,0.043498591549295806,1.9565014084507042
ADA,4h,394146,2025,24302,False,185.48649528148331,-1.0,0.04312982456140364,-1.0431298245614036
ADA,4h,395161,2025,24303,False,1283.9248434237988,2.0,0.0031154471544715466,1.9968845528455283
ADA,4h,394953,2025,24303,False,625.1629386307936,-1.0,0.012796663886572152,-1.0127966638865722
ADA,4h,395311,2025,24303,False,279.49624392399454,2.0,0.014311462450592893,1.985688537549407
ADA,4h,397214,2025,24303,False,174.31320596848352,-1.0,0.045894400000000175,-1.0458944000000001
ADA,4h,398707,2025,24303,False,54.94505494505499,-1.0,0.14559999999999987,-1.1456
ADA,4h,398977,2025,24303,False,156.7787830651284,2.0,0.025513656387665264,1.9744863436123348
ADA,4h,402104,2025,24303,False,61.52985596420179,-1.0,0.13001818181817973,-1.1300181818181798
ADA,4h,404248,2025,24304,False,177.79769908860035,2.0,0.022497478991596598,1.9775025210084034
ADA,4h,405099,2025,24304,False,226.52116402116476,2.0,0.017658394160583884,1.982341605839416
ADA,4h,405707,2025,24304,False,199.5680345572345,-1.0,0.04008658008658027,-1.0400865800865802
ADA,4h,405976,2025,24304,False,415.2450694848969,2.0,0.009632865731462915,1.9903671342685372
ADA,4h,406045,2025,24304,False,114.1871354637314,-1.0,0.07006043165467614,-1.0700604316546762
ADA,4h,406253,2025,24304,False,84.30609597924744,2.0,0.047446153846154006,1.952553846153846
ADA,4h,408356,2025,24304,False,65.06903666084736,-1.0,0.12294634146341488,-1.1229463414634149
ADA,4h,409157,2025,24304,False,83.15514373960698,-1.0,0.09620571428571269,-1.0962057142857127
ADA,4h,409263,2025,24304,False,74.66243050039775,-1.0,0.1071489361702119,-1.1071489361702118
ADA,4h,410146,2025,24304,False,182.5673083753645,2.0,0.021909727626459093,1.978090272373541
ADA,4h,413846,2025,24305,False,68.9450663503602,-1.0,0.11603440860214946,-1.1160344086021494
ADA,4h,415608,2025,24305,False,96.77814528972213,-1.0,0.08266329113924033,-1.0826632911392404
ADA,4h,420636,2025,24305,False,84.25720620842628,-1.0,0.094947368421052,-1.094947368421052
ADA,4h,421513,2025,24306,False,58.53944094833899,2.0,0.06832999999999995,1.93167
ADA,4h,422353,2025,24306,False,193.8043644132465,-1.0,0.041278740157480176,-1.0412787401574801
ADA,4h,422473,2025,24306,False,60.19047619047633,-1.0,0.13291139240506297,-1.132911392405063
ADA,4h,423432,2025,24306,False,130.1502840296254,-1.0,0.06146740331491712,-1.0614674033149172
ADA,4h,425174,2025,24306,False,155.46445974166608,-1.0,0.05145870646766167,-1.0514587064676617
ADA,4h,427462,2025,24306,False,124.29187452439278,2.0,0.03218231292517021,1.9678176870748298
ADA,4h,427871,2025,24306,False,176.7408978437612,-1.0,0.045263999999999964,-1.045264
ADA,4h,429201,2025,24306,False,41.714742167390845,-1.0,0.1917787234042583,-1.1917787234042583
ADA,4h,430443,2025,24307,False,113.83537653239843,-1.0,0.07027692307692361,-1.0702769230769236
ADA,4h,430135,2025,24307,False,92.4836051790829,2.0,0.04325090909090862,1.9567490909090914
ADA,4h,431014,2025,24307,True,55.34269902085951,2.0,0.07227692307692364,1.9277230769230764
ADA,4h,432547,2025,24307,True,174.1624116947606,-1.0,0.04593413654618488,-1.045934136546185
ADA,4h,437356,2025,24307,True,74.4416873449132,-1.0,0.10746666666666659,-1.1074666666666666
ADA,4h,438198,2025,24307,True,66.67961416456254,-1.0,0.1199766990291265,-1.1199766990291264
ADA,4h,439364,2025,24308,True,57.035496208816696,-1.0,0.1402635294117655,-1.1402635294117656
ADA,4h,440265,2025,24308,True,89.92206754146451,2.0,0.04448296296296274,1.9555170370370372
ADA,4h,442230,2025,24308,True,254.70302261678302,-1.0,0.031409128630705385,-1.0314091286307054
ADA,4h,442371,2025,24308,True,185.57794273594868,-1.0,0.043108571428571524,-1.0431085714285715
ADA,4h,442985,2025,24308,True,123.65591397849533,-1.0,0.06469565217391267,-1.0646956521739126
ADA,4h,443533,2025,24308,True,116.66933035000815,2.0,0.03428493150684927,1.9657150684931508
ADA,4h,444554,2025,24308,True,236.84504524634116,-1.0,0.03377735849056604,-1.033777358490566
ADA,4h,445329,2025,24308,True,231.95293052726822,-1.0,0.03448975609756103,-1.034489756097561
ADA,4h,448554,2025,24309,True,47.54167418908358,-1.0,0.1682734177215186,-1.1682734177215186
ADA,4h,449882,2025,24309,True,90.96630242004706,-1.0,0.08794465408805018,-1.0879446540880502
ADA,4h,450576,2025,24309,True,44.52460125119776,-1.0,0.1796759493670882,-1.179675949367088
ADA,4h,452584,2025,24309,True,126.18648799553297,-1.0,0.0633982300884957,-1.0633982300884957
ADA,4h,455307,2025,24309,True,51.42821736167032,-1.0,0.15555662650602461,-1.1555566265060246
ADA,4h,455403,2025,24309,True,39.00843085441037,2.0,0.10254193548387122,1.8974580645161288
ADA,4h,457093,2025,24310,True,35.992104957622104,2.0,0.11113548387096804,1.888864516129032
ADA,4h,457257,2025,24310,True,64.20451198680514,-1.0,0.12460183486238635,-1.1246018348623863
ADA,4h,457417,2025,24310,True,63.30986332169653,-1.0,0.12636261682243072,-1.1263626168224308
ADA,4h,457683,2025,24310,True,86.42190128182769,-1.0,0.09256912751677908,-1.092569127516779
ADA,4h,459445,2025,24310,True,596.4520184383304,2.0,0.006706323185011699,1.9932936768149883
ADA,4h,459774,2025,24310,True,203.19084888621248,2.0,0.01968592592592599,1.9803140740740741
ADA,4h,459842,2025,24310,True,171.1666547303574,-1.0,0.046738075313807914,-1.046738075313808
ADA,4h,460704,2025,24310,True,170.0007907013527,-1.0,0.04705860465116262,-1.0470586046511625
ADA,4h,461834,2025,24310,True,83.82868465173085,-1.0,0.09543272727272621,-1.0954327272727262
ADA,4h,461920,2025,24310,True,119.60082273177457,-1.0,0.06688917197452209,-1.0668891719745222
ADA,4h,462678,2025,24310,True,137.36263736263749,-1.0,0.058239999999999945,-1.0582399999999998
ADA,4h,463648,2025,24310,True,121.22581130938937,-1.0,0.06599254658385093,-1.065992546583851
ADA,4h,464688,2025,24310,True,168.3120245994492,2.0,0.023765384615384695,1.9762346153846153
ADA,4h,464746,2025,24310,True,65.25150739241775,-1.0,0.12260253164556936,-1.1226025316455694
ADA,4h,467030,2025,24311,True,251.2473271560941,2.0,0.015920567375886523,1.9840794326241136
ADA,4h,471520,2025,24311,True,79.581898087658,2.0,0.050262686567164726,1.9497373134328353
ADA,4h,471822,2025,24311,True,138.93836836480278,-1.0,0.05757948717948697,-1.057579487179487
ADA,4h,472623,2025,24311,True,153.12131919905784,-1.0,0.0522461538461538,-1.0522461538461538
ADA,4h,473943,2025,24312,True,84.73564864542304,-1.0,0.09441126760563384,-1.094411267605634
ADA,4h,473933,2025,24312,True,311.5653040877371,-1.0,0.025676799999999975,-1.0256768
ADA,4h,474824,2025,24312,True,381.47471054235217,2.0,0.01048562300319489,1.9895143769968051
ADA,4h,475131,2025,24312,True,72.66229898749249,2.0,0.0550491803278689,1.944950819672131
ADA,4h,476330,2025,24312,True,252.63620386643257,-1.0,0.03166608695652171,-1.0316660869565217
ADA,4h,478260,2025,24312,True,126.5182186234819,2.0,0.03161599999999997,1.9683840000000001
ADA,4h,478533,2025,24312,True,84.0112014935321,-1.0,0.09522539682539725,-1.0952253968253973
ADA,4h,478697,2025,24312,True,111.327581408294,-1.0,0.07185999999999994,-1.07186
ADA,4h,479399,2025,24312,True,54.58362491252644,2.0,0.07328205128205102,1.9267179487179489
ADA,4h,479336,2025,24312,True,40.45307443365699,-1.0,0.19775999999999985,-1.19776
ADA,4h,481474,2025,24312,True,129.58367797077577,2.0,0.030868085106382736,1.9691319148936173
ADA,4h,481650,2025,24312,True,64.69002695417825,-1.0,0.123666666666666,-1.123666666666666
ADA,4h,482639,2026,24313,True,89.28571428571374,-1.0,0.08960000000000055,-1.0896000000000006
ADA,4h,482586,2026,24313,True,92.61939218523821,-1.0,0.08637500000000053,-1.0863750000000005
ADA,4h,482466,2026,24313,True,83.01215535131837,-1.0,0.09637142857142965,-1.0963714285714297
ADA,4h,486475,2026,24313,True,118.7054854429597,2.0,0.03369684210526293,1.966303157894737
ADA,4h,486279,2026,24313,True,104.73094980137283,-1.0,0.07638620689655136,-1.0763862068965513
ADA,4h,487475,2026,24313,True,69.14212548015315,2.0,0.057851851851852265,1.9421481481481477
ADA,4h,487699,2026,24313,True,105.29157667386649,2.0,0.03798974358974345,1.9620102564102566
ADA,4h,489610,2026,24313,True,150.8558166521608,-1.0,0.05303076923076941,-1.0530307692307694
ADA,4h,490640,2026,24313,True,78.9012273524249,-1.0,0.10139259259259334,-1.1013925925925934
ADA,4h,492094,2026,24314,True,105.47132498351947,2.0,0.03792500000000023,1.9620749999999998
ADA,4h,493142,2026,24314,True,166.07576040306063,2.0,0.024085393258426915,1.9759146067415732
ADA,4h,494376,2026,24314,True,81.42690965490465,-1.0,0.09824761904761947,-1.0982476190476196
ADA,4h,495487,2026,24314,True,125.62381689898424,-1.0,0.06368219178082214,-1.0636821917808221
ADA,4h,495802,2026,24314,True,94.10944579992959,2.0,0.04250370370370402,1.957496296296296
ADA,4h,497815,2026,24314,True,56.74537799743715,2.0,0.07049032258064535,1.9295096774193548
ADA,4h,499179,2026,24314,True,76.27906976744173,2.0,0.052439024390244,1.947560975609756
ADA,4h,498960,2026,24314,True,343.72217275155805,-1.0,0.023274611398963748,-1.0232746113989637
ADA,4h,499272,2026,24314,True,193.76268684259003,-1.0,0.04128761904761923,-1.0412876190476192
ADA,4h,502016,2026,24315,True,97.01350580178794,-1.0,0.08246274509803934,-1.0824627450980393
ADA,4h,503060,2026,24315,True,84.00224005973602,-1.0,0.09523555555555431,-1.0952355555555544
ADA,4h,504664,2026,24315,True,59.925093632958436,2.0,0.0667500000000004,1.9332499999999997
ADA,4h,504456,2026,24315,True,98.32483612527243,-1.0,0.08136296296296354,-1.0813629629629635
ADA,4h,505861,2026,24315,True,64.98470948012154,-1.0,0.12310588235294266,-1.1231058823529427
ADA,4h,506774,2026,24315,True,76.54563297350371,-1.0,0.10451282051282013,-1.10451282051282
ADA,4h,506660,2026,24315,True,70.16878437322278,-1.0,0.11401081081080967,-1.1140108108108098
ADA,4h,507332,2026,24315,True,53.795576808129816,-1.0,0.14871111111110916,-1.1487111111111092
ADA,4h,507965,2026,24315,True,80.03283398317289,2.0,0.049979487179486984,1.950020512820513
ADA,4h,508783,2026,24316,True,166.6323801686895,-1.0,0.048009876543209894,-1.04800987654321
ADA,4h,509657,2026,24316,True,71.50153217568955,-1.0,0.11188571428571419,-1.1118857142857141
ADA,4h,510035,2026,24316,True,129.29292929292964,-1.0,0.06187499999999983,-1.061875
ADA,4h,509963,2026,24316,True,65.33359730746326,-1.0,0.12244848484848599,-1.122448484848486
ADA,4h,510302,2026,24316,True,94.51035592197945,-1.0,0.0846468085106376,-1.0846468085106376
ADA,4h,510510,2026,24316,True,252.86448044251242,-1.0,0.031637500000000054,-1.0316375
ADA,4h,512044,2026,24316,True,93.45794392523464,-1.0,0.08559999999999908,-1.085599999999999
ADA,4h,514398,2026,24316,True,72.87768367145804,-1.0,0.1097729729729752,-1.1097729729729753
ADA,4h,514603,2026,24316,True,65.59332140727429,-1.0,0.1219636363636375,-1.1219636363636374
ADA,4h,516438,2026,24316,True,68.10897435897463,-1.0,0.11745882352941128,-1.1174588235294114
ADA,4h,516690,2026,24316,True,78.93139040680053,-1.0,0.10135384615384578,-1.1013538461538457
ADA,4h,519801,2026,24317,True,117.4345076784112,2.0,0.03406153846153815,1.9659384615384619
ADA,4h,520876,2026,24317,True,78.38745800671857,-1.0,0.10205714285714332,-1.1020571428571433
ADA,4h,521052,2026,24317,True,71.02803738317598,-1.0,0.11263157894737094,-1.1126315789473709
ADA,4h,523841,2026,24317,True,47.84688995215361,-1.0,0.16719999999999824,-1.1671999999999982
ADA,4h,524907,2026,24317,True,72.74283269148393,-1.0,0.10997647058823663,-1.1099764705882367
ADA,4h,528161,2026,24318,True,267.47195858498634,2.0,0.014954838709677459,1.9850451612903226
ADA,4h,529887,2026,24318,True,53.47593582887607,-1.0,0.14960000000000262,-1.1496000000000026
ADA,4h,530382,2026,24318,True,340.45008655510765,-1.0,0.0234983050847457,-1.0234983050847457
ADA,4h,532964,2026,24318,True,85.82217645039485,-1.0,0.09321599999999992,-1.093216
ADA,4h,535478,2026,24319,True,127.94995735001433,2.0,0.03126222222222219,1.9687377777777777
ADA,1h,741,2021,24258,False,134.04796231689554,-1.0,0.0596801313628896,-1.0596801313628896
ADA,1h,2067,2021,24258,False,112.02104362924875,2.0,0.03570757663389237,1.9642924233661077
ADA,1h,3850,2021,24258,False,95.98477890040625,-1.0,0.0833465481886539,-1.083346548188654
ADA,1h,5653,2021,24258,False,88.70291661633041,-1.0,0.09018869170449781,-1.0901886917044978
ADA,1h,6231,2021,24258,False,228.51281344010513,-1.0,0.0350089777442474,-1.0350089777442475
ADA,1h,9480,2021,24259,False,61.885589904823746,-1.0,0.12927080459770215,-1.1292708045977022
ADA,1h,9958,2021,24259,False,75.44744774598449,2.0,0.05301703529411822,1.9469829647058818
ADA,1h,10191,2021,24259,False,72.96221003091178,-1.0,0.1096458015267171,-1.109645801526717
ADA,1h,10236,2021,24259,False,86.5551470459881,2.0,0.046213311819281386,1.9537866881807187
ADA,1h,13699,2021,24259,False,81.63076288347311,-1.0,0.09800226921093338,-1.0980022692109335
ADA,1h,15497,2021,24259,False,72.72504542763177,-1.0,0.11000336889388057,-1.1100033688938806
ADA,1h,16100,2021,24259,False,129.3652228045869,-1.0,0.06184042222912126,-1.0618404222291213
ADA,1h,16083,2021,24259,False,147.21145660430278,-1.0,0.05434359651439093,-1.054343596514391
ADA,1h,15932,2021,24259,False,82.8741656587368,-1.0,0.09653189189189286,-1.096531891891893
ADA,1h,16281,2021,24259,False,193.08128587918094,2.0,0.020716663356504513,1.9792833366434954
ADA,1h,17232,2021,24259,False,73.21239411955602,-1.0,0.10927111585691324,-1.1092711158569133
ADA,1h,20701,2021,24260,False,132.44086086559497,-1.0,0.06040431893687737,-1.0604043189368775
ADA,1h,22696,2021,24260,False,136.2295996952979,-1.0,0.058724388957270994,-1.058724388957271
ADA,1h,24431,2021,24260,False,130.43067606893868,-1.0,0.06133526438037956,-1.0613352643803795
ADA,1h,25521,2021,24260,False,106.39249634085614,2.0,0.03759663639421483,1.9624033636057852
ADA,1h,26964,2021,24261,False,150.82201082297073,2.0,0.02652132787630747,1.9734786721236925
ADA,1h,27039,2021,24261,False,104.85295541745718,2.0,0.03814866242038259,1.9618513375796174
ADA,1h,28426,2021,24261,False,250.06868940613077,2.0,0.015995605085543887,1.9840043949144561
ADA,1h,29656,2021,24261,False,303.2280638300396,2.0,0.013191391157785493,1.9868086088422146
ADA,1h,29643,2021,24261,False,154.85606591405494,-1.0,0.05166087587708703,-1.0516608758770871
ADA,1h,29813,2021,24261,False,118.2606677038101,-1.0,0.06764717429159464,-1.0676471742915947
ADA,1h,33260,2021,24261,False,242.3400012086785,-1.0,0.03301147132169573,-1.0330114713216958
ADA,1h,35313,2021,24262,False,102.55193744696695,2.0,0.03900462633451986,1.9609953736654802
ADA,1h,36704,2021,24262,False,80.4160089144757,-1.0,0.099482678983835,-1.099482678983835
ADA,1h,36872,2021,24262,False,68.17890437553731,-1.0,0.11733834788448744,-1.1173383478844874
ADA,1h,37040,2021,24262,False,66.82801878862342,2.0,0.05985513370749435,1.9401448662925056
ADA,1h,37448,2021,24262,False,64.47342997314828,2.0,0.0620410609714096,1.9379589390285905
ADA,1h,39349,2021,24262,False,63.11258871974555,-1.0,0.12675759562841543,-1.1267575956284155
ADA,1h,39611,2021,24262,False,84.1883113916878,-1.0,0.09502506782419996,-1.0950250678242
ADA,1h,40921,2021,24262,False,55.380320498876614,2.0,0.0722278232405885,1.9277721767594116
ADA,1h,43020,2021,24262,False,234.61455830940767,2.0,0.017049240374609805,1.9829507596253901
ADA,1h,43136,2021,24262,False,115.2328732589655,-1.0,0.06942463355939599,-1.069424633559396
ADA,1h,43840,2021,24262,False,52.23253601109377,-1.0,0.15316124031007922,-1.1531612403100793
ADA,1h,44243,2021,24263,False,68.02096484180663,-1.0,0.11761079865016982,-1.1176107986501698
ADA,1h,46182,2021,24263,False,42.793968463455656,-1.0,0.18694223245109134,-1.1869422324510914
ADA,1h,49717,2021,24263,False,119.70723031671022,-1.0,0.0668297142857148,-1.0668297142857148
ADA,1h,50791,2021,24263,False,59.21220492877798,2.0,0.06755364041604779,1.9324463595839523
ADA,1h,50871,2021,24263,False,88.85655404603197,-1.0,0.090032750942104,-1.090032750942104
ADA,1h,51210,2021,24263,False,74.66233670381588,-1.0,0.10714907077896386,-1.107149070778964
ADA,1h,51440,2021,24263,False,123.08597047580847,2.0,0.03249761109684038,1.9675023889031595
ADA,1h,52459,2021,24263,False,66.55053256233711,-1.0,0.12020940617577316,-1.1202094061757732
ADA,1h,53666,2021,24264,False,175.47697434382988,2.0,0.02279501350509038,1.9772049864949097
ADA,1h,55976,2021,24264,False,147.0272307547339,2.0,0.027205844655216773,1.9727941553447832
ADA,1h,56090,2021,24264,False,104.551540470739,-1.0,0.0765172848145549,-1.076517284814555
ADA,1h,57248,2021,24264,False,122.00909087343751,-1.0,0.0655688846030216,-1.0655688846030216
ADA,1h,57996,2021,24264,False,64.45133982684898,-1.0,0.12412465003043086,-1.124124650030431
ADA,1h,58651,2021,24264,False,74.96781077145975,2.0,0.05335623327982788,1.9466437667201721
ADA,1h,58903,2021,24264,False,134.24712152956627,-1.0,0.059591594284113564,-1.0595915942841136
ADA,1h,59509,2021,24264,False,133.12561960062266,2.0,0.030046808510638408,1.9699531914893615
ADA,1h,60466,2021,24264,False,83.31184416717873,-1.0,0.09602476190476232,-1.0960247619047623
ADA,1h,60947,2021,24264,False,120.43058900849692,-1.0,0.06642830584707647,-1.0664283058470765
ADA,1h,61516,2021,24264,False,104.07288436387248,-1.0,0.07686920612317626,-1.0768692061231762
ADA,1h,63321,2022,24265,False,141.83181240794565,2.0,0.028202417582417594,1.9717975824175824
ADA,1h,63909,2022,24265,False,113.11149320656746,-1.0,0.0707266766020865,-1.0707266766020864
ADA,1h,64037,2022,24265,False,124.45827314145936,-1.0,0.06427857142857184,-1.0642785714285719
ADA,1h,64217,2022,24265,False,80.84667275006552,-1.0,0.09895274261603446,-1.0989527426160344
ADA,1h,64420,2022,24265,False,84.1318167639794,2.0,0.047544438642297085,1.9524555613577028
ADA,1h,65954,2022,24265,False,56.95939946413911,2.0,0.07022545949625658,1.9297745405037434
ADA,1h,71656,2022,24266,False,76.5107435744707,2.0,0.05228023952095896,1.947719760479041
ADA,1h,72657,2022,24266,False,105.9139014554455,-1.0,0.07553304986470863,-1.0755330498647087
ADA,1h,76445,2022,24266,False,87.5891747957039,-1.0,0.09133548773189705,-1.091335487731897
ADA,1h,76537,2022,24266,False,88.12394275434329,-1.0,0.0907812309567335,-1.0907812309567335
ADA,1h,79651,2022,24267,False,89.19567020012961,2.0,0.044845226130653455,1.9551547738693464
ADA,1h,79893,2022,24267,False,103.5802877940246,-1.0,0.07723477285473915,-1.0772347728547391
ADA,1h,80507,2022,24267,False,85.72426165163701,-1.0,0.09332247191011217,-1.0933224719101122
ADA,1h,81238,2022,24267,False,107.03261917612137,-1.0,0.0747435694050994,-1.0747435694050993
ADA,1h,81379,2022,24267,False,101.15154306771065,2.0,0.039544626593806954,1.9604553734061931
ADA,1h,82323,2022,24267,False,40.40669811498096,-1.0,0.19798697674418403,-1.197986976744184
ADA,1h,82519,2022,24267,False,65.79690854983001,-1.0,0.12158625954198678,-1.1215862595419868
ADA,1h,84050,2022,24267,False,49.70052249267193,2.0,0.08048205128205198,1.9195179487179481
ADA,1h,84871,2022,24267,False,81.53819870470825,-1.0,0.09811352380952287,-1.098113523809523
ADA,1h,85188,2022,24267,False,77.47813653443205,2.0,0.05162746781115935,1.9483725321888405
ADA,1h,86597,2022,24267,False,77.9656950941587,2.0,0.051304615384615296,1.9486953846153847
ADA,1h,88028,2022,24268,False,77.88351335394144,2.0,0.05135875139353318,1.9486412486064668
ADA,1h,88653,2022,24268,False,89.03574040910937,-1.0,0.08985155807365544,-1.0898515580736554
ADA,1h,90411,2022,24268,False,48.29449670676176,-1.0,0.165650344149459,-1.165650344149459
ADA,1h,91461,2022,24268,False,77.22455171832475,-1.0,0.10359399727148777,-1.1035939972714877
ADA,1h,92134,2022,24268,False,37.81186881338181,-1.0,0.21157377963738097,-1.2115737796373809
ADA,1h,92486,2022,24268,False,69.35636216435044,2.0,0.05767315175097264,1.9423268482490275
ADA,1h,92611,2022,24268,False,169.8395438563565,-1.0,0.04710328241793961,-1.0471032824179396
ADA,1h,94665,2022,24268,False,117.29567665301057,-1.0,0.06820370731707329,-1.0682037073170734
ADA,1h,94601,2022,24268,False,91.02410908835246,-1.0,0.08788880308880373,-1.0878888030888036
ADA,1h,96419,2022,24269,False,70.45903968360605,-1.0,0.11354114441416929,-1.1135411444141692
ADA,1h,96445,2022,24269,False,80.47777310870858,-1.0,0.09940632911392416,-1.0994063291139242
ADA,1h,97510,2022,24269,False,134.3323205805136,-1.0,0.059553798858146795,-1.0595537988581467
ADA,1h,101943,2022,24269,False,110.53428095247104,2.0,0.036187868284229145,1.9638121317157708
ADA,1h,102379,2022,24269,False,68.65242970306127,2.0,0.0582645074224028,1.9417354925775971
ADA,1h,104985,2022,24269,False,161.10885021425267,-1.0,0.04965586924219928,-1.0496558692421993
ADA,1h,106741,2022,24270,False,191.65745765227803,-1.0,0.0417411359724614,-1.0417411359724613
ADA,1h,107013,2022,24270,False,116.92831568141294,-1.0,0.06841798715203497,-1.068417987152035
ADA,1h,107178,2022,24270,False,136.417650320843,-1.0,0.05864343786295002,-1.0586434378629501
ADA,1h,108089,2022,24270,False,100.46342270771116,-1.0,0.07963097199341142,-1.0796309719934114
ADA,1h,108509,2022,24270,False,145.01608637956252,-1.0,0.05516629361421975,-1.0551662936142197
ADA,1h,110142,2022,24270,False,162.78776676188832,2.0,0.024571870967742,1.975428129032258
ADA,1h,111816,2022,24270,False,83.41969443560966,2.0,0.04795030750307455,1.9520496924969255
ADA,1h,112476,2022,24270,False,95.20089830591365,-1.0,0.08403282051281925,-1.0840328205128194
ADA,1h,113861,2022,24271,False,108.24367311930607,2.0,0.03695366098294913,1.963046339017051
ADA,1h,114618,2022,24271,False,48.56025986896466,-1.0,0.16474376417233466,-1.1647437641723346
ADA,1h,114694,2022,24271,False,49.54187680215483,-1.0,0.16147955056179944,-1.1614795505617994
ADA,1h,114789,2022,24271,False,107.07944357904604,2.0,0.037355442522889096,1.962644557477111
ADA,1h,115901,2022,24271,False,63.37916025266648,2.0,0.063112227805696,1.936887772194304
ADA,1h,116590,2022,24271,False,51.6116467036718,-1.0,0.15500377358490397,-1.155003773584904
ADA,1h,117393,2022,24271,False,158.76418813496818,-1.0,0.05038919729932459,-1.0503891972993247
ADA,1h,117771,2022,24271,False,72.96431838975357,2.0,0.054821316614419614,1.9451786833855804
ADA,1h,120079,2022,24271,False,94.05486705607322,-1.0,0.08505673603504851,-1.0850567360350485
ADA,1h,123563,2022,24272,False,71.55281467425814,-1.0,0.11180552486187635,-1.1118055248618763
ADA,1h,123999,2022,24272,False,55.09423492340325,2.0,0.07260287769784161,1.9273971223021584
ADA,1h,124694,2022,24272,False,102.36900277980776,2.0,0.03907432808155672,1.9609256719184434
ADA,1h,126634,2022,24272,False,118.16476445940442,-1.0,0.06770207715133562,-1.0677020771513357
ADA,1h,126852,2022,24272,False,119.65811965811871,2.0,0.033428571428571696,1.9665714285714282
ADA,1h,127386,2022,24272,False,77.19359943731327,-1.0,0.10363553530751696,-1.103635535307517
ADA,1h,132286,2022,24273,False,121.29104469580379,2.0,0.03297852706299911,1.9670214729370008
ADA,1h,134302,2022,24273,False,121.78063834574033,-1.0,0.06569188755020043,-1.0656918875502004
ADA,1h,135032,2022,24273,False,80.63408604892874,2.0,0.049606812652068774,1.9503931873479312
ADA,1h,137041,2022,24273,False,107.26298605252575,2.0,0.037291521961184584,1.9627084780388153
ADA,1h,136859,2022,24273,False,84.56181604413541,2.0,0.04730267379679118,1.9526973262032088
ADA,1h,137451,2022,24273,False,123.63327711946776,-1.0,0.06470749774164394,-1.064707497741644
ADA,1h,140774,2022,24274,False,47.15490914196761,-1.0,0.16965359801488927,-1.1696535980148892
ADA,1h,142556,2022,24274,False,19.91937396253278,2.0,0.20080952380952205,1.799190476190478
ADA,1h,144194,2022,24274,False,101.99269748454044,-1.0,0.07843698811096354,-1.0784369881109634
ADA,1h,144839,2022,24274,False,53.20958589061373,2.0,0.07517442455243027,1.9248255754475698
ADA,1h,145197,2022,24274,False,34.15180680606407,-1.0,0.2342482213438705,-1.2342482213438706
ADA,1h,145780,2022,24274,False,63.96588486140774,2.0,0.06253333333333286,1.9374666666666671
ADA,1h,146918,2022,24274,False,69.4473555508982,-1.0,0.11519517102615626,-1.1151951710261563
ADA,1h,147470,2022,24274,False,237.17844197218193,2.0,0.016864939185615994,1.983135060814384
ADA,1h,148224,2022,24274,False,88.37508352138869,-1.0,0.09052325249643274,-1.0905232524964328
ADA,1h,148595,2022,24274,False,135.85451041792203,-1.0,0.05888652482269469,-1.0588865248226946
ADA,1h,149064,2022,24274,False,68.23369732864501,-1.0,0.11724412296564121,-1.1172441229656411
ADA,1h,149087,2022,24274,False,73.38569900800275,-1.0,0.10901306532663259,-1.1090130653266326
ADA,1h,150932,2022,24275,False,74.73292168969904,2.0,0.053523934426229554,1.9464760655737705
ADA,1h,152805,2022,24275,False,93.01913536498895,2.0,0.043001904761904956,1.956998095238095
ADA,1h,154996,2022,24275,False,56.491656491657864,-1.0,0.1416138328530225,-1.1416138328530225
ADA,1h,157135,2022,24275,False,144.96526365455597,-1.0,0.05518563411896762,-1.0551856341189676
ADA,1h,157579,2022,24275,False,56.13318874784841,-1.0,0.14251818181817866,-1.1425181818181787
ADA,1h,159711,2022,24276,False,51.216183671831516,2.0,0.07810031347962319,1.9218996865203768
ADA,1h,160282,2022,24276,False,36.96768927937065,2.0,0.10820259740259582,1.8917974025974043
ADA,1h,161115,2022,24276,False,45.88809859385796,-1.0,0.1743371428571413,-1.1743371428571412
ADA,1h,161490,2022,24276,False,90.8099088692098,-1.0,0.08809611307420326,-1.0880961130742033
ADA,1h,163678,2022,24276,False,46.71787156544298,-1.0,0.1712406779661077,-1.1712406779661078
ADA,1h,164071,2022,24276,False,37.08725474557513,-1.0,0.2157075268817107,-1.2157075268817108
ADA,1h,165775,2022,24276,False,57.985878269100674,2.0,0.06898231292517142,1.9310176870748286
ADA,1h,167345,2023,24277,False,57.89285855902362,2.0,0.06909315068493072,1.9309068493150692
ADA,1h,168280,2023,24277,False,46.16634657999606,-1.0,0.1732864000000037,-1.1732864000000036
ADA,1h,169189,2023,24277,False,206.89869580762064,-1.0,0.03866626596543939,-1.0386662659654393
ADA,1h,169873,2023,24277,False,57.50196386488605,2.0,0.0695628415300547,1.9304371584699453
ADA,1h,171301,2023,24277,False,81.10552195783598,2.0,0.049318466898954985,1.950681533101045
ADA,1h,172489,2023,24277,False,102.02209773237135,2.0,0.03920719225449537,1.9607928077455046
ADA,1h,173917,2023,24277,False,115.43441226575779,-1.0,0.06930342384887858,-1.0693034238488786
ADA,1h,175278,2023,24277,False,71.79406850459415,2.0,0.05571490909090961,1.9442850909090903
ADA,1h,175551,2023,24277,False,74.7320549985382,-1.0,0.10704911032028337,-1.1070491103202833
ADA,1h,175648,2023,24277,False,89.75123861897275,-1.0,0.08913526011560646,-1.0891352601156066
ADA,1h,177125,2023,24278,False,52.098444615443825,-1.0,0.15355544794188572,-1.1535554479418857
ADA,1h,178081,2023,24278,False,90.5123022055129,2.0,0.044192887624466694,1.9558071123755334
ADA,1h,178904,2023,24278,False,40.9516113568808,2.0,0.09767625418060405,1.902323745819396
ADA,1h,179416,2023,24278,False,64.62215537171636,-1.0,0.12379655172413852,-1.1237965517241386
ADA,1h,180086,2023,24278,False,53.44316148169977,-1.0,0.149691743119265,-1.149691743119265
ADA,1h,183238,2023,24278,False,39.22972098721275,-1.0,0.20392701754385828,-1.2039270175438583
ADA,1h,183787,2023,24279,False,73.19458024863839,-1.0,0.10929770992366365,-1.1092977099236636
ADA,1h,184433,2023,24279,False,249.73816583322272,2.0,0.01601677495569994,1.9839832250443001
ADA,1h,185954,2023,24279,False,58.95955527649765,2.0,0.06784311688311652,1.9321568831168834
ADA,1h,187445,2023,24279,False,107.62792746494307,2.0,0.037165075034106675,1.9628349249658934
ADA,1h,187719,2023,24279,False,166.73118002093142,-1.0,0.04798142734307813,-1.047981427343078
ADA,1h,189110,2023,24279,False,71.24937280481728,-1.0,0.1122816901408444,-1.1122816901408443
ADA,1h,190305,2023,24279,False,88.49557522123901,-1.0,0.09039999999999992,-1.0903999999999998
ADA,1h,191540,2023,24279,False,94.98938185157651,-1.0,0.08421993957703838,-1.0842199395770384
ADA,1h,192135,2023,24279,False,74.4856464146226,2.0,0.05370162162162216,1.9462983783783778
ADA,1h,193421,2023,24280,False,79.9427885474937,-1.0,0.10007156549520699,-1.100071565495207
ADA,1h,195909,2023,24280,False,49.79927841861785,-1.0,0.16064489795918682,-1.1606448979591868
ADA,1h,197312,2023,24280,False,51.84473396053518,2.0,0.07715344827586244,1.9228465517241375
ADA,1h,197637,2023,24280,False,46.68703781536409,-1.0,0.1713537712895399,-1.1713537712895399
ADA,1h,197781,2023,24280,False,59.01654286104991,-1.0,0.13555521235521045,-1.1355552123552104
ADA,1h,198032,2023,24280,False,193.38446336987732,2.0,0.020684184914841836,1.9793158150851582
ADA,1h,198775,2023,24280,False,86.45980071597468,-1.0,0.09252855007473879,-1.0925285500747388
ADA,1h,200110,2023,24280,False,72.30910525566875,-1.0,0.11063613595706649,-1.1106361359570665
ADA,1h,200102,2023,24280,False,62.20592728383659,-1.0,0.12860510805501163,-1.1286051080550117
ADA,1h,200140,2023,24280,False,240.57289918317082,-1.0,0.03325395348837213,-1.0332539534883722
ADA,1h,201254,2023,24280,False,54.73663400590667,-1.0,0.14615440180586758,-1.1461544018058676
ADA,1h,202370,2023,24281,False,65.65962771377986,-1.0,0.12184047151277186,-1.1218404715127719
ADA,1h,203368,2023,24281,False,31.54489442527987,2.0,0.12680340425531514,1.8731965957446848
ADA,1h,203618,2023,24281,False,92.03878191997923,-1.0,0.08691988130563696,-1.0869198813056369
ADA,1h,204112,2023,24281,False,113.30117160578916,-1.0,0.07060827250608269,-1.0706082725060826
ADA,1h,204133,2023,24281,False,52.30480796663388,-1.0,0.15294961038960958,-1.1529496103896095
ADA,1h,204901,2023,24281,False,60.66428767499285,2.0,0.06593665158371072,1.9340633484162892
ADA,1h,205987,2023,24281,False,44.11824228605344,-1.0,0.1813308868501532,-1.1813308868501533
ADA,1h,206421,2023,24281,False,49.067184298502205,-1.0,0.16304175824175432,-1.1630417582417543
ADA,1h,206444,2023,24281,False,53.53506749194166,-1.0,0.14943476070529277,-1.1494347607052928
ADA,1h,207245,2023,24281,False,35.094479844759256,2.0,0.11397803921568393,1.886021960784316
ADA,1h,208021,2023,24281,False,35.898065872268695,-1.0,0.22285323193916168,-1.2228532319391616
ADA,1h,208807,2023,24281,False,45.356490956359046,2.0,0.08819024390243739,1.9118097560975627
ADA,1h,209189,2023,24281,False,41.34752253778889,-1.0,0.19348196721311492,-1.193481967213115
ADA,1h,210557,2023,24282,False,69.07220691807737,-1.0,0.11582082514734685,-1.115820825147347
ADA,1h,211800,2023,24282,False,42.17028898636075,2.0,0.09485351170568763,1.9051464882943123
ADA,1h,211849,2023,24282,False,52.40087382383686,-1.0,0.1526692098092617,-1.1526692098092617
ADA,1h,213038,2023,24282,False,391.29938776286133,-1.0,0.020444703595724076,-1.020444703595724
ADA,1h,214279,2023,24282,False,132.19664250572606,2.0,0.030257954545454824,1.9697420454545451
ADA,1h,214988,2023,24282,False,108.30594562294644,-1.0,0.07386482758620655,-1.0738648275862066
ADA,1h,216838,2023,24282,False,82.24299065420674,-1.0,0.09727272727272594,-1.0972727272727258
ADA,1h,217084,2023,24282,False,76.743985513496,-1.0,0.10424269662921194,-1.104242696629212
ADA,1h,217881,2023,24282,False,106.02815714636685,2.0,0.03772582781456995,1.96227417218543
ADA,1h,218756,2023,24282,False,77.42908044401945,-1.0,0.10332035398229908,-1.103320353982299
ADA,1h,218800,2023,24282,False,190.4134295227523,-1.0,0.04201384335154831,-1.0420138433515482
ADA,1h,218933,2023,24283,False,95.07591883070866,2.0,0.04207164179104453,1.9579283582089555
ADA,1h,220404,2023,24283,False,62.98207167877491,-1.0,0.12702027397260127,-1.1270202739726012
ADA,1h,221503,2023,24283,False,39.80821287662947,-1.0,0.20096355555555787,-1.2009635555555578
ADA,1h,221545,2023,24283,False,41.21778202338718,-1.0,0.19409098712445902,-1.194090987124459
ADA,1h,222845,2023,24283,False,169.38181033552786,-1.0,0.04723057324840741,-1.0472305732484075
ADA,1h,222719,2023,24283,False,141.5101048170326,-1.0,0.05653306532663309,-1.0565330653266332
ADA,1h,224239,2023,24283,False,66.08706810817768,2.0,0.06052621359223283,1.9394737864077671
ADA,1h,225550,2023,24283,False,43.47337857131383,-1.0,0.18402066420664273,-1.1840206642066426
ADA,1h,227513,2023,24283,False,36.61480901140039,-1.0,0.21849082969432176,-1.2184908296943218
ADA,1h,227592,2023,24283,False,40.01920922042673,2.0,0.09995199999999768,1.9000480000000024
ADA,1h,232349,2023,24284,False,43.178985022854214,2.0,0.09263765690376555,1.9073623430962345
ADA,1h,232394,2023,24284,False,58.220432076161856,-1.0,0.13740880503144826,-1.1374088050314484
ADA,1h,232779,2023,24284,False,183.74397327360217,-1.0,0.04353884297520702,-1.043538842975207
ADA,1h,233805,2023,24284,False,64.76463812994552,2.0,0.06176209912536362,1.9382379008746364
ADA,1h,234607,2023,24284,False,48.199603062093416,-1.0,0.1659764705882319,-1.1659764705882318
ADA,1h,236197,2023,24284,False,203.7916464121456,-1.0,0.03925577981651369,-1.0392557798165136
ADA,1h,238926,2023,24285,False,29.200227330628714,2.0,0.13698523489932965,1.8630147651006703
ADA,1h,239405,2023,24285,False,42.08416833667316,-1.0,0.19009523809523896,-1.190095238095239
ADA,1h,240234,2023,24285,False,70.93943494484805,2.0,0.05638612716762976,1.9436138728323702
ADA,1h,241843,2023,24285,False,40.362866163130356,2.0,0.09910099009900883,1.9008990099009913
ADA,1h,242240,2023,24285,False,30.949987186310256,-1.0,0.2584815286624269,-1.258481528662427
ADA,1h,244470,2023,24285,False,25.100504050772585,-1.0,0.31871869918698953,-1.3187186991869895
ADA,1h,245284,2023,24285,False,27.60687805647493,-1.0,0.2897828571428661,-1.2897828571428662
ADA,1h,245199,2023,24285,False,34.98866844260633,-1.0,0.22864545454545665,-1.2286454545454566
ADA,1h,245553,2023,24286,False,57.548955235409665,2.0,0.06950604026845676,1.9304939597315431
ADA,1h,245675,2023,24286,False,55.73459715639911,2.0,0.0717687074829919,1.9282312925170082
ADA,1h,246088,2023,24286,False,42.39808153477305,2.0,0.094343891402713,1.905656108597287
ADA,1h,246345,2023,24286,False,65.46835050747536,2.0,0.06109822485207213,1.9389017751479278
ADA,1h,247321,2023,24286,False,28.518575612762557,2.0,0.1402594594594665,1.8597405405405336
ADA,1h,247901,2023,24286,False,53.06033887606923,2.0,0.07538587360594566,1.9246141263940544
ADA,1h,248372,2023,24286,False,36.50297468992595,-1.0,0.21916022099447777,-1.2191602209944779
ADA,1h,249105,2023,24286,False,27.15408932479549,-1.0,0.2946149253731326,-1.2946149253731325
ADA,1h,249274,2023,24286,False,23.294913606254873,-1.0,0.34342260869565683,-1.3434226086956569
ADA,1h,249862,2023,24286,False,50.75533530493139,2.0,0.07880944881889805,1.921190551181102
ADA,1h,250623,2023,24286,False,28.547786512205057,-1.0,0.28023188405797256,-1.2802318840579725
ADA,1h,250995,2023,24286,False,31.59747220222434,-1.0,0.2531848101265781,-1.2531848101265781
ADA,1h,251295,2023,24286,False,28.737317459388155,2.0,0.13919183673468608,1.860808163265314
ADA,1h,251636,2023,24286,False,43.65972342430701,-1.0,0.18323524229074936,-1.1832352422907493
ADA,1h,252301,2023,24286,False,84.7756976333436,2.0,0.047183333333334174,1.9528166666666658
ADA,1h,253295,2023,24286,False,72.2866859203301,-1.0,0.11067044917257797,-1.110670449172578
ADA,1h,254846,2023,24287,False,83.69643584840618,2.0,0.04779176029962537,1.9522082397003746
ADA,1h,256024,2023,24287,False,82.05847181559565,-1.0,0.09749145728643166,-1.0974914572864316
ADA,1h,258297,2023,24287,False,97.08737864077693,-1.0,0.0823999999999998,-1.0823999999999998
ADA,1h,258769,2023,24287,False,100.05130836326359,-1.0,0.07995897435897406,-1.0799589743589741
ADA,1h,260387,2023,24287,False,83.36750034167001,-1.0,0.095960655737705,-1.095960655737705
ADA,1h,263943,2023,24288,False,57.45690731950958,-1.0,0.13923478260869757,-1.1392347826086975
ADA,1h,265166,2023,24288,False,95.72901325478612,-1.0,0.08356923076923105,-1.083569230769231
ADA,1h,268297,2023,24288,False,82.39191370084126,-1.0,0.09709690721649443,-1.0970969072164944
ADA,1h,269549,2023,24288,False,57.41469816273063,-1.0,0.1393371428571405,-1.1393371428571406
ADA,1h,270271,2023,24288,False,105.6078591895222,-1.0,0.07575193798449532,-1.0757519379844953
ADA,1h,270401,2023,24288,False,100.01666944490758,-1.0,0.0799866666666666,-1.0799866666666667
ADA,1h,271304,2023,24288,False,98.84813332244097,2.0,0.04046611570247934,1.9595338842975207
ADA,1h,274032,2024,24289,False,95.31374106433508,-1.0,0.08393333333333483,-1.0839333333333347
ADA,1h,273944,2024,24289,False,72.82563462338634,-1.0,0.10985142857143022,-1.1098514285714303
ADA,1h,274280,2024,24289,False,124.63133859765856,-1.0,0.06418931297709977,-1.0641893129770998
ADA,1h,279464,2024,24289,False,50.3566932438106,2.0,0.0794333333333329,1.9205666666666672
ADA,1h,282274,2024,24290,False,46.11066559743322,2.0,0.08674782608695769,1.9132521739130424
ADA,1h,282740,2024,24290,False,88.08342614154024,-1.0,0.09082298850574785,-1.0908229885057479
ADA,1h,284418,2024,24290,False,58.38350665936837,-1.0,0.13702500000000084,-1.1370250000000008
ADA,1h,285315,2024,24290,False,98.84402747528927,2.0,0.04046779661016938,1.9595322033898306
ADA,1h,288842,2024,24290,False,80.42895442359239,2.0,0.0497333333333334,1.9502666666666666
ADA,1h,289531,2024,24291,False,134.17305585980176,2.0,0.029812244897959424,1.9701877551020406
ADA,1h,290586,2024,24291,False,401.6238944468618,-1.0,0.019919133574007177,-1.0199191335740072
ADA,1h,292398,2024,24291,False,94.35856253764305,-1.0,0.08478297872340425,-1.0847829787234042
ADA,1h,293059,2024,24291,False,74.864917648591,-1.0,0.10685913043478201,-1.1068591304347821
ADA,1h,296498,2024,24291,False,74.33519809947155,2.0,0.053810309278350274,1.9461896907216498
ADA,1h,297404,2024,24291,False,61.85248183083351,2.0,0.06466999999999995,1.93533
ADA,1h,297582,2024,24291,False,63.54796723068658,-1.0,0.1258891566265064,-1.1258891566265063
ADA,1h,298319,2024,24292,False,69.34365424931416,2.0,0.05768372093023295,1.942316279069767
ADA,1h,300473,2024,24292,False,76.46276595744578,-1.0,0.10462608695652315,-1.1046260869565232
ADA,1h,301505,2024,24292,False,224.14312996281018,-1.0,0.03569147982062783,-1.0356914798206278
ADA,1h,301885,2024,24292,False,146.2463438414035,-1.0,0.054702222222222395,-1.0547022222222224
ADA,1h,301828,2024,24292,False,113.02660121018404,-1.0,0.07077979797979783,-1.0707797979797977
ADA,1h,302125,2024,24292,False,203.36759239011653,2.0,0.019668817204301015,1.980331182795699
ADA,1h,303304,2024,24292,False,177.76777677767694,-1.0,0.04500253164556983,-1.0450025316455698
ADA,1h,308286,2024,24293,False,43.71468173579265,-1.0,0.1830048780487808,-1.1830048780487807
ADA,1h,309155,2024,24293,False,75.82515611061584,2.0,0.05275294117647037,1.9472470588235296
ADA,1h,310489,2024,24293,False,122.26066897347108,-1.0,0.0654339622641513,-1.0654339622641513
ADA,1h,310302,2024,24293,False,42.4486148346741,-1.0,0.18846315789473556,-1.1884631578947356
ADA,1h,312391,2024,24293,False,76.41689662492023,-1.0,0.10468888888888912,-1.104688888888889
ADA,1h,314433,2024,24293,False,43.630946046610546,-1.0,0.18335609756097593,-1.183356097560976
ADA,1h,316193,2024,24294,False,41.41945594984929,-1.0,0.19314594594594403,-1.1931459459459441
ADA,1h,316275,2024,24294,False,36.74423783543001,2.0,0.10886060606060707,1.891139393939393
ADA,1h,316515,2024,24294,False,43.859649122807056,2.0,0.09119999999999992,1.9088
ADA,1h,317582,2024,24294,False,88.6824324324332,-1.0,0.09020952380952303,-1.090209523809523
ADA,1h,318393,2024,24294,False,76.68019846639635,-1.0,0.10432941176470545,-1.1043294117647053
ADA,1h,319054,2024,24294,False,109.94097905335103,-1.0,0.07276631578947321,-1.0727663157894731
ADA,1h,319649,2024,24294,False,64.70516420461583,-1.0,0.12363773584905469,-1.1236377358490546
ADA,1h,319704,2024,24294,False,42.876393482788906,2.0,0.09329142857142701,1.906708571428573
ADA,1h,320498,2024,24294,False,60.02695087590365,-1.0,0.1332734693877547,-1.1332734693877546
ADA,1h,320846,2024,24294,False,210.83947742853422,-1.0,0.037943558282208634,-1.0379435582822087
ADA,1h,321460,2024,24294,False,52.67891558524981,2.0,0.0759317073170733,1.9240682926829267
ADA,1h,324129,2024,24294,False,41.56923876331634,2.0,0.09622499999999723,1.9037750000000027
ADA,1h,324364,2024,24295,False,45.44306993183599,2.0,0.08802222222222106,1.9119777777777789
ADA,1h,325029,2024,24295,False,48.673643222195224,2.0,0.08217999999999993,1.91782
ADA,1h,325341,2024,24295,False,93.43368803529842,2.0,0.04281111111111054,1.9571888888888895
ADA,1h,325735,2024,24295,False,121.86580753607005,2.0,0.03282298850574697,1.967177011494253
ADA,1h,326077,2024,24295,False,65.82556226001132,-1.0,0.12153333333333267,-1.1215333333333326
ADA,1h,326216,2024,24295,False,82.02419018490066,2.0,0.04876610169491604,1.9512338983050839
ADA,1h,326328,2024,24295,False,96.68912979783092,-1.0,0.08273939393939471,-1.0827393939393948
ADA,1h,326478,2024,24295,False,233.0743618202003,2.0,0.017161904761904725,1.9828380952380953
ADA,1h,330415,2024,24295,False,60.42296072507532,2.0,0.06620000000000023,1.9337999999999997
ADA,1h,330351,2024,24295,False,52.047974654898596,-1.0,0.15370434782608902,-1.153704347826089
ADA,1h,330856,2024,24295,False,65.50218340611306,2.0,0.06106666666666711,1.938933333333333
ADA,1h,331513,2024,24295,False,107.20518573921642,-1.0,0.074623255813954,-1.074623255813954
ADA,1h,332531,2024,24295,False,56.12493899463212,-1.0,0.14253913043478111,-1.1425391304347812
ADA,1h,332475,2024,24295,False,81.20372581800714,-1.0,0.09851764705882471,-1.0985176470588247
ADA,1h,332565,2024,24295,False,60.44487427466156,2.0,0.06617599999999994,1.933824
ADA,1h,333473,2024,24296,False,112.56307413637006,-1.0,0.07107126436781575,-1.0710712643678157
ADA,1h,333534,2024,24296,False,72.09332809018154,-1.0,0.11096727272727373,-1.1109672727272737
ADA,1h,334073,2024,24296,False,89.1754698861291,-1.0,0.08971076923076993,-1.08971076923077
ADA,1h,334322,2024,24296,False,101.78117048346033,2.0,0.03930000000000009,1.9606999999999999
ADA,1h,335397,2024,24296,False,122.74587058645243,2.0,0.032587654320987675,1.9674123456790122
ADA,1h,336481,2024,24296,False,62.296054583209454,2.0,0.06420952380952409,1.9357904761904758
ADA,1h,337148,2024,24296,False,48.722870219990696,2.0,0.08209696969697045,1.9179030303030296
ADA,1h,337624,2024,24296,False,91.57784116499016,-1.0,0.08735737704918041,-1.0873573770491805
ADA,1h,337617,2024,24296,False,74.84343974339245,-1.0,0.10688979591836945,-1.1068897959183694
ADA,1h,337685,2024,24296,False,87.45476477683997,-1.0,0.0914758620689651,-1.091475862068965
ADA,1h,338868,2024,24296,False,56.0306694190508,-1.0,0.1427789473684201,-1.14277894736842
ADA,1h,338941,2024,24296,False,52.371254000582596,2.0,0.07637777777777677,1.9236222222222232
ADA,1h,339087,2024,24296,False,66.86584151372936,-1.0,0.11964255319148842,-1.1196425531914884
ADA,1h,339298,2024,24296,False,87.28859792689678,2.0,0.045824999999999484,1.9541750000000004
ADA,1h,340118,2024,24296,False,51.93160227992391,2.0,0.07702439024390258,1.9229756097560975
ADA,1h,341111,2024,24296,False,117.02424073558043,2.0,0.03418095238095253,1.9658190476190476
ADA,1h,343137,2024,24297,False,70.61038757257099,-1.0,0.11329777777777907,-1.113297777777779
ADA,1h,343474,2024,24297,False,69.76038823172486,-1.0,0.11467826086956678,-1.114678260869567
ADA,1h,344509,2024,24297,False,79.01668129938484,-1.0,0.10124444444444519,-1.1012444444444451
ADA,1h,345951,2024,24297,False,50.29337803855737,-1.0,0.15906666666666947,-1.1590666666666696
ADA,1h,346977,2024,24297,False,47.77545535980862,-1.0,0.167450000000001,-1.167450000000001
ADA,1h,347691,2024,24297,False,47.69921436588045,2.0,0.08385882352941279,1.9161411764705871
ADA,1h,355728,2024,24298,False,56.33395926621427,-1.0,0.1420102564102559,-1.1420102564102559
ADA,1h,358017,2024,24298,False,159.30267508265786,-1.0,0.050218867924528045,-1.0502188679245281
ADA,1h,361252,2024,24299,False,81.55230596175517,-1.0,0.09809655172413746,-1.0980965517241374
ADA,1h,361509,2024,24299,False,78.67607162235522,-1.0,0.10168275862068918,-1.1016827586206892
ADA,1h,362479,2024,24299,False,183.67006177993005,2.0,0.021778181818181797,1.9782218181818183
ADA,1h,363632,2024,24299,False,171.22040072859681,2.0,0.023361702127659662,1.9766382978723402
ADA,1h,365921,2024,24299,False,172.2379603399445,2.0,0.02322368421052616,1.9767763157894738
ADA,1h,366079,2024,24299,False,320.66676084192807,2.0,0.012474008810572638,1.9875259911894274
ADA,1h,372701,2024,24300,False,79.09709052222635,-1.0,0.10114152046783557,-1.1011415204678356
ADA,1h,372760,2024,24300,False,82.31205414304115,2.0,0.04859555555555491,1.9514044444444452
ADA,1h,374994,2024,24300,False,133.52381999010927,-1.0,0.059914403292181104,-1.059914403292181
ADA,1h,375217,2024,24300,False,105.58564472892442,2.0,0.03788393782383401,1.962116062176166
ADA,1h,376964,2024,24300,False,94.66690186393839,-1.0,0.08450683229813663,-1.0845068322981366
ADA,1h,377638,2025,24301,False,107.66511328941029,2.0,0.037152238805970135,1.9628477611940298
ADA,1h,379187,2025,24301,False,107.05487122060386,-1.0,0.07472803347280393,-1.074728033472804
ADA,1h,380713,2025,24301,False,135.00979078635473,-1.0,0.059254961832061075,-1.059254961832061
ADA,1h,382900,2025,24301,False,184.30296905827439,-1.0,0.043406788511749346,-1.0434067885117493
ADA,1h,384808,2025,24301,False,43.95368782161228,2.0,0.09100487804878064,1.9089951219512193
ADA,1h,385315,2025,24301,False,83.34695211635938,-1.0,0.09598431372548963,-1.0959843137254897
ADA,1h,386098,2025,24301,False,68.38669567920473,2.0,0.058490909090908656,1.9415090909090913
ADA,1h,386860,2025,24302,False,665.5950902316063,-1.0,0.01201931942919869,-1.0120193194291986
ADA,1h,392917,2025,24302,False,102.9549405000674,2.0,0.038851948051947846,1.9611480519480522
ADA,1h,394167,2025,24302,False,130.22074003493702,-1.0,0.06143414634146353,-1.0614341463414636
ADA,1h,394564,2025,24303,False,93.2579116343066,2.0,0.042891803278688564,1.9571081967213115
ADA,1h,394954,2025,24303,False,521.3769834993936,-1.0,0.01534398382204247,-1.0153439838220424
ADA,1h,395347,2025,24303,False,283.24070115433915,-1.0,0.028244528301886822,-1.0282445283018868
ADA,1h,396111,2025,24303,False,203.04568527918673,2.0,0.019700000000000106,1.9803
ADA,1h,397228,2025,24303,False,164.13623307345114,2.0,0.024369999999999975,1.97563
ADA,1h,398892,2025,24303,False,68.29268292682949,2.0,0.058571428571428386,1.9414285714285717
ADA,1h,401634,2025,24303,False,68.46609611586693,-1.0,0.11684615384615174,-1.1168461538461518
ADA,1h,403791,2025,24304,False,146.72168729940304,2.0,0.02726250000000017,1.9727374999999998
ADA,1h,404231,2025,24304,False,110.75219197046583,-1.0,0.0722333333333335,-1.0722333333333336
ADA,1h,405975,2025,24304,False,388.92113773944726,2.0,0.010284861407249478,1.9897151385927505
ADA,1h,406038,2025,24304,False,104.5122760451223,-1.0,0.07654603174603208,-1.076546031746032
ADA,1h,406710,2025,24304,False,94.3542150038669,-1.0,0.08478688524590171,-1.0847868852459017
ADA,1h,408842,2025,24304,False,38.860103626944124,2.0,0.10293333333333037,1.8970666666666696
ADA,1h,409162,2025,24304,False,83.65867261572922,-1.0,0.09562666666666508,-1.0956266666666652
ADA,1h,409263,2025,24304,False,78.66507747318252,-1.0,0.1016969696969695,-1.1016969696969694
ADA,1h,410036,2025,24304,False,79.11172796668879,-1.0,0.10112280701754515,-1.1011228070175452
ADA,1h,411156,2025,24304,False,74.20091324200888,-1.0,0.10781538461538498,-1.1078153846153849
ADA,1h,411868,2025,24305,False,80.18493101206303,-1.0,0.09976936936937039,-1.0997693693693704
ADA,1h,412621,2025,24305,False,49.525965756333065,2.0,0.08076571428571296,1.919234285714287
ADA,1h,417023,2025,24305,False,80.82002759708244,2.0,0.04949268292682936,1.9505073170731706
ADA,1h,422341,2025,24306,False,97.85037368056211,-1.0,0.08175748031495962,-1.0817574803149597
ADA,1h,423129,2025,24306,False,51.56984680721915,-1.0,0.15512941176470776,-1.1551294117647077
ADA,1h,423459,2025,24306,False,76.53429602888046,-1.0,0.104528301886793,-1.104528301886793
ADA,1h,425604,2025,24306,False,56.02923264311738,-1.0,0.14278260869565412,-1.142782608695654
ADA,1h,426412,2025,24306,False,51.11874633369642,-1.0,0.15649836065573786,-1.1564983606557377
ADA,1h,429151,2025,24306,False,116.84090310111648,-1.0,0.06846917293233037,-1.0684691729323303
ADA,1h,429381,2025,24306,False,69.14433880726021,-1.0,0.1156999999999999,-1.1157
ADA,1h,429981,2025,24307,False,88.23781375824532,2.0,0.04533203883495156,1.9546679611650484
ADA,1h,430135,2025,24307,False,62.153536032251395,2.0,0.06435675675675805,1.935643243243242
ADA,1h,431886,2025,24307,True,53.785684733139846,-1.0,0.14873846153846268,-1.1487384615384626
ADA,1h,434161,2025,24307,True,132.86537979443537,-1.0,0.06021132075471668,-1.0602113207547166
ADA,1h,440265,2025,24308,True,124.95015286454824,2.0,0.03201276595744693,1.967987234042553
ADA,1h,441408,2025,24308,True,73.78689344672357,2.0,0.054210169491525274,1.9457898305084746
ADA,1h,442988,2025,24308,True,145.57432791414232,-1.0,0.05495474452554771,-1.0549547445255476
ADA,1h,443257,2025,24308,True,83.97932816537498,-1.0,0.09526153846153812,-1.095261538461538
ADA,1h,443992,2025,24308,True,130.19359221102758,2.0,0.03072347826086939,1.9692765217391306
ADA,1h,445195,2025,24308,True,72.36048678872864,2.0,0.05527878787878839,1.9447212121212116
ADA,1h,446872,2025,24308,True,64.68147424945046,-1.0,0.12368301886792521,-1.1236830188679252
ADA,1h,447054,2025,24308,True,42.923644277855665,-1.0,0.18637746478872963,-1.1863774647887295
ADA,1h,447404,2025,24309,True,173.96081303790632,-1.0,0.04598736842105232,-1.0459873684210523
ADA,1h,447549,2025,24309,True,78.03233660028688,-1.0,0.10252160000000037,-1.1025216000000004
ADA,1h,448587,2025,24309,True,50.84036126562565,-1.0,0.15735529411764793,-1.157355294117648
ADA,1h,448647,2025,24309,True,73.73658653557928,2.0,0.05424715447154481,1.9457528455284552
ADA,1h,449736,2025,24309,True,70.26563838903158,-1.0,0.11385365853658556,-1.1138536585365855
ADA,1h,452237,2025,24309,True,80.55108049552778,2.0,0.049657931034482905,1.950342068965517
ADA,1h,455345,2025,24309,True,53.00243187628579,-1.0,0.15093647058823614,-1.1509364705882361
ADA,1h,456684,2025,24310,True,63.41519658710884,-1.0,0.12615272727272844,-1.1261527272727285
ADA,1h,457257,2025,24310,True,74.34505546377122,-1.0,0.10760634920634966,-1.1076063492063497
ADA,1h,458220,2025,24310,True,54.09954315941403,-1.0,0.1478755555555536,-1.1478755555555535
ADA,1h,458812,2025,24310,True,662.6185958254281,-1.0,0.012073310423825867,-1.0120733104238258
ADA,1h,459124,2025,24310,True,137.88268286982805,-1.0,0.058020338983051416,-1.0580203389830514
ADA,1h,460704,2025,24310,True,129.6237748972492,-1.0,0.06171707317073182,-1.0617170731707317
ADA,1h,461568,2025,24310,True,74.01755055322428,2.0,0.05404123711340183,1.9459587628865982
ADA,1h,461907,2025,24310,True,144.59837989249675,-1.0,0.05532565445026208,-1.055325654450262
ADA,1h,462625,2025,24310,True,54.95781407229744,2.0,0.0727830985915482,1.9272169014084517
ADA,1h,463348,2025,24310,True,63.608471151687134,2.0,0.0628847058823533,1.9371152941176466
ADA,1h,464190,2025,24310,True,69.07020872865358,2.0,0.05791208791208721,1.9420879120879129
ADA,1h,465516,2025,24311,True,84.1490640563286,2.0,0.04753469387755088,1.952465306122449
ADA,1h,465616,2025,24311,True,100.58231868713673,2.0,0.03976842105263131,1.9602315789473688
ADA,1h,467041,2025,24311,True,139.6773902856634,2.0,0.028637419354838586,1.9713625806451613
ADA,1h,471821,2025,24311,True,94.83167377904228,-1.0,0.08435999999999994,-1.08436
ADA,1h,475131,2025,24312,True,98.77424729263328,2.0,0.0404963855421688,1.9595036144578313
ADA,1h,475457,2025,24312,True,51.44995322731477,-1.0,0.15549090909091054,-1.1554909090909105
ADA,1h,475507,2025,24312,True,115.10453370918523,-1.0,0.06950204081632631,-1.0695020408163263
ADA,1h,476151,2025,24312,True,143.44707672245153,2.0,0.027884848484848505,1.9721151515151516
ADA,1h,476022,2025,24312,True,57.19127303537345,2.0,0.06994074074074125,1.9300592592592587
ADA,1h,478536,2025,24312,True,59.54743946010253,2.0,0.06717333333333411,1.9328266666666658
ADA,1h,478741,2025,24312,True,109.2896174863389,-1.0,0.07319999999999993,-1.0732
ADA,1h,479437,2025,24312,True,65.89785831960498,2.0,0.060699999999999664,1.9393000000000002
ADA,1h,479794,2025,24312,True,80.3643182427003,2.0,0.049773333333333294,1.9502266666666668
ADA,1h,480569,2025,24312,True,67.85411365564075,-1.0,0.11789999999999935,-1.1178999999999994
ADA,1h,480699,2025,24312,True,135.00071053005476,-1.0,0.05925894736842134,-1.0592589473684213
ADA,1h,480850,2025,24312,True,67.38351254480341,-1.0,0.11872340425531819,-1.1187234042553182
ADA,1h,480990,2025,24312,True,89.34902850659441,-1.0,0.08953650793650834,-1.0895365079365082
ADA,1h,481532,2025,24312,True,61.29955046996404,-1.0,0.1305066666666649,-1.130506666666665
ADA,1h,482586,2026,24313,True,68.18511533439614,-1.0,0.11732765957446993,-1.11732765957447
ADA,1h,482466,2026,24313,True,69.57809030347946,-1.0,0.11497872340425441,-1.1149787234042545
ADA,1h,482828,2026,24313,True,79.04590209402355,2.0,0.05060350877192949,1.9493964912280706
ADA,1h,482914,2026,24313,True,157.64582238570694,2.0,0.025373333333333307,1.9746266666666668
ADA,1h,486286,2026,24313,True,104.83190745873046,2.0,0.038156321839080284,1.9618436781609196
ADA,1h,486936,2026,24313,True,47.822153289387686,-1.0,0.16728648648648986,-1.1672864864864898
ADA,1h,487699,2026,24313,True,109.38555030384869,2.0,0.03656790123456792,1.9634320987654321
ADA,1h,488047,2026,24313,True,68.87052341597803,2.0,0.058079999999999944,1.94192
ADA,1h,488303,2026,24313,True,63.51446718419124,-1.0,0.125955555555557,-1.125955555555557
ADA,1h,488393,2026,24313,True,90.19165727170183,-1.0,0.08870000000000053,-1.0887000000000004
ADA,1h,488623,2026,24313,True,104.64629552113787,-1.0,0.0764480000000005,-1.0764480000000005
ADA,1h,489614,2026,24313,True,81.81426725994028,-1.0,0.09778245614035021,-1.0977824561403502
ADA,1h,490184,2026,24313,True,44.730220855465205,-1.0,0.17885000000000106,-1.178850000000001
ADA,1h,490979,2026,24313,True,93.99636143117016,2.0,0.04255483870967753,1.9574451612903225
ADA,1h,492135,2026,24314,True,90.86233499057232,-1.0,0.08804528301886654,-1.0880452830188665
ADA,1h,497006,2026,24314,True,116.93834160170181,-1.0,0.06841212121212069,-1.0684121212121207
ADA,1h,497738,2026,24314,True,140.0454201362618,-1.0,0.05712432432432375,-1.0571243243243238
ADA,1h,497871,2026,24314,True,56.7966679288149,-1.0,0.1408533333333332,-1.1408533333333333
ADA,1h,497845,2026,24314,True,61.555679910463894,-1.0,0.12996363636363756,-1.1299636363636376
ADA,1h,498306,2026,24314,True,148.17629179331362,2.0,0.026994871794871693,1.9730051282051284
ADA,1h,498730,2026,24314,True,123.45679012345495,2.0,0.032400000000000484,1.9675999999999996
ADA,1h,499327,2026,24314,True,80.82292432035193,-1.0,0.0989818181818191,-1.0989818181818192
ADA,1h,499971,2026,24315,True,80.20415603353918,-1.0,0.09974545454545547,-1.0997454545454555
ADA,1h,499891,2026,24315,True,81.967213114753,-1.0,0.09760000000000131,-1.0976000000000012
ADA,1h,500395,2026,24315,True,91.53745563235599,2.0,0.04369795918367333,1.9563020408163267
ADA,1h,506143,2026,24315,True,77.84317448262755,-1.0,0.10277073170731725,-1.1027707317073172
ADA,1h,510034,2026,24316,True,76.36655948552995,-1.0,0.10475789473684292,-1.1047578947368428
ADA,1h,510302,2026,24316,True,66.33165829145779,-1.0,0.1206060606060597,-1.1206060606060597
ADA,1h,510612,2026,24316,True,101.8167298862047,-1.0,0.07857254901960795,-1.0785725490196079
ADA,1h,510472,2026,24316,True,168.44143272023098,-1.0,0.0474942528735636,-1.0474942528735636
ADA,1h,512126,2026,24316,True,110.97410604192387,2.0,0.03604444444444434,1.9639555555555557
ADA,1h,512948,2026,24316,True,86.00469116497399,-1.0,0.09301818181818035,-1.0930181818181803
ADA,1h,513116,2026,24316,True,66.65397067225192,2.0,0.060011428571429465,1.9399885714285705
ADA,1h,514603,2026,24316,True,65.56725610967773,-1.0,0.12201212121211825,-1.1220121212121184
ADA,1h,517944,2026,24317,True,49.8703371234801,-1.0,0.1604159999999963,-1.1604159999999963
ADA,1h,517982,2026,24317,True,54.010802160432796,-1.0,0.14811851851851657,-1.1481185185185165
ADA,1h,518561,2026,24317,True,85.9813084112138,-1.0,0.09304347826087081,-1.093043478260871
ADA,1h,518832,2026,24317,True,66.96428571428453,2.0,0.05973333333333439,1.9402666666666657
ADA,1h,519258,2026,24317,True,47.566776436149574,2.0,0.08409230769230977,1.9159076923076903
ADA,1h,519801,2026,24317,True,77.37988123088142,-1.0,0.10338604651162597,-1.103386046511626
ADA,1h,519821,2026,24317,True,58.33480643450539,2.0,0.0685696969696976,1.9314303030303024
ADA,1h,521197,2026,24317,True,99.08536585366032,2.0,0.04036923076923004,1.95963076923077
ADA,1h,523543,2026,24317,True,46.54928152195961,-1.0,0.1718608695652156,-1.1718608695652155
ADA,1h,523455,2026,24317,True,54.16666666666649,-1.0,0.14769230769230818,-1.1476923076923082
ADA,1h,524932,2026,24317,True,98.16474605206984,-1.0,0.08149565217391316,-1.0814956521739132
ADA,1h,527099,2026,24318,True,175.12615019293608,2.0,0.02284067796610163,1.9771593220338983
ADA,1h,529953,2026,24318,True,128.34821428571408,2.0,0.031165217391304397,1.9688347826086956
ADA,1h,532965,2026,24318,True,94.2408376963344,-1.0,0.0848888888888895,-1.0848888888888895
ADA,1h,535167,2026,24319,True,85.83690987124538,2.0,0.04659999999999959,1.9534000000000005
AVAX,4h,1252,2022,24265,False,103.09122515304999,-1.0,0.0776011730205276,-1.0776011730205277
AVAX,4h,2011,2022,24266,False,131.7013391604772,-1.0,0.0607434977578478,-1.0607434977578478
AVAX,4h,5590,2022,24266,False,227.82311285565075,-1.0,0.0351149622166247,-1.0351149622166247
AVAX,4h,7220,2022,24266,False,192.4406615797868,2.0,0.02078562798092222,1.9792143720190778
AVAX,4h,7620,2022,24266,False,186.6990720282816,-1.0,0.04284970414201171,-1.0428497041420117
AVAX,4h,8248,2022,24266,False,315.54475324949897,-1.0,0.02535298057602136,-1.0253529805760213
AVAX,4h,9272,2022,24266,False,145.36644457904458,2.0,0.027516666666666367,1.9724833333333336
AVAX,4h,9391,2022,24266,False,144.37171328466798,-1.0,0.055412516884286264,-1.0554125168842863
AVAX,4h,10270,2022,24267,False,157.18717683557315,2.0,0.02544736842105276,1.9745526315789472
AVAX,4h,9952,2022,24267,False,132.43565400212117,2.0,0.03020334690185419,1.9697966530981459
AVAX,4h,10496,2022,24267,False,161.58838206288124,-1.0,0.04950850981902179,-1.0495085098190218
AVAX,4h,11451,2022,24267,False,125.90209428713288,-1.0,0.06354143706104812,-1.063541437061048
AVAX,4h,11553,2022,24267,False,103.2243177761651,2.0,0.03875055884286615,1.961249441157134
AVAX,4h,12122,2022,24267,False,189.4468833461294,-1.0,0.04222819535850363,-1.0422281953585035
AVAX,4h,12410,2022,24267,False,116.59830976082878,-1.0,0.06861162924582635,-1.0686116292458263
AVAX,4h,13299,2022,24267,False,123.69791666666518,-1.0,0.06467368421052709,-1.064673684210527
AVAX,4h,13869,2022,24267,False,130.72514219545323,2.0,0.030598551532033634,1.9694014484679663
AVAX,4h,14444,2022,24267,False,141.21489641038679,2.0,0.028325623582766638,1.9716743764172333
AVAX,4h,15270,2022,24267,False,226.09718338593737,2.0,0.017691507430997875,1.9823084925690022
AVAX,4h,14956,2022,24267,False,115.533602855355,-1.0,0.06924392386529993,-1.0692439238653
AVAX,4h,15463,2022,24267,False,137.34232777341487,-1.0,0.05824861227922589,-1.0582486122792258
AVAX,4h,21736,2022,24268,False,104.58960785321388,-1.0,0.07648943488943555,-1.0764894348894356
AVAX,4h,22506,2022,24268,False,92.81588424560665,2.0,0.0430960716747073,1.9569039283252927
AVAX,4h,23480,2022,24268,False,104.7978610487849,-1.0,0.07633743589743579,-1.0763374358974358
AVAX,4h,24440,2022,24268,False,89.9161663978006,-1.0,0.08897176470588146,-1.0889717647058814
AVAX,4h,25787,2022,24268,False,91.11906036109703,-1.0,0.08779721792890187,-1.087797217928902
AVAX,4h,26005,2022,24268,False,116.83721724042303,-1.0,0.06847133292757149,-1.0684713329275715
AVAX,4h,26806,2022,24268,False,93.8395026273511,2.0,0.04262597187758466,1.9573740281224152
AVAX,4h,27557,2022,24269,False,140.29453743350234,2.0,0.028511445086705136,1.9714885549132948
AVAX,4h,28392,2022,24269,False,319.21457749174175,-1.0,0.025061512111573175,-1.0250615121115731
AVAX,4h,29910,2022,24269,False,261.29268780411974,-1.0,0.030617006802721045,-1.030617006802721
AVAX,4h,30813,2022,24269,False,309.14293756157014,-1.0,0.02587799696509867,-1.0258779969650986
AVAX,4h,33289,2022,24269,False,241.08605757977713,-1.0,0.03318317152103556,-1.0331831715210356
AVAX,4h,35278,2022,24269,False,295.80640882302777,-1.0,0.027044714926329278,-1.0270447149263293
AVAX,4h,36246,2022,24270,False,187.82838059177547,-1.0,0.04259207248018141,-1.0425920724801814
AVAX,4h,35368,2022,24269,False,213.6541756099484,2.0,0.018721843317972334,1.9812781566820277
AVAX,4h,37252,2022,24270,False,79.33359777865897,2.0,0.05042000000000019,1.9495799999999999
AVAX,4h,36837,2022,24270,False,145.42343883661243,2.0,0.027505882352941186,1.9724941176470587
AVAX,4h,37637,2022,24270,False,237.07734162456254,-1.0,0.033744262295082,-1.033744262295082
AVAX,4h,37906,2022,24270,False,237.94996949359398,-1.0,0.033620512820512774,-1.0336205128205127
AVAX,4h,39352,2022,24270,False,194.4516463572725,2.0,0.020570666666666668,1.9794293333333333
AVAX,4h,40298,2022,24270,False,248.11820462782288,-1.0,0.03224269662921346,-1.0322426966292135
AVAX,4h,41599,2022,24270,False,146.5096236713582,-1.0,0.05460392156862767,-1.0546039215686276
AVAX,4h,42071,2022,24270,False,353.4430225472274,2.0,0.011317241379310342,1.9886827586206897
AVAX,4h,43103,2022,24270,False,195.97989949748595,2.0,0.020410256410256566,1.9795897435897434
AVAX,4h,43651,2022,24270,False,138.58497447118896,-1.0,0.05772631578947367,-1.0577263157894736
AVAX,4h,43924,2022,24270,False,188.12606889811948,2.0,0.02126233766233758,1.9787376623376625
AVAX,4h,44638,2022,24270,False,152.0119225037273,-1.0,0.05262745098039163,-1.0526274509803917
AVAX,4h,46021,2022,24271,False,166.858457997698,-1.0,0.047944827586207044,-1.047944827586207
AVAX,4h,47995,2022,24271,False,144.84679665738048,2.0,0.027615384615384833,1.9723846153846152
AVAX,4h,48869,2022,24271,False,159.3105249412378,2.0,0.025108196721311496,1.9748918032786884
AVAX,4h,49761,2022,24271,False,310.5042942083234,2.0,0.01288226950354613,1.9871177304964538
AVAX,4h,52358,2022,24271,False,266.40675763482716,-1.0,0.030029268292683,-1.030029268292683
AVAX,4h,52857,2022,24271,False,120.94207511139408,2.0,0.0330736842105263,1.9669263157894736
AVAX,4h,56042,2022,24272,False,216.06648199446013,2.0,0.018512820512820487,1.9814871794871796
AVAX,4h,61804,2022,24272,False,293.88816644993375,-1.0,0.02722123893805321,-1.0272212389380533
AVAX,4h,62668,2022,24273,False,170.0404858299583,2.0,0.023523809523809693,1.9764761904761903
AVAX,4h,62071,2022,24272,False,95.6215400100643,-1.0,0.08366315789473783,-1.0836631578947378
AVAX,4h,64143,2022,24273,False,159.22735578178006,-1.0,0.05024262295081972,-1.0502426229508197
AVAX,4h,64104,2022,24273,False,94.02795425667026,-1.0,0.08508108108108167,-1.0850810810810816
AVAX,4h,64468,2022,24273,False,223.8609428496185,-1.0,0.03573647058823523,-1.0357364705882353
AVAX,4h,67857,2022,24273,False,170.07783222830886,2.0,0.02351864406779647,1.9764813559322034
AVAX,4h,69763,2022,24273,False,100.17678255745325,2.0,0.03992941176470631,1.9600705882352938
AVAX,4h,69385,2022,24273,False,79.3650793650797,-1.0,0.10079999999999958,-1.1007999999999996
AVAX,4h,70179,2022,24273,False,64.95340299350379,-1.0,0.12316521739130601,-1.123165217391306
AVAX,4h,70959,2022,24273,False,136.44115974985698,2.0,0.02931666666666686,1.9706833333333331
AVAX,4h,71654,2022,24274,False,47.33727810650997,2.0,0.08449999999999805,1.915500000000002
AVAX,4h,72484,2022,24274,False,34.904013961606914,-1.0,0.22919999999999127,-1.2291999999999912
AVAX,4h,73156,2022,24274,False,50.13270421704563,2.0,0.07978823529411684,1.9202117647058832
AVAX,4h,75035,2022,24274,False,100.82493125572816,2.0,0.039672727272727484,1.9603272727272725
AVAX,4h,74847,2022,24274,False,101.39416983523458,-1.0,0.07889999999999991,-1.0789
AVAX,4h,75275,2022,24274,False,70.87628865979345,2.0,0.05643636363636393,1.9435636363636362
AVAX,4h,75051,2022,24274,False,78.3944810285356,-1.0,0.102048,-1.102048
AVAX,4h,75854,2022,24274,False,37.45318352059845,2.0,0.10680000000000228,1.8931999999999978
AVAX,4h,75693,2022,24274,False,37.854889589905675,2.0,0.1056666666666658,1.8943333333333343
AVAX,4h,76666,2022,24274,False,78.38014369693077,2.0,0.0510333333333329,1.9489666666666672
AVAX,4h,77849,2022,24274,False,50.37783375314866,2.0,0.07939999999999993,1.9206
AVAX,4h,79757,2022,24274,False,97.46588693956959,2.0,0.04104000000000066,1.9589599999999994
AVAX,4h,80781,2022,24275,False,139.91769547325242,-1.0,0.057176470588234725,-1.0571764705882347
AVAX,4h,81079,2022,24275,False,72.25046829007307,2.0,0.05536296296296233,1.9446370370370376
AVAX,4h,82985,2022,24275,False,196.74355495250964,-1.0,0.04066206896551735,-1.0406620689655173
AVAX,4h,86280,2022,24275,False,101.50223304912708,-1.0,0.078816,-1.078816
AVAX,4h,86568,2022,24275,False,107.95681727309059,2.0,0.03705185185185191,1.962948148148148
AVAX,4h,87278,2022,24275,False,57.537399309550665,-1.0,0.1390400000000013,-1.1390400000000014
AVAX,4h,87588,2022,24275,False,46.65629860031143,-1.0,0.17146666666666524,-1.1714666666666653
AVAX,4h,87837,2022,24275,False,38.91050583657642,2.0,0.10279999999999856,1.8972000000000016
AVAX,4h,88046,2022,24275,False,182.39492466296625,-1.0,0.04386086956521731,-1.0438608695652174
AVAX,4h,90009,2022,24276,False,53.47593582887651,-1.0,0.1496000000000014,-1.1496000000000013
AVAX,4h,90944,2022,24276,False,104.47761194029894,-1.0,0.07657142857142825,-1.0765714285714283
AVAX,4h,91828,2022,24276,False,26.266416510319058,-1.0,0.3045714285714273,-1.3045714285714274
AVAX,4h,92323,2022,24276,False,155.24422567209396,-1.0,0.05153170731707315,-1.0515317073170731
AVAX,4h,91997,2022,24276,False,58.38847800700746,2.0,0.06850666666666567,1.9314933333333344
AVAX,4h,92932,2022,24276,False,108.73640794900737,-1.0,0.07357241379310277,-1.0735724137931029
AVAX,4h,94209,2022,24276,False,59.422750424446946,-1.0,0.13462857142857432,-1.1346285714285744
AVAX,4h,95203,2022,24276,False,42.77159965782781,2.0,0.09351999999999867,1.9064800000000013
AVAX,4h,97518,2022,24276,False,36.13369467027927,2.0,0.11070000000000235,1.8892999999999978
AVAX,4h,97926,2023,24277,False,32.3924109208701,-1.0,0.24697142857142756,-1.2469714285714275
AVAX,4h,99143,2023,24277,False,147.05882352941168,-1.0,0.05440000000000003,-1.0544
AVAX,4h,100106,2023,24277,False,101.83299389002038,2.0,0.039279999999999995,1.96072
AVAX,4h,100885,2023,24277,False,186.57937806873989,-1.0,0.04287719298245611,-1.042877192982456
AVAX,4h,102515,2023,24277,False,78.6026200873351,-1.0,0.10177777777777926,-1.1017777777777793
AVAX,4h,103518,2023,24277,False,97.5465563109661,2.0,0.04100606060606082,1.9589939393939393
AVAX,4h,104647,2023,24277,False,209.46915351506573,-1.0,0.0381917808219176,-1.0381917808219177
AVAX,4h,106096,2023,24277,False,301.96275792652136,2.0,0.013246666666666712,1.9867533333333334
AVAX,4h,107867,2023,24278,False,211.93666260657673,-1.0,0.03774712643678172,-1.0377471264367817
AVAX,4h,107112,2023,24278,False,122.00844673862109,-1.0,0.06556923076923038,-1.0655692307692304
AVAX,4h,107322,2023,24278,False,99.65237543453064,-1.0,0.08027906976744191,-1.0802790697674418
AVAX,4h,108542,2023,24278,False,126.21359223300873,-1.0,0.06338461538461587,-1.0633846153846158
AVAX,4h,110484,2023,24278,False,99.83361064891831,-1.0,0.08013333333333346,-1.0801333333333334
AVAX,4h,111151,2023,24278,False,126.98412698412616,-1.0,0.0630000000000004,-1.0630000000000004
AVAX,4h,111046,2023,24278,False,143.73716632443592,2.0,0.027828571428571314,1.9721714285714287
AVAX,4h,111375,2023,24278,False,155.11892450879043,-1.0,0.051573333333333214,-1.0515733333333332
AVAX,4h,112426,2023,24278,False,89.41877794336797,-1.0,0.0894666666666668,-1.0894666666666668
AVAX,4h,115502,2023,24279,False,278.6010669828112,2.0,0.014357446808510563,1.9856425531914894
AVAX,4h,115792,2023,24279,False,60.97560975609843,-1.0,0.13119999999999812,-1.1311999999999982
AVAX,4h,116317,2023,24279,False,55.282555282555194,2.0,0.07235555555555567,1.9276444444444443
AVAX,4h,117382,2023,24279,False,161.87644532540415,2.0,0.024710204081632735,1.9752897959183673
AVAX,4h,117374,2023,24279,False,81.79959100204447,-1.0,0.09780000000000062,-1.0978000000000006
AVAX,4h,118002,2023,24279,False,68.5400959561341,-1.0,0.11672000000000042,-1.1167200000000004
AVAX,4h,118196,2023,24279,False,276.70527670527656,2.0,0.01445581395348838,1.9855441860465117
AVAX,4h,118624,2023,24279,False,122.93853073463168,2.0,0.03253658536585392,1.967463414634146
AVAX,4h,119261,2023,24279,False,156.97137580794026,-1.0,0.05096470588235315,-1.0509647058823532
AVAX,4h,119719,2023,24279,False,190.33674963396737,2.0,0.02101538461538466,1.9789846153846153
AVAX,4h,121041,2023,24279,False,128.7302516091275,-1.0,0.06214545454545486,-1.062145454545455
AVAX,4h,121370,2023,24279,False,61.78287731685815,2.0,0.06474285714285688,1.935257142857143
AVAX,4h,123015,2023,24279,False,102.91090855630739,2.0,0.038868571428571266,1.9611314285714287
AVAX,4h,124021,2023,24280,False,43.041606886656695,-1.0,0.18586666666666843,-1.1858666666666684
AVAX,4h,124638,2023,24280,False,62.78538812785356,-1.0,0.12741818181818249,-1.1274181818181825
AVAX,4h,124885,2023,24280,False,98.06668534603371,-1.0,0.08157714285714418,-1.0815771428571441
AVAX,4h,126350,2023,24280,False,47.65909728062846,-1.0,0.16785882352941006,-1.16785882352941
AVAX,4h,128837,2023,24280,False,114.0684410646395,-1.0,0.0701333333333329,-1.070133333333333
AVAX,4h,128636,2023,24280,False,80.68343616516455,-1.0,0.0991529411764696,-1.0991529411764696
AVAX,4h,130708,2023,24280,False,187.37388296339168,-1.0,0.04269538461538424,-1.0426953846153841
AVAX,4h,130985,2023,24280,False,64.91673722833669,-1.0,0.12323478260869733,-1.1232347826086972
AVAX,4h,131045,2023,24280,False,171.1351968054747,-1.0,0.04674666666666712,-1.0467466666666672
AVAX,4h,133495,2023,24281,False,86.43815201192226,2.0,0.04627586206896565,1.9537241379310344
AVAX,4h,133654,2023,24281,False,37.69208466221962,-1.0,0.21224615384616125,-1.2122461538461613
AVAX,4h,134935,2023,24281,False,86.73305493093466,-1.0,0.09223703703703717,-1.0922370370370371
AVAX,4h,135803,2023,24281,False,36.60565723793658,-1.0,0.21854545454545568,-1.2185454545454557
AVAX,4h,137166,2023,24281,False,100.13351134846485,-1.0,0.07989333333333315,-1.0798933333333331
AVAX,4h,138355,2023,24281,False,30.91721058055646,-1.0,0.25875555555555596,-1.258755555555556
AVAX,4h,139954,2023,24281,False,61.898211829437166,-1.0,0.12924444444444208,-1.129244444444442
AVAX,4h,139250,2023,24281,False,45.6942003514935,2.0,0.0875384615384622,1.9124615384615378
AVAX,4h,140069,2023,24281,False,27.303754266211023,-1.0,0.29300000000000626,-1.2930000000000064
AVAX,4h,140189,2023,24281,False,58.199246833275645,-1.0,0.13745882352941324,-1.1374588235294132
AVAX,4h,140432,2023,24281,False,37.73584905660358,-1.0,0.2120000000000011,-1.212000000000001
AVAX,4h,140585,2023,24281,False,37.76175763817351,2.0,0.10592727272727326,1.8940727272727267
AVAX,4h,141483,2023,24282,False,34.77051460361663,-1.0,0.2300799999999967,-1.2300799999999967
AVAX,4h,142772,2023,24282,False,211.73203748698347,2.0,0.018891803278688543,1.9811081967213116
AVAX,4h,142968,2023,24282,False,79.94438651372973,-1.0,0.10006956521739112,-1.100069565217391
AVAX,4h,143574,2023,24282,False,38.71876099964781,2.0,0.10330909090909143,1.8966909090909085
AVAX,4h,145655,2023,24282,False,43.02925989672885,-1.0,0.185920000000004,-1.185920000000004
AVAX,4h,145912,2023,24282,False,47.311827956989006,2.0,0.08454545454545498,1.915454545454545
AVAX,4h,146522,2023,24282,False,65.47359231776454,2.0,0.061093333333333916,1.9389066666666661
AVAX,4h,148335,2023,24282,False,109.97345468335197,2.0,0.036372413793103554,1.9636275862068964
AVAX,4h,149298,2023,24282,False,87.92965627497956,-1.0,0.09098181818181865,-1.0909818181818187
AVAX,4h,149637,2023,24282,False,68.02721088435442,0.0,0.11759999999999883,-0.11759999999999883
AVAX,4h,149636,2023,24282,False,77.7604976671848,-1.0,0.10288000000000036,-1.1028800000000003
AVAX,4h,151290,2023,24283,False,100.93167701863415,-1.0,0.07926153846153798,-1.079261538461538
AVAX,4h,152267,2023,24283,False,69.01561932437387,-1.0,0.11591578947368343,-1.1159157894736835
AVAX,4h,152577,2023,24283,False,66.81514476614689,-1.0,0.11973333333333352,-1.1197333333333335
AVAX,4h,153727,2023,24283,False,177.2679874869661,-1.0,0.04512941176470575,-1.0451294117647056
AVAX,4h,153876,2023,24283,False,161.39878950907763,-1.0,0.04956666666666699,-1.049566666666667
AVAX,4h,155175,2023,24283,False,77.35583684950859,2.0,0.05170909090909034,1.9482909090909097
AVAX,4h,155744,2023,24283,False,124.51085023123495,2.0,0.03212571428571415,1.967874285714286
AVAX,4h,160598,2023,24284,False,31.999999999999318,-1.0,0.25000000000000533,-1.2500000000000053
AVAX,4h,160847,2023,24284,False,47.73269689737509,-1.0,0.16759999999999864,-1.1675999999999986
AVAX,4h,163675,2023,24284,False,151.4456172556227,2.0,0.026412121212121064,1.973587878787879
AVAX,4h,165015,2023,24284,False,54.428500742206545,-1.0,0.14698181818181894,-1.146981818181819
AVAX,4h,166284,2023,24284,False,55.32435740514053,-1.0,0.14460176991150503,-1.144601769911505
AVAX,4h,166611,2023,24284,False,37.56054166254668,-1.0,0.21298947368421906,-1.212989473684219
AVAX,4h,167517,2023,24284,False,95.94095940959424,-1.0,0.08338461538461525,-1.0833846153846152
AVAX,4h,167055,2023,24284,False,154.98778884088006,-1.0,0.05161696969696941,-1.0516169696969695
AVAX,4h,167465,2023,24284,False,38.233607340853496,-1.0,0.20923999999999515,-1.2092399999999952
AVAX,4h,170824,2023,24285,False,53.86379393099177,-1.0,0.1485227722772238,-1.1485227722772238
AVAX,4h,172227,2023,24285,False,70.15476891768876,-1.0,0.11403358778625935,-1.1140335877862593
AVAX,4h,176768,2023,24286,False,44.174783117782724,-1.0,0.1810987951807186,-1.1810987951807186
AVAX,4h,176457,2023,24286,False,39.907582440663994,-1.0,0.2004631578947355,-1.2004631578947356
AVAX,4h,177559,2023,24286,False,83.54853410299391,2.0,0.047876363636362856,1.9521236363636372
AVAX,4h,178946,2023,24286,False,72.97035260498909,2.0,0.05481678321678432,1.9451832167832157
AVAX,4h,180765,2023,24286,False,73.24429125376952,2.0,0.05461176470588266,1.9453882352941174
AVAX,4h,181768,2023,24286,False,59.09460558416818,-1.0,0.13537614678899307,-1.1353761467889931
AVAX,4h,182958,2023,24286,False,93.41270993659619,2.0,0.04282072538860073,1.9571792746113992
AVAX,4h,183631,2023,24286,False,134.90725126475562,-1.0,0.05929999999999994,-1.0593
AVAX,4h,184815,2023,24286,False,71.22757650369286,2.0,0.05615802469135836,1.9438419753086416
AVAX,4h,185648,2023,24287,False,290.45286585889914,2.0,0.013771597633136056,1.986228402366864
AVAX,4h,187791,2023,24287,False,187.82529984159353,-1.0,0.042592771084337254,-1.0425927710843372
AVAX,4h,188930,2023,24287,False,229.7582653093382,2.0,0.017409602194787398,1.9825903978052126
AVAX,4h,188788,2023,24287,False,286.7086982569239,-1.0,0.027902885572139432,-1.0279028855721395
AVAX,4h,189737,2023,24287,False,243.51631978395477,-1.0,0.03285200764818358,-1.0328520076481835
AVAX,4h,194069,2023,24288,False,134.17123460471112,2.0,0.029812649572649525,1.9701873504273504
AVAX,4h,195065,2023,24288,False,108.0909954321382,-1.0,0.0740117154811713,-1.0740117154811712
AVAX,4h,196731,2023,24288,False,287.50546726928246,2.0,0.013912778904665255,1.9860872210953346
AVAX,4h,197442,2023,24288,False,210.19335748176246,-1.0,0.03806019417475704,-1.0380601941747571
AVAX,4h,197731,2023,24288,False,162.66252876023248,2.0,0.024590789473684333,1.9754092105263157
AVAX,4h,201926,2023,24288,False,109.42420566359112,-1.0,0.07310996640537508,-1.0731099664053751
AVAX,4h,203796,2024,24289,False,221.21220082494776,-1.0,0.036164370546318346,-1.0361643705463184
AVAX,4h,203926,2024,24289,False,113.20855116999896,-1.0,0.07066603995299654,-1.0706660399529966
AVAX,4h,206123,2024,24289,False,275.1425714208494,-1.0,0.029075834970530436,-1.0290758349705305
AVAX,4h,211506,2024,24289,False,293.15771068889154,-1.0,0.027289065606361823,-1.0272890656063618
AVAX,4h,212095,2024,24290,False,64.12960931567001,-1.0,0.12474736842105176,-1.1247473684210518
AVAX,4h,211971,2024,24290,False,198.61513356169405,-1.0,0.04027890451517397,-1.040278904515174
AVAX,4h,212790,2024,24290,False,66.53776160145637,-1.0,0.12023247863247773,-1.1202324786324778
AVAX,4h,213613,2024,24290,False,64.41866431034948,-1.0,0.12418761061946952,-1.1241876106194695
AVAX,4h,215307,2024,24290,False,89.15455144116225,-1.0,0.089731818181819,-1.089731818181819
AVAX,4h,215532,2024,24290,False,105.67000730894472,-1.0,0.0757073856975386,-1.0757073856975385
AVAX,4h,216110,2024,24290,False,138.2033563672249,-1.0,0.05788571428571477,-1.0578857142857148
AVAX,4h,219667,2024,24290,False,147.95728629867773,2.0,0.027034829443446932,1.972965170556553
AVAX,4h,221559,2024,24291,False,264.2702245745576,-1.0,0.030272044506258745,-1.0302720445062588
AVAX,4h,224174,2024,24291,False,299.1926228683037,-1.0,0.026738627187079336,-1.0267386271870793
AVAX,4h,225751,2024,24291,False,340.1805689424964,2.0,0.011758461138549491,1.9882415388614505
AVAX,4h,227628,2024,24291,False,87.0714095659273,2.0,0.04593930453108544,1.9540606954689146
AVAX,4h,231586,2024,24292,False,62.83281244895495,2.0,0.06366100519930697,1.936338994800693
AVAX,4h,232802,2024,24292,False,457.7174570031332,-1.0,0.01747803121248495,-1.017478031212485
AVAX,4h,232875,2024,24292,False,219.4473812041034,-1.0,0.0364552083333333,-1.0364552083333334
AVAX,4h,234876,2024,24292,False,115.13157894736831,-1.0,0.06948571428571436,-1.0694857142857144
AVAX,4h,237414,2024,24292,False,106.83478081970401,-1.0,0.07488198074277815,-1.074881980742778
AVAX,4h,237826,2024,24293,False,146.69421487603302,2.0,0.027267605633802823,1.9727323943661972
AVAX,4h,239190,2024,24293,False,73.65050922937027,-1.0,0.1086211091234352,-1.1086211091234353
AVAX,4h,240252,2024,24293,False,77.98088210632129,-1.0,0.10258924731182932,-1.1025892473118293
AVAX,4h,242982,2024,24293,False,183.63705337698315,2.0,0.021782096403978542,1.9782179035960215
AVAX,4h,242862,2024,24293,False,74.23088927791083,-1.0,0.10777184643510111,-1.1077718464351012
AVAX,4h,244156,2024,24293,False,183.10706881562226,-1.0,0.04369028487947407,-1.043690284879474
AVAX,4h,243802,2024,24293,False,111.8784882387421,2.0,0.035753075170842814,1.9642469248291572
AVAX,4h,244269,2024,24293,False,142.2725115139379,2.0,0.028115058611361727,1.9718849413886383
AVAX,4h,247133,2024,24294,False,57.37867096299947,2.0,0.0697123152709374,1.9302876847290626
AVAX,4h,247278,2024,24294,False,53.961383884657586,-1.0,0.14825416666666655,-1.1482541666666666
AVAX,4h,248471,2024,24294,False,72.27341786530738,-1.0,0.11069076620825141,-1.1106907662082515
AVAX,4h,248400,2024,24294,False,43.55771741072142,-1.0,0.1836643533122986,-1.1836643533122986
AVAX,4h,249135,2024,24294,False,104.05497243826821,-1.0,0.07688243831640137,-1.0768824383164013
AVAX,4h,251920,2024,24294,False,289.7236927986074,-1.0,0.027612515644555715,-1.0276125156445557
AVAX,4h,252159,2024,24294,False,78.495768446506,-1.0,0.10191632183907991,-1.10191632183908
AVAX,4h,252724,2024,24294,False,92.31962761830859,-1.0,0.08665546218487412,-1.086655462184874
AVAX,4h,253131,2024,24294,False,56.76035387144742,2.0,0.07047172413793124,1.9295282758620687
AVAX,4h,255449,2024,24295,False,112.38679065579181,-1.0,0.07118274268104766,-1.0711827426810476
AVAX,4h,256862,2024,24295,False,89.18536779900744,2.0,0.04485040650406464,1.9551495934959353
AVAX,4h,256470,2024,24295,False,171.7108830558506,-1.0,0.04658994152046801,-1.046589941520468
AVAX,4h,256442,2024,24295,False,199.26509186351666,-1.0,0.040147523709167625,-1.0401475237091675
AVAX,4h,256911,2024,24295,False,136.00599475458955,-1.0,0.05882093663911853,-1.0588209366391186
AVAX,4h,259971,2024,24295,False,121.50141028422597,-1.0,0.06584285714285744,-1.0658428571428575
AVAX,4h,260799,2024,24295,False,64.22676713311752,2.0,0.06227932960893906,1.937720670391061
AVAX,4h,261394,2024,24295,False,103.97065858714735,2.0,0.03847239263803675,1.9615276073619632
AVAX,4h,262406,2024,24295,False,78.51534618129867,-1.0,0.10189090909090961,-1.1018909090909097
AVAX,4h,263410,2024,24295,False,97.24793730114447,-1.0,0.08226395563770843,-1.0822639556377085
AVAX,4h,265540,2024,24296,False,469.1821414460702,-1.0,0.017050947368421,-1.017050947368421
AVAX,4h,267270,2024,24296,False,96.46775816784915,2.0,0.04146463104325693,1.958535368956743
AVAX,4h,267157,2024,24296,False,211.69021405282825,-1.0,0.03779107142857139,-1.0377910714285714
AVAX,4h,267017,2024,24296,False,60.07027088291977,-1.0,0.13317735849056575,-1.1331773584905658
AVAX,4h,267399,2024,24296,False,87.23161739049524,2.0,0.045854933333333334,1.9541450666666667
AVAX,4h,267356,2024,24296,False,73.1143871013825,-1.0,0.10941758957654901,-1.109417589576549
AVAX,4h,268496,2024,24296,False,122.144476680402,2.0,0.03274810379241485,1.9672518962075851
AVAX,4h,269749,2024,24296,False,107.0962935369717,2.0,0.03734956521739124,1.9626504347826088
AVAX,4h,270979,2024,24296,False,88.89301289783785,-1.0,0.08999582463465568,-1.0899958246346557
AVAX,4h,271991,2024,24296,False,190.38947900859938,2.0,0.02100956429330494,1.978990435706695
AVAX,4h,275210,2024,24297,False,102.41323630250635,2.0,0.03905745140388761,1.9609425485961123
AVAX,4h,276465,2024,24297,False,87.49870102878508,-1.0,0.09142992874109276,-1.0914299287410927
AVAX,4h,277261,2024,24297,False,55.17382832529964,-1.0,0.1449962825278819,-1.1449962825278819
AVAX,4h,277437,2024,24297,False,97.74420486853376,2.0,0.040923142250530474,1.9590768577494695
AVAX,4h,277694,2024,24297,False,53.56615631194858,-1.0,0.1493480314960643,-1.1493480314960642
AVAX,4h,278674,2024,24297,False,163.19412574575418,-1.0,0.04902137232845917,-1.0490213723284592
AVAX,4h,278788,2024,24297,False,137.16407418756023,-1.0,0.058324310118265214,-1.058324310118265
AVAX,4h,281184,2024,24297,False,104.18673063790276,-1.0,0.07678521008403376,-1.0767852100840338
AVAX,4h,282850,2024,24298,False,59.581382752350336,2.0,0.06713506493506498,1.932864935064935
AVAX,4h,283668,2024,24298,False,65.91337099811702,2.0,0.06068571428571405,1.939314285714286
AVAX,4h,285877,2024,24298,False,94.34977578475397,-1.0,0.08479087452471427,-1.0847908745247143
AVAX,4h,290755,2024,24299,False,79.71412864211082,-1.0,0.10035862068965545,-1.1003586206896554
AVAX,4h,295225,2024,24299,False,136.77136682554138,-1.0,0.05849177489177537,-1.0584917748917753
AVAX,4h,297124,2024,24299,False,280.16272997753384,-1.0,0.028554833116601615,-1.0285548331166017
AVAX,4h,297478,2024,24299,False,141.45493024556924,-1.0,0.056555116079105926,-1.056555116079106
AVAX,4h,297682,2024,24299,False,266.94234923128533,-1.0,0.029969017741237475,-1.0299690177412375
AVAX,4h,302290,2024,24300,False,277.13601502252425,-1.0,0.028866692044156726,-1.0288666920441567
AVAX,4h,303346,2024,24300,False,109.57394711067562,-1.0,0.07301005586592191,-1.073010055865922
AVAX,4h,303564,2024,24300,False,105.83232311570443,2.0,0.037795636363636066,1.962204363636364
AVAX,4h,304736,2024,24300,False,138.71343290976253,2.0,0.028836428571428454,1.9711635714285716
AVAX,4h,305843,2024,24300,False,177.27618564544713,2.0,0.022563662374821238,1.9774363376251787
AVAX,4h,306340,2024,24300,False,138.8008698353514,-1.0,0.05763652641002736,-1.0576365264100274
AVAX,4h,306829,2024,24300,False,75.47612529819037,-1.0,0.10599378238341826,-1.1059937823834183
AVAX,4h,307602,2024,24300,False,63.66141358200762,2.0,0.062832409381662,1.937167590618338
AVAX,4h,308083,2024,24300,False,82.23316178115826,-1.0,0.09728435374149759,-1.0972843537414976
AVAX,4h,310071,2025,24301,False,84.32118369708238,2.0,0.04743766423357747,1.9525623357664226
AVAX,4h,313443,2025,24301,False,156.56837870880418,-1.0,0.05109588581024339,-1.0510958858102435
AVAX,4h,313363,2025,24301,False,103.10309059324929,-1.0,0.07759224242424216,-1.0775922424242421
AVAX,4h,313713,2025,24301,False,321.98935238223737,-1.0,0.024845542067810693,-1.0248455420678106
AVAX,4h,313780,2025,24301,False,259.2346405849399,-1.0,0.03086007326007324,-1.0308600732600732
AVAX,4h,315640,2025,24301,False,104.70620996936722,-1.0,0.0764042553191494,-1.0764042553191495
AVAX,4h,315901,2025,24301,False,128.20326256202802,2.0,0.031200454029511906,1.9687995459704881
AVAX,4h,318015,2025,24302,False,233.8167197057766,-1.0,0.03421483292583526,-1.0342148329258352
AVAX,4h,318980,2025,24302,False,182.80930594762972,-1.0,0.04376144834930777,-1.0437614483493078
AVAX,4h,320135,2025,24302,False,81.90387884407346,2.0,0.048837735849056665,1.9511622641509434
AVAX,4h,322691,2025,24302,False,85.6062927776069,-1.0,0.09345107398568087,-1.0934510739856809
AVAX,4h,323710,2025,24302,False,82.52514908740466,-1.0,0.09694014598540113,-1.0969401459854011
AVAX,4h,324978,2025,24302,False,284.1108383023492,-1.0,0.02815802469135811,-1.0281580246913582
AVAX,4h,325808,2025,24303,False,296.38822861229704,-1.0,0.026991625266146225,-1.0269916252661462
AVAX,4h,326558,2025,24303,False,367.1423410404635,2.0,0.010894956949569464,1.9891050430504305
AVAX,4h,327531,2025,24303,False,106.4333607517634,-1.0,0.07516440281030452,-1.0751644028103045
AVAX,4h,327855,2025,24303,False,174.32562106834317,2.0,0.022945565749235605,1.9770544342507643
AVAX,4h,329667,2025,24303,False,152.2414792182487,2.0,0.026274048442906435,1.9737259515570935
AVAX,4h,333043,2025,24303,False,315.4197058034296,-1.0,0.025363031709203423,-1.0253630317092035
AVAX,4h,331974,2025,24303,False,83.1673890125346,2.0,0.048095774647886794,1.9519042253521133
AVAX,4h,336337,2025,24304,False,111.23296255679162,-1.0,0.0719211267605633,-1.0719211267605633
AVAX,4h,336451,2025,24304,False,232.04221129631875,-1.0,0.03447648578811366,-1.0344764857881137
AVAX,4h,336859,2025,24304,False,423.68324229473865,2.0,0.009441015364061455,1.9905589846359386
AVAX,4h,337700,2025,24304,False,213.90102631846503,2.0,0.018700237529691084,1.9812997624703088
AVAX,4h,339376,2025,24304,False,40.83288949757827,2.0,0.09796024844720413,1.9020397515527958
AVAX,4h,340008,2025,24304,False,62.1363053555566,2.0,0.06437460317460436,1.9356253968253956
AVAX,4h,344718,2025,24305,False,63.87653942460014,-1.0,0.12524159999999998,-1.1252416
AVAX,4h,346635,2025,24305,False,114.11220702931112,-1.0,0.07010643478260921,-1.0701064347826093
AVAX,4h,347833,2025,24305,False,114.63279955825475,-1.0,0.06978805394990388,-1.0697880539499038
AVAX,4h,349198,2025,24305,False,126.16812874465867,-1.0,0.06340745542949712,-1.0634074554294972
AVAX,4h,349931,2025,24305,False,112.55849247502191,-1.0,0.07107415730337092,-1.0710741573033709
AVAX,4h,350155,2025,24305,False,145.77004611316335,-1.0,0.054880959520239754,-1.0548809595202397
AVAX,4h,351758,2025,24306,False,65.7235700847823,-1.0,0.12172193308549939,-1.1217219330854995
AVAX,4h,352487,2025,24306,False,85.4660045836526,2.0,0.046802234636870985,1.953197765363129
AVAX,4h,352953,2025,24306,False,91.92255036182397,2.0,0.043514893617020725,1.9564851063829793
AVAX,4h,353238,2025,24306,False,107.62584042743549,-1.0,0.07433159144893121,-1.0743315914489313
AVAX,4h,353700,2025,24306,False,117.13282420253832,-1.0,0.06829853249475937,-1.0682985324947594
AVAX,4h,353769,2025,24306,False,60.22187004754355,-1.0,0.13284210526315798,-1.1328421052631579
AVAX,4h,354081,2025,24306,False,67.09479536087443,2.0,0.05961714285714261,1.9403828571428574
AVAX,4h,354306,2025,24306,False,74.78409853904758,2.0,0.05348730650154793,1.946512693498452
AVAX,4h,356041,2025,24306,False,248.30814633898112,2.0,0.016109016393442636,1.9838909836065575
AVAX,4h,358251,2025,24306,False,86.7968619596074,-1.0,0.09216923076922937,-1.0921692307692294
AVAX,4h,358224,2025,24306,False,85.68213945705917,-1.0,0.09336835016834885,-1.0933683501683489
AVAX,4h,358732,2025,24306,False,180.13673370968343,-1.0,0.04441070866141697,-1.044410708661417
AVAX,4h,360056,2025,24306,False,51.17763592339862,-1.0,0.15631827956989253,-1.1563182795698925
AVAX,4h,361322,2025,24307,False,89.09559565168605,-1.0,0.08979119496855406,-1.0897911949685541
AVAX,4h,361239,2025,24307,False,126.89451037355796,-1.0,0.06304449244060463,-1.0630444924406046
AVAX,4h,361985,2025,24307,True,79.28939265960163,-1.0,0.10089621993127011,-1.1008962199312702
AVAX,4h,361420,2025,24307,False,56.620697387598995,2.0,0.07064554455445608,1.929354455445544
AVAX,4h,363644,2025,24307,True,119.63440913481882,2.0,0.03343519668737032,1.9665648033126297
AVAX,4h,365428,2025,24307,True,158.04258786696005,2.0,0.025309633649932335,1.9746903663500677
AVAX,4h,367660,2025,24307,True,94.36648362822831,-1.0,0.08477586206896577,-1.0847758620689658
AVAX,4h,371982,2025,24308,True,70.5773942909806,2.0,0.05667537091988075,1.9433246290801192
AVAX,4h,373110,2025,24308,True,194.72839401875413,-1.0,0.04108286334056412,-1.0410828633405642
AVAX,4h,372692,2025,24308,True,64.98431766466456,2.0,0.06155331230283908,1.9384466876971609
AVAX,4h,373289,2025,24308,True,173.69318999362758,-1.0,0.04605822485207107,-1.0460582248520711
AVAX,4h,373413,2025,24308,True,185.44581505091497,-1.0,0.04313928571428568,-1.0431392857142856
AVAX,4h,373868,2025,24308,True,68.67709465138705,-1.0,0.11648716417910417,-1.116487164179104
AVAX,4h,376359,2025,24308,True,219.39345402432016,-1.0,0.03646416906820377,-1.0364641690682037
AVAX,4h,375572,2025,24308,True,107.97828324621,-1.0,0.07408897196261728,-1.0740889719626172
AVAX,4h,376868,2025,24308,True,145.61148757663645,-1.0,0.05494072022160709,-1.054940720221607
AVAX,4h,376567,2025,24308,True,84.05827481396152,2.0,0.047586034912717796,1.9524139650872823
AVAX,4h,377430,2025,24308,True,81.30747332418508,2.0,0.04919596977329994,1.9508040302267
AVAX,4h,378238,2025,24309,True,61.33931215364422,-1.0,0.1304220689655176,-1.1304220689655176
AVAX,4h,379297,2025,24309,True,54.29151643250869,-1.0,0.14735267175572495,-1.147352671755725
AVAX,4h,379470,2025,24309,True,48.45932075162958,-1.0,0.16508691983122725,-1.1650869198312273
AVAX,4h,380623,2025,24309,True,85.21010041922544,2.0,0.04694279176201398,1.953057208237986
AVAX,4h,381800,2025,24309,True,187.62583111983383,-1.0,0.04263805229936873,-1.0426380522993688
AVAX,4h,382629,2025,24309,True,76.85285085899261,-1.0,0.10409503239740799,-1.104095032397408
AVAX,4h,384264,2025,24309,True,209.44266950656754,-1.0,0.038196610169491475,-1.0381966101694915
AVAX,4h,384198,2025,24309,True,62.89308176100536,-1.0,0.12720000000000187,-1.127200000000002
AVAX,4h,383410,2025,24309,True,156.17883431526707,-1.0,0.051223330197553985,-1.051223330197554
AVAX,4h,384445,2025,24309,True,161.19090180607878,-1.0,0.049630592734225314,-1.0496305927342253
AVAX,4h,385041,2025,24309,True,88.74098724348208,-1.0,0.09015000000000102,-1.090150000000001
AVAX,4h,386194,2025,24309,True,85.87225032349062,-1.0,0.09316164383561723,-1.0931616438356173
AVAX,4h,385777,2025,24309,True,118.08862843687508,2.0,0.03387286356821581,1.9661271364317843
AVAX,4h,386746,2025,24309,True,66.05589855938446,-1.0,0.12110954773869248,-1.1211095477386925
AVAX,4h,389010,2025,24310,True,130.1466295800274,-1.0,0.0614691292875993,-1.0614691292875993
AVAX,4h,390377,2025,24310,True,190.50014864957703,2.0,0.020997358943577293,1.9790026410564228
AVAX,4h,390562,2025,24310,True,161.26956894702883,-1.0,0.049606382978723704,-1.0496063829787237
AVAX,4h,392093,2025,24310,True,197.9786114577974,-1.0,0.04040840543881347,-1.0404084054388134
AVAX,4h,392692,2025,24310,True,118.02201085603221,-1.0,0.06778396624472623,-1.0677839662447262
AVAX,4h,393558,2025,24310,True,144.22956329796466,2.0,0.027733565217391513,1.9722664347826084
AVAX,4h,394630,2025,24310,True,135.3684473914685,-1.0,0.05909796672828054,-1.0590979667282805
AVAX,4h,394380,2025,24310,True,76.10942249240179,-1.0,0.10511182108626119,-1.1051118210862612
AVAX,4h,396026,2025,24311,True,232.26047305405055,2.0,0.017222043628013876,1.982777956371986
AVAX,4h,396276,2025,24311,True,71.85661216410439,-1.0,0.111332830188679,-1.111332830188679
AVAX,4h,397899,2025,24311,True,225.02823713400156,-1.0,0.03555109395109423,-1.0355510939510941
AVAX,4h,398957,2025,24311,True,78.37845597312628,2.0,0.05103443223443296,1.948965567765567
AVAX,4h,399331,2025,24311,True,88.1957829566029,-1.0,0.09070728476821203,-1.090707284768212
AVAX,4h,400806,2025,24311,True,131.5524531847773,2.0,0.030406122448979635,1.9695938775510204
AVAX,4h,402400,2025,24311,True,95.63194623933846,2.0,0.04182702702702697,1.958172972972973
AVAX,4h,402801,2025,24311,True,105.68513119533498,2.0,0.037848275862069077,1.962151724137931
AVAX,4h,404022,2025,24311,True,174.68780693138805,-1.0,0.04579598393574288,-1.045795983935743
AVAX,4h,403861,2025,24311,True,94.98609132234246,-1.0,0.08422285714285681,-1.0842228571428567
AVAX,4h,405183,2025,24312,True,99.0642032015898,-1.0,0.08075570934256113,-1.080755709342561
AVAX,4h,404820,2025,24312,True,208.45028254930526,-1.0,0.03837845601436275,-1.0383784560143627
AVAX,4h,405704,2025,24312,True,157.58667266996912,-1.0,0.05076571428571408,-1.050765714285714
AVAX,4h,405096,2025,24312,True,55.32801609542283,2.0,0.07229610389610394,1.9277038961038961
AVAX,4h,405427,2025,24312,True,60.344236439689496,-1.0,0.13257272727272848,-1.1325727272727284
AVAX,4h,406845,2025,24312,True,161.47922064094894,-1.0,0.04954197802197782,-1.049541978021978
AVAX,4h,406088,2025,24312,True,54.85951516050103,2.0,0.07291351351351366,1.9270864864864863
AVAX,4h,407238,2025,24312,True,130.4940130494003,-1.0,0.061305494505494974,-1.061305494505495
AVAX,4h,407076,2025,24312,True,102.62496509354946,-1.0,0.0779537414965985,-1.0779537414965985
AVAX,4h,407166,2025,24312,True,79.3403319128293,-1.0,0.10083144104803528,-1.1008314410480353
AVAX,4h,407594,2025,24312,True,218.51179673321244,2.0,0.018305647840531552,1.9816943521594685
AVAX,4h,407887,2025,24312,True,107.22051435855192,2.0,0.03730629370629352,1.9626937062937064
AVAX,4h,412273,2025,24312,True,35.58437450577252,-1.0,0.22481777777777812,-1.224817777777778
AVAX,4h,412531,2025,24312,True,100.12515644555704,-1.0,0.07989999999999993,-1.0798999999999999
AVAX,4h,413500,2026,24313,True,70.19185774450293,-1.0,0.11397333333333125,-1.1139733333333313
AVAX,4h,417489,2026,24313,True,180.34936045069637,-1.0,0.04435834970530449,-1.0443583497053044
AVAX,4h,417430,2026,24313,True,61.549100968187155,2.0,0.06498876404494483,1.935011235955055
AVAX,4h,417850,2026,24313,True,99.38162544169595,-1.0,0.08049777777777792,-1.080497777777778
AVAX,4h,418355,2026,24313,True,31.501315643183062,2.0,0.12697882352941048,1.8730211764705895
AVAX,4h,418695,2026,24313,True,78.72174590802875,2.0,0.050811881188118364,1.9491881188118816
AVAX,4h,420493,2026,24313,True,124.36744146153302,-1.0,0.06432551724137871,-1.0643255172413788
AVAX,4h,424614,2026,24314,True,146.08832985503997,-1.0,0.054761389961389885,-1.05476138996139
AVAX,4h,425250,2026,24314,True,77.40295748613697,-1.0,0.10335522388059677,-1.1033552238805968
AVAX,4h,426994,2026,24314,True,98.33879659981089,2.0,0.040675706214689356,1.9593242937853106
AVAX,4h,426391,2026,24314,True,73.98795053377052,-1.0,0.10812571428571384,-1.108125714285714
AVAX,4h,427842,2026,24314,True,69.21756464920539,-1.0,0.11557759999999999,-1.1155776
AVAX,4h,428659,2026,24314,True,104.12471955358531,2.0,0.038415469613260235,1.9615845303867399
AVAX,4h,429134,2026,24314,True,58.872012245379395,-1.0,0.13588799999999804,-1.135887999999998
AVAX,4h,430059,2026,24314,True,217.86243869054292,-1.0,0.036720418848167735,-1.0367204188481678
AVAX,4h,429543,2026,24314,True,292.7830596369931,-1.0,0.02732398523985232,-1.0273239852398524
AVAX,4h,430251,2026,24314,True,155.53621927343994,-1.0,0.05143496503496479,-1.0514349650349648
AVAX,4h,430204,2026,24314,True,141.2154822480132,-1.0,0.05665101214574902,-1.056651012145749
AVAX,4h,430872,2026,24315,True,81.84564680032813,-1.0,0.09774496644295476,-1.0977449664429548
AVAX,4h,432644,2026,24315,True,131.10977014647034,-1.0,0.061017573221757125,-1.061017573221757
AVAX,4h,435318,2026,24315,True,42.71765663140926,-1.0,0.1872761904761834,-1.1872761904761835
AVAX,4h,434748,2026,24315,True,111.33004926108329,-1.0,0.07185840707964632,-1.0718584070796464
AVAX,4h,436741,2026,24315,True,65.38032211768326,-1.0,0.12236097560975856,-1.1223609756097586
AVAX,4h,437592,2026,24315,True,90.19713745611752,-1.0,0.08869461077844228,-1.0886946107784423
AVAX,4h,437533,2026,24315,True,45.724496767750956,-1.0,0.1749609195402304,-1.1749609195402304
AVAX,4h,438212,2026,24315,True,62.12570660995167,2.0,0.06438558558558521,1.9356144144144147
AVAX,4h,438856,2026,24315,True,70.94633253232769,2.0,0.05638064516128926,1.9436193548387108
AVAX,4h,439501,2026,24316,True,93.77758164166025,-1.0,0.0853082352941168,-1.0853082352941168
AVAX,4h,439843,2026,24316,True,174.67248908296807,-1.0,0.045800000000000354,-1.0458000000000003
AVAX,4h,440170,2026,24316,True,37.85952421314357,2.0,0.10565373134328329,1.8943462686567167
AVAX,4h,440537,2026,24316,True,47.7662264681075,-1.0,0.1674823529411818,-1.1674823529411817
AVAX,4h,440916,2026,24316,True,104.2073000835894,-1.0,0.07677005347593534,-1.0767700534759352
AVAX,4h,440910,2026,24316,True,154.99674831996415,-1.0,0.0516139860139864,-1.0516139860139864
AVAX,4h,441189,2026,24316,True,200.17597888253454,-1.0,0.03996483516483508,-1.0399648351648352
AVAX,4h,441492,2026,24316,True,282.8472183933405,2.0,0.014141910331383971,1.985858089668616
AVAX,4h,442242,2026,24316,True,41.85465021470793,2.0,0.09556883116883343,1.9044311688311666
AVAX,4h,442821,2026,24316,True,130.88578721555405,-1.0,0.061121991701244896,-1.0611219917012449
AVAX,4h,445099,2026,24316,True,88.71856790382724,2.0,0.04508639053254424,1.9549136094674557
AVAX,4h,445482,2026,24316,True,69.22792369074683,-1.0,0.11556030534351125,-1.1155603053435112
AVAX,4h,445719,2026,24316,True,42.08171309859938,-1.0,0.19010632911392256,-1.1901063291139224
AVAX,4h,447320,2026,24316,True,78.15009099667982,-1.0,0.10236712328767317,-1.102367123287673
AVAX,4h,448562,2026,24317,True,44.990672665423425,-1.0,0.17781463414633988,-1.1778146341463398
AVAX,4h,451757,2026,24317,True,57.76246453182041,-1.0,0.13849824561403415,-1.1384982456140342
AVAX,4h,451900,2026,24317,True,100.20855587771462,-1.0,0.07983350253807141,-1.0798335025380714
AVAX,4h,454399,2026,24317,True,44.530285959546326,-1.0,0.17965301204819625,-1.1796530120481963
AVAX,4h,454338,2026,24317,True,100.42723187038835,-1.0,0.07965966850828689,-1.0796596685082869
AVAX,4h,455588,2026,24317,True,100.97647581003226,-1.0,0.07922637362637269,-1.0792263736263727
AVAX,4h,454634,2026,24317,True,52.65729330655108,-1.0,0.15192577319587983,-1.1519257731958799
AVAX,4h,455022,2026,24317,True,45.8097547830778,-1.0,0.1746352941176453,-1.1746352941176452
AVAX,4h,455816,2026,24317,True,65.5205241641938,-1.0,0.1220991452991444,-1.1220991452991445
AVAX,4h,456741,2026,24317,True,31.9488817891366,-1.0,0.2504000000000061,-1.2504000000000062
AVAX,4h,460767,2026,24318,True,50.915723079261475,-1.0,0.15712238805970108,-1.157122388059701
AVAX,4h,461722,2026,24318,True,108.79419764279247,-1.0,0.07353333333333327,-1.0735333333333332
AVAX,4h,462329,2026,24318,True,99.90331936835366,2.0,0.040038709677419175,1.959961290322581
AVAX,4h,462402,2026,24318,True,106.93857249440401,2.0,0.037404651162790827,1.9625953488372092
AVAX,4h,464055,2026,24318,True,92.65858873841837,2.0,0.043169230769230446,1.9568307692307696
AVAX,1h,113,2022,24265,False,164.1282533953557,-1.0,0.048742369668246126,-1.048742369668246
AVAX,1h,1329,2022,24265,False,125.9731914702855,-1.0,0.06350557532621563,-1.0635055753262157
AVAX,1h,3593,2022,24266,False,259.8344345889008,-1.0,0.030788836793927122,-1.030788836793927
AVAX,1h,4263,2022,24266,False,127.95695942760565,2.0,0.03126051148677915,1.9687394885132208
AVAX,1h,7246,2022,24266,False,103.8514183818264,2.0,0.03851656590084652,1.9614834340991534
AVAX,1h,7412,2022,24266,False,118.44969299243088,-1.0,0.06753922106417964,-1.0675392210641796
AVAX,1h,8248,2022,24266,False,194.53586241852653,-1.0,0.04112352293577991,-1.0411235229357798
AVAX,1h,9579,2022,24267,False,135.90831572636782,-1.0,0.058863211991434496,-1.0588632119914345
AVAX,1h,12032,2022,24267,False,166.17930247485836,-1.0,0.04814077253218907,-1.048140772532189
AVAX,1h,12413,2022,24267,False,99.72206409269025,-1.0,0.08022296843519117,-1.0802229684351912
AVAX,1h,13299,2022,24267,False,93.61924306920258,-1.0,0.08545251742835033,-1.0854525174283502
AVAX,1h,14362,2022,24267,False,96.21208740061682,2.0,0.04157481776010564,1.9584251822398944
AVAX,1h,17355,2022,24267,False,99.16743551354456,2.0,0.04033582172701914,1.959664178272981
AVAX,1h,18515,2022,24268,False,131.41791323959336,-1.0,0.06087450183001212,-1.060874501830012
AVAX,1h,20653,2022,24268,False,110.21115752976911,-1.0,0.07258793192367226,-1.0725879319236722
AVAX,1h,21372,2022,24268,False,63.40108239632234,-1.0,0.126180811078141,-1.126180811078141
AVAX,1h,21736,2022,24268,False,110.64058786220882,-1.0,0.07230619571511276,-1.0723061957151128
AVAX,1h,23366,2022,24268,False,42.345426104940174,2.0,0.09446120556414345,1.9055387944358566
AVAX,1h,23480,2022,24268,False,183.50227193289183,-1.0,0.043596190476190184,-1.0435961904761901
AVAX,1h,25486,2022,24268,False,101.35819987837058,-1.0,0.07892799999999967,-1.0789279999999997
AVAX,1h,26003,2022,24268,False,80.77889357825524,-1.0,0.09903577092511093,-1.0990357709251108
AVAX,1h,26390,2022,24268,False,71.35398538113535,2.0,0.056058536585365346,1.9439414634146346
AVAX,1h,27095,2022,24269,False,94.83126868859456,-1.0,0.0843603603603604,-1.0843603603603604
AVAX,1h,27289,2022,24269,False,131.0168522318269,-1.0,0.06106084724005163,-1.0610608472400516
AVAX,1h,27324,2022,24269,False,139.8310480961078,-1.0,0.057211900425014985,-1.057211900425015
AVAX,1h,28395,2022,24269,False,236.76253483543425,-1.0,0.03378912970990336,-1.0337891297099033
AVAX,1h,29082,2022,24269,False,87.01412636742955,2.0,0.04596954732510247,1.9540304526748975
AVAX,1h,31946,2022,24269,False,149.8991482013555,-1.0,0.053369215876089,-1.053369215876089
AVAX,1h,33025,2022,24269,False,118.46018375450679,-1.0,0.06753323983169697,-1.067533239831697
AVAX,1h,37965,2022,24270,False,170.229612034839,-1.0,0.04699534883720894,-1.046995348837209
AVAX,1h,39508,2022,24270,False,201.42180094786724,2.0,0.01985882352941177,1.9801411764705883
AVAX,1h,41337,2022,24270,False,143.86082301773158,2.0,0.027804651162790718,1.9721953488372093
AVAX,1h,42711,2022,24270,False,214.43514644351472,2.0,0.01865365853658536,1.9813463414634147
AVAX,1h,42914,2022,24270,False,142.9275505174959,2.0,0.027986206896551805,1.9720137931034483
AVAX,1h,43238,2022,24270,False,187.40989908697765,2.0,0.021343589743589717,1.9786564102564104
AVAX,1h,48863,2022,24271,False,127.17363093693278,2.0,0.03145306122448967,1.9685469387755103
AVAX,1h,49762,2022,24271,False,189.6779885310998,-1.0,0.042176744186046194,-1.0421767441860461
AVAX,1h,50598,2022,24271,False,133.49272763498738,-1.0,0.059928358208955076,-1.0599283582089551
AVAX,1h,50715,2022,24271,False,118.22258459029868,2.0,0.03383448275862038,1.9661655172413797
AVAX,1h,51616,2022,24271,False,91.2530603160464,2.0,0.04383414634146379,1.9561658536585362
AVAX,1h,52856,2022,24271,False,150.39186613005737,2.0,0.026597183098591517,1.9734028169014084
AVAX,1h,53499,2022,24271,False,113.43283582089558,2.0,0.03526315789473682,1.9647368421052631
AVAX,1h,54033,2022,24272,False,90.79118028534253,-1.0,0.08811428571428685,-1.088114285714287
AVAX,1h,54443,2022,24272,False,86.95652173912971,-1.0,0.09200000000000076,-1.0920000000000007
AVAX,1h,55760,2022,24272,False,138.34329632792404,-1.0,0.0578271604938275,-1.0578271604938274
AVAX,1h,56380,2022,24272,False,189.8515705902648,2.0,0.02106909090909102,1.978930909090909
AVAX,1h,57086,2022,24272,False,72.35402995120305,2.0,0.055283720930232594,1.9447162790697674
AVAX,1h,57607,2022,24272,False,93.03142004563826,-1.0,0.0859924528301885,-1.0859924528301885
AVAX,1h,58905,2022,24272,False,146.962053081815,-1.0,0.05443582089552283,-1.054435820895523
AVAX,1h,60611,2022,24272,False,55.60307955517646,-1.0,0.14387692307692024,-1.1438769230769203
AVAX,1h,60937,2022,24272,False,66.34232640424528,2.0,0.0602933333333339,1.939706666666666
AVAX,1h,61804,2022,24272,False,115.7285639137309,-1.0,0.06912727272727197,-1.069127272727272
AVAX,1h,62069,2022,24272,False,132.86537979443497,-1.0,0.06021132075471686,-1.0602113207547168
AVAX,1h,62151,2022,24272,False,99.0601981203964,-1.0,0.08075897435897424,-1.0807589743589743
AVAX,1h,64143,2022,24273,False,122.23667100130193,-1.0,0.06544680851063747,-1.0654468085106374
AVAX,1h,64104,2022,24273,False,139.13483430306204,-1.0,0.05749818181818138,-1.0574981818181814
AVAX,1h,66957,2022,24273,False,77.6914539400669,2.0,0.05148571428571408,1.9485142857142859
AVAX,1h,67856,2022,24273,False,211.28798842257714,2.0,0.018931506849314963,1.981068493150685
AVAX,1h,72491,2022,24274,False,37.6484216623213,-1.0,0.21249230769231514,-1.212492307692315
AVAX,1h,73179,2022,24274,False,32.38151309979377,2.0,0.12352727272727336,1.8764727272727266
AVAX,1h,73767,2022,24274,False,47.086521483226505,-1.0,0.1698999999999961,-1.1698999999999962
AVAX,1h,73885,2022,24274,False,35.756853396900304,2.0,0.11186666666666907,1.888133333333331
AVAX,1h,74115,2022,24274,False,68.45052893590506,-1.0,0.11687272727272789,-1.116872727272728
AVAX,1h,75052,2022,24274,False,109.89010989011034,-1.0,0.0727999999999997,-1.0727999999999998
AVAX,1h,75719,2022,24274,False,44.69987228607936,2.0,0.08948571428571393,1.910514285714286
AVAX,1h,76671,2022,24274,False,81.24796880077999,2.0,0.049232,1.950768
AVAX,1h,77798,2022,24274,False,68.1114551083588,-1.0,0.11745454545454603,-1.117454545454546
AVAX,1h,78291,2022,24274,False,90.41591320072246,-1.0,0.08848000000000085,-1.0884800000000008
AVAX,1h,80808,2022,24275,False,88.4466556108348,2.0,0.04522499999999996,1.9547750000000002
AVAX,1h,81443,2022,24275,False,124.39705509012491,-1.0,0.06431020408163239,-1.0643102040816323
AVAX,1h,83984,2022,24275,False,115.47344110854532,-1.0,0.06927999999999983,-1.0692799999999998
AVAX,1h,88016,2022,24275,False,292.3508209851824,-1.0,0.02736438356164382,-1.0273643835616437
AVAX,1h,88463,2022,24275,False,94.5626477541379,2.0,0.04229999999999965,1.9577000000000004
AVAX,1h,88530,2022,24275,False,62.063615205585776,-1.0,0.1288999999999999,-1.1288999999999998
AVAX,1h,90010,2022,24276,False,53.59056806002219,-1.0,0.1492799999999979,-1.1492799999999979
AVAX,1h,90560,2022,24276,False,68.13020439061306,-1.0,0.11742222222222241,-1.1174222222222223
AVAX,1h,91987,2022,24276,False,39.03200624512156,-1.0,0.20495999999999706,-1.2049599999999971
AVAX,1h,92280,2022,24276,False,39.001560062401666,-1.0,0.20512000000000435,-1.2051200000000044
AVAX,1h,92751,2022,24276,False,64.93506493506483,2.0,0.0616000000000001,1.9384
AVAX,1h,94192,2022,24276,False,82.57279443720178,-1.0,0.09688421052631513,-1.0968842105263152
AVAX,1h,94954,2022,24276,False,38.843331894691346,-1.0,0.2059555555555559,-1.205955555555556
AVAX,1h,95203,2022,24276,False,47.028644719965556,2.0,0.0850545454545459,1.914945454545454
AVAX,1h,96599,2022,24276,False,66.16674018526624,-1.0,0.12090666666666783,-1.1209066666666678
AVAX,1h,97040,2022,24276,False,54.99541704857974,-1.0,0.14546666666666547,-1.1454666666666655
AVAX,1h,100922,2023,24277,False,260.98447307565215,-1.0,0.030653164556962063,-1.030653164556962
AVAX,1h,101529,2023,24277,False,168.31108531630827,2.0,0.02376551724137938,1.9762344827586207
AVAX,1h,102515,2023,24277,False,171.76128093158556,-1.0,0.04657627118644096,-1.046576271186441
AVAX,1h,103369,2023,24277,False,115.07819415756877,2.0,0.03475897435897431,1.9652410256410258
AVAX,1h,103974,2023,24277,False,116.97574893010092,-1.0,0.0683902439024384,-1.0683902439024384
AVAX,1h,104635,2023,24277,False,86.65511265164561,-1.0,0.09232000000000089,-1.0923200000000008
AVAX,1h,106154,2023,24277,False,109.8364657066153,-1.0,0.07283555555555508,-1.072835555555555
AVAX,1h,109033,2023,24278,False,103.04096506659877,2.0,0.03881951219512228,1.9611804878048777
AVAX,1h,111048,2023,24278,False,74.95476867407577,2.0,0.053365517241379466,1.9466344827586206
AVAX,1h,111257,2023,24278,False,117.64705882353016,-1.0,0.06799999999999957,-1.0679999999999996
AVAX,1h,112578,2023,24278,False,107.99136069114537,2.0,0.037039999999999774,1.9629600000000003
AVAX,1h,113056,2023,24278,False,74.14730598121707,2.0,0.0539466666666659,1.946053333333334
AVAX,1h,114029,2023,24278,False,38.398244651673224,2.0,0.10417142857142814,1.8958285714285719
AVAX,1h,114237,2023,24278,False,76.58643326039419,-1.0,0.10445714285714243,-1.1044571428571424
AVAX,1h,114662,2023,24279,False,54.64480874317079,-1.0,0.14639999999999626,-1.1463999999999963
AVAX,1h,115493,2023,24279,False,358.63717872086164,2.0,0.011153333333333305,1.9888466666666667
AVAX,1h,115792,2023,24279,False,48.84004884004779,-1.0,0.16380000000000353,-1.1638000000000035
AVAX,1h,118188,2023,24279,False,161.95617656398906,-1.0,0.0493960784313724,-1.0493960784313725
AVAX,1h,118467,2023,24279,False,117.86600496277777,2.0,0.03393684210526356,1.9660631578947365
AVAX,1h,118622,2023,24279,False,178.8908765652956,2.0,0.022359999999999946,1.97764
AVAX,1h,119709,2023,24279,False,102.24948875255664,2.0,0.03911999999999984,1.9608800000000002
AVAX,1h,120927,2023,24279,False,80.04743551734242,2.0,0.049970370370371116,1.950029629629629
AVAX,1h,121170,2023,24279,False,65.84597766962408,-1.0,0.12149565217391468,-1.1214956521739148
AVAX,1h,122308,2023,24279,False,60.350030175015945,2.0,0.06627999999999906,1.933720000000001
AVAX,1h,124216,2023,24280,False,61.60164271047044,-1.0,0.12986666666667054,-1.1298666666666706
AVAX,1h,124278,2023,24280,False,49.34687953555927,-1.0,0.16211764705882192,-1.162117647058822
AVAX,1h,124396,2023,24280,False,67.19252118025032,-1.0,0.11906086956521901,-1.119060869565219
AVAX,1h,124885,2023,24280,False,61.867266591675715,-1.0,0.1293090909090916,-1.1293090909090915
AVAX,1h,125998,2023,24280,False,34.50258769407632,-1.0,0.23186666666667163,-1.2318666666666716
AVAX,1h,126780,2023,24280,False,53.146853146852514,-1.0,0.15052631578947548,-1.1505263157894754
AVAX,1h,127392,2023,24280,False,71.14624505928936,-1.0,0.11244444444444315,-1.1124444444444432
AVAX,1h,128168,2023,24280,False,97.42692980264815,2.0,0.0410564102564102,1.9589435897435898
AVAX,1h,128250,2023,24280,False,68.25938566552756,-1.0,0.1172000000000025,-1.1172000000000024
AVAX,1h,128661,2023,24280,False,57.197330791230215,-1.0,0.1398666666666655,-1.1398666666666655
AVAX,1h,130987,2023,24280,False,98.09578765147039,-1.0,0.08155294117647147,-1.0815529411764715
AVAX,1h,131045,2023,24280,False,263.1578947368426,2.0,0.015199999999999972,1.9848000000000001
AVAX,1h,132121,2023,24280,False,37.026488180006424,-1.0,0.21606153846153422,-1.2160615384615343
AVAX,1h,134510,2023,24281,False,74.26541814659362,2.0,0.05386086956521729,1.9461391304347828
AVAX,1h,134991,2023,24281,False,84.58035133376758,-1.0,0.09458461538461482,-1.0945846153846148
AVAX,1h,137246,2023,24281,False,40.3768506056519,-1.0,0.19813333333333755,-1.1981333333333375
AVAX,1h,137348,2023,24281,False,78.31120190670767,-1.0,0.10215652173913026,-1.1021565217391303
AVAX,1h,138397,2023,24281,False,38.022813688212736,2.0,0.10520000000000053,1.8947999999999994
AVAX,1h,140069,2023,24281,False,30.748206354629264,-1.0,0.2601777777777782,-1.2601777777777783
AVAX,1h,140189,2023,24281,False,51.247010591048365,-1.0,0.15610666666666817,-1.1561066666666682
AVAX,1h,142774,2023,24282,False,235.45706371191125,2.0,0.016988235294117655,1.9830117647058823
AVAX,1h,142968,2023,24282,False,45.31195538515127,-1.0,0.1765538461538475,-1.1765538461538476
AVAX,1h,143615,2023,24282,False,67.6397294410827,-1.0,0.11827368421052552,-1.1182736842105254
AVAX,1h,145912,2023,24282,False,55.86592178770908,-1.0,0.14320000000000108,-1.143200000000001
AVAX,1h,146523,2023,24282,False,56.64488017429151,2.0,0.07061538461538515,1.9293846153846148
AVAX,1h,147931,2023,24282,False,69.6594427244581,-1.0,0.11484444444444461,-1.1148444444444445
AVAX,1h,148333,2023,24282,False,86.9565217391306,-1.0,0.09199999999999983,-1.0919999999999999
AVAX,1h,148702,2023,24282,False,82.33532934131827,-1.0,0.0971636363636353,-1.0971636363636352
AVAX,1h,149272,2023,24282,False,72.52215954875089,-1.0,0.11031111111111129,-1.1103111111111112
AVAX,1h,149636,2023,24282,False,66.58832745789334,-1.0,0.12014117647058703,-1.120141176470587
AVAX,1h,149680,2023,24282,False,169.62220508866668,-1.0,0.04716363636363622,-1.0471636363636363
AVAX,1h,151279,2023,24283,False,46.83840749414559,-1.0,0.17079999999999856,-1.1707999999999985
AVAX,1h,152577,2023,24283,False,81.78438661710128,-1.0,0.09781818181818074,-1.0978181818181807
AVAX,1h,152730,2023,24283,False,66.76557863501473,-1.0,0.11982222222222241,-1.1198222222222225
AVAX,1h,153300,2023,24283,False,68.4931506849314,-1.0,0.1168000000000002,-1.1168000000000002
AVAX,1h,153876,2023,24283,False,142.5661914460279,-1.0,0.056114285714285964,-1.056114285714286
AVAX,1h,154537,2023,24283,False,55.5555555555556,2.0,0.07199999999999994,1.9280000000000002
AVAX,1h,155559,2023,24283,False,92.79086366880728,2.0,0.04310769230769264,1.9568923076923073
AVAX,1h,156131,2023,24283,False,33.14917127071818,-1.0,0.24133333333333373,-1.2413333333333338
AVAX,1h,156474,2023,24283,False,33.469691335068745,-1.0,0.2390222222222226,-1.2390222222222227
AVAX,1h,156788,2023,24283,False,90.36144578313194,-1.0,0.08853333333333391,-1.0885333333333338
AVAX,1h,158410,2023,24283,False,56.667925953910895,2.0,0.07058666666666566,1.9294133333333343
AVAX,1h,161884,2023,24284,False,28.078620136381982,-1.0,0.28491428571428457,-1.2849142857142846
AVAX,1h,163326,2023,24284,False,65.70302233902854,-1.0,0.12175999999999826,-1.1217599999999983
AVAX,1h,163664,2023,24284,False,202.57826887661201,2.0,0.019745454545454486,1.9802545454545455
AVAX,1h,164695,2023,24284,False,62.46996636232532,2.0,0.06403076923076972,1.9359692307692302
AVAX,1h,166340,2023,24284,False,22.67797278643235,2.0,0.17638260869565456,1.8236173913043454
AVAX,1h,167081,2023,24284,False,158.59569862111147,-1.0,0.05044272997032644,-1.0504427299703265
AVAX,1h,170298,2023,24285,False,67.41573033707935,-1.0,0.11866666666666544,-1.1186666666666654
AVAX,1h,170306,2023,24285,False,14.710518020383889,-1.0,0.5438285714285968,-1.5438285714285969
AVAX,1h,170825,2023,24285,False,45.181523414658635,-1.0,0.17706352941177037,-1.1770635294117704
AVAX,1h,170851,2023,24285,False,53.78078950199065,2.0,0.07437599999999896,1.9256240000000011
AVAX,1h,172117,2023,24285,False,38.39590443686152,2.0,0.10417777777777383,1.895822222222226
AVAX,1h,172559,2023,24285,False,33.96515832146443,2.0,0.11776774193548165,1.8822322580645183
AVAX,1h,172541,2023,24285,False,68.31435712302002,-1.0,0.11710569105691292,-1.1171056910569128
AVAX,1h,174609,2023,24285,False,57.16873266542088,-1.0,0.13993663366336762,-1.1399366336633676
AVAX,1h,175418,2023,24285,False,42.713707216951335,2.0,0.09364675324675548,1.9063532467532445
AVAX,1h,176404,2023,24286,False,35.96934786008396,2.0,0.1112057971014508,1.8887942028985492
AVAX,1h,176706,2023,24286,False,76.2566789438201,-1.0,0.10490884353741353,-1.1049088435374135
AVAX,1h,177151,2023,24286,False,50.91922602776377,-1.0,0.1571115789473703,-1.1571115789473703
AVAX,1h,181498,2023,24286,False,43.06436990027228,-1.0,0.1857684210526303,-1.1857684210526303
AVAX,1h,182397,2023,24286,False,106.62721289730098,-1.0,0.07502775119617237,-1.0750277511961723
AVAX,1h,185665,2023,24287,False,235.76918066953206,2.0,0.016965745856353614,1.9830342541436463
AVAX,1h,187797,2023,24287,False,160.96956962215245,-1.0,0.04969883449883467,-1.0496988344988347
AVAX,1h,188964,2023,24287,False,158.98679601185628,-1.0,0.05031864406779672,-1.0503186440677967
AVAX,1h,191274,2023,24287,False,275.6589381466654,-1.0,0.029021369863013728,-1.0290213698630137
AVAX,1h,191750,2023,24287,False,186.808624942004,2.0,0.02141228758169933,1.9785877124183007
AVAX,1h,194967,2023,24288,False,124.06947890818853,-1.0,0.06448000000000002,-1.06448
AVAX,1h,195332,2023,24288,False,224.07421967135792,2.0,0.017851228070175428,1.9821487719298245
AVAX,1h,196731,2023,24288,False,185.92834252389014,-1.0,0.0430273291925467,-1.0430273291925467
AVAX,1h,197177,2023,24288,False,230.59297227851283,-1.0,0.03469316484778863,-1.0346931648477886
AVAX,1h,197137,2023,24288,False,191.34744140062952,-1.0,0.04180876389797225,-1.0418087638979723
AVAX,1h,201299,2023,24288,False,104.59330467454296,-1.0,0.0764867313915852,-1.0764867313915851
AVAX,1h,202078,2023,24288,False,108.26353294161767,-1.0,0.07389376443418016,-1.0738937644341802
AVAX,1h,202892,2024,24289,False,91.67751985495077,2.0,0.043631197771587533,1.9563688022284125
AVAX,1h,204304,2024,24289,False,124.34875219481367,-1.0,0.06433518518518486,-1.0643351851851848
AVAX,1h,204845,2024,24289,False,104.45501399360619,-1.0,0.07658799414348544,-1.0765879941434855
AVAX,1h,209418,2024,24289,False,125.10143359480693,2.0,0.03197405405405397,1.968025945945946
AVAX,1h,210764,2024,24289,False,155.5446939420959,2.0,0.025716081330868584,1.9742839186691314
AVAX,1h,212135,2024,24290,False,66.8727170553545,2.0,0.05981512605041849,1.9401848739495815
AVAX,1h,216196,2024,24290,False,82.75282841756852,2.0,0.04833671641791032,1.9516632835820897
AVAX,1h,216493,2024,24290,False,57.63761933780133,-1.0,0.13879823788546453,-1.1387982378854646
AVAX,1h,219891,2024,24290,False,213.04582716745276,-1.0,0.03755060639470797,-1.037550606394708
AVAX,1h,221533,2024,24291,False,356.8066868309094,-1.0,0.02242110446711218,-1.022421104467112
AVAX,1h,222262,2024,24291,False,86.6776659772727,2.0,0.04614798927613971,1.9538520107238604
AVAX,1h,224229,2024,24291,False,198.0405212593939,-1.0,0.04039577329490859,-1.0403957732949085
AVAX,1h,225230,2024,24291,False,217.78630405570988,-1.0,0.036733255723709765,-1.0367332557237097
AVAX,1h,229095,2024,24292,False,111.71914941962913,2.0,0.03580406779660996,1.96419593220339
AVAX,1h,231728,2024,24292,False,99.69415678489048,-1.0,0.08024542518837442,-1.0802454251883744
AVAX,1h,232396,2024,24292,False,100.73003840968656,2.0,0.03971010101010093,1.9602898989898991
AVAX,1h,232689,2024,24292,False,180.3249941547827,2.0,0.02218217179902739,1.9778178282009726
AVAX,1h,232710,2024,24292,False,244.7855654105361,2.0,0.016340832815413354,1.9836591671845867
AVAX,1h,233006,2024,24292,False,221.47023219984587,-1.0,0.03612223602484473,-1.0361222360248448
AVAX,1h,233170,2024,24292,False,131.2180693734874,-1.0,0.06096721311475414,-1.060967213114754
AVAX,1h,234185,2024,24292,False,188.94809493417398,-1.0,0.04233967007069879,-1.0423396700706988
AVAX,1h,234420,2024,24292,False,126.68467505453212,-1.0,0.06314891676168688,-1.063148916761687
AVAX,1h,237197,2024,24292,False,89.67698871056606,-1.0,0.08920906148867386,-1.0892090614886738
AVAX,1h,237277,2024,24292,False,77.69080804259987,2.0,0.051486142322096806,1.948513857677903
AVAX,1h,237733,2024,24293,False,102.88748755393348,-1.0,0.07775483870967702,-1.077754838709677
AVAX,1h,239168,2024,24293,False,112.40589873156647,-1.0,0.07117064220183486,-1.0711706422018348
AVAX,1h,241203,2024,24293,False,92.53398438677462,-1.0,0.08645472312703523,-1.0864547231270352
AVAX,1h,242320,2024,24293,False,96.31415776782612,2.0,0.041530758226037315,1.9584692417739626
AVAX,1h,243377,2024,24293,False,77.99449893872335,2.0,0.05128566827697186,1.9487143317230282
AVAX,1h,245325,2024,24293,False,67.84722586053344,-1.0,0.11791196911196895,-1.117911969111969
AVAX,1h,246078,2024,24293,False,69.64708473269837,-1.0,0.1148648221343873,-1.1148648221343873
AVAX,1h,247132,2024,24294,False,47.079781142638794,2.0,0.08496216216216256,1.9150378378378374
AVAX,1h,249934,2024,24294,False,129.72259322372142,2.0,0.030835029585798854,1.9691649704142011
AVAX,1h,250531,2024,24294,False,104.10469958358044,-1.0,0.07684571428571485,-1.0768457142857149
AVAX,1h,250803,2024,24294,False,72.43715992923266,2.0,0.05522027649769527,1.9447797235023048
AVAX,1h,251741,2024,24294,False,233.05474761606683,-1.0,0.034326698262243334,-1.0343266982622434
AVAX,1h,252217,2024,24294,False,87.757157243562,2.0,0.045580327868852494,1.9544196721311475
AVAX,1h,252724,2024,24294,False,140.7849829351534,-1.0,0.05682424242424249,-1.0568242424242424
AVAX,1h,253131,2024,24294,False,50.503073249031566,2.0,0.07920310077519298,1.920796899224807
AVAX,1h,253086,2024,24294,False,116.61924417905678,-1.0,0.06859931271477654,-1.0685993127147766
AVAX,1h,253110,2024,24294,False,73.29547742741015,2.0,0.054573626373625735,1.9454263736263742
AVAX,1h,255436,2024,24295,False,103.61533024153907,-1.0,0.07720865224625637,-1.0772086522462563
AVAX,1h,256468,2024,24295,False,102.53817372838465,-1.0,0.07801972386587804,-1.078019723865878
AVAX,1h,256375,2024,24295,False,157.29555922481893,-1.0,0.050859668508287534,-1.0508596685082876
AVAX,1h,257212,2024,24295,False,100.55910069739421,-1.0,0.07955520628683689,-1.079555206286837
AVAX,1h,257357,2024,24295,False,153.9872377822776,-1.0,0.051952357320099424,-1.0519523573200995
AVAX,1h,259652,2024,24295,False,81.84969419792753,-1.0,0.09774013303769391,-1.097740133037694
AVAX,1h,261145,2024,24295,False,156.34105326251645,2.0,0.025585090521831735,1.9744149094781682
AVAX,1h,261142,2024,24295,False,63.48948607615463,-1.0,0.12600511508951462,-1.1260051150895145
AVAX,1h,261394,2024,24295,False,100.26620757814943,2.0,0.03989379968203467,1.9601062003179652
AVAX,1h,261976,2024,24295,False,98.00608313619436,-1.0,0.0816275862068968,-1.0816275862068967
AVAX,1h,262407,2024,24295,False,92.05080633652157,-1.0,0.08690852713178204,-1.086908527131782
AVAX,1h,263402,2024,24295,False,66.63927250638658,-1.0,0.12004932975871392,-1.120049329758714
AVAX,1h,264345,2024,24296,False,81.32021075653621,-1.0,0.09837652811735968,-1.0983765281173596
AVAX,1h,265550,2024,24296,False,211.22859413762257,-1.0,0.037873660205245366,-1.0378736602052454
AVAX,1h,265424,2024,24296,False,239.5945323299032,-1.0,0.033389743589743594,-1.0333897435897437
AVAX,1h,266343,2024,24296,False,111.16748927533705,2.0,0.035981742738588736,1.9640182572614113
AVAX,1h,266692,2024,24296,False,76.05857645589757,2.0,0.052591044776119276,1.9474089552238807
AVAX,1h,267783,2024,24296,False,79.98870747659235,2.0,0.050007058823528905,1.9499929411764712
AVAX,1h,268028,2024,24296,False,56.72495429187504,2.0,0.07051570247933964,1.9294842975206603
AVAX,1h,268496,2024,24296,False,82.58422860483779,2.0,0.04843539823008869,1.9515646017699113
AVAX,1h,269491,2024,24296,False,89.38759984785034,-1.0,0.08949787234042608,-1.089497872340426
AVAX,1h,269966,2024,24296,False,88.9315140154325,2.0,0.04497843137254889,1.955021568627451
AVAX,1h,270360,2024,24296,False,169.8913605794113,2.0,0.023544457978075372,1.9764555420219245
AVAX,1h,273319,2024,24297,False,81.96532058830248,-1.0,0.09760225352112763,-1.0976022535211276
AVAX,1h,277068,2024,24297,False,53.288095000499546,-1.0,0.15012734082396836,-1.1501273408239683
AVAX,1h,278670,2024,24297,False,99.60232040570605,-1.0,0.080319413919414,-1.080319413919414
AVAX,1h,278952,2024,24297,False,57.92994601574697,-1.0,0.13809783281733728,-1.1380978328173372
AVAX,1h,279942,2024,24297,False,81.10866412418682,-1.0,0.09863311258278237,-1.0986331125827824
AVAX,1h,282598,2024,24298,False,84.14701913153915,-1.0,0.09507169811320766,-1.0950716981132076
AVAX,1h,284929,2024,24298,False,86.93797002506751,2.0,0.046009815950920505,1.9539901840490794
AVAX,1h,285064,2024,24298,False,58.485603543743245,-1.0,0.13678579881656766,-1.1367857988165677
AVAX,1h,287462,2024,24298,False,41.978018149831854,-1.0,0.19057593360995878,-1.1905759336099588
AVAX,1h,287485,2024,24298,False,47.539198229812875,-1.0,0.16828218181818272,-1.1682821818181828
AVAX,1h,287846,2024,24298,False,64.95259000701652,2.0,0.06158337950138553,1.9384166204986144
AVAX,1h,288907,2024,24298,False,113.01552237628457,-1.0,0.07078673647469455,-1.0707867364746946
AVAX,1h,289632,2024,24298,False,69.05185735803181,-1.0,0.11585495750708398,-1.115854957507084
AVAX,1h,291219,2024,24299,False,41.062140706268885,2.0,0.09741333333333319,1.9025866666666669
AVAX,1h,292124,2024,24299,False,79.23011517353399,-1.0,0.10097170731707227,-1.1009717073170722
AVAX,1h,293432,2024,24299,False,142.94913071474647,-1.0,0.055963963963963644,-1.0559639639639637
AVAX,1h,294384,2024,24299,False,142.36842498394105,-1.0,0.05619223504721913,-1.056192235047219
AVAX,1h,295429,2024,24299,False,153.27861820469596,-1.0,0.05219253731343271,-1.0521925373134327
AVAX,1h,296537,2024,24299,False,112.93872350283605,2.0,0.03541743589743649,1.9645825641025636
AVAX,1h,297664,2024,24299,False,132.92596730431572,-1.0,0.060183876500857804,-1.0601838765008578
AVAX,1h,303541,2024,24300,False,74.43919122824758,-1.0,0.10747027027026894,-1.107470270270269
AVAX,1h,303597,2024,24300,False,96.95290858725703,-1.0,0.08251428571428622,-1.0825142857142862
AVAX,1h,304886,2024,24300,False,177.86064717472644,-1.0,0.04497903345724911,-1.044979033457249
AVAX,1h,307796,2024,24300,False,88.14157827220379,-1.0,0.09076306729264536,-1.0907630672926454
AVAX,1h,307844,2024,24300,False,107.81219450883884,-1.0,0.07420310880829098,-1.074203108808291
AVAX,1h,308022,2024,24300,False,82.13017426953557,-1.0,0.09740634390651023,-1.0974063439065103
AVAX,1h,311330,2025,24301,False,99.56440572495198,-1.0,0.08035000000000109,-1.080350000000001
AVAX,1h,313515,2025,24301,False,99.88202909948885,-1.0,0.08009448818897634,-1.0800944881889762
AVAX,1h,313601,2025,24301,False,97.37571783381733,-1.0,0.08215600539811069,-1.0821560053981107
AVAX,1h,313714,2025,24301,False,145.5746367239107,-1.0,0.054954627949183106,-1.054954627949183
AVAX,1h,313779,2025,24301,False,212.3188015304208,-1.0,0.0376791878172587,-1.0376791878172587
AVAX,1h,317449,2025,24302,False,78.09027998222292,2.0,0.051222764227642555,1.9487772357723574
AVAX,1h,317748,2025,24302,False,342.83652111151224,-1.0,0.023334736842105252,-1.0233347368421053
AVAX,1h,318015,2025,24302,False,167.36084816357445,-1.0,0.047800904977375554,-1.0478009049773755
AVAX,1h,318102,2025,24302,False,150.4960796700225,-1.0,0.05315753086419785,-1.0531575308641978
AVAX,1h,319104,2025,24302,False,129.03357319036948,-1.0,0.06199936808846805,-1.061999368088468
AVAX,1h,319722,2025,24302,False,115.6997905610109,-1.0,0.06914446397188104,-1.069144463971881
AVAX,1h,323144,2025,24302,False,87.4122377132808,-1.0,0.09152036613272213,-1.0915203661327222
AVAX,1h,323793,2025,24302,False,58.58606769485586,2.0,0.068275618374558,1.931724381625442
AVAX,1h,325047,2025,24302,False,146.39976097998215,-1.0,0.05464489795918365,-1.0546448979591836
AVAX,1h,325810,2025,24303,False,188.02909771557415,-1.0,0.042546606334841613,-1.0425466063348416
AVAX,1h,327563,2025,24303,False,76.80952738372292,-1.0,0.10415374592833804,-1.104153745928338
AVAX,1h,327855,2025,24303,False,104.30423415896301,-1.0,0.07669870801033582,-1.0766987080103358
AVAX,1h,329598,2025,24303,False,97.28867623604457,-1.0,0.08222950819672138,-1.0822295081967215
AVAX,1h,329557,2025,24303,False,104.20428166107722,-1.0,0.07677227722772346,-1.0767722772277235
AVAX,1h,334578,2025,24304,False,77.07327098962007,-1.0,0.10379733333333431,-1.1037973333333344
AVAX,1h,334670,2025,24304,False,175.21055054567077,-1.0,0.04565935085007739,-1.0456593508500773
AVAX,1h,335100,2025,24304,False,137.36188413346795,2.0,0.029120159680638857,1.9708798403193613
AVAX,1h,335912,2025,24304,False,251.88262788886,-1.0,0.031760824742268046,-1.031760824742268
AVAX,1h,336714,2025,24304,False,233.11987417144093,2.0,0.017158554216867506,1.9828414457831325
AVAX,1h,337700,2025,24304,False,107.75642980583498,2.0,0.037120754716981175,1.9628792452830188
AVAX,1h,337461,2025,24304,False,54.79655847859057,2.0,0.0729972850678721,1.9270027149321278
AVAX,1h,337828,2025,24304,False,72.11777578832168,2.0,0.05546482758620706,1.944535172413793
AVAX,1h,340116,2025,24304,False,99.39652112176148,-1.0,0.08048571428571369,-1.0804857142857136
AVAX,1h,340224,2025,24304,False,78.69368483179231,-1.0,0.10165999999999992,-1.1016599999999999
AVAX,1h,342843,2025,24305,False,95.77649037562992,-1.0,0.08352780487804948,-1.0835278048780494
AVAX,1h,347905,2025,24305,False,100.09491759427013,2.0,0.039962068965517364,1.9600379310344827
AVAX,1h,351764,2025,24306,False,66.64207549489754,-1.0,0.12004428044280405,-1.1200442804428041
AVAX,1h,354306,2025,24306,False,81.74891734790637,2.0,0.04893031161473164,1.9510696883852683
AVAX,1h,354404,2025,24306,False,70.2843320706494,-1.0,0.1138233766233767,-1.1138233766233767
AVAX,1h,357363,2025,24306,False,63.00732247261205,2.0,0.06348468468468431,1.9365153153153156
AVAX,1h,360030,2025,24306,False,142.19810040705588,-1.0,0.05625954198473273,-1.0562595419847327
AVAX,1h,362488,2025,24307,True,52.18453339254852,-1.0,0.1533021276595783,-1.1533021276595783
AVAX,1h,362607,2025,24307,True,61.211605500809476,-1.0,0.13069417040358802,-1.130694170403588
AVAX,1h,365726,2025,24307,True,89.29116241228517,-1.0,0.08959453302961275,-1.0895945330296128
AVAX,1h,367747,2025,24307,True,101.05456946751156,2.0,0.0395825742574261,1.960417425742574
AVAX,1h,369125,2025,24307,True,56.55305881088168,-1.0,0.14146007604562455,-1.1414600760456246
AVAX,1h,370723,2025,24308,True,60.6005788711997,-1.0,0.13201194029851063,-1.1320119402985107
AVAX,1h,371118,2025,24308,True,86.74431503050589,-1.0,0.09222506393861768,-1.0922250639386177
AVAX,1h,372264,2025,24308,True,96.57743137919415,-1.0,0.08283508771929768,-1.0828350877192976
AVAX,1h,373290,2025,24308,True,169.09739928607868,-1.0,0.047310012062726135,-1.0473100120627261
AVAX,1h,373398,2025,24308,True,125.92592592592631,-1.0,0.0635294117647057,-1.0635294117647056
AVAX,1h,375780,2025,24308,True,87.52439283575087,-1.0,0.09140309050772712,-1.0914030905077272
AVAX,1h,376016,2025,24308,True,64.03668274171832,-1.0,0.12492839506172916,-1.1249283950617293
AVAX,1h,378353,2025,24309,True,138.370679913865,-1.0,0.05781571648690284,-1.0578157164869029
AVAX,1h,378270,2025,24309,True,61.006184188534505,-1.0,0.13113424657534176,-1.1311342465753418
AVAX,1h,381804,2025,24309,True,92.13130416979443,2.0,0.04341629629629637,1.9565837037037037
AVAX,1h,381719,2025,24309,True,55.103647336656806,-1.0,0.14518095238095302,-1.145180952380953
AVAX,1h,382629,2025,24309,True,101.45962371930128,-1.0,0.07884909983633333,-1.0788490998363334
AVAX,1h,383506,2025,24309,True,142.2095813705439,-1.0,0.056255000000000374,-1.0562550000000004
AVAX,1h,383789,2025,24309,True,60.582489416762826,-1.0,0.13205135802469098,-1.132051358024691
AVAX,1h,384445,2025,24309,True,148.8818481036026,-1.0,0.05373388429752047,-1.0537338842975206
AVAX,1h,384316,2025,24309,True,90.46669325887518,-1.0,0.08843033509700174,-1.0884303350970017
AVAX,1h,385741,2025,24309,True,130.8437654713903,2.0,0.03057081081081102,1.969429189189189
AVAX,1h,386233,2025,24309,True,94.78592623993175,-1.0,0.08440071556350663,-1.0844007155635067
AVAX,1h,386829,2025,24310,True,62.700151693915366,2.0,0.0637956989247312,1.9362043010752688
AVAX,1h,386946,2025,24310,True,114.00972532527312,2.0,0.03508472622478373,1.9649152737752162
AVAX,1h,387564,2025,24310,True,78.23913255202405,2.0,0.05112531120331957,1.9488746887966804
AVAX,1h,387993,2025,24310,True,44.27925016160325,2.0,0.09033576642335736,1.9096642335766427
AVAX,1h,388069,2025,24310,True,57.37215626450946,-1.0,0.1394404624277442,-1.139440462427744
AVAX,1h,389095,2025,24310,True,62.57298729367503,-1.0,0.12785069637882945,-1.1278506963788295
AVAX,1h,389770,2025,24310,True,556.2304755293302,2.0,0.0071912636505460205,1.992808736349454
AVAX,1h,390133,2025,24310,True,153.25928419163017,-1.0,0.05219912152269401,-1.052199121522694
AVAX,1h,391584,2025,24310,True,150.24959225028522,-1.0,0.0532447368421049,-1.053244736842105
AVAX,1h,392367,2025,24310,True,108.51741101572365,-1.0,0.07372088888888842,-1.0737208888888885
AVAX,1h,392751,2025,24310,True,96.30105190379787,-1.0,0.08307282051282039,-1.0830728205128204
AVAX,1h,393546,2025,24310,True,75.92190889371037,2.0,0.052685714285713565,1.9473142857142864
AVAX,1h,394000,2025,24310,True,39.767513000917404,-1.0,0.20116923076923232,-1.2011692307692323
AVAX,1h,394227,2025,24310,True,42.14597381991316,2.0,0.09490823529411668,1.9050917647058834
AVAX,1h,394381,2025,24310,True,96.16792775201327,-1.0,0.08318781725888359,-1.0831878172588836
AVAX,1h,395007,2025,24310,True,68.06163499734471,2.0,0.05877026022304713,1.941229739776953
AVAX,1h,395658,2025,24310,True,73.17005825993334,-1.0,0.10933433962264127,-1.1093343396226412
AVAX,1h,396304,2025,24311,True,54.15651232060732,-1.0,0.1477199999999979,-1.1477199999999979
AVAX,1h,397921,2025,24311,True,101.18192216323983,2.0,0.03953275362318854,1.9604672463768114
AVAX,1h,402801,2025,24311,True,70.20990214267447,2.0,0.05697202072538924,1.9430279792746108
AVAX,1h,403437,2025,24311,True,38.27591945415276,-1.0,0.2090086956521703,-1.2090086956521704
AVAX,1h,405395,2025,24312,True,70.41772065358568,2.0,0.05680388349514576,1.9431961165048541
AVAX,1h,406341,2025,24312,True,78.98427696168974,-1.0,0.10128598130841018,-1.1012859813084102
AVAX,1h,406386,2025,24312,True,75.9939792209702,-1.0,0.10527149758454069,-1.1052714975845408
AVAX,1h,407074,2025,24312,True,118.49167073255728,-1.0,0.06751529411764709,-1.0675152941176471
AVAX,1h,407167,2025,24312,True,72.64425072644157,-1.0,0.1101257142857157,-1.1101257142857157
AVAX,1h,407846,2025,24312,True,175.61123306335716,-1.0,0.04555517241379288,-1.0455551724137928
AVAX,1h,409453,2025,24312,True,89.35688215799007,-1.0,0.08952863849765219,-1.0895286384976521
AVAX,1h,409621,2025,24312,True,113.83206619901594,-1.0,0.0702789667896686,-1.0702789667896686
AVAX,1h,410268,2025,24312,True,30.40512778371338,-1.0,0.26311351351350776,-1.2631135135135079
AVAX,1h,410308,2025,24312,True,56.082474226803804,2.0,0.07132352941176512,1.9286764705882349
AVAX,1h,410657,2025,24312,True,57.128866400065526,-1.0,0.14003428571428514,-1.1400342857142851
AVAX,1h,411565,2025,24312,True,53.7921405986943,-1.0,0.14872061068702264,-1.1487206106870227
AVAX,1h,411732,2025,24312,True,89.60353504357481,2.0,0.044641095890410716,1.9553589041095893
AVAX,1h,411647,2025,24312,True,45.577380712297646,-1.0,0.17552566371681486,-1.1755256637168148
AVAX,1h,411781,2025,24312,True,61.915746024038796,-1.0,0.12920784313725298,-1.129207843137253
AVAX,1h,412501,2025,24312,True,32.68099504017873,-1.0,0.24479058823529165,-1.2447905882352917
AVAX,1h,413445,2026,24313,True,31.072192405472634,-1.0,0.2574649350649293,-1.2574649350649292
AVAX,1h,413742,2026,24313,True,164.2819289878104,2.0,0.024348387096774334,1.9756516129032258
AVAX,1h,415803,2026,24313,True,47.860664291627145,-1.0,0.16715187969924475,-1.1671518796992448
AVAX,1h,416658,2026,24313,True,60.7471536139093,-1.0,0.13169341317365424,-1.1316934131736542
AVAX,1h,417148,2026,24313,True,55.75508807935702,-1.0,0.14348466257668688,-1.1434846625766868
AVAX,1h,417850,2026,24313,True,113.79119867427637,-1.0,0.07030420711974167,-1.0703042071197417
AVAX,1h,418564,2026,24313,True,95.63961431861695,2.0,0.041823673469387576,1.9581763265306125
AVAX,1h,418597,2026,24313,True,46.04667637451191,-1.0,0.17373675213675613,-1.173736752136756
AVAX,1h,419236,2026,24313,True,55.774278215222786,-1.0,0.14343529411764785,-1.1434352941176478
AVAX,1h,419265,2026,24313,True,97.5991434336772,-1.0,0.08196793248945206,-1.081967932489452
AVAX,1h,419486,2026,24313,True,97.28497578051889,-1.0,0.08223263598326333,-1.0822326359832632
AVAX,1h,420580,2026,24313,True,56.588520614389274,2.0,0.07068571428571475,1.9293142857142853
AVAX,1h,421550,2026,24313,True,57.70964833183053,-1.0,0.1386249999999999,-1.1386249999999998
AVAX,1h,422151,2026,24313,True,88.09463881197942,2.0,0.045405714285715035,1.954594285714285
AVAX,1h,423014,2026,24314,True,59.37579294595326,-1.0,0.1347350427350417,-1.1347350427350418
AVAX,1h,427816,2026,24314,True,58.56274971265903,-1.0,0.1366056074766364,-1.1366056074766364
AVAX,1h,427860,2026,24314,True,52.88120809028038,2.0,0.07564123711340104,1.924358762886599
AVAX,1h,428636,2026,24314,True,197.7204000930448,-1.0,0.04046117647058826,-1.0404611764705882
AVAX,1h,428751,2026,24314,True,61.848383106556184,-1.0,0.1293485714285709,-1.129348571428571
AVAX,1h,428720,2026,24314,True,63.88663027064667,-1.0,0.12522181818181882,-1.1252218181818188
AVAX,1h,429168,2026,24314,True,164.14737836561093,2.0,0.024368345323741124,1.975631654676259
AVAX,1h,430207,2026,24314,True,69.99374039720088,-1.0,0.11429593495934856,-1.1142959349593486
AVAX,1h,430949,2026,24315,True,86.18784530386871,-1.0,0.09282051282051142,-1.0928205128205115
AVAX,1h,430771,2026,24315,True,83.96987919172281,-1.0,0.09527225806451543,-1.0952722580645153
AVAX,1h,431284,2026,24315,True,85.76514375101272,2.0,0.0466389937106911,1.953361006289309
AVAX,1h,432541,2026,24315,True,36.007651625970546,-1.0,0.22217499999999984,-1.2221749999999998
AVAX,1h,433098,2026,24315,True,72.23618090452163,-1.0,0.11074782608695803,-1.110747826086958
AVAX,1h,433212,2026,24315,True,85.27689304428253,2.0,0.04690602409638544,1.9530939759036146
AVAX,1h,434765,2026,24315,True,120.30371758209239,-1.0,0.06649836065573776,-1.0664983606557377
AVAX,1h,435384,2026,24315,True,82.8157349896481,-1.0,0.09659999999999991,-1.0966
AVAX,1h,436819,2026,24315,True,54.58171512543256,-1.0,0.1465692307692319,-1.146569230769232
AVAX,1h,437944,2026,24315,True,86.64137267116045,2.0,0.04616732026143723,1.9538326797385628
AVAX,1h,438972,2026,24315,True,59.94061957313277,-1.0,0.13346542056074853,-1.1334654205607486
AVAX,1h,439501,2026,24316,True,55.34646889528331,2.0,0.07227200000000153,1.9277279999999986
AVAX,1h,439308,2026,24316,True,117.62155130359304,-1.0,0.06801474654377918,-1.0680147465437793
AVAX,1h,440904,2026,24316,True,168.31736753802022,-1.0,0.04752926045016078,-1.0475292604501607
AVAX,1h,441198,2026,24316,True,81.61932745674099,-1.0,0.09801600000000092,-1.098016000000001
AVAX,1h,441189,2026,24316,True,112.63385673861144,-1.0,0.07102660098522189,-1.0710266009852218
AVAX,1h,441388,2026,24316,True,122.28113840493404,-1.0,0.06542300884955779,-1.0654230088495578
AVAX,1h,442632,2026,24316,True,41.43875352229365,-1.0,0.19305600000000187,-1.193056000000002
AVAX,1h,442974,2026,24316,True,128.6326822296324,-1.0,0.062192592592592966,-1.062192592592593
AVAX,1h,443777,2026,24316,True,101.11485610578184,-1.0,0.07911794871794861,-1.0791179487179485
AVAX,1h,444676,2026,24316,True,50.2401590018225,-1.0,0.15923516483516292,-1.1592351648351629
AVAX,1h,446463,2026,24316,True,33.40580094384582,-1.0,0.23947936507936954,-1.2394793650793696
AVAX,1h,447346,2026,24316,True,31.759702858371913,-1.0,0.2518915254237395,-1.2518915254237395
AVAX,1h,447402,2026,24316,True,32.150894866573104,-1.0,0.24882666666667194,-1.2488266666666719
AVAX,1h,448556,2026,24317,True,26.927515524536734,-1.0,0.29709387755102346,-1.2970938775510235
AVAX,1h,448825,2026,24317,True,55.31518703105267,-1.0,0.14462574257425875,-1.1446257425742588
AVAX,1h,449441,2026,24317,True,50.88265835929335,-1.0,0.15722448979592,-1.15722448979592
AVAX,1h,449474,2026,24317,True,49.19475946351761,2.0,0.0813094736842115,1.9186905263157885
AVAX,1h,450702,2026,24317,True,75.04141896501312,2.0,0.05330389610389613,1.946696103896104
AVAX,1h,451869,2026,24317,True,78.76401090578553,-1.0,0.10156923076923154,-1.1015692307692315
AVAX,1h,452320,2026,24317,True,38.73466752743661,-1.0,0.2065333333333357,-1.2065333333333357
AVAX,1h,453475,2026,24317,True,33.86127799016994,2.0,0.11812903225806232,1.8818709677419376
AVAX,1h,454423,2026,24317,True,49.19786096256617,-1.0,0.16260869565217614,-1.1626086956521762
AVAX,1h,454338,2026,24317,True,100.9764758100303,-1.0,0.07922637362637423,-1.0792263736263743
AVAX,1h,454634,2026,24317,True,42.89980993755125,-1.0,0.1864810126582264,-1.1864810126582264
AVAX,1h,454447,2026,24317,True,70.99770458549037,-1.0,0.11267969924812106,-1.1126796992481212
AVAX,1h,455050,2026,24317,True,34.18525150578023,-1.0,0.23401904761903877,-1.2340190476190387
AVAX,1h,455185,2026,24317,True,38.01060013919455,2.0,0.10523380281689919,1.894766197183101
AVAX,1h,455816,2026,24317,True,83.84572386808193,-1.0,0.09541333333333424,-1.0954133333333342
AVAX,1h,456747,2026,24317,True,35.15036545221159,-1.0,0.227593650793655,-1.2275936507936551
AVAX,1h,458799,2026,24318,True,80.11980531636172,-1.0,0.09985046728971862,-1.0998504672897187
AVAX,1h,460010,2026,24318,True,49.320889293572726,-1.0,0.16220307692307817,-1.1622030769230782
AVAX,1h,463844,2026,24318,True,125.38177141938642,-1.0,0.06380512820512796,-1.063805128205128
AVAX,1h,464053,2026,24318,True,84.39490445859862,2.0,0.0473962264150944,1.9526037735849056
AVAX,1h,464085,2026,24318,True,89.7404802328407,-1.0,0.08914594594594542,-1.0891459459459454
AVAX,1h,464393,2026,24318,True,108.49349039057701,2.0,0.03686857142857128,1.9631314285714287
BNB,4h,617,2023,24281,False,29.370696711443774,-1.0,0.2723803278688633,-1.2723803278688632
BNB,4h,1010,2023,24281,False,23.29483441119374,2.0,0.1717118881118941,1.8282881118881058
BNB,4h,2653,2023,24281,False,24.996324069989267,2.0,0.16002352941176753,1.8399764705882324
BNB,4h,2220,2023,24281,False,63.73098478783056,-1.0,0.1255276381909542,-1.1255276381909542
BNB,4h,5036,2023,24282,False,66.4095569560735,-1.0,0.12046458923512451,-1.1204645892351246
BNB,4h,6480,2023,24282,False,194.79456539531802,2.0,0.020534453781512644,1.9794655462184874
BNB,4h,6157,2023,24282,False,95.49736409990405,-1.0,0.08377194570135825,-1.0837719457013582
BNB,4h,6865,2023,24282,False,75.36231884057943,-1.0,0.10615384615384654,-1.1061538461538465
BNB,4h,7672,2023,24282,False,89.46240105540963,2.0,0.04471152073732686,1.9552884792626732
BNB,4h,9872,2023,24282,False,144.62081128747732,2.0,0.027658536585365975,1.9723414634146341
BNB,4h,11396,2023,24282,False,46.12997172679065,-1.0,0.17342304147465765,-1.1734230414746576
BNB,4h,13028,2023,24283,False,85.93847303524694,-1.0,0.09308985507246408,-1.0930898550724641
BNB,4h,13415,2023,24283,False,52.222646796585984,-1.0,0.15319024390244032,-1.1531902439024404
BNB,4h,15086,2023,24283,False,59.40271787777719,-1.0,0.134673972602739,-1.134673972602739
BNB,4h,15481,2023,24283,False,77.5162582801451,-1.0,0.10320415584415675,-1.1032041558441568
BNB,4h,15646,2023,24283,False,97.84345047923392,2.0,0.04088163265306093,1.959118367346939
BNB,4h,16422,2023,24283,False,64.9482443677692,2.0,0.06158750000000022,1.9384124999999999
BNB,4h,17250,2023,24283,False,29.63328806025431,-1.0,0.2699666666666671,-1.2699666666666671
BNB,4h,22045,2023,24284,False,15.59102285315816,-1.0,0.513115789473652,-1.513115789473652
BNB,4h,28979,2023,24284,False,206.32922772633296,-1.0,0.038772984749455314,-1.0387729847494553
BNB,4h,32585,2023,24285,False,65.75499118501908,-1.0,0.12166376811594243,-1.1216637681159425
BNB,4h,33804,2023,24285,False,33.75369181004167,2.0,0.11850555555555574,1.8814944444444444
BNB,4h,34659,2023,24285,False,33.55087783803742,-1.0,0.2384438356164324,-1.2384438356164325
BNB,4h,40702,2023,24286,False,59.93171127718992,-1.0,0.1334852589641439,-1.133485258964144
BNB,4h,43222,2023,24286,False,21.846116912734804,2.0,0.1830989010989075,1.8169010989010925
BNB,4h,43790,2023,24286,False,25.97402597402651,2.0,0.15399999999999683,1.8460000000000032
BNB,4h,44827,2023,24286,False,128.56096098763285,-1.0,0.06222728842832447,-1.0622272884283244
BNB,4h,45946,2023,24286,False,29.27478376580158,-1.0,0.27327272727272867,-1.2732727272727287
BNB,4h,46575,2023,24286,False,29.32422004189139,-1.0,0.2728120300751912,-1.2728120300751913
BNB,4h,48264,2023,24287,False,47.72722536003878,2.0,0.08380960698689881,1.9161903930131012
BNB,4h,48802,2023,24287,False,80.47231994823926,-1.0,0.09941306532663273,-1.0994130653266327
BNB,4h,50087,2023,24287,False,43.80724810832315,-1.0,0.18261818181818276,-1.1826181818181827
BNB,4h,51424,2023,24287,False,74.28227263601778,-1.0,0.10769729729729596,-1.107697297297296
BNB,4h,52550,2023,24287,False,54.184226369656606,2.0,0.07382222222222252,1.9261777777777775
BNB,4h,54394,2023,24287,False,30.094582975063997,2.0,0.1329142857142879,1.867085714285712
BNB,4h,57992,2023,24288,False,57.97101449275386,-1.0,0.13799999999999943,-1.1379999999999995
BNB,4h,58600,2023,24288,False,97.2104818258657,-1.0,0.08229565217391367,-1.0822956521739138
BNB,4h,59159,2023,24288,False,77.76669990029865,-1.0,0.10287179487179547,-1.1028717948717954
BNB,4h,61724,2023,24288,False,161.83665788483296,-1.0,0.049432558139534746,-1.0494325581395347
BNB,4h,62571,2023,24288,False,48.7621905476352,2.0,0.08203076923077211,1.917969230769228
BNB,4h,65092,2024,24289,False,95.48058561425843,-1.0,0.08378666666666668,-1.0837866666666667
BNB,4h,67883,2024,24289,False,63.333333333332575,-1.0,0.1263157894736857,-1.1263157894736857
BNB,4h,68323,2024,24289,False,36.243822075783285,-1.0,0.22072727272726816,-1.2207272727272682
BNB,4h,69362,2024,24289,False,66.65582832059864,-1.0,0.12001951219512129,-1.1200195121951213
BNB,4h,71844,2024,24289,False,133.72956909360917,-1.0,0.05982222222222291,-1.0598222222222229
BNB,4h,73734,2024,24290,False,31.43093465674073,-1.0,0.2545263157894767,-1.2545263157894766
BNB,4h,74654,2024,24290,False,52.87508261731733,2.0,0.07564999999999894,1.9243500000000011
BNB,4h,76281,2024,24290,False,21.718895439031606,-1.0,0.36834285714286313,-1.368342857142863
BNB,4h,77069,2024,24290,False,37.535189239912064,2.0,0.10656666666666767,1.8934333333333324
BNB,4h,77736,2024,24290,False,64.23982869379014,2.0,0.06226666666666667,1.9377333333333333
BNB,4h,81427,2024,24290,False,50.849559717225716,0.0,0.15732682926829616,-0.15732682926829616
BNB,4h,83299,2024,24291,False,209.72119417715274,-1.0,0.038145882352941175,-1.0381458823529413
BNB,4h,84683,2024,24291,False,130.93609536837968,2.0,0.030549253731343335,1.9694507462686566
BNB,4h,85934,2024,24291,False,185.31976744186125,2.0,0.021584313725490106,1.97841568627451
BNB,4h,85773,2024,24291,False,113.8553161674549,2.0,0.03513230769230769,1.9648676923076922
BNB,4h,85677,2024,24291,False,112.54551473022289,-1.0,0.07108235294117576,-1.0710823529411757
BNB,4h,87502,2024,24291,False,110.61946902654867,-1.0,0.07232,-1.07232
BNB,4h,87983,2024,24291,False,115.95998937771012,-1.0,0.0689893129770997,-1.0689893129770998
BNB,4h,88859,2024,24291,False,63.26371435999811,2.0,0.06322739726027239,1.9367726027397276
BNB,4h,89295,2024,24291,False,72.58133378874562,2.0,0.05511058823529412,1.944889411764706
BNB,4h,90790,2024,24292,False,50.077706786392284,-1.0,0.1597517241379323,-1.1597517241379323
BNB,4h,90240,2024,24291,False,105.87744893705748,-1.0,0.07555905511810997,-1.07555905511811
BNB,4h,90881,2024,24292,False,79.39189189189266,2.0,0.05038297872340377,1.9496170212765962
BNB,4h,91594,2024,24292,False,91.10021023125518,-1.0,0.08781538461538385,-1.087815384615384
BNB,4h,91936,2024,24292,False,67.6328502415463,-1.0,0.11828571428571359,-1.1182857142857137
BNB,4h,93034,2024,24292,False,34.13551800648575,-1.0,0.23435999999999996,-1.23436
BNB,4h,93709,2024,24292,False,70.1402805611211,-1.0,0.11405714285714472,-1.1140571428571446
BNB,4h,94053,2024,24292,False,46.70217124129492,-1.0,0.17129824561403373,-1.1712982456140337
BNB,4h,94833,2024,24292,False,202.06400138756555,2.0,0.01979570815450628,1.9802042918454936
BNB,4h,99338,2024,24292,False,186.9883670831542,2.0,0.02139170506912438,1.9786082949308756
BNB,4h,99584,2024,24293,False,134.90574466184137,2.0,0.029650331125828003,1.970349668874172
BNB,4h,102256,2024,24293,False,28.798915805523386,2.0,0.13889411764705512,1.861105882352945
BNB,4h,103554,2024,24293,False,133.42574943684016,-1.0,0.059958441558441204,-1.059958441558441
BNB,4h,103839,2024,24293,False,65.31394234956022,-1.0,0.12248533333333333,-1.1224853333333333
BNB,4h,104054,2024,24293,False,81.7391304347834,-1.0,0.09787234042553096,-1.097872340425531
BNB,4h,105937,2024,24293,False,73.9975907761135,2.0,0.054055813953488935,1.945944186046511
BNB,4h,105182,2024,24293,False,35.38928210313487,2.0,0.11302857142857019,1.8869714285714299
BNB,4h,105994,2024,24293,False,68.91970439259283,2.0,0.05803855421686779,1.9419614457831322
BNB,4h,108668,2024,24294,False,31.671945324220324,-1.0,0.25258947368421353,-1.2525894736842136
BNB,4h,110233,2024,24294,False,78.64755604557182,-1.0,0.10171962616822386,-1.1017196261682238
BNB,4h,110389,2024,24294,False,72.3589001447178,2.0,0.05528,1.94472
BNB,4h,113538,2024,24294,False,48.28504828504791,-1.0,0.16568275862069096,-1.165682758620691
BNB,4h,113645,2024,24294,False,62.33153638813902,2.0,0.06417297297297414,1.935827027027026
BNB,4h,118262,2024,24295,False,329.80332829046944,-1.0,0.02425688073394492,-1.024256880733945
BNB,4h,118664,2024,24295,False,55.43873064423585,-1.0,0.1443034482758632,-1.1443034482758632
BNB,4h,119053,2024,24295,False,68.91271056661606,2.0,0.05804444444444408,1.9419555555555559
BNB,4h,119119,2024,24295,False,87.62211703091998,2.0,0.045650574712643444,1.9543494252873566
BNB,4h,120341,2024,24295,False,65.42144685692486,2.0,0.06114202898550844,1.9388579710144915
BNB,4h,121319,2024,24295,False,82.70279781805264,-1.0,0.09673191489361843,-1.0967319148936183
BNB,4h,123328,2024,24295,False,129.06556530717606,-1.0,0.06198399999999999,-1.061984
BNB,4h,123955,2024,24295,False,44.091710758377424,2.0,0.09072000000000001,1.90928
BNB,4h,125163,2024,24295,False,46.79656257976687,-1.0,0.17095272727272726,-1.1709527272727271
BNB,4h,125568,2024,24295,False,68.90684814972275,-1.0,0.11609876543210007,-1.1160987654321
BNB,4h,125809,2024,24295,False,39.6620106914997,-1.0,0.20170434782608102,-1.201704347826081
BNB,4h,126104,2024,24296,False,63.69426751592196,-1.0,0.12560000000000318,-1.1256000000000033
BNB,4h,128133,2024,24296,False,103.8330907326545,-1.0,0.07704672897196228,-1.0770467289719623
BNB,4h,127206,2024,24296,False,482.9335305928358,-1.0,0.016565426695842433,-1.0165654266958424
BNB,4h,128895,2024,24296,False,39.44203944203857,-1.0,0.2028292682926874,-1.2028292682926873
BNB,4h,128869,2024,24296,False,32.307107563664864,-1.0,0.24762352941175814,-1.2476235294117581
BNB,4h,131038,2024,24296,False,42.29720838424663,-1.0,0.18913777777777782,-1.1891377777777778
BNB,4h,131781,2024,24296,False,64.7751117598751,2.0,0.06175211267605712,1.9382478873239428
BNB,4h,131509,2024,24296,False,48.78048780487805,-1.0,0.164,-1.164
BNB,4h,131938,2024,24296,False,75.4549489569463,2.0,0.05301176470588235,1.9469882352941177
BNB,4h,132680,2024,24296,False,39.410555174778416,-1.0,0.20299130434782006,-1.20299130434782
BNB,4h,133697,2024,24296,False,51.78472350656472,2.0,0.0772428571428584,1.9227571428571415
BNB,4h,136693,2024,24297,False,72.42003621001741,-1.0,0.11046666666666773,-1.1104666666666678
BNB,4h,136954,2024,24297,False,45.103738598777184,-1.0,0.1773688888888889,-1.177368888888889
BNB,4h,137683,2024,24297,False,87.78774873195474,-1.0,0.0911288888888889,-1.0911288888888888
BNB,4h,138141,2024,24297,False,60.42576926652412,-1.0,0.13239384615384617,-1.132393846153846
BNB,4h,139511,2024,24297,False,64.76683937823834,-1.0,0.12351999999999999,-1.12352
BNB,4h,140262,2024,24297,False,51.647373107746695,2.0,0.07744827586206958,1.9225517241379304
BNB,4h,141098,2024,24297,False,64.15814114791131,2.0,0.06234594594594518,1.9376540540540548
BNB,4h,141775,2024,24297,False,62.80880998241354,-1.0,0.12737066666666666,-1.1273706666666667
BNB,4h,142171,2024,24297,False,36.63613655287336,-1.0,0.21836363636363187,-1.2183636363636319
BNB,4h,144815,2024,24298,False,27.700831024929936,-1.0,0.28880000000000844,-1.2888000000000084
BNB,4h,147055,2024,24298,False,21.93944712593243,-1.0,0.36463999999999996,-1.36464
BNB,4h,147504,2024,24298,False,45.32626357649838,-1.0,0.17649811320754866,-1.1764981132075487
BNB,4h,150058,2024,24298,False,35.76903423607601,-1.0,0.22365714285714045,-1.2236571428571406
BNB,4h,150157,2024,24298,False,33.19431440973777,2.0,0.1205025641025613,1.8794974358974388
BNB,4h,154863,2024,24299,False,231.03926851171673,2.0,0.017313074204946884,1.982686925795053
BNB,4h,155988,2024,24299,False,91.77190367871846,2.0,0.04358632478632547,1.9564136752136745
BNB,4h,158885,2024,24299,False,64.8310578903211,-1.0,0.12339764705882353,-1.1233976470588236
BNB,4h,160017,2024,24299,False,77.81483245990118,-1.0,0.10280816326530659,-1.1028081632653066
BNB,4h,162157,2024,24300,False,281.4049298233361,-1.0,0.028428784119106727,-1.0284287841191067
BNB,4h,164090,2024,24300,False,70.02900190988252,-1.0,0.11423838383838278,-1.1142383838383827
BNB,4h,163921,2024,24300,False,112.32655458483359,-1.0,0.07122091503267888,-1.0712209150326788
BNB,4h,165305,2024,24300,False,38.049117952265654,2.0,0.10512727272727272,1.8948727272727273
BNB,4h,169167,2024,24300,False,95.5324529362174,-1.0,0.0837411764705888,-1.0837411764705889
BNB,4h,169556,2024,24300,False,41.20488775220362,-1.0,0.19415172413792497,-1.194151724137925
BNB,4h,171186,2025,24301,False,22.6276339980204,-1.0,0.35354999999999503,-1.353549999999995
BNB,4h,175136,2025,24301,False,75.57732680195909,2.0,0.052925925925926154,1.9470740740740737
BNB,4h,177662,2025,24301,False,100.51736881005105,2.0,0.0397941176470591,1.960205882352941
BNB,4h,177849,2025,24301,False,61.769740269405034,-1.0,0.1295132530120489,-1.1295132530120489
BNB,4h,179609,2025,24302,False,165.66137116642597,-1.0,0.04829128205128205,-1.048291282051282
BNB,4h,181026,2025,24302,False,108.70481166259454,-1.0,0.07359379844961186,-1.0735937984496118
BNB,4h,181297,2025,24302,False,81.86195826645302,-1.0,0.097725490196078,-1.097725490196078
BNB,4h,181894,2025,24302,False,80.72174738841262,-1.0,0.09910588235294293,-1.099105882352943
BNB,4h,182501,2025,24302,False,210.28554563565262,-1.0,0.03804350877192982,-1.0380435087719297
BNB,4h,185290,2025,24302,False,61.812151364388804,-1.0,0.1294243902439053,-1.1294243902439054
BNB,4h,185462,2025,24302,False,32.74194776517136,-1.0,0.2443348837209328,-1.2443348837209327
BNB,4h,186806,2025,24302,False,139.8362892223726,-1.0,0.057209756097561466,-1.0572097560975615
BNB,4h,191278,2025,24303,False,65.83278472679395,-1.0,0.12151999999999999,-1.12152
BNB,4h,192218,2025,24303,False,146.08667265159625,2.0,0.027381005586592046,1.972618994413408
BNB,4h,192395,2025,24303,False,54.548371570673694,-1.0,0.14665882352940782,-1.1466588235294077
BNB,4h,194459,2025,24303,False,39.046936010836426,-1.0,0.20488163265306694,-1.204881632653067
BNB,4h,194546,2025,24303,False,35.76253675594056,-1.0,0.22369777777777775,-1.2236977777777778
BNB,4h,196182,2025,24304,False,41.64584374479427,-1.0,0.192096,-1.192096
BNB,4h,196228,2025,24304,False,45.45078919097596,2.0,0.08800727272727271,1.9119927272727273
BNB,4h,198352,2025,24304,False,165.89133678574441,-1.0,0.04822433862433898,-1.048224338624339
BNB,4h,198618,2025,24304,False,135.59618581051527,2.0,0.029499354838709677,1.9705006451612903
BNB,4h,199325,2025,24304,False,26.131669898003338,-1.0,0.30614193548385754,-1.3061419354838575
BNB,4h,201804,2025,24304,False,75.3012048192771,2.0,0.05312,1.94688
BNB,4h,203557,2025,24304,False,29.79145978152854,-1.0,0.2685333333333401,-1.2685333333333402
BNB,4h,205693,2025,24305,False,25.397900440230273,-1.0,0.3149866666666667,-1.3149866666666667
BNB,4h,207553,2025,24305,False,175.1678370244621,2.0,0.022835242290748854,1.977164757709251
BNB,4h,211094,2025,24305,False,37.259523990570024,-1.0,0.21471020408163863,-1.2147102040816387
BNB,4h,212045,2025,24305,False,53.073861123397066,-1.0,0.15073333333333236,-1.1507333333333323
BNB,4h,211664,2025,24305,False,32.82602208295929,-1.0,0.24370909090909848,-1.2437090909090984
BNB,4h,212768,2025,24305,False,36.93307726399764,-1.0,0.216608,-1.216608
BNB,4h,212250,2025,24305,False,27.704870224554934,-1.0,0.28875789473684554,-1.2887578947368454
BNB,4h,214083,2025,24306,False,27.128862094950332,2.0,0.14744444444444818,1.8525555555555517
BNB,4h,215941,2025,24306,False,20.446800454373687,-1.0,0.3912592592592527,-1.3912592592592528
BNB,4h,215013,2025,24306,False,92.30769230769232,-1.0,0.08666666666666666,-1.0866666666666667
BNB,4h,216066,2025,24306,False,19.64042906783605,-1.0,0.4073230769230556,-1.4073230769230556
BNB,4h,217466,2025,24306,False,22.41286034469328,-1.0,0.35693793103449956,-1.3569379310344996
BNB,4h,218016,2025,24306,False,19.247055200554314,-1.0,0.415648,-1.415648
BNB,4h,218975,2025,24306,False,41.71172562953879,-1.0,0.19179259259258932,-1.1917925925925894
BNB,4h,219766,2025,24306,False,121.0458360232408,-1.0,0.06609066666666667,-1.0660906666666667
BNB,4h,221939,2025,24306,False,30.71724773460298,2.0,0.13022,1.86978
BNB,4h,222375,2025,24307,False,33.13044148239428,-1.0,0.24146976744186305,-1.241469767441863
BNB,4h,223082,2025,24307,False,52.0594089725919,2.0,0.07683529411764757,1.9231647058823524
BNB,4h,223965,2025,24307,True,36.44646924829123,2.0,0.10975000000000103,1.8902499999999989
BNB,4h,225401,2025,24307,True,36.70532961385993,2.0,0.108976,1.891024
BNB,4h,225578,2025,24307,True,35.576853263630746,-1.0,0.22486530612245528,-1.2248653061224553
BNB,4h,226544,2025,24307,True,48.0458945858734,-1.0,0.16650746268656605,-1.1665074626865661
BNB,4h,227173,2025,24307,True,53.45394736842074,-1.0,0.14966153846153932,-1.1496615384615394
BNB,4h,228548,2025,24307,True,59.52761953530023,-1.0,0.13439139784946302,-1.134391397849463
BNB,4h,230297,2025,24307,True,81.24031007751881,-1.0,0.09847328244274878,-1.0984732824427488
BNB,4h,230080,2025,24307,True,64.4298565523943,2.0,0.062083018867925055,1.937916981132075
BNB,4h,233540,2025,24308,True,52.40828550037491,2.0,0.0763238095238087,1.9236761904761912
BNB,4h,235201,2025,24308,True,74.26502178849896,2.0,0.053861157024792786,1.9461388429752071
BNB,4h,234876,2025,24308,True,59.336401065633055,-1.0,0.134824489795919,-1.134824489795919
BNB,4h,235305,2025,24308,True,88.73965703321714,-1.0,0.09015135135135162,-1.0901513513513517
BNB,4h,235897,2025,24308,True,31.47829185721895,-1.0,0.2541433962264173,-1.2541433962264172
BNB,4h,236082,2025,24308,True,64.49322525294416,-1.0,0.12404403669724666,-1.1240440366972466
BNB,4h,236844,2025,24308,True,171.3413918554163,-1.0,0.046690410958904034,-1.0466904109589041
BNB,4h,237722,2025,24308,True,121.88781699497378,-1.0,0.0656341232227491,-1.065634123222749
BNB,4h,237326,2025,24308,True,59.71830985915442,-1.0,0.13396226415094456,-1.1339622641509446
BNB,4h,238557,2025,24308,True,34.452554744526076,-1.0,0.23220338983050492,-1.232203389830505
BNB,4h,239816,2025,24308,True,65.8426706711324,2.0,0.06075087719298319,1.9392491228070168
BNB,4h,244040,2025,24309,True,65.51648831622626,2.0,0.06105333333333333,1.9389466666666666
BNB,4h,246024,2025,24309,True,57.3802928373561,-1.0,0.1394206896551735,-1.1394206896551735
BNB,4h,246331,2025,24309,True,71.11243721716622,-1.0,0.11249790209790246,-1.1124979020979024
BNB,4h,248008,2025,24309,True,56.68257756563292,-1.0,0.141136842105262,-1.141136842105262
BNB,4h,247444,2025,24309,True,91.26063418406828,-1.0,0.08766101694915233,-1.0876610169491523
BNB,4h,248438,2025,24309,True,60.557529653170064,-1.0,0.13210578512396792,-1.132105785123968
BNB,4h,251634,2025,24310,True,284.2574888463994,2.0,0.014071748878923747,1.9859282511210763
BNB,4h,252366,2025,24310,True,215.27894119618065,-1.0,0.03716108949416336,-1.0371610894941634
BNB,4h,252174,2025,24310,True,173.61804031131513,2.0,0.02303908045977011,1.9769609195402298
BNB,4h,252484,2025,24310,True,235.66853321516334,2.0,0.016972991452991453,1.9830270085470085
BNB,4h,253522,2025,24310,True,259.072034663297,-1.0,0.030879442508710754,-1.0308794425087107
BNB,4h,256688,2025,24310,True,78.81067526419652,2.0,0.0507545454545444,1.9492454545454556
BNB,4h,257240,2025,24310,True,107.72320613474487,2.0,0.037132203389830656,1.9628677966101693
BNB,4h,259237,2025,24311,True,94.6015424164529,2.0,0.042282608695651966,1.957717391304348
BNB,4h,260581,2025,24311,True,123.67491166077832,-1.0,0.06468571428571379,-1.0646857142857138
BNB,4h,261722,2025,24311,True,106.15711252653927,2.0,0.037680000000000005,1.96232
BNB,4h,262963,2025,24311,True,110.55497497387458,2.0,0.036181094527362935,1.9638189054726372
BNB,4h,263838,2025,24311,True,94.95723975228493,-1.0,0.0842484472049694,-1.0842484472049694
BNB,4h,264436,2025,24311,True,83.60128617363318,-1.0,0.09569230769230798,-1.095692307692308
BNB,4h,265455,2025,24311,True,119.549128999203,-1.0,0.06691809523809523,-1.0669180952380952
BNB,4h,266094,2025,24311,True,74.50050795800907,-1.0,0.1073818181818178,-1.1073818181818178
BNB,4h,266623,2025,24312,True,92.72871197557441,-1.0,0.08627317073170684,-1.0862731707317068
BNB,4h,266573,2025,24312,True,241.55722326454062,-1.0,0.03311844660194171,-1.0331184466019416
BNB,4h,268677,2025,24312,True,103.01241717244835,-1.0,0.07766054054054054,-1.0776605405405406
BNB,4h,268932,2025,24312,True,48.737261852016964,-1.0,0.16414545454545112,-1.164145454545451
BNB,4h,269244,2025,24312,True,93.04436627709119,-1.0,0.08598048780487756,-1.0859804878048775
BNB,4h,270610,2025,24312,True,155.80249742238541,2.0,0.025673529411764665,1.9743264705882353
BNB,4h,271172,2025,24312,True,44.224305678400846,-1.0,0.180896,-1.180896
BNB,4h,274292,2025,24312,True,64.17427141595579,2.0,0.06233027522935728,1.9376697247706427
BNB,4h,277676,2026,24313,True,34.816247582204774,-1.0,0.22977777777777947,-1.2297777777777794
BNB,4h,277746,2026,24313,True,27.76852160390981,2.0,0.14404799999999998,1.855952
BNB,4h,278927,2026,24313,True,124.95960357642905,2.0,0.03201034482758646,1.9679896551724136
BNB,4h,279921,2026,24313,True,22.1870047543584,-1.0,0.36057142857142466,-1.3605714285714248
BNB,4h,282253,2026,24313,True,57.96935085806066,-1.0,0.13800396039604085,-1.1380039603960408
BNB,4h,283272,2026,24313,True,31.517334533994458,-1.0,0.2538285714285653,-1.2538285714285653
BNB,4h,287018,2026,24314,True,106.87273923051627,2.0,0.03742769230769231,1.9625723076923076
BNB,4h,288474,2026,24314,True,39.58436417615005,-1.0,0.20210000000000186,-1.202100000000002
BNB,4h,290055,2026,24314,True,54.71515931766941,-1.0,0.14621176470588335,-1.1462117647058834
BNB,4h,291057,2026,24314,True,40.43344654698367,-1.0,0.19785599999999998,-1.197856
BNB,4h,290418,2026,24314,True,91.7431192660543,-1.0,0.08720000000000072,-1.0872000000000006
BNB,4h,291822,2026,24314,True,66.63334999167084,-1.0,0.12005999999999999,-1.12006
BNB,4h,291596,2026,24314,True,125.5707762557085,-1.0,0.06370909090909053,-1.0637090909090905
BNB,4h,292015,2026,24314,True,66.07574536664018,-1.0,0.12107317073170663,-1.1210731707317065
BNB,4h,291919,2026,24314,True,112.41527525210702,-1.0,0.07116470588235342,-1.0711647058823535
BNB,4h,292677,2026,24315,True,102.50297973778379,-1.0,0.07804651162790643,-1.0780465116279063
BNB,4h,296790,2026,24315,True,52.536775743020115,2.0,0.07613714285714286,1.923862857142857
BNB,4h,299303,2026,24315,True,40.1732965734534,-1.0,0.19913725490196435,-1.1991372549019643
BNB,4h,300482,2026,24315,True,88.0239037389959,2.0,0.04544220183486296,1.954557798165137
BNB,4h,300559,2026,24315,True,26.897057624909785,2.0,0.14871515151514333,1.8512848484848567
BNB,4h,302391,2026,24316,True,140.6341016892743,-1.0,0.0568852071005914,-1.0568852071005914
BNB,4h,301489,2026,24316,True,49.64903269987977,-1.0,0.1611310344827599,-1.16113103448276
BNB,4h,302676,2026,24316,True,54.470795273610996,2.0,0.07343384615384616,1.9265661538461538
BNB,4h,303150,2026,24316,True,59.681697612732464,-1.0,0.1340444444444436,-1.1340444444444435
BNB,4h,303115,2026,24316,True,35.20261972983999,2.0,0.1136279069767454,1.8863720930232546
BNB,4h,303508,2026,24316,True,25.445292620864393,-1.0,0.3144000000000092,-1.3144000000000093
BNB,4h,304584,2026,24316,True,79.12051303406346,-1.0,0.10111157894736841,-1.1011115789473684
BNB,4h,305595,2026,24316,True,41.34202575926256,2.0,0.09675384615384532,1.9032461538461547
BNB,4h,306841,2026,24316,True,38.45248371654919,-1.0,0.20804897959184254,-1.2080489795918425
BNB,4h,306321,2026,24316,True,40.68607897885847,2.0,0.09831372549019783,1.9016862745098022
BNB,4h,307299,2026,24316,True,49.59458395654534,-1.0,0.16130793650793768,-1.1613079365079377
BNB,4h,308223,2026,24316,True,29.279101052465343,-1.0,0.27323243243242906,-1.2732324324324291
BNB,4h,309766,2026,24317,True,33.76748673420201,2.0,0.11845714285714157,1.8815428571428585
BNB,4h,310076,2026,24317,True,13.761839229337372,-1.0,0.581317647058808,-1.581317647058808
BNB,4h,310585,2026,24317,True,34.435813245775236,-1.0,0.23231627906976995,-1.23231627906977
BNB,4h,313206,2026,24317,True,57.330057330055986,-1.0,0.1395428571428604,-1.1395428571428603
BNB,4h,316109,2026,24317,True,50.46192065833398,-1.0,0.1585353846153846,-1.1585353846153845
BNB,4h,316484,2026,24317,True,22.3094084160327,2.0,0.17929655172413234,1.8207034482758677
BNB,4h,317593,2026,24317,True,67.79396867451139,2.0,0.0590022988505744,1.9409977011494255
BNB,4h,319089,2026,24318,True,97.71485727475606,-1.0,0.081870866141732,-1.081870866141732
BNB,4h,319002,2026,24318,True,61.66340803128325,-1.0,0.12973658536585292,-1.129736585365853
BNB,4h,318621,2026,24318,True,123.25869739625021,2.0,0.03245207100591742,1.9675479289940825
BNB,4h,318548,2026,24318,True,85.6164383561644,-1.0,0.09343999999999998,-1.09344
BNB,4h,321009,2026,24318,True,47.9287915097581,2.0,0.08345714285714083,1.916542857142859
BNB,4h,323006,2026,24318,True,32.77076847452073,-1.0,0.24412,-1.2441200000000001
BNB,4h,324593,2026,24318,True,31.13691828662834,2.0,0.12846486486486328,1.8715351351351368
BNB,4h,324062,2026,24318,True,72.81761329563952,-1.0,0.1098635294117647,-1.1098635294117647
BNB,4h,324160,2026,24318,True,23.980815347721435,-1.0,0.3336000000000054,-1.3336000000000054
BNB,4h,325499,2026,24318,True,87.07889875978418,2.0,0.04593535353535417,1.9540646464646458
BNB,4h,327430,2026,24319,True,40.41311180960934,-1.0,0.19795555555555555,-1.1979555555555557
BNB,1h,619,2023,24281,False,17.23166116434576,-1.0,0.464261682242969,-1.464261682242969
BNB,1h,370,2023,24281,False,24.104078537792173,-1.0,0.3318940397351014,-1.3318940397351013
BNB,1h,1760,2023,24281,False,12.00869819220423,2.0,0.3330918918918878,1.666908108108112
BNB,1h,2285,2023,24281,False,36.23596862770361,2.0,0.11038755555555553,1.8896124444444444
BNB,1h,2209,2023,24281,False,31.9693094629156,-1.0,0.25024,-1.25024
BNB,1h,2674,2023,24281,False,50.840322528415314,2.0,0.07867770700636977,1.9213222929936302
BNB,1h,3063,2023,24282,False,18.167236779652917,2.0,0.22017657657657388,1.779823423423426
BNB,1h,3854,2023,24282,False,10.738691832085392,-1.0,0.7449696969697329,-1.7449696969697328
BNB,1h,4745,2023,24282,False,54.31919338722879,2.0,0.07363879598662186,1.9263612040133782
BNB,1h,5036,2023,24282,False,93.79372943534732,-1.0,0.08529354838709614,-1.0852935483870962
BNB,1h,6156,2023,24282,False,95.18014689903941,-1.0,0.08405114155251149,-1.0840511415525116
BNB,1h,6923,2023,24282,False,120.71222289169147,2.0,0.033136660929432,1.966863339070568
BNB,1h,7633,2023,24282,False,103.90247893315848,-1.0,0.07699527559055142,-1.0769952755905514
BNB,1h,8284,2023,24282,False,37.7574137192066,2.0,0.10593945945946141,1.8940605405405386
BNB,1h,9400,2023,24282,False,69.19006919006989,-1.0,0.11562352941176353,-1.1156235294117636
BNB,1h,9735,2023,24282,False,137.6098455313685,-1.0,0.05813537519142393,-1.058135375191424
BNB,1h,11397,2023,24282,False,44.57335409157745,-1.0,0.1794794258373227,-1.1794794258373227
BNB,1h,11433,2023,24282,False,71.17213579391544,-1.0,0.1124035398230093,-1.1124035398230092
BNB,1h,11836,2023,24283,False,39.43846169564964,-1.0,0.20284766839378168,-1.2028476683937817
BNB,1h,12882,2023,24283,False,38.13214977808425,2.0,0.10489836065573535,1.8951016393442646
BNB,1h,13425,2023,24283,False,52.71737979802276,2.0,0.07587630522088326,1.9241236947791167
BNB,1h,15078,2023,24283,False,40.357099180628964,-1.0,0.1982303030303012,-1.1982303030303012
BNB,1h,15547,2023,24283,False,53.49320737197025,-1.0,0.14955169811320562,-1.1495516981132057
BNB,1h,16143,2023,24283,False,37.06143963103301,-1.0,0.21585777777777643,-1.2158577777777764
BNB,1h,17251,2023,24283,False,31.26028298782457,-1.0,0.25591578947368726,-1.2559157894736872
BNB,1h,20170,2023,24283,False,16.871039420623678,-1.0,0.47418536585366244,-1.4741853658536623
BNB,1h,20569,2023,24284,False,57.95076240187401,2.0,0.06902411347517748,1.9309758865248225
BNB,1h,22725,2023,24284,False,19.32190290235297,-1.0,0.4140378947368471,-1.414037894736847
BNB,1h,23139,2023,24284,False,14.841688654352952,2.0,0.2695111111111222,1.7304888888888779
BNB,1h,23610,2023,24284,False,24.370430544272097,-1.0,0.32826666666667814,-1.328266666666678
BNB,1h,25876,2023,24284,False,28.673172085279774,2.0,0.13950322580645058,1.8604967741935494
BNB,1h,26378,2023,24284,False,78.15810537219384,2.0,0.051178313253011275,1.9488216867469887
BNB,1h,28199,2023,24284,False,18.355359765051656,-1.0,0.4358399999999938,-1.4358399999999938
BNB,1h,28977,2023,24284,False,207.14702058019122,-1.0,0.03861991341991338,-1.0386199134199134
BNB,1h,30423,2023,24285,False,28.688046647230742,2.0,0.13943089430894104,1.860569105691059
BNB,1h,31269,2023,24285,False,21.43522833178043,-1.0,0.37321739130434134,-1.3732173913043413
BNB,1h,31512,2023,24285,False,30.29952584711466,-1.0,0.2640305343511446,-1.2640305343511447
BNB,1h,31797,2023,24285,False,31.81089929644518,2.0,0.12574306569343024,1.8742569343065698
BNB,1h,32056,2023,24285,False,24.851127678529615,2.0,0.1609584905660374,1.8390415094339625
BNB,1h,34482,2023,24285,False,39.939402286185384,-1.0,0.20030344827586755,-1.2003034482758674
BNB,1h,34662,2023,24285,False,42.25610876354894,-1.0,0.18932173913043737,-1.1893217391304374
BNB,1h,35106,2023,24285,False,27.21753088142964,2.0,0.14696410256410056,1.8530358974358994
BNB,1h,35450,2023,24285,False,27.559889760441337,2.0,0.14513846153845955,1.8548615384615403
BNB,1h,36302,2023,24285,False,19.37938129530697,-1.0,0.4128098765432377,-1.4128098765432378
BNB,1h,37279,2023,24285,False,29.768183203243602,-1.0,0.26874330708661803,-1.268743307086618
BNB,1h,38283,2023,24286,False,25.642221082567158,-1.0,0.3119854545454642,-1.3119854545454643
BNB,1h,38497,2023,24286,False,67.91368240502531,-1.0,0.11779658703071644,-1.1177965870307165
BNB,1h,39544,2023,24286,False,20.761572217241433,-1.0,0.38532727272727474,-1.3853272727272747
BNB,1h,40198,2023,24286,False,13.436741236651498,2.0,0.297691228070179,1.7023087719298209
BNB,1h,40181,2023,24286,False,14.244337875693601,2.0,0.2808133333333493,1.7191866666666507
BNB,1h,40719,2023,24286,False,30.9951838252828,-1.0,0.25810461538461316,-1.2581046153846132
BNB,1h,42499,2023,24286,False,34.2441489738561,2.0,0.11680827586206986,1.8831917241379301
BNB,1h,43798,2023,24286,False,26.72468840905318,2.0,0.14967433628318644,1.8503256637168135
BNB,1h,44271,2023,24286,False,20.68372492969958,-1.0,0.38677752808986887,-1.3867775280898689
BNB,1h,45483,2023,24286,False,46.73628658959223,2.0,0.08558660287081442,1.9144133971291857
BNB,1h,45826,2023,24286,False,42.74069178233086,-1.0,0.18717525773195898,-1.187175257731959
BNB,1h,46575,2023,24286,False,35.036689363389414,-1.0,0.2283320754717017,-1.2283320754717018
BNB,1h,50532,2023,24287,False,48.524059846340016,2.0,0.08243333333333412,1.917566666666666
BNB,1h,51424,2023,24287,False,60.31363088057902,-1.0,0.13263999999999998,-1.1326399999999999
BNB,1h,52677,2023,24287,False,87.6494023904378,2.0,0.04563636363636387,1.954363636363636
BNB,1h,53040,2023,24287,False,164.42451420029872,-1.0,0.04865454545454553,-1.0486545454545455
BNB,1h,58599,2023,24288,False,74.13683541622538,-1.0,0.10790857142857142,-1.1079085714285715
BNB,1h,58638,2023,24288,False,81.16545265348547,2.0,0.04928205128205157,1.9507179487179485
BNB,1h,61724,2023,24288,False,77.16920760398851,2.0,0.051834146341464556,1.9481658536585353
BNB,1h,62974,2023,24288,False,74.5762711864403,-1.0,0.10727272727272782,-1.1072727272727279
BNB,1h,65152,2024,24289,False,66.6243654822324,-1.0,0.12007619047619245,-1.1200761904761924
BNB,1h,65232,2024,24289,False,126.77798392084001,-1.0,0.06310243902439076,-1.0631024390243908
BNB,1h,65283,2024,24289,False,89.43982425859166,-1.0,0.089445614035087,-1.089445614035087
BNB,1h,66586,2024,24289,False,42.337002540220155,-1.0,0.18896,-1.18896
BNB,1h,67317,2024,24289,False,60.8108108108112,-1.0,0.13155555555555473,-1.1315555555555548
BNB,1h,67581,2024,24289,False,66.24656648893234,-1.0,0.12076097560975542,-1.1207609756097554
BNB,1h,68642,2024,24289,False,65.65252201761446,2.0,0.06092682926829234,1.9390731707317077
BNB,1h,73346,2024,24289,False,32.733224222585925,2.0,0.1222,1.8778
BNB,1h,74654,2024,24290,False,71.06263427532565,2.0,0.05628837209302384,1.9437116279069762
BNB,1h,77716,2024,24290,False,47.02864471996676,-1.0,0.1701090909090874,-1.1701090909090874
BNB,1h,77667,2024,24290,False,67.37787759685665,-1.0,0.11873333333333166,-1.1187333333333316
BNB,1h,77844,2024,24290,False,71.15948095437453,-1.0,0.11242352941176421,-1.1124235294117641
BNB,1h,83222,2024,24291,False,206.8790455641573,-1.0,0.03866993865030686,-1.0386699386503069
BNB,1h,83386,2024,24291,False,139.40188252114777,-1.0,0.05738803418803452,-1.0573880341880346
BNB,1h,84561,2024,24291,False,95.21977493507613,2.0,0.04200808080808138,1.9579919191919186
BNB,1h,85595,2024,24291,False,121.91103789126817,2.0,0.03281081081081091,1.967189189189189
BNB,1h,88865,2024,24291,False,58.31665070937458,2.0,0.06859104477611894,1.9314089552238811
BNB,1h,89602,2024,24291,False,45.780426708127784,2.0,0.08737358490566115,1.9126264150943388
BNB,1h,90881,2024,24292,False,58.43990852883961,2.0,0.06844637681159328,1.9315536231884067
BNB,1h,93535,2024,24292,False,83.38892595063376,2.0,0.047968,1.952032
BNB,1h,94454,2024,24292,False,257.0051757986809,-1.0,0.03112777777777758,-1.0311277777777776
BNB,1h,94467,2024,24292,False,89.56315116066492,-1.0,0.08932244897959225,-1.0893224489795923
BNB,1h,94932,2024,24292,False,124.49619346171151,-1.0,0.06425899280575498,-1.064258992805755
BNB,1h,95943,2024,24292,False,82.24748174845293,-1.0,0.09726741573033608,-1.0972674157303361
BNB,1h,96182,2024,24292,False,69.16636330542534,2.0,0.05783157894736739,1.9421684210526327
BNB,1h,99300,2024,24292,False,84.45798868088852,2.0,0.04736082474226781,1.9526391752577321
BNB,1h,99507,2024,24293,False,136.93693693693734,-1.0,0.058421052631578776,-1.0584210526315787
BNB,1h,99749,2024,24293,False,75.10632521943882,-1.0,0.10651566265060006,-1.1065156626506
BNB,1h,101212,2024,24293,False,40.609137055837174,2.0,0.09850000000000095,1.901499999999999
BNB,1h,102399,2024,24293,False,52.4534686971239,-1.0,0.15251612903225695,-1.152516129032257
BNB,1h,103089,2024,24293,False,39.74630021141687,-1.0,0.2012765957446789,-1.201276595744679
BNB,1h,103554,2024,24293,False,55.43045210462577,-1.0,0.14432499999999793,-1.144324999999998
BNB,1h,103859,2024,24293,False,30.69367710251688,-1.0,0.26064000000000004,-1.26064
BNB,1h,103978,2024,24293,False,30.586384689329723,2.0,0.13077714285714284,1.869222857142857
BNB,1h,105266,2024,24293,False,87.60330578512321,2.0,0.04566037735849096,1.954339622641509
BNB,1h,106139,2024,24293,False,44.32549970728406,-1.0,0.18048301886792606,-1.180483018867926
BNB,1h,107079,2024,24293,False,43.546134253553156,-1.0,0.18371320754717138,-1.1837132075471715
BNB,1h,108566,2024,24294,False,50.74453040512361,-1.0,0.1576524590163958,-1.1576524590163957
BNB,1h,108587,2024,24294,False,16.5809981760902,-1.0,0.48247999999999996,-1.48248
BNB,1h,109959,2024,24294,False,60.02400960384154,2.0,0.06663999999999999,1.93336
BNB,1h,110390,2024,24294,False,64.32030064320368,2.0,0.06218876404494317,1.9378112359550568
BNB,1h,111673,2024,24294,False,61.260680315975414,2.0,0.06529473684210604,1.934705263157894
BNB,1h,116931,2024,24295,False,23.25381104125242,2.0,0.1720148148148264,1.8279851851851736
BNB,1h,118248,2024,24295,False,182.22312208949182,-1.0,0.04390222222222222,-1.0439022222222223
BNB,1h,118852,2024,24295,False,55.81024516643435,2.0,0.07167142857142829,1.9283285714285716
BNB,1h,118974,2024,24295,False,66.98959084819128,-1.0,0.11942153846153845,-1.1194215384615385
BNB,1h,119119,2024,24295,False,93.13626240129511,2.0,0.042947826086956846,1.957052173913043
BNB,1h,119076,2024,24295,False,96.45669291338537,2.0,0.04146938775510224,1.9585306122448978
BNB,1h,121331,2024,24295,False,56.45730416372498,-1.0,0.14170000000000302,-1.141700000000003
BNB,1h,122426,2024,24295,False,63.075349471529705,2.0,0.06341621621621737,1.9365837837837827
BNB,1h,122923,2024,24295,False,23.474178403755488,-1.0,0.34080000000000554,-1.3408000000000055
BNB,1h,123374,2024,24295,False,49.39533299267548,2.0,0.08097931034482822,1.9190206896551718
BNB,1h,123954,2024,24295,False,109.44395410414907,-1.0,0.07309677419354786,-1.0730967741935478
BNB,1h,124957,2024,24295,False,22.3329324858264,2.0,0.17910769230769855,1.8208923076923014
BNB,1h,125160,2024,24295,False,35.60528992878788,-1.0,0.22468571428572398,-1.224685714285724
BNB,1h,125809,2024,24295,False,37.924495776589076,-1.0,0.21094545454546104,-1.210945454545461
BNB,1h,126099,2024,24296,False,63.98862424457914,-1.0,0.12502222222222145,-1.1250222222222215
BNB,1h,126174,2024,24296,False,68.9655172413789,2.0,0.05800000000000034,1.9419999999999997
BNB,1h,127305,2024,24296,False,186.89669336619477,-1.0,0.042804395604395494,-1.0428043956043955
BNB,1h,127185,2024,24296,False,192.3492543764853,-1.0,0.04159101123595517,-1.0415910112359552
BNB,1h,130269,2024,24296,False,69.84977514113658,2.0,0.0572657534246561,1.9427342465753439
BNB,1h,130721,2024,24296,False,37.88928934479169,-1.0,0.21114146341463882,-1.211141463414639
BNB,1h,131059,2024,24296,False,29.001777528299268,-1.0,0.2758451612903307,-1.2758451612903308
BNB,1h,131939,2024,24296,False,46.3871543264946,2.0,0.08623076923076849,1.9137692307692316
BNB,1h,131917,2024,24296,False,47.64425622022314,-1.0,0.1679111111111083,-1.1679111111111082
BNB,1h,133751,2024,24296,False,94.76492777624394,2.0,0.04220970873786427,1.9577902912621357
BNB,1h,134430,2024,24296,False,41.237113402062704,-1.0,0.193999999999996,-1.193999999999996
BNB,1h,134879,2024,24297,False,44.035994639097616,2.0,0.09083478260869295,1.909165217391307
BNB,1h,135098,2024,24297,False,47.53128334464898,2.0,0.08415510204081866,1.9158448979591813
BNB,1h,135524,2024,24297,False,38.59550032947506,-1.0,0.20727804878048095,-1.207278048780481
BNB,1h,137934,2024,24297,False,60.62902614626624,2.0,0.0659750000000014,1.9340249999999986
BNB,1h,138143,2024,24297,False,58.0307001123179,2.0,0.06892903225806402,1.931070967741936
BNB,1h,138988,2024,24297,False,22.479992806402304,-1.0,0.35587199999999997,-1.355872
BNB,1h,139520,2024,24297,False,36.01440576230366,-1.0,0.22213333333334112,-1.222133333333341
BNB,1h,139987,2024,24297,False,49.509406787289585,2.0,0.08079272727272727,1.9192072727272727
BNB,1h,140395,2024,24297,False,45.82305252026829,2.0,0.08729230769230692,1.912707692307693
BNB,1h,146259,2024,24298,False,40.131989654864896,-1.0,0.1993422222222222,-1.199342222222222
BNB,1h,147083,2024,24298,False,28.9042655688881,2.0,0.1383878787878807,1.8616121212121193
BNB,1h,147254,2024,24298,False,71.23002084781137,2.0,0.056156097560975296,1.9438439024390246
BNB,1h,149218,2024,24298,False,25.749646980647366,2.0,0.15534193548386413,1.844658064516136
BNB,1h,149606,2024,24298,False,40.49949375632766,-1.0,0.19753333333333523,-1.1975333333333351
BNB,1h,153781,2024,24299,False,30.03533568904674,-1.0,0.26635294117646346,-1.2663529411764634
BNB,1h,153852,2024,24299,False,44.974917834285115,-1.0,0.17787692307692154,-1.1778769230769215
BNB,1h,154832,2024,24299,False,87.54863813229535,-1.0,0.09137777777777817,-1.0913777777777782
BNB,1h,156592,2024,24299,False,66.03081438004514,-1.0,0.12115555555555349,-1.1211555555555535
BNB,1h,157013,2024,24299,False,62.23227996443907,-1.0,0.12855064935064858,-1.1285506493506485
BNB,1h,157182,2024,24299,False,63.85902513943791,-1.0,0.12527594936709077,-1.1252759493670907
BNB,1h,158298,2024,24299,False,59.45109536607363,2.0,0.06728219178082025,1.9327178082191798
BNB,1h,158885,2024,24299,False,85.02884907379322,-1.0,0.09408571428571393,-1.0940857142857139
BNB,1h,159030,2024,24299,False,68.4467845054525,-1.0,0.11687912087912204,-1.116879120879122
BNB,1h,160818,2024,24299,False,48.12030075188038,-1.0,0.16624999999999765,-1.1662499999999976
BNB,1h,163581,2024,24300,False,82.69258668214198,-1.0,0.09674385964912202,-1.0967438596491221
BNB,1h,166495,2024,24300,False,101.70990566037702,2.0,0.03932753623188419,1.9606724637681159
BNB,1h,166639,2024,24300,False,124.58219386204696,-1.0,0.064214634146342,-1.064214634146342
BNB,1h,168588,2024,24300,False,51.99059896018932,-1.0,0.1538739726027359,-1.1538739726027358
BNB,1h,169076,2024,24300,False,69.2259282567643,-1.0,0.11556363636363796,-1.1155636363636379
BNB,1h,171640,2025,24301,False,34.66793555842505,-1.0,0.2307607843137296,-1.2307607843137296
BNB,1h,172409,2025,24301,False,56.98622231840051,-1.0,0.1403848101265847,-1.1403848101265848
BNB,1h,174114,2025,24301,False,28.71500358937545,-1.0,0.2786,-1.2786
BNB,1h,175109,2025,24301,False,47.719298245613714,2.0,0.08382352941176527,1.9161764705882347
BNB,1h,175274,2025,24301,False,66.49031243297316,-1.0,0.12031827956989305,-1.1203182795698932
BNB,1h,175473,2025,24301,False,63.0372492836673,-1.0,0.12690909090909155,-1.1269090909090915
BNB,1h,177482,2025,24301,False,19.829164124467184,2.0,0.2017230769230663,1.7982769230769338
BNB,1h,177866,2025,24301,False,51.55024280911535,2.0,0.07759420289854971,1.9224057971014503
BNB,1h,179164,2025,24302,False,28.88415931894158,-1.0,0.2769684210526349,-1.2769684210526349
BNB,1h,179515,2025,24302,False,312.69053218360847,-1.0,0.025584401114206064,-1.0255844011142061
BNB,1h,179862,2025,24302,False,122.95429492071568,2.0,0.03253241379310345,1.9674675862068967
BNB,1h,181130,2025,24302,False,46.038284468135195,-1.0,0.17376842105263712,-1.1737684210526371
BNB,1h,181297,2025,24302,False,134.3784994400892,-1.0,0.05953333333333351,-1.0595333333333334
BNB,1h,181934,2025,24302,False,77.22315102300628,2.0,0.05179793814433086,1.9482020618556692
BNB,1h,183970,2025,24302,False,76.3953850951041,-1.0,0.10471836734693926,-1.1047183673469392
BNB,1h,184949,2025,24302,False,46.75404307503746,-1.0,0.17110819672130761,-1.1711081967213075
BNB,1h,186941,2025,24303,False,84.63923573284092,-1.0,0.09451881188118899,-1.094518811881189
BNB,1h,187517,2025,24303,False,50.06976935073574,2.0,0.07988852459016216,1.9201114754098378
BNB,1h,187847,2025,24303,False,82.00335067454529,-1.0,0.09755698924730993,-1.0975569892473098
BNB,1h,189397,2025,24303,False,34.89183531053733,2.0,0.11464,1.88536
BNB,1h,191317,2025,24303,False,37.13790542213419,-1.0,0.21541333333333335,-1.2154133333333332
BNB,1h,194544,2025,24303,False,34.881877279214294,-1.0,0.2293454545454498,-1.2293454545454499
BNB,1h,195984,2025,24304,False,36.77371904878646,-1.0,0.2175466666666667,-1.2175466666666668
BNB,1h,196418,2025,24304,False,45.45454545454623,-1.0,0.17599999999999702,-1.175999999999997
BNB,1h,196871,2025,24304,False,46.29239962966081,-1.0,0.17281454545454544,-1.1728145454545453
BNB,1h,197583,2025,24304,False,40.97630500623674,-1.0,0.19523478260868984,-1.1952347826086898
BNB,1h,198471,2025,24304,False,109.8517872711413,-1.0,0.07282539682539736,-1.0728253968253973
BNB,1h,201805,2025,24304,False,38.62949277796553,2.0,0.10354782608695347,1.8964521739130464
BNB,1h,201903,2025,24304,False,33.28340822100183,-1.0,0.24036000000000002,-1.24036
BNB,1h,202642,2025,24304,False,42.51062765691537,-1.0,0.1881882352941126,-1.1881882352941127
BNB,1h,203557,2025,24304,False,33.09614429918914,-1.0,0.24172000000000002,-1.24172
BNB,1h,207204,2025,24305,False,159.6029018709438,2.0,0.02506220095693769,1.9749377990430623
BNB,1h,207360,2025,24305,False,62.30763456197119,2.0,0.06419759036144437,1.9358024096385555
BNB,1h,209662,2025,24305,False,31.570031570032626,-1.0,0.253404878048772,-1.253404878048772
BNB,1h,210335,2025,24305,False,38.99977058958408,-1.0,0.2051294117647095,-1.2051294117647096
BNB,1h,210405,2025,24305,False,35.018270401949884,-1.0,0.22845217391303668,-1.2284521739130367
BNB,1h,213372,2025,24305,False,49.23123532530486,2.0,0.08124923076923077,1.9187507692307693
BNB,1h,214992,2025,24306,False,44.82918534549354,-1.0,0.1784551724137945,-1.1784551724137944
BNB,1h,214889,2025,24306,False,47.839385146264114,-1.0,0.16722622950819296,-1.167226229508193
BNB,1h,216946,2025,24306,False,49.20805781946864,-1.0,0.16257499999999767,-1.1625749999999977
BNB,1h,218248,2025,24306,False,30.859435272334515,-1.0,0.25924,-1.2592400000000001
BNB,1h,219001,2025,24306,False,17.025228292834278,2.0,0.23494545454544968,1.7650545454545503
BNB,1h,219813,2025,24306,False,63.4691090222551,-1.0,0.1260455696202517,-1.1260455696202518
BNB,1h,220059,2025,24306,False,44.01131719585143,2.0,0.09088571428571207,1.909114285714288
BNB,1h,221939,2025,24306,False,37.6315183165645,2.0,0.10629387755102336,1.8937061224489766
BNB,1h,225582,2025,24307,True,24.65554749818775,-1.0,0.32447058823528546,-1.3244705882352854
BNB,1h,225912,2025,24307,True,30.681412772029645,2.0,0.1303720930232572,1.8696279069767427
BNB,1h,227117,2025,24307,True,67.8170952796625,-1.0,0.11796435643564199,-1.117964356435642
BNB,1h,228847,2025,24307,True,73.70054305663216,-1.0,0.10854736842105395,-1.1085473684210538
BNB,1h,232881,2025,24308,True,63.545584230320024,2.0,0.0629469387755105,1.9370530612244896
BNB,1h,234030,2025,24308,True,38.63409770687965,-1.0,0.20707096774193393,-1.207070967741934
BNB,1h,234894,2025,24308,True,62.155506039638254,2.0,0.06435471698113264,1.9356452830188673
BNB,1h,236797,2025,24308,True,67.9560899111346,-1.0,0.11772307692307649,-1.1177230769230766
BNB,1h,238201,2025,24308,True,60.15569709837253,-1.0,0.13298823529411705,-1.132988235294117
BNB,1h,240023,2025,24309,True,46.592894583576005,-1.0,0.1717,-1.1717
BNB,1h,241287,2025,24309,True,21.73019322252919,-1.0,0.36815135135134686,-1.3681513513513468
BNB,1h,242687,2025,24309,True,54.247525306189914,-1.0,0.14747216494845636,-1.1474721649484563
BNB,1h,243528,2025,24309,True,48.811886498954756,2.0,0.08194725274725154,1.9180527472527484
BNB,1h,248082,2025,24309,True,32.401176411943574,2.0,0.12345230769230768,1.8765476923076922
BNB,1h,248698,2025,24310,True,65.77655605733294,2.0,0.06081194029850807,1.9391880597014919
BNB,1h,250916,2025,24310,True,81.82417497188646,-1.0,0.0977706161137424,-1.0977706161137424
BNB,1h,251630,2025,24310,True,193.63702717787947,2.0,0.020657206208425764,1.9793427937915742
BNB,1h,251795,2025,24310,True,114.14735385679538,-1.0,0.07008484848484946,-1.0700848484848495
BNB,1h,253524,2025,24310,True,116.88545225678835,-1.0,0.06844307692307691,-1.0684430769230768
BNB,1h,253289,2025,24310,True,137.31675635553864,2.0,0.02912972972972982,1.9708702702702703
BNB,1h,253576,2025,24310,True,88.84231627864595,-1.0,0.09004717948717948,-1.0900471794871796
BNB,1h,254511,2025,24310,True,59.880239520958085,-1.0,0.1336,-1.1336
BNB,1h,255107,2025,24310,True,144.52172342155183,2.0,0.027677499999999994,1.9723225
BNB,1h,255923,2025,24310,True,26.595744680851062,2.0,0.1504,1.8496
BNB,1h,256687,2025,24310,True,101.4271609370809,2.0,0.03943716814159228,1.9605628318584076
BNB,1h,258109,2025,24311,True,40.53602937669894,2.0,0.09867764705882352,1.9013223529411765
BNB,1h,258256,2025,24311,True,87.9153628371333,2.0,0.045498305084745644,1.9545016949152543
BNB,1h,262950,2025,24311,True,61.905814724740466,-1.0,0.12922857142857092,-1.129228571428571
BNB,1h,264412,2025,24311,True,58.309037900874635,-1.0,0.1372,-1.1372
BNB,1h,265836,2025,24311,True,27.96324830223057,2.0,0.14304489795918768,1.8569551020408124
BNB,1h,266084,2025,24311,True,34.40690394269353,-1.0,0.23251147540983086,-1.2325114754098307
BNB,1h,268144,2025,24312,True,37.81138790035562,-1.0,0.2115764705882367,-1.2115764705882368
BNB,1h,268678,2025,24312,True,121.6110677228604,-1.0,0.06578348623853225,-1.0657834862385323
BNB,1h,268656,2025,24312,True,38.36877877658408,-1.0,0.20850285714285716,-1.208502857142857
BNB,1h,269250,2025,24312,True,50.67567567567568,-1.0,0.15786666666666666,-1.1578666666666666
BNB,1h,269571,2025,24312,True,43.03510758776845,-1.0,0.1858947368421075,-1.1858947368421076
BNB,1h,269790,2025,24312,True,21.238542365302674,-1.0,0.3766736842105308,-1.3766736842105307
BNB,1h,270623,2025,24312,True,78.61456078386666,2.0,0.05088115942029002,1.94911884057971
BNB,1h,270509,2025,24312,True,52.09539245195648,-1.0,0.15356444444444442,-1.1535644444444444
BNB,1h,272031,2025,24312,True,14.104372355429383,-1.0,0.5672000000000321,-1.5672000000000321
BNB,1h,272077,2025,24312,True,29.8997479040871,-1.0,0.2675607843137183,-1.2675607843137184
BNB,1h,273332,2025,24312,True,21.613832853026757,-1.0,0.37013333333331927,-1.3701333333333192
BNB,1h,273489,2025,24312,True,29.33253516911159,-1.0,0.27273469387754595,-1.272734693877546
BNB,1h,273560,2025,24312,True,65.85249042145594,-1.0,0.12148363636363636,-1.1214836363636365
BNB,1h,274291,2025,24312,True,29.335836658061485,-1.0,0.272704,-1.272704
BNB,1h,274560,2025,24312,True,23.938810065978494,-1.0,0.3341853658536474,-1.3341853658536473
BNB,1h,275084,2026,24313,True,24.187975120940138,-1.0,0.33074285714285356,-1.3307428571428535
BNB,1h,275372,2026,24313,True,18.46722068328743,2.0,0.2165999999999969,1.783400000000003
BNB,1h,276133,2026,24313,True,40.32709756917243,2.0,0.09918888888888826,1.9008111111111117
BNB,1h,276735,2026,24313,True,33.99122807017569,-1.0,0.2353548387096757,-1.2353548387096758
BNB,1h,277257,2026,24313,True,49.47155385653224,-1.0,0.16170909090909175,-1.1617090909090917
BNB,1h,277917,2026,24313,True,25.913877708551833,-1.0,0.30871489361701826,-1.3087148936170183
BNB,1h,278918,2026,24313,True,88.14360958830412,2.0,0.045380487804878425,1.9546195121951215
BNB,1h,279440,2026,24313,True,31.045926560325203,-1.0,0.2576827586206917,-1.2576827586206916
BNB,1h,279921,2026,24313,True,24.305188629398234,-1.0,0.32914782608696297,-1.329147826086963
BNB,1h,280279,2026,24313,True,51.8302559118893,-1.0,0.1543499999999978,-1.1543499999999978
BNB,1h,280999,2026,24313,True,42.083712465878584,-1.0,0.190097297297295,-1.190097297297295
BNB,1h,281033,2026,24313,True,52.94619982920555,-1.0,0.15109677419354914,-1.1510967741935492
BNB,1h,281273,2026,24313,True,40.416690385381166,2.0,0.09896901408450831,1.9010309859154917
BNB,1h,282256,2026,24313,True,32.63296501975179,2.0,0.12257543859649024,1.8774245614035097
BNB,1h,283569,2026,24313,True,94.70361276745028,2.0,0.04223703703703692,1.9577629629629631
BNB,1h,284778,2026,24314,True,62.693856002111794,-1.0,0.1276042105263158,-1.1276042105263158
BNB,1h,286243,2026,24314,True,45.93942225336829,2.0,0.08707118644067664,1.9129288135593234
BNB,1h,287526,2026,24314,True,57.31373037627596,2.0,0.06979130434782747,1.9302086956521725
BNB,1h,290421,2026,24314,True,59.870417452636396,2.0,0.06681095890411,1.93318904109589
BNB,1h,290379,2026,24314,True,139.8074508162415,-1.0,0.05722155688622738,-1.0572215568862273
BNB,1h,290496,2026,24314,True,59.75103734439872,-1.0,0.13388888888888803,-1.133888888888888
BNB,1h,290928,2026,24314,True,106.61702487730695,2.0,0.037517460317459915,1.96248253968254
BNB,1h,291959,2026,24314,True,73.51119187247124,-1.0,0.10882696629213369,-1.1088269662921337
BNB,1h,292138,2026,24315,True,54.71515931766941,2.0,0.07310588235294167,1.9268941176470584
BNB,1h,292677,2026,24315,True,74.73366194943624,-1.0,0.10704680851063728,-1.1070468085106373
BNB,1h,292546,2026,24315,True,83.56110894181995,-1.0,0.09573831775700894,-1.095738317757009
BNB,1h,296201,2026,24315,True,19.658248903673893,-1.0,0.4069538461538604,-1.4069538461538604
BNB,1h,296439,2026,24315,True,27.272057197612188,-1.0,0.29334054054053693,-1.293340540540537
BNB,1h,297144,2026,24315,True,27.611596870684984,2.0,0.14486666666667036,1.8551333333333297
BNB,1h,298123,2026,24315,True,66.77665174012098,2.0,0.059901176470588235,1.9400988235294117
BNB,1h,298489,2026,24315,True,31.887755102040813,-1.0,0.25088000000000005,-1.25088
BNB,1h,298707,2026,24315,True,60.16466117796002,-1.0,0.13296842105263315,-1.1329684210526332
BNB,1h,300109,2026,24315,True,25.287543845337375,-1.0,0.31636129032258997,-1.31636129032259
BNB,1h,302297,2026,24316,True,27.921143920805097,-1.0,0.28652121212121606,-1.2865212121212162
BNB,1h,302450,2026,24316,True,30.030030030031163,2.0,0.13319999999999496,1.8668000000000051
BNB,1h,302796,2026,24316,True,34.02207285702545,-1.0,0.2351414634146263,-1.2351414634146263
BNB,1h,302880,2026,24316,True,34.169514126176416,-1.0,0.23412682926829792,-1.2341268292682979
BNB,1h,304086,2026,24316,True,22.154755066874912,2.0,0.1805481481481451,1.819451851851855
BNB,1h,304716,2026,24316,True,40.869707372895206,2.0,0.09787200000000001,1.902128
BNB,1h,305588,2026,24316,True,49.95638728094485,-1.0,0.16013968253968366,-1.1601396825396837
BNB,1h,305794,2026,24316,True,32.1090140183267,2.0,0.12457560975609343,1.8754243902439065
BNB,1h,307298,2026,24316,True,50.33820984741301,-1.0,0.15892499999999776,-1.1589249999999978
BNB,1h,307210,2026,24316,True,29.429987608425918,-1.0,0.2718315789473717,-1.2718315789473718
BNB,1h,309232,2026,24316,True,23.426771144679403,2.0,0.17074482758621495,1.829255172413785
BNB,1h,309273,2026,24316,True,25.990903183886008,-1.0,0.30779999999999563,-1.3077999999999956
BNB,1h,310541,2026,24317,True,41.32888253059963,-1.0,0.19356923076922908,-1.1935692307692292
BNB,1h,310580,2026,24317,True,17.443704408500203,2.0,0.22930909090908616,1.7706909090909138
BNB,1h,310640,2026,24317,True,27.165228507511113,-1.0,0.29449411764705097,-1.294494117647051
BNB,1h,311649,2026,24317,True,29.729306837740218,2.0,0.13454736842105425,1.8654526315789457
BNB,1h,312229,2026,24317,True,20.06792219821038,-1.0,0.3986461538461329,-1.398646153846133
BNB,1h,312460,2026,24317,True,33.51614868982224,-1.0,0.2386909090909165,-1.2386909090909164
BNB,1h,312490,2026,24317,True,66.05421000683182,-1.0,0.12111264367816343,-1.1211126436781633
BNB,1h,312782,2026,24317,True,28.53709822769567,-1.0,0.28033684210526644,-1.2803368421052665
BNB,1h,313206,2026,24317,True,72.1135975020431,-1.0,0.11093608247422888,-1.110936082474229
BNB,1h,314106,2026,24317,True,36.546368204659316,2.0,0.10945000000000103,1.890549999999999
BNB,1h,315535,2026,24317,True,24.58134890152132,-1.0,0.32544999999999535,-1.3254499999999954
BNB,1h,316183,2026,24317,True,36.58536585365819,-1.0,0.21866666666666876,-1.2186666666666688
BNB,1h,316108,2026,24317,True,61.349693251534454,-1.0,0.1303999999999985,-1.1303999999999985
BNB,1h,316718,2026,24317,True,49.594229035167835,-1.0,0.1613090909090876,-1.1613090909090875
BNB,1h,316986,2026,24317,True,26.53726590340435,-1.0,0.30146285714285714,-1.301462857142857
BNB,1h,317586,2026,24317,True,47.63020223315481,2.0,0.08398032786885058,1.9160196721311493
BNB,1h,320561,2026,24318,True,63.47085351595236,-1.0,0.12604210526315565,-1.1260421052631557
BNB,1h,322527,2026,24318,True,19.701198489575532,-1.0,0.4060666666666512,-1.4060666666666513
BNB,1h,323064,2026,24318,True,43.43194296484434,2.0,0.09209811320754796,1.907901886792452
BNB,1h,323304,2026,24318,True,32.159643770098654,-1.0,0.24875897435898306,-1.248758974358983
BNB,1h,324591,2026,24318,True,23.736859952527826,-1.0,0.3370285714285495,-1.3370285714285495
BNB,1h,324768,2026,24318,True,32.77586351794345,-1.0,0.24408205128204558,-1.2440820512820456
BNB,1h,325123,2026,24318,True,51.09552264657567,-1.0,0.1565694915254213,-1.1565694915254212
BNB,1h,325416,2026,24318,True,32.723091889980054,-1.0,0.24447567567567272,-1.2444756756756727
BNB,1h,325393,2026,24318,True,34.90557594200182,-1.0,0.22918974358975164,-1.2291897435897516
BNB,1h,325605,2026,24318,True,39.48312993539206,-1.0,0.20261818181817765,-1.2026181818181776
BNB,1h,325590,2026,24318,True,35.341933203746244,-1.0,0.22636,-1.2263600000000001
BTC,4h,1321,2021,24256,False,77.96931197942037,-1.0,0.10260447087325283,-1.1026044708732528
BTC,4h,2555,2021,24256,False,55.13957151003241,-1.0,0.1450863650353981,-1.1450863650353982
BTC,4h,2522,2021,24256,False,108.00794617965711,-1.0,0.07406862442040185,-1.0740686244204019
BTC,4h,3627,2021,24256,False,85.68227432836542,2.0,0.046684101599247414,1.9533158984007526
BTC,4h,4349,2021,24256,False,85.22533140281378,2.0,0.04693440241486625,1.9530655975851337
BTC,4h,7049,2021,24256,False,128.13542947888774,-1.0,0.062433942216724075,-1.0624339422167242
BTC,4h,9227,2021,24257,False,134.09741089260385,-1.0,0.05965812424527013,-1.05965812424527
BTC,4h,9095,2021,24257,False,48.01103365648416,2.0,0.08331418208197185,1.9166858179180282
BTC,4h,9531,2021,24257,False,76.91226670414235,2.0,0.052007308735117115,1.9479926912648828
BTC,4h,9877,2021,24257,False,108.94090882937404,2.0,0.036717152839847327,1.9632828471601527
BTC,4h,14530,2021,24257,False,191.01671525954865,2.0,0.020940575774035807,1.9790594242259643
BTC,4h,16041,2021,24257,False,110.7231355515689,-1.0,0.0722522891006282,-1.072252289100628
BTC,4h,18159,2021,24258,False,84.97471177708628,-1.0,0.09414565619223703,-1.0941456561922371
BTC,4h,19792,2021,24258,False,130.65566199365304,2.0,0.03061482326111754,1.9693851767388824
BTC,4h,19721,2021,24258,False,186.6001201640789,-1.0,0.042872426839626575,-1.0428724268396266
BTC,4h,20495,2021,24258,False,94.94969505723869,-1.0,0.08425514157973174,-1.0842551415797317
BTC,4h,20931,2021,24258,False,144.7277739490007,-1.0,0.05527619047619047,-1.0552761904761905
BTC,4h,21819,2021,24258,False,129.43736237887708,2.0,0.030902978293791013,1.969097021706209
BTC,4h,22981,2021,24258,False,106.08419879716088,-1.0,0.07541179639105784,-1.0754117963910579
BTC,4h,23073,2021,24258,False,104.44438729293294,-1.0,0.07659578659370724,-1.0765957865937072
BTC,4h,24109,2021,24258,False,89.69678292864876,-1.0,0.08918937490058894,-1.089189374900589
BTC,4h,23630,2021,24258,False,150.10824620625132,-1.0,0.05329487354750559,-1.0532948735475056
BTC,4h,26002,2021,24259,False,125.10876293152606,-1.0,0.0639443617900572,-1.0639443617900572
BTC,4h,26874,2021,24259,False,68.27144693510746,-1.0,0.117179294699936,-1.117179294699936
BTC,4h,27123,2021,24259,False,72.367631080301,-1.0,0.11054666127074124,-1.1105466612707413
BTC,4h,27073,2021,24259,False,82.35451794946252,-1.0,0.09714099722991835,-1.0971409972299184
BTC,4h,27424,2021,24259,False,113.51363772145626,2.0,0.03523805668016155,1.9647619433198384
BTC,4h,28519,2021,24259,False,71.268777369567,2.0,0.05612555943338055,1.9438744405666195
BTC,4h,31396,2021,24259,False,52.4002541009245,2.0,0.0763355076923077,1.9236644923076922
BTC,4h,31732,2021,24259,False,129.72314839714502,-1.0,0.06166979524354549,-1.0616697952435454
BTC,4h,33441,2021,24259,False,325.8979846303657,2.0,0.012273779491262609,1.9877262205087374
BTC,4h,33551,2021,24259,False,129.00950596359849,-1.0,0.06201093431252494,-1.062010934312525
BTC,4h,34379,2021,24259,False,75.3286154172998,2.0,0.053100670679277734,1.9468993293207222
BTC,4h,34505,2021,24259,False,58.816133223432196,-1.0,0.1360171021377655,-1.1360171021377654
BTC,4h,35130,2021,24260,False,73.86854316015334,2.0,0.05415024892703863,1.9458497510729613
BTC,4h,35044,2021,24260,False,213.79070189463872,-1.0,0.03741977517779326,-1.0374197751777932
BTC,4h,35222,2021,24260,False,61.053088294542405,2.0,0.06551675126903554,1.9344832487309644
BTC,4h,36094,2021,24260,False,126.26761299615542,-1.0,0.06335749770009182,-1.063357497700092
BTC,4h,36299,2021,24260,False,161.71109798451127,2.0,0.02473546992045729,1.9752645300795426
BTC,4h,38166,2021,24260,False,156.48732508755435,-1.0,0.051122351254480294,-1.0511223512544803
BTC,4h,38974,2021,24260,False,63.999492119646504,2.0,0.06250049598084363,1.9374995040191563
BTC,4h,38712,2021,24260,False,80.2510876637878,-1.0,0.0996871224165338,-1.0996871224165339
BTC,4h,38829,2021,24260,False,54.18027177010721,2.0,0.0738276104810333,1.9261723895189666
BTC,4h,39050,2021,24260,False,69.98513380649759,2.0,0.05715499538887258,1.9428450046111274
BTC,4h,41668,2021,24260,False,96.65071670336398,-1.0,0.08277227808411643,-1.0827722780841165
BTC,4h,41359,2021,24260,False,49.19241283863753,-1.0,0.16262670477745922,-1.1626267047774592
BTC,4h,41951,2021,24260,False,63.19142851578556,-1.0,0.12659944849959448,-1.1265994484995945
BTC,4h,42517,2021,24260,False,55.33811068449623,-1.0,0.14456583177570093,-1.1445658317757008
BTC,4h,42349,2021,24260,False,66.21749779748573,2.0,0.06040699411858295,1.939593005881417
BTC,4h,43581,2021,24260,False,79.52125452159537,-1.0,0.10060203461487724,-1.1006020346148773
BTC,4h,44359,2021,24261,False,46.79815737979251,-1.0,0.17094690150032293,-1.1709469015003229
BTC,4h,45361,2021,24261,False,55.70404757997049,2.0,0.07180806734479166,1.9281919326552084
BTC,4h,48977,2021,24261,False,34.90034083591216,2.0,0.11461206120611961,1.8853879387938803
BTC,4h,51094,2021,24261,False,143.30468626315852,-1.0,0.05582511087815472,-1.0558251108781547
BTC,4h,51253,2021,24261,False,90.87756947600762,2.0,0.04401526166537752,1.9559847383346225
BTC,4h,53959,2021,24262,False,74.02750212365875,2.0,0.054033972310969326,1.9459660276890307
BTC,4h,57265,2021,24262,False,39.36658775503424,-1.0,0.20321801954950877,-1.2032180195495088
BTC,4h,58199,2021,24262,False,151.3224909691678,-1.0,0.05286722382616615,-1.052867223826166
BTC,4h,59341,2021,24262,False,118.6583231050929,-1.0,0.06742047073187261,-1.0674204707318726
BTC,4h,59877,2021,24262,False,38.19310250755976,-1.0,0.20946190476190088,-1.2094619047619009
BTC,4h,59959,2021,24262,False,86.45101041502913,2.0,0.04626897916863002,1.95373102083137
BTC,4h,60416,2021,24262,False,137.75692032014567,-1.0,0.058073307543520004,-1.05807330754352
BTC,4h,62073,2021,24263,False,85.52433340385541,-1.0,0.09354062968515768,-1.0935406296851578
BTC,4h,64193,2021,24263,False,58.486503756440094,2.0,0.06839184671830464,1.9316081532816953
BTC,4h,64193,2021,24263,False,138.65736052471686,-1.0,0.05769617977528089,-1.0576961797752809
BTC,4h,63830,2021,24263,False,41.15989542514898,2.0,0.09718197674418706,1.902818023255813
BTC,4h,65377,2021,24263,False,114.07652696975681,2.0,0.0350641810918775,1.9649358189081225
BTC,4h,65549,2021,24263,False,84.7578243465829,-1.0,0.09438656621584847,-1.0943865662158485
BTC,4h,67135,2021,24263,False,41.084912486174574,-1.0,0.1947186817713697,-1.1947186817713698
BTC,4h,67556,2021,24263,False,63.8881484475094,-1.0,0.12521884253028262,-1.1252188425302827
BTC,4h,69403,2021,24263,False,81.35560164313317,-1.0,0.09833373287671139,-1.0983337328767113
BTC,4h,69378,2021,24263,False,165.78749058025622,-1.0,0.04825454545454545,-1.0482545454545455
BTC,4h,69772,2021,24263,False,198.90971707961154,2.0,0.020109625908316192,1.9798903740916838
BTC,4h,71686,2021,24264,False,413.47135734737606,2.0,0.009674188861985471,1.9903258111380144
BTC,4h,72128,2021,24264,False,97.25411361326869,-1.0,0.08225873130479629,-1.0822587313047962
BTC,4h,74177,2021,24264,False,72.5013055709984,-1.0,0.11034284054603452,-1.1103428405460345
BTC,4h,77228,2021,24264,False,172.21261014766827,2.0,0.02322710280373832,1.9767728971962617
BTC,4h,77302,2021,24264,False,36.621344470954966,2.0,0.10922591886740997,1.89077408113259
BTC,4h,78977,2022,24265,False,135.16877295226413,-1.0,0.05918526761225583,-1.0591852676122557
BTC,4h,80742,2022,24265,False,125.46193230447528,2.0,0.03188218072628329,1.9681178192737168
BTC,4h,82610,2022,24265,False,44.69301404923963,2.0,0.08949944605644812,1.9105005539435518
BTC,4h,84640,2022,24265,False,68.06048200788517,-1.0,0.11754251166004316,-1.1175425116600433
BTC,4h,85788,2022,24265,False,131.48375410635646,2.0,0.03042200937436288,1.9695779906256372
BTC,4h,88780,2022,24266,False,75.19490461301662,-1.0,0.10639018748904909,-1.1063901874890492
BTC,4h,88867,2022,24266,False,47.00975681721181,-1.0,0.17017743850721087,-1.1701774385072108
BTC,4h,90005,2022,24266,False,83.27711200910771,2.0,0.048032405345211,1.951967594654789
BTC,4h,91891,2022,24266,False,45.87949635901964,-1.0,0.17436983042267523,-1.1743698304226753
BTC,4h,92560,2022,24266,False,68.90471660905274,-1.0,0.11610235690235689,-1.116102356902357
BTC,4h,93620,2022,24266,False,108.33725859632595,2.0,0.03692173913043478,1.9630782608695652
BTC,4h,94660,2022,24266,False,207.7948930011372,-1.0,0.03849950248756218,-1.0384995024875623
BTC,4h,95567,2022,24266,False,100.0741289844329,-1.0,0.07994074074074074,-1.0799407407407406
BTC,4h,97008,2022,24267,False,248.22364560061055,-1.0,0.03222900050735667,-1.0322290005073567
BTC,4h,96689,2022,24267,False,162.95727261734456,-1.0,0.049092623308599176,-1.049092623308599
BTC,4h,98250,2022,24267,False,81.84819794733001,-1.0,0.09774191980559017,-1.0977419198055902
BTC,4h,97257,2022,24267,False,58.09669593272474,-1.0,0.13770146256275748,-1.1377014625627575
BTC,4h,98551,2022,24267,False,290.0383031779524,-1.0,0.02758256379362286,-1.027582563793623
BTC,4h,98659,2022,24267,False,157.1598522321708,2.0,0.02545179282868526,1.9745482071713147
BTC,4h,99699,2022,24267,False,62.61533978696539,-1.0,0.12776421923474662,-1.1277642192347466
BTC,4h,99859,2022,24267,False,63.19442645878117,2.0,0.06329672131147542,1.9367032786885245
BTC,4h,100441,2022,24267,False,73.20277795157355,-1.0,0.10928547008547009,-1.1092854700854702
BTC,4h,101521,2022,24267,False,66.91608041537893,-1.0,0.11955272858691537,-1.1195527285869153
BTC,4h,104738,2022,24267,False,173.53543701122604,-1.0,0.04610009423886419,-1.0461000942388643
BTC,4h,105131,2022,24268,False,59.19157917234316,-1.0,0.1351543599927799,-1.1351543599927798
BTC,4h,105339,2022,24268,False,64.18800420905009,2.0,0.062316939890709765,1.9376830601092903
BTC,4h,106154,2022,24268,False,51.886613729979906,-1.0,0.1541823492593356,-1.1541823492593357
BTC,4h,108745,2022,24268,False,74.69318035959324,-1.0,0.10710482485128935,-1.1071048248512894
BTC,4h,109042,2022,24268,False,96.45968489342056,-1.0,0.08293620292082951,-1.0829362029208296
BTC,4h,109880,2022,24268,False,54.25565835322528,-1.0,0.14745005853429907,-1.147450058534299
BTC,4h,110863,2022,24268,False,120.99988044474627,-1.0,0.06611576780568096,-1.066115767805681
BTC,4h,111363,2022,24268,False,48.251629243291056,2.0,0.08289875518672073,1.9171012448132794
BTC,4h,112201,2022,24268,False,77.50260711172349,-1.0,0.10322233403668138,-1.1032223340366814
BTC,4h,112622,2022,24268,False,168.87023788457162,-1.0,0.04737365269461078,-1.0473736526946107
BTC,4h,114801,2022,24269,False,70.18306984836786,-1.0,0.11398760437929238,-1.1139876043792925
BTC,4h,114785,2022,24269,False,57.099352874000765,-1.0,0.14010666666666666,-1.1401066666666666
BTC,4h,117142,2022,24269,False,146.0637124330721,-1.0,0.05477061938752024,-1.0547706193875201
BTC,4h,119120,2022,24269,False,70.26406583747986,-1.0,0.1138562066491274,-1.1138562066491273
BTC,4h,119635,2022,24269,False,126.96117174231085,-1.0,0.06301139072847682,-1.0630113907284768
BTC,4h,120351,2022,24269,False,76.63492896881115,-1.0,0.1043910408432144,-1.1043910408432145
BTC,4h,122646,2022,24270,False,104.77022914413874,-1.0,0.07635756899027028,-1.0763575689902702
BTC,4h,122576,2022,24270,False,90.28722503144262,-1.0,0.08860611229566522,-1.0886061122956652
BTC,4h,122954,2022,24270,False,92.00947847063644,2.0,0.043473781902551974,1.956526218097448
BTC,4h,123746,2022,24270,False,64.79424213669797,-1.0,0.12346776096434939,-1.1234677609643493
BTC,4h,124134,2022,24270,False,162.4984089581373,-1.0,0.049231251255272,-1.049231251255272
BTC,4h,124359,2022,24270,False,269.39343788583335,-1.0,0.029696343247196437,-1.0296963432471964
BTC,4h,125748,2022,24270,False,101.89155648382985,-1.0,0.07851484731484691,-1.078514847314847
BTC,4h,127709,2022,24270,False,192.12481463731567,2.0,0.0208197988768448,1.9791802011231552
BTC,4h,130284,2022,24270,False,76.33045762772038,2.0,0.05240372093023256,1.9475962790697674
BTC,4h,131039,2022,24270,False,128.86434329968895,-1.0,0.0620807881773399,-1.06208078817734
BTC,4h,131098,2022,24271,False,95.41024350665987,-1.0,0.08384843918191635,-1.0838484391819163
BTC,4h,132349,2022,24271,False,78.85860504788083,2.0,0.05072369714847615,1.9492763028515239
BTC,4h,132416,2022,24271,False,143.73943831978718,-1.0,0.05565626312106382,-1.0556562631210638
BTC,4h,132502,2022,24271,False,126.35906530566966,2.0,0.03165582137161094,1.968344178628389
BTC,4h,133827,2022,24271,False,53.70403431653982,2.0,0.07448230008984774,1.9255176999101522
BTC,4h,133209,2022,24271,False,114.91011632005639,2.0,0.034809815950920246,1.9651901840490797
BTC,4h,134776,2022,24271,False,97.30601901575334,-1.0,0.08221485249237091,-1.082214852492371
BTC,4h,135932,2022,24271,False,56.54877061098216,2.0,0.07073540161495875,1.9292645983850412
BTC,4h,136167,2022,24271,False,135.48485309788433,2.0,0.02952359550561791,1.970476404494382
BTC,4h,136938,2022,24271,False,158.33399711476306,2.0,0.02526305198434885,1.9747369480156511
BTC,4h,137937,2022,24271,False,97.10088234015798,2.0,0.04119427036705434,1.9588057296329457
BTC,4h,137653,2022,24271,False,62.381965819742206,-1.0,0.12824219139096474,-1.1282421913909648
BTC,4h,138201,2022,24271,False,118.36393539863472,2.0,0.033794077448747434,1.9662059225512525
BTC,4h,138695,2022,24271,False,47.8268165799624,-1.0,0.16727017543859887,-1.1672701754385988
BTC,4h,139903,2022,24271,False,113.08051486451149,2.0,0.03537302606724632,1.9646269739327538
BTC,4h,141279,2022,24272,False,87.76955135633945,2.0,0.04557389138016924,1.9544261086198307
BTC,4h,142391,2022,24272,False,87.27433260180328,-1.0,0.09166498054474612,-1.091664980544746
BTC,4h,142711,2022,24272,False,91.43330466086846,-1.0,0.08749547038327526,-1.0874954703832753
BTC,4h,148374,2022,24272,False,36.497688642692495,-1.0,0.21919196249162332,-1.2191919624916232
BTC,4h,148495,2022,24272,False,40.49392591111333,-1.0,0.1975604938271605,-1.1975604938271605
BTC,4h,148630,2022,24272,False,57.90297726671378,-1.0,0.13816215292609652,-1.1381621529260966
BTC,4h,150874,2022,24273,False,154.0217360431519,-1.0,0.05194072087175189,-1.051940720871752
BTC,4h,154246,2022,24273,False,121.02050857926567,-1.0,0.06610449826989599,-1.066104498269896
BTC,4h,156579,2022,24273,False,182.9923002961032,-1.0,0.043717686411149835,-1.04371768641115
BTC,4h,156865,2022,24273,False,178.82438528317027,-1.0,0.04473662799025936,-1.0447366279902595
BTC,4h,161502,2022,24274,False,63.24995444962128,-1.0,0.12648230452674897,-1.126482304526749
BTC,4h,162279,2022,24274,False,31.13360219887413,-1.0,0.2569570957095771,-1.256957095709577
BTC,4h,162091,2022,24274,False,23.87873754152824,-1.0,0.33502608695652175,-1.3350260869565218
BTC,4h,164022,2022,24274,False,12.692085802696138,2.0,0.315157024793379,1.684842975206621
BTC,4h,164211,2022,24274,False,60.03667902234072,-1.0,0.1332518741921594,-1.1332518741921593
BTC,4h,165463,2022,24274,False,40.234402740739824,2.0,0.0994174071819824,1.9005825928180176
BTC,4h,166344,2022,24274,False,49.34630885677846,-1.0,0.16211952191234827,-1.1621195219123484
BTC,4h,167479,2022,24275,False,54.09187545412919,2.0,0.07394825870646816,1.9260517412935318
BTC,4h,167716,2022,24275,False,34.75810239549084,-1.0,0.23016216216216218,-1.2301621621621621
BTC,4h,168674,2022,24275,False,81.96639177530314,-1.0,0.09760097799511089,-1.0976009779951108
BTC,4h,170375,2022,24275,False,68.17170919455585,2.0,0.05867536617842989,1.9413246338215702
BTC,4h,172828,2022,24275,False,70.72713095179988,-1.0,0.11311076658053545,-1.1131107665805355
BTC,4h,172974,2022,24275,False,55.19627379307771,2.0,0.07246866002214898,1.927531339977851
BTC,4h,174444,2022,24275,False,47.35300964212597,2.0,0.08447192755498138,1.9155280724450185
BTC,4h,174703,2022,24275,False,34.56826315853785,2.0,0.11571307420494624,1.8842869257950539
BTC,4h,175288,2022,24276,False,38.44384957369823,-1.0,0.20809570552147008,-1.20809570552147
BTC,4h,177344,2022,24276,False,42.43223920157639,-1.0,0.18853589041095892,-1.1885358904109589
BTC,4h,177300,2022,24276,False,54.380414779893286,-1.0,0.1471117870722445,-1.1471117870722445
BTC,4h,178307,2022,24276,False,12.315562608056789,2.0,0.32479230769231904,1.6752076923076809
BTC,4h,178273,2022,24276,False,57.98240008442416,-1.0,0.13797290192113046,-1.1379729019211304
BTC,4h,178444,2022,24276,False,36.9188080163191,-1.0,0.21669171974522544,-1.2166917197452254
BTC,4h,178649,2022,24276,False,23.091443873743785,2.0,0.17322433460075726,1.8267756653992429
BTC,4h,179405,2022,24276,False,54.736720420785346,2.0,0.07307708553326238,1.9269229144667377
BTC,4h,179162,2022,24276,False,28.941294987778733,2.0,0.13821081612585448,1.8617891838741456
BTC,4h,181397,2022,24276,False,40.44857892252677,-1.0,0.19778197932052963,-1.1977819793205295
BTC,4h,181603,2022,24276,False,32.11088720527691,2.0,0.1245683426443186,1.8754316573556813
BTC,4h,183644,2022,24276,False,16.332420609642632,-1.0,0.48982329020334037,-1.4898232902033404
BTC,4h,185079,2023,24277,False,41.23914229740575,2.0,0.09699522776572465,1.9030047722342753
BTC,4h,187889,2023,24277,False,189.51718532337358,2.0,0.02110626534039534,1.9788937346596047
BTC,4h,191309,2023,24277,False,61.07596732719581,2.0,0.06549220872051398,1.934507791279486
BTC,4h,193199,2023,24278,False,61.7939434259167,-1.0,0.12946252587991913,-1.1294625258799191
BTC,4h,193710,2023,24278,False,37.38032163862339,2.0,0.10700817501438996,1.8929918249856101
BTC,4h,193428,2023,24278,False,41.763341067285076,2.0,0.09577777777777849,1.9042222222222216
BTC,4h,194903,2023,24278,False,40.55599996559375,-1.0,0.19725811240721255,-1.1972581124072126
BTC,4h,197561,2023,24278,False,191.1416042466587,-1.0,0.04185378704720088,-1.0418537870472009
BTC,4h,197757,2023,24278,False,140.6081891594419,-1.0,0.05689569041336876,-1.0568956904133688
BTC,4h,200406,2023,24278,False,85.50637264475279,-1.0,0.09356027805362564,-1.0935602780536255
BTC,4h,204417,2023,24279,False,161.12609130164202,-1.0,0.04965055588063206,-1.0496505558806322
BTC,4h,203925,2023,24279,False,96.6817914338373,2.0,0.041372837022132944,1.958627162977867
BTC,4h,207540,2023,24279,False,119.03990321256589,-1.0,0.06720435571687795,-1.067204355716878
BTC,4h,209143,2023,24279,False,82.67283414965371,-1.0,0.0967669740887129,-1.096766974088713
BTC,4h,209588,2023,24279,False,101.9525902442539,2.0,0.0392339222614841,1.9607660777385159
BTC,4h,210421,2023,24280,False,47.17786089108104,-1.0,0.1695710625471024,-1.1695710625471025
BTC,4h,212517,2023,24280,False,23.21640579036236,-1.0,0.34458391502275415,-1.344583915022754
BTC,4h,213869,2023,24280,False,45.841519318926004,-1.0,0.1745142857142857,-1.1745142857142856
BTC,4h,213943,2023,24280,False,51.64295395729886,2.0,0.07745490320533199,1.922545096794668
BTC,4h,214987,2023,24280,False,27.94567705962371,-1.0,0.2862696789536192,-1.2862696789536192
BTC,4h,214924,2023,24280,False,40.53963127439107,-1.0,0.19733775933609957,-1.1973377593360996
BTC,4h,215065,2023,24280,False,50.19974724836222,2.0,0.07968167608912614,1.9203183239108739
BTC,4h,216209,2023,24280,False,100.37937952217347,-1.0,0.07969764346105394,-1.079697643461054
BTC,4h,216472,2023,24280,False,27.88585778212584,2.0,0.14344188481675121,1.8565581151832489
BTC,4h,217390,2023,24280,False,79.78642720626131,-1.0,0.10026768060836534,-1.1002676806083653
BTC,4h,217388,2023,24280,False,62.984437197131726,-1.0,0.12701550344827586,-1.1270155034482758
BTC,4h,219425,2023,24281,False,75.03568601833848,-1.0,0.10661593735605783,-1.1066159373560578
BTC,4h,219321,2023,24281,False,52.738308024957064,-1.0,0.15169239021119532,-1.1516923902111953
BTC,4h,222345,2023,24281,False,35.90968057305082,2.0,0.11139057591623036,1.8886094240837696
BTC,4h,222929,2023,24281,False,40.06805473196548,-1.0,0.19966030428768886,-1.1996603042876888
BTC,4h,223666,2023,24281,False,79.65697599201582,-1.0,0.10043062645011601,-1.100430626450116
BTC,4h,224362,2023,24281,False,41.30008024960039,2.0,0.0968521120497993,1.9031478879502006
BTC,4h,225254,2023,24281,False,42.50669531208103,-1.0,0.18820564481111948,-1.1882056448111196
BTC,4h,226377,2023,24281,False,62.26391675419897,-1.0,0.1284853317465046,-1.1284853317465047
BTC,4h,225735,2023,24281,False,49.838425520288666,-1.0,0.1605187145557656,-1.1605187145557656
BTC,4h,227303,2023,24281,False,44.15901687888631,-1.0,0.18116345347862645,-1.1811634534786264
BTC,4h,227290,2023,24281,False,46.14618249364581,-1.0,0.17336211941478746,-1.1733621194147874
BTC,4h,229164,2023,24282,False,110.12898330804221,-1.0,0.07264209438511902,-1.072642094385119
BTC,4h,230165,2023,24282,False,51.890603577771024,-1.0,0.1541704942400603,-1.1541704942400604
BTC,4h,229368,2023,24282,False,137.10714110688502,-1.0,0.058348529007423586,-1.0583485290074235
BTC,4h,230324,2023,24282,False,97.12060760467212,2.0,0.04118590378142954,1.9588140962185705
BTC,4h,231782,2023,24282,False,108.16272476677287,-1.0,0.07396263377471392,-1.073962633774714
BTC,4h,234163,2023,24282,False,66.76972667171003,2.0,0.059907389162561574,1.9400926108374383
BTC,4h,237670,2023,24283,False,50.79476073854201,-1.0,0.15749655837889923,-1.1574965583788992
BTC,4h,238981,2023,24283,False,36.912318116474864,-1.0,0.21672981834292887,-1.216729818342929
BTC,4h,239733,2023,24283,False,18.05511302827545,2.0,0.22154389140271494,1.778456108597285
BTC,4h,242137,2023,24283,False,48.1057527017848,2.0,0.08315013850415427,1.9168498614958458
BTC,4h,243585,2023,24283,False,66.26022536960649,-1.0,0.1207360819462228,-1.1207360819462229
BTC,4h,245282,2023,24284,False,26.680437214906615,2.0,0.1499225806451613,1.8500774193548386
BTC,4h,245579,2023,24284,False,33.3551115848836,-1.0,0.23984329896907217,-1.2398432989690722
BTC,4h,245476,2023,24284,False,46.68293419113768,-1.0,0.17136883399927172,-1.1713688339992716
BTC,4h,252172,2023,24284,False,46.02685533873483,2.0,0.08690578512396693,1.913094214876033
BTC,4h,253926,2023,24284,False,243.2118117004596,-1.0,0.03289313929313936,-1.0328931392931393
BTC,4h,256147,2023,24285,False,42.199914910252765,-1.0,0.18957384196185534,-1.1895738419618553
BTC,4h,257309,2023,24285,False,45.39169755743902,-1.0,0.17624368398817286,-1.176243683988173
BTC,4h,257223,2023,24285,False,64.3081754818185,-1.0,0.12440097919216814,-1.124400979192168
BTC,4h,258409,2023,24285,False,22.597548599820218,-1.0,0.3540207011686058,-1.3540207011686058
BTC,4h,259122,2023,24285,False,62.11180124223602,-1.0,0.1288,-1.1288
BTC,4h,259308,2023,24285,False,47.46952619340342,-1.0,0.1685291731669257,-1.1685291731669256
BTC,4h,262250,2023,24285,False,37.867318597600594,2.0,0.10563198420533146,1.8943680157946685
BTC,4h,263206,2023,24286,False,121.61272368119602,-1.0,0.06578259048758543,-1.0657825904875855
BTC,4h,265183,2023,24286,False,42.42566481919445,2.0,0.09428255319148937,1.9057174468085107
BTC,4h,265654,2023,24286,False,33.80084125722212,-1.0,0.23668049972841032,-1.2366804997284104
BTC,4h,265859,2023,24286,False,39.80391646752266,2.0,0.10049262371615449,1.8995073762838455
BTC,4h,272037,2023,24287,False,86.83200118666433,-1.0,0.09213193166885852,-1.0921319316688585
BTC,4h,272904,2023,24287,False,20.622045798724663,-1.0,0.38793435326842046,-1.3879343532684205
BTC,4h,276064,2023,24287,False,120.82626073092256,-1.0,0.06621077199281888,-1.0662107719928189
BTC,4h,276397,2023,24287,False,64.37215456909273,2.0,0.062138668913228154,1.9378613310867718
BTC,4h,277226,2023,24287,False,31.489775701773876,2.0,0.12702535698832154,1.8729746430116785
BTC,4h,278106,2023,24287,False,75.50285605999119,2.0,0.05297812836141959,1.9470218716385803
BTC,4h,279033,2023,24287,False,22.653898186491322,-1.0,0.3531401056958248,-1.3531401056958248
BTC,4h,281275,2023,24288,False,53.97057035145359,2.0,0.07411446597566423,1.9258855340243357
BTC,4h,282065,2023,24288,False,105.6790720998161,2.0,0.037850445887922975,1.962149554112077
BTC,4h,283942,2023,24288,False,136.80563161046595,-1.0,0.05847712485096251,-1.0584771248509626
BTC,4h,284130,2023,24288,False,50.980212642419545,2.0,0.07846181474479935,1.9215381852552007
BTC,4h,284129,2023,24288,False,71.93070044885702,-1.0,0.11121815789473687,-1.1112181578947369
BTC,4h,284589,2023,24288,False,53.265659974376,-1.0,0.15019057313564654,-1.1501905731356465
BTC,4h,285613,2023,24288,False,98.10153603855716,2.0,0.040774081237911174,1.9592259187620888
BTC,4h,285755,2023,24288,False,34.32933972964141,-1.0,0.23303681524327308,-1.2330368152432731
BTC,4h,285937,2023,24288,False,56.4834623772981,2.0,0.07081718845917782,1.9291828115408223
BTC,4h,287289,2023,24288,False,45.55151934498069,-1.0,0.17562531645569618,-1.1756253164556962
BTC,4h,287837,2023,24288,False,67.12499637397383,-1.0,0.11918063958513397,-1.119180639585134
BTC,4h,288850,2023,24288,False,28.61405209869905,2.0,0.13979145582746252,1.8602085441725376
BTC,4h,289872,2024,24289,False,60.3178541080021,-1.0,0.13263071305016264,-1.1326307130501627
BTC,4h,289871,2024,24289,False,69.85326371173717,-1.0,0.11452578698417767,-1.1145257869841776
BTC,4h,289692,2024,24289,False,97.23771494166871,-1.0,0.08227260384305685,-1.0822726038430568
BTC,4h,290202,2024,24289,False,137.4423939744595,-1.0,0.05820620384047309,-1.0582062038404731
BTC,4h,290325,2024,24289,False,62.18531038650918,-1.0,0.12864774575018545,-1.1286477457501856
BTC,4h,291611,2024,24289,False,129.7461488392276,2.0,0.03082943143812709,1.969170568561873
BTC,4h,294562,2024,24289,False,119.01094098174964,2.0,0.0336103552077065,1.9663896447922935
BTC,4h,297788,2024,24289,False,37.24105554861298,-1.0,0.21481668234556675,-1.2148166823455668
BTC,4h,298265,2024,24290,False,40.217135205621574,2.0,0.09946009280742796,1.900539907192572
BTC,4h,301708,2024,24290,False,111.99397569405278,-1.0,0.07143241366709356,-1.0714324136670936
BTC,4h,301784,2024,24290,False,39.46511825383115,-1.0,0.20271065573770033,-1.2027106557377003
BTC,4h,305192,2024,24290,False,23.968198292996608,2.0,0.1668878048780488,1.8331121951219511
BTC,4h,307934,2024,24291,False,150.94767035183943,-1.0,0.0529984992902046,-1.0529984992902046
BTC,4h,308025,2024,24291,False,147.76948175861295,2.0,0.027069188795925746,1.9729308112040742
BTC,4h,309200,2024,24291,False,44.374890008160236,2.0,0.09014106850212875,1.9098589314978713
BTC,4h,309805,2024,24291,False,160.2195045737266,-1.0,0.04993149879775543,-1.0499314987977555
BTC,4h,310469,2024,24291,False,79.55590250672218,2.0,0.05027911033580462,1.9497208896641953
BTC,4h,312416,2024,24291,False,95.31905866184303,2.0,0.041964325457624685,1.9580356745423753
BTC,4h,312942,2024,24291,False,83.84680365681858,-1.0,0.09541210458950423,-1.0954121045895042
BTC,4h,314114,2024,24291,False,153.1350250230427,2.0,0.026120738866879788,1.9738792611331202
BTC,4h,316420,2024,24292,False,163.6991582693944,-1.0,0.04887013521984432,-1.0488701352198444
BTC,4h,316575,2024,24292,False,78.32851413114535,-1.0,0.10213394303134116,-1.1021339430313413
BTC,4h,317757,2024,24292,False,55.67270173081522,-1.0,0.14369699603732264,-1.1436969960373227
BTC,4h,319470,2024,24292,False,115.00761245883128,2.0,0.03478030640303798,1.965219693596962
BTC,4h,322210,2024,24292,False,34.708759407101745,-1.0,0.23048936742933898,-1.230489367429339
BTC,4h,323019,2024,24292,False,38.57814241593518,2.0,0.10368565590518818,1.8963143440948118
BTC,4h,324819,2024,24293,False,122.22062624529713,-1.0,0.06545540017070424,-1.0654554001707042
BTC,4h,324225,2024,24293,False,142.31949629009253,2.0,0.02810577682095448,1.9718942231790455
BTC,4h,327550,2024,24293,False,119.3920627731127,-1.0,0.0670061293371138,-1.0670061293371138
BTC,4h,327818,2024,24293,False,41.68260808280139,-1.0,0.1919265700483092,-1.1919265700483093
BTC,4h,328500,2024,24293,False,50.216688450161655,-1.0,0.1593095890410959,-1.1593095890410958
BTC,4h,330501,2024,24293,False,102.94440943266171,-1.0,0.07771184510250634,-1.0777118451025063
BTC,4h,330236,2024,24293,False,43.23288164192777,2.0,0.09252216942487479,1.9074778305751252
BTC,4h,330839,2024,24293,False,98.79937517837264,-1.0,0.08097217199558984,-1.0809721719955898
BTC,4h,331898,2024,24293,False,74.06361082674142,2.0,0.05400762878490065,1.9459923712150993
BTC,4h,334872,2024,24294,False,64.09579985513977,-1.0,0.12481317056781356,-1.1248131705678135
BTC,4h,335709,2024,24294,False,78.62555116368671,2.0,0.05087404718693284,1.949125952813067
BTC,4h,336246,2024,24294,False,62.67947688000415,-1.0,0.1276334838485568,-1.1276334838485569
BTC,4h,338531,2024,24294,False,24.9444563540202,-1.0,0.32071254175522135,-1.3207125417552215
BTC,4h,342026,2024,24295,False,35.856091244969946,-1.0,0.22311411317379096,-1.223114113173791
BTC,4h,342901,2024,24295,False,129.65783771690946,-1.0,0.061700859283701226,-1.0617008592837012
BTC,4h,343683,2024,24295,False,64.06135703677433,-1.0,0.12488027681660899,-1.124880276816609
BTC,4h,345952,2024,24295,False,50.284163996538574,-1.0,0.15909581395348837,-1.1590958139534884
BTC,4h,346796,2024,24295,False,36.780710491497366,-1.0,0.21750531441880025,-1.2175053144188002
BTC,4h,347062,2024,24295,False,54.166308224252774,2.0,0.07384664251880865,1.9261533574811913
BTC,4h,348657,2024,24295,False,53.810654772248704,-1.0,0.14866944165351004,-1.1486694416535101
BTC,4h,349836,2024,24295,False,52.87983140983867,2.0,0.0756432063672535,1.9243567936327466
BTC,4h,349802,2024,24295,False,73.56254997455841,-1.0,0.10875098814229249,-1.1087509881422926
BTC,4h,350743,2024,24296,False,62.8439652656209,-1.0,0.12729941476777626,-1.1272994147677762
BTC,4h,352106,2024,24296,False,306.4868610415223,-1.0,0.02610226086956522,-1.0261022608695651
BTC,4h,353623,2024,24296,False,131.36481379651164,-1.0,0.0608991081309814,-1.0608991081309813
BTC,4h,352924,2024,24296,False,73.19947686243535,-1.0,0.1092903985507232,-1.1092903985507232
BTC,4h,354404,2024,24296,False,50.87775358990186,-1.0,0.15723964671246468,-1.1572396467124646
BTC,4h,355427,2024,24296,False,92.78908167935755,2.0,0.043108520179372195,1.9568914798206278
BTC,4h,354846,2024,24296,False,55.80784780677614,-1.0,0.14334901477832385,-1.1433490147783238
BTC,4h,355890,2024,24296,False,50.374614106416125,-1.0,0.15881014955469513,-1.1588101495546952
BTC,4h,356139,2024,24296,False,81.12780291068431,-1.0,0.09860984413453679,-1.0986098441345369
BTC,4h,356423,2024,24296,False,70.24512482838571,-1.0,0.11388690702087327,-1.1138869070208732
BTC,4h,356576,2024,24296,False,57.3392791397627,-1.0,0.13952041462712236,-1.1395204146271223
BTC,4h,357952,2024,24296,False,91.07276998104118,-1.0,0.08784184341450664,-1.0878418434145067
BTC,4h,358727,2024,24296,False,152.54184129771966,2.0,0.026222313602424017,1.973777686397576
BTC,4h,360484,2024,24297,False,39.4946058233172,2.0,0.10127965367965369,1.8987203463203464
BTC,4h,360465,2024,24297,False,45.76596975124046,-1.0,0.17480237048365319,-1.1748023704836532
BTC,4h,360613,2024,24297,False,64.9098377472314,-1.0,0.12324788164088768,-1.1232478816408877
BTC,4h,361708,2024,24297,False,109.35232711020006,-1.0,0.07315802243456586,-1.0731580224345658
BTC,4h,362355,2024,24297,False,89.11991090673182,-1.0,0.08976669656203289,-1.089766696562033
BTC,4h,362461,2024,24297,False,53.978933513496735,2.0,0.07410298313878046,1.9258970168612195
BTC,4h,363734,2024,24297,False,81.6006717055927,-1.0,0.0980384086648603,-1.0980384086648602
BTC,4h,364186,2024,24297,False,39.17049722223366,2.0,0.10211767232123749,1.8978823276787624
BTC,4h,367886,2024,24297,False,21.83869980067155,-1.0,0.36632217453504246,-1.3663221745350425
BTC,4h,369765,2024,24298,False,29.943936292772324,2.0,0.13358297188755022,1.8664170281124497
BTC,4h,369907,2024,24298,False,31.401452198339992,-1.0,0.2547652875882891,-1.254765287588289
BTC,4h,371094,2024,24298,False,42.140060102332235,-1.0,0.1898431084477082,-1.1898431084477081
BTC,4h,376893,2024,24298,False,34.48100003400057,-1.0,0.2320118323746836,-1.2320118323746836
BTC,4h,376373,2024,24298,False,53.66428042973106,2.0,0.07453747572815533,1.9254625242718446
BTC,4h,377165,2024,24299,False,85.68261649271557,2.0,0.04668391517128875,1.9533160848287112
BTC,4h,377819,2024,24299,False,26.219701818850098,-1.0,0.30511407243573496,-1.3051140724357349
BTC,4h,380323,2024,24299,False,103.44283423862123,2.0,0.03866870073158308,1.9613312992684169
BTC,4h,380700,2024,24299,False,99.84365219490424,-1.0,0.08012527410739387,-1.080125274107394
BTC,4h,385197,2024,24299,False,69.0964176133362,-1.0,0.11578024268592373,-1.1157802426859238
BTC,4h,387012,2024,24300,False,115.98972327560365,-1.0,0.06897162760696625,-1.0689716276069663
BTC,4h,387284,2024,24300,False,74.13467966434851,-1.0,0.10791170928667562,-1.1079117092866757
BTC,4h,390094,2024,24300,False,34.96495084843108,-1.0,0.2288005504334627,-1.2288005504334627
BTC,4h,390513,2024,24300,False,37.129693083651794,2.0,0.10773048920679607,1.892269510793204
BTC,4h,390939,2024,24300,False,74.08568852651797,-1.0,0.10798306878306879,-1.1079830687830687
BTC,4h,392932,2024,24300,False,151.31870578906918,-1.0,0.05286854627974155,-1.0528685462797416
BTC,4h,393229,2024,24300,False,72.99563572703343,2.0,0.054797796610169494,1.9452022033898304
BTC,4h,394483,2024,24300,False,64.73461371489475,-1.0,0.12358148973026598,-1.123581489730266
BTC,4h,396462,2025,24301,False,79.24078585673026,-1.0,0.10095811031536515,-1.1009581103153652
BTC,4h,399057,2025,24301,False,54.41429811775311,-1.0,0.1470201817670774,-1.1470201817670773
BTC,4h,399500,2025,24301,False,57.5751969461118,-1.0,0.1389487213997322,-1.1389487213997322
BTC,4h,400111,2025,24301,False,105.304775811076,-1.0,0.07596996373984546,-1.0759699637398454
BTC,4h,400223,2025,24301,False,230.96451545171698,-1.0,0.034637355371900824,-1.0346373553719008
BTC,4h,402860,2025,24301,False,77.69177379805902,-1.0,0.10297100463678517,-1.102971004636785
BTC,4h,402226,2025,24301,False,54.28326762906442,2.0,0.07368753162269684,1.9263124683773032
BTC,4h,402202,2025,24301,False,55.358425822207515,-1.0,0.14451277978339352,-1.1445127797833936
BTC,4h,404610,2025,24302,False,107.5810956692262,2.0,0.037181253594019754,1.9628187464059803
BTC,4h,404402,2025,24302,False,71.82227827690421,-1.0,0.11138605168102204,-1.1113860516810221
BTC,4h,404526,2025,24302,False,57.50460036802944,2.0,0.06955965217391304,1.930440347826087
BTC,4h,406865,2025,24302,False,43.07381649610082,2.0,0.09286383992377581,1.9071361600762242
BTC,4h,407237,2025,24302,False,52.616746309239986,-1.0,0.15204284873455062,-1.1520428487345507
BTC,4h,409681,2025,24302,False,52.881099248264675,2.0,0.07564139280125237,1.9243586071987475
BTC,4h,411432,2025,24302,False,105.1669567437891,-1.0,0.07606952076677316,-1.0760695207667732
BTC,4h,412600,2025,24303,False,142.23516938172875,2.0,0.02812243988169238,1.9718775601183076
BTC,4h,412304,2025,24303,False,264.92428774498774,-1.0,0.030197306815827635,-1.0301973068158277
BTC,4h,412646,2025,24303,False,118.53094072544604,-1.0,0.06749292590641333,-1.0674929259064134
BTC,4h,413287,2025,24303,False,91.42675280269482,-1.0,0.08750174051641697,-1.087501740516417
BTC,4h,415316,2025,24303,False,67.70146824007313,-1.0,0.11816582724072631,-1.1181658272407262
BTC,4h,415683,2025,24303,False,35.40470373363006,2.0,0.11297933828494372,1.8870206617150562
BTC,4h,416065,2025,24303,False,27.94830757470798,-1.0,0.286242735042735,-1.286242735042735
BTC,4h,419061,2025,24303,False,43.932053130165265,2.0,0.09104969412989856,1.9089503058701014
BTC,4h,419604,2025,24303,False,34.46978302851335,2.0,0.11604366632337682,1.8839563336766232
BTC,4h,419935,2025,24303,False,47.13763468753453,2.0,0.08485788535031846,1.9151421146496816
BTC,4h,421013,2025,24304,False,41.71327367636093,-1.0,0.19178547486033518,-1.1917854748603351
BTC,4h,422379,2025,24304,False,143.6515349110371,2.0,0.027845160182083585,1.9721548398179165
BTC,4h,423258,2025,24304,False,228.99906384618956,2.0,0.017467320314840485,1.9825326796851594
BTC,4h,423389,2025,24304,False,79.67715295894628,-1.0,0.10040519399735588,-1.1004051939973558
BTC,4h,426193,2025,24304,False,14.724852501252927,-1.0,0.543299160335853,-1.543299160335853
BTC,4h,427000,2025,24304,False,48.158325173128105,2.0,0.08305936690323198,1.916940633096768
BTC,4h,430086,2025,24305,False,31.410190268130133,-1.0,0.25469441387361086,-1.254694413873611
BTC,4h,434256,2025,24305,False,18.48580542156926,2.0,0.21638224079394425,1.7836177592060558
BTC,4h,436623,2025,24305,False,33.14076258386121,-1.0,0.24139456597464706,-1.241394565974647
BTC,4h,438070,2025,24306,False,21.89444129270446,2.0,0.18269477382521093,1.817305226174789
BTC,4h,438722,2025,24306,False,28.620546790546168,2.0,0.1397597337770383,1.8602402662229618
BTC,4h,439562,2025,24306,False,82.88527964618469,-1.0,0.09651894804662399,-1.096518948046624
BTC,4h,441464,2025,24306,False,52.62380007851207,-1.0,0.1520224686940966,-1.1520224686940965
BTC,4h,441802,2025,24306,False,46.071660746756606,2.0,0.08682126789366054,1.9131787321063394
BTC,4h,442657,2025,24306,False,29.128694800087644,2.0,0.13732163515915463,1.8626783648408454
BTC,4h,443618,2025,24306,False,24.665954387770185,-1.0,0.32433368983956856,-1.3243336898395686
BTC,4h,443692,2025,24306,False,44.54786318005383,-1.0,0.17958212647968208,-1.1795821264796822
BTC,4h,444649,2025,24306,False,70.26260840407775,-1.0,0.11385856832971936,-1.1138585683297193
BTC,4h,444102,2025,24306,False,17.98748785104509,-1.0,0.4447536012948686,-1.4447536012948685
BTC,4h,444392,2025,24306,False,84.50865692410684,-1.0,0.09466485791135475,-1.0946648579113547
BTC,4h,446309,2025,24306,False,11.002952885495317,-1.0,0.7270775475687103,-1.7270775475687103
BTC,4h,446479,2025,24306,False,20.450447029359815,-1.0,0.39118949275361803,-1.3911894927536181
BTC,4h,447717,2025,24307,False,38.01627763943188,-1.0,0.21043617357481909,-1.210436173574819
BTC,4h,447823,2025,24307,False,26.174005602706433,-1.0,0.3056467596680268,-1.3056467596680268
BTC,4h,450621,2025,24307,True,50.72414541838588,-1.0,0.1577158162846102,-1.1577158162846102
BTC,4h,451552,2025,24307,True,34.92384947614226,2.0,0.11453491124260355,1.8854650887573965
BTC,4h,451111,2025,24307,True,73.45384769987399,-1.0,0.10891192565823511,-1.1089119256582352
BTC,4h,453848,2025,24307,True,88.96444835897195,-1.0,0.08992356101304606,-1.089923561013046
BTC,4h,457367,2025,24308,True,21.979555524543837,-1.0,0.3639746031746032,-1.3639746031746032
BTC,4h,458634,2025,24308,True,88.13715872911644,-1.0,0.09076761850909508,-1.090767618509095
BTC,4h,459237,2025,24308,True,31.999180609520305,-1.0,0.250006401652043,-1.2500064016520431
BTC,4h,460330,2025,24308,True,30.641543843206644,2.0,0.1305417253278123,1.8694582746721877
BTC,4h,460721,2025,24308,True,70.64043435110072,2.0,0.05662479338842955,1.9433752066115704
BTC,4h,461271,2025,24308,True,40.07104298450528,2.0,0.09982270742358078,1.9001772925764193
BTC,4h,462128,2025,24308,True,122.5204455066964,-1.0,0.06529522453917912,-1.0652952245391791
BTC,4h,463577,2025,24308,True,35.672009683355604,-1.0,0.2242654695099156,-1.2242654695099155
BTC,4h,463830,2025,24308,True,46.071297635754256,2.0,0.08682195217561542,1.9131780478243845
BTC,4h,464264,2025,24308,True,25.265016776868627,-1.0,0.31664336780984825,-1.3166433678098484
BTC,4h,465867,2025,24309,True,29.52491724076228,-1.0,0.27095757575757573,-1.2709575757575757
BTC,4h,466665,2025,24309,True,24.202054290755882,-1.0,0.3305504526140844,-1.3305504526140843
BTC,4h,466293,2025,24309,True,12.22590135480283,-1.0,0.6543484826055198,-1.6543484826055197
BTC,4h,467216,2025,24309,True,45.75288436266919,-1.0,0.17485236420476652,-1.1748523642047666
BTC,4h,469206,2025,24309,True,28.087386229738133,2.0,0.1424126818808406,1.8575873181191593
BTC,4h,471346,2025,24309,True,50.83141838072625,2.0,0.07869148899289186,1.9213085110071082
BTC,4h,471963,2025,24309,True,42.717381332786196,2.0,0.09363869870295498,1.906361301297045
BTC,4h,473012,2025,24309,True,45.635691229045996,2.0,0.08765069383794276,1.9123493061620573
BTC,4h,475108,2025,24310,True,37.619099588918324,2.0,0.10632896703296703,1.893671032967033
BTC,4h,474450,2025,24310,True,52.88205793415842,-1.0,0.15128004303388717,-1.1512800430338872
BTC,4h,475304,2025,24310,True,48.84880837277682,-1.0,0.1637706275033386,-1.1637706275033386
BTC,4h,476553,2025,24310,True,112.10415062400062,-1.0,0.07136221054679899,-1.071362210546799
BTC,4h,476995,2025,24310,True,49.02023899641953,-1.0,0.1631978987410552,-1.1631978987410552
BTC,4h,477118,2025,24310,True,49.540632905774785,-1.0,0.16148360508869208,-1.161483605088692
BTC,4h,477984,2025,24310,True,61.938648933491805,-1.0,0.12916006625508095,-1.129160066255081
BTC,4h,479114,2025,24310,True,60.92980172058433,-1.0,0.1312986383360789,-1.1312986383360788
BTC,4h,479209,2025,24310,True,115.01271987157985,-1.0,0.06955752380199849,-1.0695575238019985
BTC,4h,479595,2025,24310,True,120.71482378763447,-1.0,0.06627189394795345,-1.0662718939479534
BTC,4h,481203,2025,24310,True,68.11232508951416,-1.0,0.11745304523794026,-1.1174530452379403
BTC,4h,481834,2025,24310,True,66.95095146021609,-1.0,0.1194904601879153,-1.1194904601879152
BTC,4h,483673,2025,24311,True,41.79736974322578,2.0,0.09569980179550154,1.9043001982044985
BTC,4h,484201,2025,24311,True,82.57903699595755,2.0,0.0484384432842903,1.9515615567157096
BTC,4h,485204,2025,24311,True,48.148627389553845,2.0,0.08307609618104764,1.9169239038189523
BTC,4h,485388,2025,24311,True,48.96405944004641,-1.0,0.16338514599255247,-1.1633851459925524
BTC,4h,485637,2025,24311,True,40.2350494475659,-1.0,0.19883161844812836,-1.1988316184481285
BTC,4h,487193,2025,24311,True,64.01635375759858,-1.0,0.12496806722689076,-1.1249680672268907
BTC,4h,487299,2025,24311,True,52.23293629928374,-1.0,0.1531600665557395,-1.1531600665557395
BTC,4h,487552,2025,24311,True,46.46286281867343,-1.0,0.17218052256532068,-1.1721805225653208
BTC,4h,487753,2025,24311,True,52.82461994563648,2.0,0.07572226746006937,1.9242777325399307
BTC,4h,488985,2025,24311,True,87.5847038868413,2.0,0.0456700750529221,1.9543299249470778
BTC,4h,489054,2025,24311,True,85.39796549551842,-1.0,0.09367904672646833,-1.0936790467264683
BTC,4h,490756,2025,24312,True,102.82130457882594,-1.0,0.0778048871561142,-1.077804887156114
BTC,4h,491210,2025,24312,True,212.7428565935247,-1.0,0.03760408282608112,-1.037604082826081
BTC,4h,492099,2025,24312,True,145.39994407910837,2.0,0.027510326949119753,1.9724896730508803
BTC,4h,492689,2025,24312,True,27.046188009045856,-1.0,0.2957902975947784,-1.2957902975947784
BTC,4h,493025,2025,24312,True,53.15669406041283,2.0,0.07524922440537746,1.9247507755946225
BTC,4h,493522,2025,24312,True,113.07624132827473,2.0,0.035374362934362934,1.964625637065637
BTC,4h,493857,2025,24312,True,74.79293680786809,-1.0,0.10696197183098731,-1.1069619718309873
BTC,4h,495538,2025,24312,True,133.92308915548378,-1.0,0.05973577857595605,-1.059735778575956
BTC,4h,495974,2025,24312,True,73.0771344046686,-1.0,0.10947336762960033,-1.1094733676296002
BTC,4h,497980,2025,24312,True,18.756706351591987,-1.0,0.42651411447410087,-1.426514114474101
BTC,4h,498655,2025,24312,True,48.52139352350842,-1.0,0.16487572633551903,-1.164875726335519
BTC,4h,498930,2025,24312,True,81.57134422002902,-1.0,0.09807365658240165,-1.0980736565824016
BTC,4h,499282,2025,24312,True,74.37409777069131,2.0,0.053782165026495084,1.9462178349735049
BTC,4h,499888,2026,24313,True,19.42243078100855,-1.0,0.41189489051094885,-1.4118948905109487
BTC,4h,500767,2026,24313,True,24.195153710711743,2.0,0.16532236363636366,1.8346776363636363
BTC,4h,501333,2026,24313,True,30.304680183810234,-1.0,0.2639856270211974,-1.2639856270211973
BTC,4h,502950,2026,24313,True,19.358058271594103,-1.0,0.41326458923512754,-1.4132645892351277
BTC,4h,503498,2026,24313,True,47.16669668839999,2.0,0.08480559973121345,1.9151944002687866
BTC,4h,503756,2026,24313,True,45.44547743863459,2.0,0.08801755918179612,1.9119824408182038
BTC,4h,504969,2026,24313,True,40.21236248434455,2.0,0.09947189751801519,1.900528102481985
BTC,4h,506896,2026,24313,True,77.44067027022128,-1.0,0.10330489098408911,-1.103304890984089
BTC,4h,510423,2026,24314,True,121.68645178769263,2.0,0.03287136687146432,1.9671286331285356
BTC,4h,510906,2026,24314,True,69.40510823306649,2.0,0.05763264551894022,1.9423673544810598
BTC,4h,511650,2026,24314,True,64.11219893958275,-1.0,0.12478124494745436,-1.1247812449474544
BTC,4h,513114,2026,24314,True,94.79881225178536,2.0,0.0421946214829782,1.9578053785170217
BTC,4h,513077,2026,24314,True,74.18531958466527,2.0,0.05391902363425059,1.9460809763657494
BTC,4h,515685,2026,24314,True,99.95318913988001,-1.0,0.08003746622635881,-1.0800374662263588
BTC,4h,516011,2026,24314,True,127.32825643951394,-1.0,0.06282973020839505,-1.062829730208395
BTC,4h,516628,2026,24314,True,81.32695199264954,-1.0,0.09836837363243434,-1.0983683736324343
BTC,4h,516550,2026,24314,True,108.14479429096399,-1.0,0.07397489682652657,-1.0739748968265266
BTC,4h,516873,2026,24315,True,61.64284573314932,2.0,0.06488993089832228,1.9351100691016778
BTC,4h,517350,2026,24315,True,135.36347737348265,-1.0,0.05910013657470637,-1.0591001365747064
BTC,4h,518256,2026,24315,True,68.7836614368448,-1.0,0.11630669017736679,-1.1163066901773668
BTC,4h,519152,2026,24315,True,100.91295339920853,-1.0,0.07927624482807719,-1.0792762448280773
BTC,4h,523141,2026,24315,True,42.05628543601725,-1.0,0.19022126935510936,-1.1902212693551093
BTC,4h,523495,2026,24315,True,56.4642222417936,-1.0,0.14168263871132494,-1.141682638711325
BTC,4h,523561,2026,24315,True,59.185466498382986,-1.0,0.1351683187327512,-1.1351683187327513
BTC,4h,525077,2026,24315,True,112.25135295694938,-1.0,0.07126862874488613,-1.071268628744886
BTC,4h,526646,2026,24316,True,76.19501116631974,-1.0,0.10499375060838913,-1.1049937506083891
BTC,4h,527460,2026,24316,True,88.82089437247544,2.0,0.045034448574969015,1.954965551425031
BTC,4h,529235,2026,24316,True,77.03265244028933,-1.0,0.10385206463195691,-1.103852064631957
BTC,4h,530859,2026,24316,True,27.785213590112466,-1.0,0.28792292612956005,-1.2879229261295602
BTC,4h,530595,2026,24316,True,37.359250361783545,-1.0,0.2141370590289884,-1.2141370590289884
BTC,4h,531465,2026,24316,True,31.285581473086808,-1.0,0.2557088480801273,-1.2557088480801273
BTC,4h,532953,2026,24316,True,18.522329697468614,2.0,0.21595555555555557,1.7840444444444445
BTC,4h,533263,2026,24316,True,25.832451881700017,2.0,0.15484399306415209,1.845156006935848
BTC,4h,533372,2026,24316,True,38.70295867798607,2.0,0.10335127175368036,1.8966487282463196
BTC,4h,533826,2026,24316,True,25.292342819865393,-1.0,0.31630126386380275,-1.3163012638638028
BTC,4h,534116,2026,24316,True,45.472472307760235,-1.0,0.17593061458931797,-1.175930614589318
BTC,4h,534490,2026,24317,True,33.90244294181023,2.0,0.11798559787757935,1.8820144021224205
BTC,4h,538155,2026,24317,True,43.312737939212376,-1.0,0.18470317002881848,-1.1847031700288184
BTC,4h,538338,2026,24317,True,68.82769214708134,-1.0,0.11623228602383472,-1.1162322860238347
BTC,4h,539287,2026,24317,True,23.619009341328606,2.0,0.1693551131715245,1.8306448868284755
BTC,4h,540822,2026,24317,True,31.215122196423764,-1.0,0.256286038211202,-1.256286038211202
BTC,4h,541890,2026,24317,True,31.716056395049577,-1.0,0.25223816922108533,-1.2522381692210853
BTC,4h,541035,2026,24317,True,38.62031180675219,2.0,0.10357244188019889,1.8964275581198011
BTC,4h,542275,2026,24317,True,50.244450764501146,2.0,0.07961078167115902,1.920389218328841
BTC,4h,547907,2026,24318,True,87.32693697756656,2.0,0.0458048814998236,1.9541951185001765
BTC,4h,548639,2026,24318,True,68.38540890500578,-1.0,0.11698401937045966,-1.1169840193704597
BTC,4h,550140,2026,24318,True,128.8887262019514,2.0,0.03103452193120859,1.9689654780687915
BTC,4h,550455,2026,24318,True,82.463037015438,2.0,0.04850658118801949,1.9514934188119806
BTC,4h,551978,2026,24319,True,39.83731358848681,2.0,0.10040837696335078,1.8995916230366492
BTC,1h,113,2021,24256,False,52.771959129515494,-1.0,0.15159566049776574,-1.1515956604977657
BTC,1h,1246,2021,24256,False,61.76596290281271,-1.0,0.1295211735399934,-1.1295211735399935
BTC,1h,2190,2021,24256,False,48.26960217294839,-1.0,0.16573577655221322,-1.1657357765522132
BTC,1h,2554,2021,24256,False,42.89342919448376,-1.0,0.18650875321082577,-1.1865087532108258
BTC,1h,2457,2021,24256,False,122.18906799579923,-1.0,0.06547230559345156,-1.0654723055934516
BTC,1h,4928,2021,24256,False,241.72927928636443,2.0,0.016547436917070366,1.9834525630829296
BTC,1h,6901,2021,24256,False,96.30399500304631,-1.0,0.0830702817650186,-1.0830702817650186
BTC,1h,9175,2021,24257,False,71.02293918951557,-1.0,0.1126396639070798,-1.1126396639070797
BTC,1h,9038,2021,24257,False,45.203415369161974,2.0,0.08848888888888742,1.9115111111111125
BTC,1h,9329,2021,24257,False,94.81977147459381,2.0,0.04218529466791394,1.957814705332086
BTC,1h,11874,2021,24257,False,100.94533932907643,2.0,0.03962540545790047,1.9603745945420996
BTC,1h,18159,2021,24258,False,71.00469755494788,-1.0,0.11266860187396896,-1.1126686018739689
BTC,1h,19386,2021,24258,False,103.73225335360804,2.0,0.03856081277213353,1.9614391872278665
BTC,1h,19815,2021,24258,False,104.19248374661544,2.0,0.038390485149845895,1.961609514850154
BTC,1h,21224,2021,24258,False,91.32922260185845,-1.0,0.08759518336070024,-1.0875951833607003
BTC,1h,22460,2021,24258,False,88.45612715394152,-1.0,0.09044031496062992,-1.0904403149606299
BTC,1h,22939,2021,24258,False,86.08840338566158,-1.0,0.09292773109243697,-1.092927731092437
BTC,1h,23151,2021,24258,False,95.42001847417563,2.0,0.04191992481203046,1.9580800751879694
BTC,1h,23508,2021,24258,False,175.53927746357473,-1.0,0.04557384601095923,-1.0455738460109592
BTC,1h,24597,2021,24258,False,125.03400272021784,-1.0,0.06398259534169427,-1.0639825953416944
BTC,1h,26211,2021,24259,False,77.74728960828561,2.0,0.051448738858334626,1.9485512611416653
BTC,1h,27289,2021,24259,False,99.22003501883547,-1.0,0.08062887700534793,-1.0806288770053478
BTC,1h,27472,2021,24259,False,95.08138371275487,-1.0,0.08413844737649548,-1.0841384473764955
BTC,1h,27517,2021,24259,False,74.90240056173216,2.0,0.05340282781328654,1.9465971721867135
BTC,1h,28788,2021,24259,False,52.216526114212,-1.0,0.1532082004555758,-1.1532082004555757
BTC,1h,29091,2021,24259,False,53.856128037090485,2.0,0.07427195652173912,1.9257280434782609
BTC,1h,29773,2021,24259,False,55.21255980842588,-1.0,0.14489456797073075,-1.1448945679707307
BTC,1h,30078,2021,24259,False,46.74729693559353,-1.0,0.17113288948069158,-1.1711328894806916
BTC,1h,30097,2021,24259,False,55.97014925373134,2.0,0.07146666666666666,1.9285333333333334
BTC,1h,30522,2021,24259,False,64.40171441805278,-1.0,0.12422029556650248,-1.1242202955665024
BTC,1h,30910,2021,24259,False,49.196468171709974,-1.0,0.16261329923273504,-1.162613299232735
BTC,1h,31396,2021,24259,False,47.47019013857534,2.0,0.0842634080108626,1.9157365919891374
BTC,1h,31732,2021,24259,False,46.526319945773416,-1.0,0.1719456859971738,-1.1719456859971737
BTC,1h,32806,2021,24259,False,43.44854090939719,-1.0,0.18412586090479588,-1.1841258609047958
BTC,1h,33371,2021,24259,False,123.98157987956074,-1.0,0.0645257142857143,-1.0645257142857143
BTC,1h,33572,2021,24259,False,181.51504976398132,-1.0,0.0440734804656813,-1.0440734804656813
BTC,1h,34504,2021,24259,False,112.18201927634622,-1.0,0.07131267605633851,-1.0713126760563385
BTC,1h,36107,2021,24260,False,62.10857373720653,-1.0,0.12880669316042515,-1.128806693160425
BTC,1h,36299,2021,24260,False,70.28835319616763,2.0,0.05690843245162406,1.943091567548376
BTC,1h,38712,2021,24260,False,106.3748357494297,-1.0,0.07520575654607194,-1.075205756546072
BTC,1h,39571,2021,24260,False,61.70646162579432,-1.0,0.12964606605567977,-1.1296460660556797
BTC,1h,42944,2021,24260,False,39.889336630961076,-1.0,0.20055485188968036,-1.2005548518896805
BTC,1h,43159,2021,24260,False,61.565882435807154,2.0,0.0649710495771855,1.9350289504228144
BTC,1h,43590,2021,24260,False,58.36868298874347,2.0,0.06852989985693884,1.9314701001430612
BTC,1h,43578,2021,24260,False,44.510354413960464,-1.0,0.17973345989558864,-1.1797334598955886
BTC,1h,43600,2021,24260,False,43.41524856520921,-1.0,0.18426705511046634,-1.1842670551104664
BTC,1h,44278,2021,24261,False,60.068284311040216,-1.0,0.1331817629179338,-1.1331817629179337
BTC,1h,44388,2021,24261,False,56.50640354862256,-1.0,0.14157687443541103,-1.1415768744354111
BTC,1h,45361,2021,24261,False,59.268099036027536,2.0,0.06748993244356469,1.9325100675564353
BTC,1h,47191,2021,24261,False,51.50910724853693,-1.0,0.1553123404255319,-1.1553123404255319
BTC,1h,47218,2021,24261,False,52.76210266424391,-1.0,0.15162398001665464,-1.1516239800166546
BTC,1h,47247,2021,24261,False,56.08219533029019,-1.0,0.14264776820673372,-1.1426477682067337
BTC,1h,47396,2021,24261,False,74.62236610015611,-1.0,0.10720646393418586,-1.1072064639341859
BTC,1h,49149,2021,24261,False,65.16936286058261,2.0,0.06137853470437075,1.9386214652956293
BTC,1h,50451,2021,24261,False,65.89297315161237,2.0,0.06070450017176258,1.9392954998282375
BTC,1h,51380,2021,24261,False,52.732199290236,2.0,0.07585498146937043,1.9241450185306295
BTC,1h,51604,2021,24261,False,64.93400054794718,2.0,0.06160100973674655,1.9383989902632535
BTC,1h,53245,2021,24262,False,47.9842674532946,-1.0,0.16672131147540775,-1.1667213114754078
BTC,1h,55430,2021,24262,False,49.795690555224176,2.0,0.080328236347359,1.919671763652641
BTC,1h,56891,2021,24262,False,80.47018214278125,-1.0,0.09941570637687014,-1.0994157063768701
BTC,1h,58199,2021,24262,False,89.53759352385624,-1.0,0.08934794520547945,-1.0893479452054795
BTC,1h,59671,2021,24262,False,44.80141619938417,2.0,0.08928289191123791,1.9107171080887622
BTC,1h,59959,2021,24262,False,84.05414650833212,2.0,0.047588372093023246,1.9524116279069768
BTC,1h,60297,2021,24262,False,58.19459117014438,-1.0,0.13746982046166942,-1.1374698204616693
BTC,1h,60416,2021,24262,False,101.40532785548999,-1.0,0.0788913183279737,-1.0788913183279738
BTC,1h,60779,2021,24262,False,73.32148764205533,-1.0,0.1091085336273429,-1.109108533627343
BTC,1h,61424,2021,24263,False,55.947521913737006,-1.0,0.14299114109709532,-1.1429911410970952
BTC,1h,61543,2021,24263,False,57.23543702388709,-1.0,0.13977354618016138,-1.1397735461801615
BTC,1h,63830,2021,24263,False,44.50249442877201,2.0,0.0898826021180039,1.910117397881996
BTC,1h,64172,2021,24263,False,70.69652685519117,-1.0,0.11315973154362348,-1.1131597315436235
BTC,1h,65023,2021,24263,False,60.50617496661217,2.0,0.06610895503156884,1.9338910449684312
BTC,1h,65547,2021,24263,False,52.68534197158102,-1.0,0.15184489082969752,-1.1518448908296974
BTC,1h,67151,2021,24263,False,111.71916073220856,2.0,0.035804064171123,1.964195935828877
BTC,1h,69645,2021,24263,False,85.55891655247919,-1.0,0.09350282030620441,-1.0935028203062045
BTC,1h,72174,2021,24264,False,73.84135758822366,-1.0,0.10834036996735626,-1.1083403699673562
BTC,1h,72317,2021,24264,False,109.9535066334679,-1.0,0.07275802514119128,-1.0727580251411912
BTC,1h,73510,2021,24264,False,67.80311997992251,2.0,0.05899433538138744,1.9410056646186125
BTC,1h,74191,2021,24264,False,71.49485405770204,-1.0,0.11189616519174041,-1.1118961651917405
BTC,1h,75272,2021,24264,False,55.37682055907932,-1.0,0.1444647764034253,-1.1444647764034253
BTC,1h,77484,2021,24264,False,40.627823436026496,2.0,0.09845469586374697,1.9015453041362531
BTC,1h,78770,2021,24264,False,81.24915746452467,-1.0,0.09846255948553057,-1.0984625594855306
BTC,1h,80742,2022,24265,False,102.29816656748491,2.0,0.039101385041551515,1.9608986149584484
BTC,1h,81218,2022,24265,False,66.30500301386378,2.0,0.06032727272727272,1.9396727272727272
BTC,1h,81683,2022,24265,False,46.65818336060111,2.0,0.08572987012987013,1.91427012987013
BTC,1h,82269,2022,24265,False,43.2346760734781,2.0,0.0925183293429082,1.9074816706570918
BTC,1h,82816,2022,24265,False,46.31923495807347,-1.0,0.17271442430431583,-1.1727144243043157
BTC,1h,84140,2022,24265,False,51.98906670760037,-1.0,0.15387850766766056,-1.1538785076676605
BTC,1h,84231,2022,24265,False,56.996488407464,-1.0,0.14035952430627913,-1.1403595243062792
BTC,1h,84631,2022,24265,False,54.46082379605488,-1.0,0.14689458297506539,-1.1468945829750654
BTC,1h,86506,2022,24265,False,93.79975635712816,-1.0,0.08528806801524333,-1.0852880680152432
BTC,1h,87167,2022,24265,False,56.71188572695198,2.0,0.0705319519660942,1.9294680480339057
BTC,1h,87246,2022,24265,False,43.40099026133641,-1.0,0.1843275914173499,-1.18432759141735
BTC,1h,87697,2022,24265,False,109.08808779484215,-1.0,0.0733352299202943,-1.0733352299202943
BTC,1h,89197,2022,24266,False,84.11964441107682,2.0,0.04755131845841805,1.952448681541582
BTC,1h,90171,2022,24266,False,89.37084304963642,-1.0,0.08951465295629821,-1.0895146529562982
BTC,1h,90664,2022,24266,False,48.18237347783871,-1.0,0.1660358222842544,-1.1660358222842544
BTC,1h,93615,2022,24266,False,47.538391472769796,-1.0,0.16828503767491662,-1.1682850376749165
BTC,1h,93772,2022,24266,False,55.28077563817462,-1.0,0.14471576977070363,-1.1447157697707036
BTC,1h,93772,2022,24266,False,60.01936617865261,-1.0,0.13329031126698904,-1.133290311266989
BTC,1h,93818,2022,24266,False,121.05389328236582,-1.0,0.06608626771994434,-1.0660862677199443
BTC,1h,94558,2022,24266,False,78.14536870662018,-1.0,0.10237330928764651,-1.1023733092876464
BTC,1h,97504,2022,24267,False,48.87974811193141,-1.0,0.16366696452036794,-1.1636669645203679
BTC,1h,98549,2022,24267,False,211.08846048097976,-1.0,0.03789880309786448,-1.0378988030978644
BTC,1h,98659,2022,24267,False,126.56015321556639,2.0,0.031605524316859125,1.9683944756831409
BTC,1h,98943,2022,24267,False,74.2801142536945,-1.0,0.10770042669397348,-1.1077004266939734
BTC,1h,99662,2022,24267,False,99.2324317826045,-1.0,0.08061880431919845,-1.0806188043191984
BTC,1h,99952,2022,24267,False,68.36862725014724,-1.0,0.117012734082397,-1.117012734082397
BTC,1h,100441,2022,24267,False,70.59353643577741,-1.0,0.11332482269503545,-1.1133248226950354
BTC,1h,102058,2022,24267,False,51.03112934107942,-1.0,0.15676705774097185,-1.1567670577409719
BTC,1h,105012,2022,24268,False,49.49228674742738,-1.0,0.16164134910205663,-1.1616413491020565
BTC,1h,106196,2022,24268,False,41.04655703562223,2.0,0.09745031712473723,1.9025496828752628
BTC,1h,107053,2022,24268,False,44.027895853637965,-1.0,0.1817029827315486,-1.1817029827315486
BTC,1h,107687,2022,24268,False,33.10984479250771,-1.0,0.2416199788955304,-1.2416199788955304
BTC,1h,108764,2022,24268,False,52.07762852619424,-1.0,0.1536168260038209,-1.1536168260038209
BTC,1h,109403,2022,24268,False,21.081872070239836,-1.0,0.3794729411764706,-1.3794729411764706
BTC,1h,109880,2022,24268,False,95.94568498510975,-1.0,0.08338050847457659,-1.0833805084745767
BTC,1h,113495,2022,24269,False,45.36466821655919,-1.0,0.17634869413813564,-1.1763486941381356
BTC,1h,113694,2022,24269,False,47.72017423686283,-1.0,0.1676439813545393,-1.1676439813545394
BTC,1h,113724,2022,24269,False,46.302417491500364,-1.0,0.17277715578173738,-1.1727771557817375
BTC,1h,114306,2022,24269,False,35.59844948975556,2.0,0.11236444444444443,1.8876355555555555
BTC,1h,114785,2022,24269,False,35.746508148604605,-1.0,0.22379808306709495,-1.223798083067095
BTC,1h,114881,2022,24269,False,52.37262624591837,2.0,0.07637577655964384,1.9236242234403562
BTC,1h,115480,2022,24269,False,57.24785408480234,-1.0,0.13974322929466398,-1.1397432292946639
BTC,1h,117923,2022,24269,False,82.8873395547444,-1.0,0.0965165493665804,-1.0965165493665805
BTC,1h,119659,2022,24269,False,86.79860411895454,2.0,0.04608369040725742,1.9539163095927425
BTC,1h,120286,2022,24269,False,59.06876846426239,2.0,0.06771768066266809,1.932282319337332
BTC,1h,120853,2022,24269,False,50.64409775330546,-1.0,0.15796510067114095,-1.157965100671141
BTC,1h,124135,2022,24270,False,71.03267568383824,-1.0,0.11262422431624952,-1.1126242243162494
BTC,1h,124364,2022,24270,False,170.47336394277292,-1.0,0.046928152380952375,-1.0469281523809524
BTC,1h,124303,2022,24270,False,95.3730265989426,-1.0,0.08388115891132573,-1.0838811589113257
BTC,1h,124402,2022,24270,False,129.20090471616777,2.0,0.03095953552947105,1.969040464470529
BTC,1h,124489,2022,24270,False,90.55762372622875,2.0,0.04417077033837247,1.9558292296616275
BTC,1h,125748,2022,24270,False,74.21979790753824,-1.0,0.1077879518072289,-1.1077879518072289
BTC,1h,125800,2022,24270,False,53.06499194613815,-1.0,0.15075852660300285,-1.150758526603003
BTC,1h,125909,2022,24270,False,80.50504546866586,2.0,0.04968632682229685,1.950313673177703
BTC,1h,130282,2022,24270,False,78.6651909505278,-1.0,0.10169682299546143,-1.1016968229954613
BTC,1h,131039,2022,24270,False,124.86939938934744,-1.0,0.06406693744922808,-1.064066937449228
BTC,1h,131168,2022,24271,False,182.07431615310676,-1.0,0.043938102688095663,-1.0439381026880956
BTC,1h,133887,2022,24271,False,44.157303901427674,2.0,0.09058524064171122,1.9094147593582889
BTC,1h,134673,2022,24271,False,104.20183542555516,-1.0,0.07677407952871841,-1.0767740795287184
BTC,1h,135603,2022,24271,False,63.5076415409674,-1.0,0.1259690929451281,-1.125969092945128
BTC,1h,136167,2022,24271,False,104.0180239127768,2.0,0.03845487396832454,1.9615451260316754
BTC,1h,138907,2022,24271,False,64.74691624293695,-1.0,0.12355800807536832,-1.1235580080753684
BTC,1h,139629,2022,24271,False,55.77610203782224,-1.0,0.14343060392737975,-1.1434306039273798
BTC,1h,140812,2022,24272,False,51.26810890589164,-1.0,0.1560424242424252,-1.1560424242424252
BTC,1h,140845,2022,24272,False,69.26185659893434,2.0,0.05775184490306521,1.9422481550969348
BTC,1h,141841,2022,24272,False,22.576783793203354,-1.0,0.35434630872482226,-1.3543463087248222
BTC,1h,142172,2022,24272,False,43.57148374785835,-1.0,0.18360632486822806,-1.183606324868228
BTC,1h,142663,2022,24272,False,40.0351528171077,-1.0,0.19982439024390244,-1.1998243902439025
BTC,1h,142786,2022,24272,False,139.20379086495012,2.0,0.028734849641276206,1.9712651503587237
BTC,1h,144077,2022,24272,False,45.58018933309385,-1.0,0.1755148479427561,-1.1755148479427562
BTC,1h,146614,2022,24272,False,50.78896277756484,2.0,0.07875726892707743,1.9212427310729225
BTC,1h,147337,2022,24272,False,48.0705561454341,2.0,0.08321101981633582,1.9167889801836642
BTC,1h,148552,2022,24272,False,102.02834037392961,-1.0,0.07840958669601342,-1.0784095866960135
BTC,1h,148788,2022,24272,False,60.87512024638426,-1.0,0.13141657819518093,-1.1314165781951808
BTC,1h,152187,2022,24273,False,60.05732744892852,2.0,0.0666030303030303,1.9333969696969697
BTC,1h,154246,2022,24273,False,147.59819387109212,-1.0,0.0542012052463661,-1.054201205246366
BTC,1h,154209,2022,24273,False,53.679913426407474,-1.0,0.14903153692614662,-1.1490315369261466
BTC,1h,154408,2022,24273,False,66.0916263205366,2.0,0.06052203921568628,1.9394779607843138
BTC,1h,154977,2022,24273,False,91.37692243811055,-1.0,0.08754945763705696,-1.087549457637057
BTC,1h,156581,2022,24273,False,75.47788149870266,-1.0,0.10599131614653899,-1.105991316146539
BTC,1h,156857,2022,24273,False,192.84537997055133,-1.0,0.041484011705241,-1.041484011705241
BTC,1h,157443,2022,24273,False,51.90549830809549,2.0,0.07706312684365726,1.9229368731563428
BTC,1h,161142,2022,24274,False,38.9557839950692,2.0,0.10268051595383877,1.8973194840461611
BTC,1h,161175,2022,24274,False,49.54760878931495,-1.0,0.1614608695652174,-1.1614608695652173
BTC,1h,161372,2022,24274,False,82.85538687523784,-1.0,0.0965537703908891,-1.0965537703908892
BTC,1h,162119,2022,24274,False,30.195751770095793,-1.0,0.26493793103448277,-1.2649379310344828
BTC,1h,162676,2022,24274,False,37.65682785931316,-1.0,0.21244487267722598,-1.212444872677226
BTC,1h,164211,2022,24274,False,50.50792844969151,-1.0,0.15839097435897437,-1.1583909743589744
BTC,1h,164885,2022,24274,False,42.167703350452655,-1.0,0.1897186558516738,-1.189718655851674
BTC,1h,165463,2022,24274,False,41.542563442055226,2.0,0.09628678802114164,1.9037132119788585
BTC,1h,166342,2022,24274,False,35.18863875018456,-1.0,0.2273461061337032,-1.2273461061337032
BTC,1h,166483,2022,24275,False,54.05694972703675,-1.0,0.14799207207207207,-1.147992072072072
BTC,1h,167479,2022,24275,False,23.40944466914243,2.0,0.17087120418848167,1.8291287958115183
BTC,1h,168216,2022,24275,False,21.02696356834547,-1.0,0.38046387315967034,-1.3804638731596703
BTC,1h,168679,2022,24275,False,47.10209058548158,-1.0,0.1698438413361182,-1.1698438413361183
BTC,1h,168674,2022,24275,False,97.87760406865696,-1.0,0.08173473468341483,-1.0817347346834147
BTC,1h,170448,2022,24275,False,117.66885944593719,2.0,0.033993700787401576,1.9660062992125984
BTC,1h,171411,2022,24275,False,37.25376334479789,-1.0,0.21474340527578187,-1.214743405275782
BTC,1h,172065,2022,24275,False,13.620381370678814,2.0,0.29367753303963817,1.7063224669603618
BTC,1h,172273,2022,24275,False,27.61165385139257,-1.0,0.2897327354260066,-1.2897327354260066
BTC,1h,172974,2022,24275,False,68.7968200580951,2.0,0.05814222222222222,1.9418577777777777
BTC,1h,174416,2022,24275,False,69.53812946110993,2.0,0.057522398589065445,1.9424776014109346
BTC,1h,174703,2022,24275,False,37.017580296385205,2.0,0.10805676567656701,1.891943234323433
BTC,1h,176996,2022,24276,False,35.32228622905092,2.0,0.11324295302013006,1.88675704697987
BTC,1h,177571,2022,24276,False,64.10819355405286,-1.0,0.12478904109589042,-1.1247890410958905
BTC,1h,178444,2022,24276,False,28.37037733189187,-1.0,0.2819842650103562,-1.2819842650103563
BTC,1h,178649,2022,24276,False,21.89413541581168,2.0,0.18269732620321918,1.8173026737967808
BTC,1h,178774,2022,24276,False,96.307595649601,2.0,0.041533588010579436,1.9584664119894206
BTC,1h,179990,2022,24276,False,21.277610232325713,2.0,0.187991036414562,1.812008963585438
BTC,1h,180595,2022,24276,False,40.27268023613099,-1.0,0.1986458302028463,-1.1986458302028462
BTC,1h,181397,2022,24276,False,15.174778800713222,-1.0,0.5271905511811478,-1.5271905511811479
BTC,1h,181603,2022,24276,False,34.17479676012032,2.0,0.11704531933508759,1.8829546806649125
BTC,1h,182875,2022,24276,False,23.802831221180497,2.0,0.16804723618090758,1.8319527638190924
BTC,1h,184484,2023,24277,False,14.025917978350607,2.0,0.28518632478630707,1.7148136752136929
BTC,1h,185071,2023,24277,False,26.54351112327768,2.0,0.15069596412556543,1.8493040358744346
BTC,1h,187100,2023,24277,False,17.275135321893355,-1.0,0.4630933333333333,-1.4630933333333334
BTC,1h,187270,2023,24277,False,38.25842556758177,2.0,0.1045521330441103,1.8954478669558896
BTC,1h,187889,2023,24277,False,188.10836340558154,2.0,0.021264338956453396,1.9787356610435467
BTC,1h,187911,2023,24277,False,84.48270035675839,-1.0,0.09469394285714285,-1.094693942857143
BTC,1h,188537,2023,24277,False,53.853110094653836,-1.0,0.14855223748338695,-1.148552237483387
BTC,1h,192766,2023,24277,False,55.79578741804994,-1.0,0.14337999999999998,-1.14338
BTC,1h,192928,2023,24277,False,28.10186272718667,-1.0,0.28467863777088825,-1.2846786377708883
BTC,1h,193277,2023,24278,False,33.73179142823013,-1.0,0.23716499068901514,-1.2371649906890152
BTC,1h,195347,2023,24278,False,42.36672318499141,-1.0,0.18882744282744138,-1.1888274428274415
BTC,1h,196505,2023,24278,False,27.390876256748108,2.0,0.14603402835696236,1.8539659716430377
BTC,1h,197366,2023,24278,False,45.5930468049101,-1.0,0.17546535186015352,-1.1754653518601534
BTC,1h,197810,2023,24278,False,50.28136512691823,-1.0,0.15910466988727764,-1.1591046698872776
BTC,1h,197744,2023,24278,False,53.96347817832505,2.0,0.07412420650095602,1.925875793499044
BTC,1h,199433,2023,24278,False,49.73152486367668,-1.0,0.16086375838926076,-1.1608637583892607
BTC,1h,199376,2023,24278,False,46.32132981074723,-1.0,0.1727066134043475,-1.1727066134043476
BTC,1h,200637,2023,24278,False,50.19366477423463,-1.0,0.15938266384778013,-1.1593826638477802
BTC,1h,204994,2023,24279,False,151.06614520665764,-1.0,0.05295693478546133,-1.0529569347854613
BTC,1h,207541,2023,24279,False,50.52423778701682,-1.0,0.1583398453970493,-1.1583398453970493
BTC,1h,207429,2023,24279,False,71.93801147962341,-1.0,0.11120685483871091,-1.1112068548387108
BTC,1h,207790,2023,24279,False,87.15873344930462,2.0,0.045893278179937956,1.954106721820062
BTC,1h,210624,2023,24280,False,45.53378700067683,-1.0,0.17569371069182285,-1.1756937106918228
BTC,1h,210678,2023,24280,False,59.75210518645507,-1.0,0.1338864961332523,-1.1338864961332522
BTC,1h,210796,2023,24280,False,48.55891689775049,-1.0,0.1647483204134358,-1.1647483204134357
BTC,1h,211255,2023,24280,False,57.82545975908164,2.0,0.0691736826073707,1.9308263173926292
BTC,1h,211337,2023,24280,False,33.1690238172026,-1.0,0.24118888888888323,-1.2411888888888831
BTC,1h,212562,2023,24280,False,33.371198850587945,-1.0,0.23972767762459493,-1.239727677624595
BTC,1h,213730,2023,24280,False,52.01837174967065,2.0,0.07689590937696596,1.9231040906230341
BTC,1h,214924,2023,24280,False,28.916092807691037,-1.0,0.2766625509609714,-1.2766625509609715
BTC,1h,215023,2023,24280,False,51.45228215767634,-1.0,0.15548387096774194,-1.155483870967742
BTC,1h,216181,2023,24280,False,52.43771886850652,-1.0,0.15256193771626297,-1.152561937716263
BTC,1h,216292,2023,24280,False,23.25774266479643,-1.0,0.34397147286821705,-1.343971472868217
BTC,1h,216382,2023,24280,False,25.10134306611542,2.0,0.15935402298850074,1.8406459770114993
BTC,1h,217390,2023,24280,False,55.73478796157311,2.0,0.07176846178652081,1.9282315382134791
BTC,1h,217388,2023,24280,False,50.16991906947438,-1.0,0.15945810055865842,-1.1594581005586584
BTC,1h,217384,2023,24280,False,86.45043293207344,-1.0,0.09253857648446744,-1.0925385764844675
BTC,1h,217445,2023,24280,False,219.72899001732355,-1.0,0.036408486651530486,-1.0364084866515304
BTC,1h,218521,2023,24280,False,27.609859648469193,-1.0,0.2897515634580038,-1.2897515634580037
BTC,1h,218557,2023,24280,False,23.44187942720277,2.0,0.17063478260869566,1.8293652173913044
BTC,1h,219620,2023,24281,False,60.74704610099139,2.0,0.06584682312535885,1.9341531768746412
BTC,1h,219831,2023,24281,False,40.024344704511485,-1.0,0.19987835051546146,-1.1998783505154615
BTC,1h,220242,2023,24281,False,40.662142467069046,-1.0,0.19674319931565193,-1.1967431993156519
BTC,1h,221391,2023,24281,False,62.09463509531347,-1.0,0.12883560693641619,-1.1288356069364163
BTC,1h,221428,2023,24281,False,109.02951161245127,2.0,0.03668731466227348,1.9633126853377265
BTC,1h,222929,2023,24281,False,35.39243419652937,-1.0,0.2260370099320405,-1.2260370099320406
BTC,1h,223726,2023,24281,False,60.12472384574512,-1.0,0.13305674418604652,-1.1330567441860464
BTC,1h,224293,2023,24281,False,14.730869788375767,2.0,0.2715386163522013,1.7284613836477987
BTC,1h,225018,2023,24281,False,28.90279418129508,-1.0,0.27678984771573856,-1.2767898477157384
BTC,1h,226009,2023,24281,False,26.33705051277581,-1.0,0.30375459074733097,-1.303754590747331
BTC,1h,226836,2023,24281,False,44.96891138436837,-1.0,0.1779006819093441,-1.177900681909344
BTC,1h,227675,2023,24282,False,41.18768970456182,-1.0,0.19423279279279276,-1.1942327927927927
BTC,1h,229164,2023,24282,False,120.0052299768636,-1.0,0.06666376125059183,-1.0666637612505918
BTC,1h,230324,2023,24282,False,85.11717054546517,2.0,0.04699404332129917,1.9530059566787008
BTC,1h,231783,2023,24282,False,125.38804051299653,-1.0,0.06380193810565846,-1.0638019381056585
BTC,1h,231798,2023,24282,False,35.45067486921226,2.0,0.11283283082077143,1.8871671691792287
BTC,1h,232269,2023,24282,False,52.61737977145709,-1.0,0.15204101828612326,-1.1520410182861234
BTC,1h,232853,2023,24282,False,19.42113343317012,2.0,0.20596120271581278,1.7940387972841871
BTC,1h,234125,2023,24282,False,50.55041600828762,-1.0,0.15825784695200965,-1.1582578469520097
BTC,1h,236080,2023,24282,False,93.36233508792907,-1.0,0.08568765972343734,-1.0856876597234373
BTC,1h,237529,2023,24283,False,31.57925707019101,2.0,0.12666542443063894,1.8733345755693611
BTC,1h,237743,2023,24283,False,27.567083674016576,-1.0,0.290201172332945,-1.290201172332945
BTC,1h,239008,2023,24283,False,34.11666856928474,-1.0,0.2344894837476132,-1.2344894837476132
BTC,1h,239063,2023,24283,False,57.62091810964157,-1.0,0.1388384680851064,-1.1388384680851065
BTC,1h,239733,2023,24283,False,17.894934671231645,2.0,0.2235269406392694,1.7764730593607305
BTC,1h,242735,2023,24283,False,16.668859207254794,2.0,0.239968431568435,1.760031568431565
BTC,1h,244806,2023,24283,False,12.622385972094293,-1.0,0.6337945945945946,-1.6337945945945946
BTC,1h,244918,2023,24283,False,14.826428534910274,2.0,0.26978850574712643,1.7302114942528735
BTC,1h,245309,2023,24284,False,38.153363447769735,-1.0,0.20968007213706455,-1.2096800721370646
BTC,1h,245579,2023,24284,False,37.988972717010256,-1.0,0.2105874265038458,-1.2105874265038459
BTC,1h,245476,2023,24284,False,73.01846418565711,-1.0,0.10956132930513521,-1.1095613293051352
BTC,1h,251557,2023,24284,False,33.62811734574908,-1.0,0.2378961604584527,-1.2378961604584526
BTC,1h,251687,2023,24284,False,34.19229503174672,2.0,0.11698542014468748,1.8830145798553126
BTC,1h,252163,2023,24284,False,23.21689305361151,2.0,0.17228834154352013,1.8277116584564799
BTC,1h,253055,2023,24284,False,14.992158390905374,2.0,0.2668061459667143,1.7331938540332856
BTC,1h,253403,2023,24284,False,44.285763328641295,-1.0,0.18064496124031115,-1.1806449612403112
BTC,1h,256147,2023,24285,False,27.807002918681004,-1.0,0.2876973121984867,-1.2876973121984867
BTC,1h,257221,2023,24285,False,77.12932449830419,-1.0,0.10372189892802566,-1.1037218989280257
BTC,1h,258319,2023,24285,False,23.079111425949964,-1.0,0.34663379591836735,-1.3466337959183674
BTC,1h,259123,2023,24285,False,26.13801093654649,-1.0,0.306067665952894,-1.306067665952894
BTC,1h,259121,2023,24285,False,27.102777803472488,-1.0,0.2951726962457338,-1.2951726962457337
BTC,1h,259308,2023,24285,False,65.13976635574461,-1.0,0.12281284455811511,-1.1228128445581151
BTC,1h,261123,2023,24285,False,41.41049887984802,2.0,0.09659386165827037,1.9034061383417296
BTC,1h,261678,2023,24285,False,18.166477907586316,-1.0,0.44037154811716156,-1.4403715481171615
BTC,1h,261672,2023,24285,False,36.94880005716252,-1.0,0.21651582697201016,-1.2165158269720102
BTC,1h,261797,2023,24285,False,44.955120497871896,-1.0,0.17795525651808022,-1.1779552565180802
BTC,1h,262250,2023,24285,False,37.65568094959759,2.0,0.10622567164179104,1.893774328358209
BTC,1h,263205,2023,24286,False,123.77743672639103,-1.0,0.06463213499633162,-1.0646321349963317
BTC,1h,263989,2023,24286,False,29.233465494455498,-1.0,0.2736589680589632,-1.2736589680589632
BTC,1h,264222,2023,24286,False,56.0304782755872,2.0,0.07138971722364938,1.9286102827763507
BTC,1h,265657,2023,24286,False,47.893703095685076,2.0,0.08351828615149148,1.9164817138485084
BTC,1h,265859,2023,24286,False,41.93584948430185,2.0,0.09538378378378502,1.904616216216215
BTC,1h,268278,2023,24286,False,38.45281575482219,-1.0,0.2080471830985942,-1.2080471830985942
BTC,1h,268815,2023,24286,False,28.26348104644979,2.0,0.14152538370720066,1.8584746162927994
BTC,1h,269087,2023,24286,False,26.19772143800344,2.0,0.15268503443957698,1.847314965560423
BTC,1h,272037,2023,24287,False,55.008996397147335,-1.0,0.14543075722092005,-1.1454307572209201
BTC,1h,272739,2023,24287,False,17.46683661426491,2.0,0.22900540540542175,1.7709945945945782
BTC,1h,273785,2023,24287,False,68.19654389200113,2.0,0.05865399874712955,1.9413460012528705
BTC,1h,274215,2023,24287,False,52.93844263150225,2.0,0.0755594573841828,1.9244405426158173
BTC,1h,275130,2023,24287,False,19.18074852162339,2.0,0.20854243490500934,1.7914575650949907
BTC,1h,275719,2023,24287,False,82.99108883358447,-1.0,0.09639589156423496,-1.096395891564235
BTC,1h,276064,2023,24287,False,91.0202160119055,-1.0,0.08789256222984128,-1.0878925622298412
BTC,1h,277742,2023,24287,False,40.3479963411971,-1.0,0.1982750254151194,-1.1982750254151193
BTC,1h,278111,2023,24287,False,63.84622683710401,2.0,0.06265053078556262,1.9373494692144373
BTC,1h,279061,2023,24287,False,11.634601384663336,-1.0,0.6876041331803214,-1.6876041331803213
BTC,1h,279643,2023,24287,False,25.459403594564527,2.0,0.15711287128713347,1.8428871287128665
BTC,1h,284129,2023,24288,False,41.70785159742555,-1.0,0.19181040723981588,-1.191810407239816
BTC,1h,285613,2023,24288,False,44.26439303087482,-1.0,0.1807321743781718,-1.1807321743781718
BTC,1h,285937,2023,24288,False,67.75458757424727,2.0,0.059036592844974436,1.9409634071550255
BTC,1h,286941,2023,24288,False,20.411270501421566,2.0,0.19597016264722059,1.8040298373527794
BTC,1h,287213,2023,24288,False,32.07218145076231,-1.0,0.2494373515653034,-1.2494373515653034
BTC,1h,287363,2023,24288,False,32.105150993277974,2.0,0.12459059921062203,1.875409400789378
BTC,1h,288770,2023,24288,False,49.46139814487353,2.0,0.08087114699596465,1.9191288530040354
BTC,1h,289420,2024,24289,False,32.656014859984076,2.0,0.12248892025406037,1.8775110797459396
BTC,1h,289920,2024,24289,False,72.21125650835458,-1.0,0.11078605174353155,-1.1107860517435315
BTC,1h,291611,2024,24289,False,100.95406302992183,2.0,0.03962198132446079,1.9603780186755393
BTC,1h,296518,2024,24289,False,36.84917000817071,2.0,0.10855061319191353,1.8914493868080864
BTC,1h,297008,2024,24289,False,24.93836256978456,2.0,0.16039545454545678,1.8396045454545433
BTC,1h,298023,2024,24289,False,34.09417501830993,2.0,0.11732209381373329,1.8826779061862666
BTC,1h,298265,2024,24290,False,38.4491141076875,2.0,0.10403360630876647,1.8959663936912334
BTC,1h,299558,2024,24290,False,43.40894014686885,-1.0,0.18429383378016087,-1.184293833780161
BTC,1h,301089,2024,24290,False,50.69642522537528,2.0,0.07890102669404517,1.921098973305955
BTC,1h,301706,2024,24290,False,61.69445971535031,-1.0,0.12967128712871287,-1.129671287128713
BTC,1h,303913,2024,24290,False,39.46688308237806,-1.0,0.2027015911872705,-1.2027015911872705
BTC,1h,305192,2024,24290,False,20.45786653677545,2.0,0.19552380952380952,1.8044761904761906
BTC,1h,309200,2024,24291,False,25.717313483928013,2.0,0.1555372415746222,1.8444627584253779
BTC,1h,310692,2024,24291,False,152.86757807074568,2.0,0.02616643797515283,1.9738335620248473
BTC,1h,314771,2024,24291,False,30.928499323439077,-1.0,0.2586611111111111,-1.258661111111111
BTC,1h,315521,2024,24292,False,54.98800372059681,2.0,0.07274313903673728,1.9272568609632628
BTC,1h,315592,2024,24292,False,44.032287941899156,-1.0,0.18168485840563278,-1.1816848584056328
BTC,1h,317757,2024,24292,False,58.292538996348554,-1.0,0.13723883258029163,-1.1372388325802916
BTC,1h,317677,2024,24292,False,55.327916290481916,-1.0,0.14459246861925004,-1.1445924686192501
BTC,1h,319108,2024,24292,False,56.33204563093076,-1.0,0.1420150805886475,-1.1420150805886475
BTC,1h,319569,2024,24292,False,94.01859894369599,-1.0,0.08508954706707428,-1.0850895470670743
BTC,1h,320584,2024,24292,False,99.64372068798501,-1.0,0.08028604256007711,-1.080286042560077
BTC,1h,320820,2024,24292,False,126.20685303211964,2.0,0.031694,1.9683060000000001
BTC,1h,323062,2024,24292,False,37.15131288961652,2.0,0.1076677966101695,1.8923322033898304
BTC,1h,323736,2024,24292,False,51.10131603604965,-1.0,0.15655174114021572,-1.1565517411402157
BTC,1h,324224,2024,24293,False,163.3403128127532,-1.0,0.04897749895441231,-1.0489774989544123
BTC,1h,325565,2024,24293,False,40.50156246747291,-1.0,0.19752324386064998,-1.19752324386065
BTC,1h,327818,2024,24293,False,61.98447159852141,-1.0,0.12906458333333334,-1.1290645833333333
BTC,1h,329926,2024,24293,False,82.80972181883868,-1.0,0.09660701454234388,-1.0966070145423439
BTC,1h,331725,2024,24293,False,34.280750034815114,2.0,0.11668356135550269,1.8833164386444974
BTC,1h,331719,2024,24293,False,47.13896262798917,-1.0,0.1697109896782058,-1.1697109896782059
BTC,1h,332222,2024,24293,False,34.13629317948072,2.0,0.117177339055794,1.882822660944206
BTC,1h,332790,2024,24293,False,30.483379300333866,2.0,0.13121904761904762,1.8687809523809524
BTC,1h,332876,2024,24293,False,33.6048669524609,-1.0,0.23806075504828492,-1.238060755048285
BTC,1h,333432,2024,24294,False,18.45060678796445,-1.0,0.4335900760303718,-1.433590076030372
BTC,1h,336329,2024,24294,False,78.10693699587652,-1.0,0.10242368101596842,-1.1024236810159684
BTC,1h,336929,2024,24294,False,43.19270153123995,-1.0,0.18521647677475897,-1.185216476774759
BTC,1h,337777,2024,24294,False,36.522745080589736,-1.0,0.21904158579393462,-1.2190415857939345
BTC,1h,338548,2024,24294,False,26.75824742580938,-1.0,0.29897324263037073,-1.2989732426303706
BTC,1h,339643,2024,24294,False,17.731488661600608,-1.0,0.4511747520288489,-1.451174752028849
BTC,1h,341668,2024,24295,False,28.22319054336992,-1.0,0.2834548414257625,-1.2834548414257625
BTC,1h,342075,2024,24295,False,29.278948748606926,2.0,0.13661692686935414,1.8633830731306458
BTC,1h,343617,2024,24295,False,55.24941629045899,-1.0,0.14479790986283267,-1.1447979098628327
BTC,1h,343757,2024,24295,False,132.6714482563686,-1.0,0.060299334221038614,-1.0602993342210385
BTC,1h,344272,2024,24295,False,51.214135579896634,-1.0,0.15620687354020837,-1.1562068735402085
BTC,1h,346796,2024,24295,False,39.0178763194014,-1.0,0.20503422417231992,-1.20503422417232
BTC,1h,348662,2024,24295,False,60.593448940269525,-1.0,0.13202747392521036,-1.1320274739252103
BTC,1h,349566,2024,24295,False,32.19876590911752,2.0,0.12422836363636364,1.8757716363636363
BTC,1h,349800,2024,24295,False,34.13868397074159,-1.0,0.23433826584693088,-1.2343382658469308
BTC,1h,349852,2024,24295,False,34.739476178538524,2.0,0.11514278394534729,1.8848572160546526
BTC,1h,350738,2024,24296,False,57.032276335145255,-1.0,0.14027144827586208,-1.140271448275862
BTC,1h,350813,2024,24296,False,87.4715674474012,2.0,0.0457291451008386,1.9542708548991614
BTC,1h,352962,2024,24296,False,78.40190452124276,2.0,0.051019168787107876,1.9489808312128922
BTC,1h,353640,2024,24296,False,37.581751690673265,2.0,0.10643463436518548,1.8935653656348146
BTC,1h,354184,2024,24296,False,97.58556144856462,2.0,0.0409896704043489,1.9590103295956511
BTC,1h,354846,2024,24296,False,68.9948206768593,2.0,0.05797536627762539,1.9420246337223745
BTC,1h,355890,2024,24296,False,52.88137430595264,-1.0,0.15128199871877143,-1.1512819987187715
BTC,1h,356140,2024,24296,False,63.44616076972143,-1.0,0.1260911598581369,-1.126091159858137
BTC,1h,356352,2024,24296,False,70.96093101275619,2.0,0.05636904621898134,1.9436309537810186
BTC,1h,358998,2024,24296,False,38.335971920319054,2.0,0.10434064403829284,1.8956593559617072
BTC,1h,359780,2024,24297,False,41.510993238254876,2.0,0.09636001665972568,1.9036399833402744
BTC,1h,360616,2024,24297,False,58.78103014105993,-1.0,0.13609832935560978,-1.1360983293556097
BTC,1h,360499,2024,24297,False,45.86493911898154,2.0,0.0872125871490489,1.912787412850951
BTC,1h,364269,2024,24297,False,68.35079778810574,2.0,0.05852162856094815,1.9414783714390518
BTC,1h,364987,2024,24297,False,41.865024134093794,-1.0,0.19109029949143172,-1.1910902994914316
BTC,1h,367919,2024,24297,False,26.91108224518538,-1.0,0.2972752982251863,-1.2972752982251863
BTC,1h,369903,2024,24298,False,58.83026752880464,-1.0,0.1359844232576882,-1.1359844232576881
BTC,1h,370897,2024,24298,False,51.56617659329473,-1.0,0.15514045307443367,-1.1551404530744336
BTC,1h,371716,2024,24298,False,22.491760622375363,-1.0,0.3556858057630847,-1.3556858057630847
BTC,1h,372016,2024,24298,False,40.634601163384644,2.0,0.09843827392120075,1.9015617260787994
BTC,1h,374062,2024,24298,False,34.68356314478914,2.0,0.1153284045039346,1.8846715954960653
BTC,1h,377116,2024,24299,False,39.41301230476086,-1.0,0.20297864923746634,-1.2029786492374663
BTC,1h,377649,2024,24299,False,40.00523704921372,2.0,0.09998690909090908,1.9000130909090909
BTC,1h,382075,2024,24299,False,51.39552635890693,-1.0,0.15565557095639293,-1.155655570956393
BTC,1h,387020,2024,24300,False,140.12872481511673,-1.0,0.05709036466688078,-1.0570903646668808
BTC,1h,387351,2024,24300,False,54.92177444498687,-1.0,0.14566171761280777,-1.1456617176128079
BTC,1h,390094,2024,24300,False,46.35121913187385,-1.0,0.1725952445228938,-1.1725952445228938
BTC,1h,391902,2024,24300,False,61.3183337870042,2.0,0.06523334462893966,1.9347666553710603
BTC,1h,393229,2024,24300,False,88.2592710956179,2.0,0.04532101784147412,1.954678982158526
BTC,1h,394244,2024,24300,False,71.29674829346959,-1.0,0.11220708084849303,-1.112207080848493
BTC,1h,394372,2024,24300,False,66.46584383756337,-1.0,0.12036257328728558,-1.1203625732872855
BTC,1h,394483,2024,24300,False,50.02412575597191,2.0,0.07996141740712935,1.9200385825928707
BTC,1h,396467,2025,24301,False,44.98650404878537,-1.0,0.17783111111111108,-1.177831111111111
BTC,1h,397077,2025,24301,False,50.326819085849976,-1.0,0.1589609704192352,-1.1589609704192352
BTC,1h,398195,2025,24301,False,45.733054507186345,-1.0,0.17492818020154122,-1.1749281802015412
BTC,1h,399057,2025,24301,False,70.52868942866306,2.0,0.0567145091225017,1.9432854908774984
BTC,1h,400223,2025,24301,False,197.51733339686928,-1.0,0.04050277442702051,-1.0405027744270205
BTC,1h,402598,2025,24301,False,49.194933180698015,2.0,0.08130918656414456,1.9186908134358553
BTC,1h,403843,2025,24302,False,27.574782180189608,-1.0,0.2901201520912609,-1.2901201520912609
BTC,1h,406886,2025,24302,False,40.7868510911604,2.0,0.0980708216738729,1.9019291783261272
BTC,1h,409530,2025,24302,False,45.50666568814002,-1.0,0.17579842159442075,-1.1757984215944208
BTC,1h,412307,2025,24303,False,108.85082084225553,-1.0,0.07349508196721312,-1.073495081967213
BTC,1h,412660,2025,24303,False,121.99879639413679,2.0,0.03278720871210364,1.9672127912878963
BTC,1h,414752,2025,24303,False,67.44404622964062,-1.0,0.11861684532924899,-1.118616845329249
BTC,1h,416051,2025,24303,False,43.11930956278698,-1.0,0.18553172769037554,-1.1855317276903756
BTC,1h,420989,2025,24304,False,35.755057573176174,2.0,0.11187228525121556,1.8881277147487845
BTC,1h,421075,2025,24304,False,81.65952455052513,2.0,0.04898387569627696,1.951016124303723
BTC,1h,421467,2025,24304,False,44.01962618889689,-1.0,0.18173711802254802,-1.181737118022548
BTC,1h,421511,2025,24304,False,80.27336074608696,2.0,0.049829731343283584,1.9501702686567164
BTC,1h,423258,2025,24304,False,208.51708138550057,2.0,0.01918308070217476,1.9808169192978253
BTC,1h,423382,2025,24304,False,57.56067011897728,-1.0,0.13898378846987167,-1.1389837884698717
BTC,1h,426527,2025,24304,False,30.323996373908333,2.0,0.13190873493975613,1.868091265060244
BTC,1h,427001,2025,24304,False,57.5121668711233,2.0,0.06955050066125032,1.9304494993387498
BTC,1h,430882,2025,24305,False,23.961027955568614,-1.0,0.3338754921047023,-1.3338754921047022
BTC,1h,430941,2025,24305,False,25.86542341987047,-1.0,0.3092932162809366,-1.3092932162809365
BTC,1h,433379,2025,24305,False,29.784080029375293,2.0,0.13429993459777506,1.8657000654022249
BTC,1h,434233,2025,24305,False,28.84850194570347,-1.0,0.27731076001994875,-1.2773107600199487
BTC,1h,434317,2025,24305,False,40.092916918011426,-1.0,0.19953649210307428,-1.1995364921030742
BTC,1h,435115,2025,24305,False,59.81259953335062,-1.0,0.13375108359133125,-1.1337510835913314
BTC,1h,435624,2025,24305,False,76.5979745819724,2.0,0.05222070194192072,1.9477792980580793
BTC,1h,437693,2025,24305,False,47.834923216881045,2.0,0.08362091398922517,1.9163790860107748
BTC,1h,438165,2025,24306,False,21.337688934484994,2.0,0.1874617261635764,1.8125382738364235
BTC,1h,438579,2025,24306,False,27.164847733879807,-1.0,0.2944982456140351,-1.294498245614035
BTC,1h,438825,2025,24306,False,30.03164553975296,-1.0,0.266385669390323,-1.266385669390323
BTC,1h,439096,2025,24306,False,22.217814302350746,2.0,0.18003571123451068,1.8199642887654894
BTC,1h,439630,2025,24306,False,35.13182011314775,-1.0,0.22771379263114458,-1.2277137926311446
BTC,1h,440358,2025,24306,False,17.460953597480135,2.0,0.22908256285482925,1.7709174371451708
BTC,1h,440706,2025,24306,False,45.78350328516503,-1.0,0.1747354270854191,-1.1747354270854191
BTC,1h,441593,2025,24306,False,84.8617391595007,-1.0,0.09427098807112251,-1.0942709880711226
BTC,1h,442383,2025,24306,False,18.077946619576654,2.0,0.22126406743940652,1.7787359325605934
BTC,1h,443692,2025,24306,False,48.01131287942405,-1.0,0.166627395091054,-1.166627395091054
BTC,1h,444102,2025,24306,False,19.921528317861156,-1.0,0.4015756157035098,-1.4015756157035097
BTC,1h,444456,2025,24306,False,65.44340075971957,-1.0,0.1222430360759003,-1.1222430360759004
BTC,1h,444582,2025,24306,False,47.590410791955655,-1.0,0.16810109151972824,-1.1681010915197283
BTC,1h,444771,2025,24306,False,42.4543924739631,2.0,0.09421875492513913,1.9057812450748608
BTC,1h,446539,2025,24306,False,17.449015145337686,2.0,0.2292392989909683,1.7707607010090318
BTC,1h,447894,2025,24307,True,23.204383675968195,2.0,0.17238122140441212,1.827618778595588
BTC,1h,448352,2025,24307,True,17.33780296172804,2.0,0.23070973922299806,1.769290260777002
BTC,1h,448404,2025,24307,True,16.306088309809905,-1.0,0.4906142937535252,-1.4906142937535252
BTC,1h,452643,2025,24307,True,29.086075942920772,-1.0,0.27504569594397665,-1.2750456959439767
BTC,1h,452560,2025,24307,True,31.71504834662306,-1.0,0.25224618649688485,-1.2522461864968848
BTC,1h,455086,2025,24307,True,23.750458243886065,2.0,0.16841780309774426,1.8315821969022557
BTC,1h,455305,2025,24307,True,22.64714252363149,-1.0,0.3532454477050376,-1.3532454477050375
BTC,1h,456983,2025,24308,True,26.86227643035752,-1.0,0.29781541489011937,-1.2978154148901193
BTC,1h,457545,2025,24308,True,54.81629990623939,2.0,0.0729709959782365,1.9270290040217635
BTC,1h,458283,2025,24308,True,46.66830712837179,2.0,0.08571127272727272,1.9142887272727274
BTC,1h,458631,2025,24308,True,62.11550354289371,-1.0,0.1287923230707712,-1.1287923230707713
BTC,1h,460721,2025,24308,True,28.627692930369687,2.0,0.13972484648794734,1.8602751535120527
BTC,1h,462522,2025,24308,True,58.225681173579325,2.0,0.06869820875217263,1.9313017912478274
BTC,1h,463595,2025,24308,True,29.728826278875626,-1.0,0.26909908668962657,-1.2690990866896266
BTC,1h,463830,2025,24308,True,31.073987924916512,2.0,0.12872502910360667,1.8712749708963934
BTC,1h,464308,2025,24308,True,15.047451343667513,-1.0,0.5316514948138826,-1.5316514948138826
BTC,1h,464362,2025,24308,True,15.535725513791915,2.0,0.25747107828655835,1.7425289217134416
BTC,1h,464670,2025,24309,True,58.41273519943318,-1.0,0.1369564354876782,-1.1369564354876782
BTC,1h,464695,2025,24309,True,28.683828707010605,-1.0,0.2789027950806554,-1.2789027950806555
BTC,1h,465057,2025,24309,True,40.929871552379964,2.0,0.09772813469206723,1.9022718653079327
BTC,1h,465808,2025,24309,True,31.860615377759952,2.0,0.12554685314685315,1.874453146853147
BTC,1h,466294,2025,24309,True,16.345737218076476,-1.0,0.48942423907029015,-1.48942423907029
BTC,1h,466991,2025,24309,True,22.535161165531534,-1.0,0.3550007892659908,-1.3550007892659908
BTC,1h,467225,2025,24309,True,27.900862532178817,-1.0,0.2867294869745831,-1.2867294869745831
BTC,1h,467857,2025,24309,True,24.113836130491592,2.0,0.1658798698951951,1.834120130104805
BTC,1h,468616,2025,24309,True,22.27065446289631,-1.0,0.35921710398445095,-1.359217103984451
BTC,1h,468668,2025,24309,True,17.562391855197756,-1.0,0.45551881918819187,-1.4555188191881918
BTC,1h,469254,2025,24309,True,20.86147432512995,-1.0,0.38348200493016527,-1.3834820049301653
BTC,1h,470765,2025,24309,True,25.62716797716666,2.0,0.15608435561681755,1.8439156443831823
BTC,1h,473013,2025,24309,True,30.90854456831277,2.0,0.12941405219386398,1.870585947806136
BTC,1h,473974,2025,24310,True,52.770567915939125,2.0,0.07579982854025373,1.9242001714597463
BTC,1h,474452,2025,24310,True,38.20844053635955,-1.0,0.20937782038989833,-1.2093778203898984
BTC,1h,474446,2025,24310,True,28.746964861876315,-1.0,0.27829024867280683,-1.278290248672807
BTC,1h,474627,2025,24310,True,58.086333154842,-1.0,0.13772602892102392,-1.137726028921024
BTC,1h,475937,2025,24310,True,23.537939706630837,-1.0,0.33987681588573077,-1.3398768158857308
BTC,1h,478969,2025,24310,True,44.26084930017071,-1.0,0.1807466446417499,-1.1807466446417498
BTC,1h,479073,2025,24310,True,49.15564294336524,-1.0,0.16274835443037974,-1.1627483544303798
BTC,1h,479200,2025,24310,True,129.35336015405036,-1.0,0.06184609344877154,-1.0618460934487715
BTC,1h,480641,2025,24310,True,31.019186006594882,2.0,0.12895244895045194,1.8710475510495481
BTC,1h,480948,2025,24310,True,33.929275101826555,-1.0,0.23578458354889306,-1.235784583548893
BTC,1h,481462,2025,24310,True,32.60276667471505,2.0,0.12268897421831948,1.8773110257816805
BTC,1h,485638,2025,24311,True,62.996625666704084,-1.0,0.12699092872569967,-1.1269909287256996
BTC,1h,492363,2025,24312,True,38.964898202672146,2.0,0.10265649814339017,1.8973435018566098
BTC,1h,492741,2025,24312,True,56.56729915622031,-1.0,0.14142446465238911,-1.1414244646523892
BTC,1h,492783,2025,24312,True,58.37474226179227,-1.0,0.13704557296583048,-1.1370455729658304
BTC,1h,493522,2025,24312,True,112.83340864292154,2.0,0.035450493325594794,1.9645495066744052
BTC,1h,493300,2025,24312,True,34.6134385561837,-1.0,0.23112410478995296,-1.231124104789953
BTC,1h,494961,2025,24312,True,30.13699708640046,-1.0,0.2654544504571777,-1.2654544504571776
BTC,1h,495233,2025,24312,True,35.31718882264549,2.0,0.11325929762096998,1.8867407023790301
BTC,1h,495978,2025,24312,True,54.7629572454985,-1.0,0.146084148891678,-1.146084148891678
BTC,1h,496668,2025,24312,True,17.405622344424888,-1.0,0.4596216005205032,-1.4596216005205032
BTC,1h,496708,2025,24312,True,17.318023377349455,-1.0,0.46194648348051887,-1.461946483480519
BTC,1h,498129,2025,24312,True,68.47370632388177,-1.0,0.11683316749585405,-1.116833167495854
BTC,1h,498930,2025,24312,True,33.83315062906259,-1.0,0.23645447885447657,-1.2364544788544767
BTC,1h,498901,2025,24312,True,31.566927855707746,-1.0,0.25342979324969334,-1.2534297932496934
BTC,1h,501375,2026,24313,True,30.653573759421725,-1.0,0.26098098912663026,-1.2609809891266304
BTC,1h,503031,2026,24313,True,24.855557933202746,-1.0,0.3218596026490066,-1.3218596026490066
BTC,1h,503889,2026,24313,True,47.86059282749686,2.0,0.08357606464293356,1.9164239353570665
BTC,1h,504969,2026,24313,True,38.892593882235985,2.0,0.10284734446130582,1.8971526555386942
BTC,1h,505450,2026,24313,True,50.9706117822722,-1.0,0.1569531877343963,-1.1569531877343964
BTC,1h,505636,2026,24313,True,40.37136733243387,-1.0,0.19816024397005985,-1.1981602439700598
BTC,1h,505673,2026,24313,True,89.48314374213999,-1.0,0.08940231271996077,-1.0894023127199608
BTC,1h,505905,2026,24313,True,43.78217315723108,-1.0,0.1827227710070558,-1.1827227710070558
BTC,1h,508097,2026,24313,True,94.61146863893958,-1.0,0.08455634517766497,-1.084556345177665
BTC,1h,508516,2026,24313,True,42.35804269909955,2.0,0.09443306973400431,1.9055669302659957
BTC,1h,509430,2026,24314,True,76.3102183719268,-1.0,0.10483523924684589,-1.104835239246846
BTC,1h,509451,2026,24314,True,56.52951604864385,2.0,0.07075949485500611,1.929240505144994
BTC,1h,512093,2026,24314,True,54.815786826495625,-1.0,0.1459433579841116,-1.1459433579841116
BTC,1h,513084,2026,24314,True,46.031672250489784,2.0,0.08689669100512505,1.913103308994875
BTC,1h,515026,2026,24314,True,136.1511269907636,2.0,0.02937911781127862,1.9706208821887214
BTC,1h,515586,2026,24314,True,117.14144741392673,2.0,0.03414675239469892,1.965853247605301
BTC,1h,516550,2026,24314,True,89.96109956907401,-1.0,0.08892732568100097,-1.088927325681001
BTC,1h,517362,2026,24315,True,57.76099509993354,2.0,0.06925088449531581,1.930749115504684
BTC,1h,517306,2026,24315,True,124.05376030382595,-1.0,0.06448817013210095,-1.064488170132101
BTC,1h,517394,2026,24315,True,55.95773299744338,2.0,0.07148252414340577,1.9285174758565942
BTC,1h,521095,2026,24315,True,49.07861459487559,-1.0,0.16300378619153807,-1.163003786191538
BTC,1h,527316,2026,24316,True,47.942338144555066,-1.0,0.16686712224753228,-1.1668671222475322
BTC,1h,527437,2026,24316,True,35.619257976724896,2.0,0.11229880203045685,1.887701197969543
BTC,1h,527795,2026,24316,True,68.48723859170993,2.0,0.058405041322314055,1.941594958677686
BTC,1h,528726,2026,24316,True,19.9077883252207,-1.0,0.40185277587390217,-1.4018527758739021
BTC,1h,529569,2026,24316,True,65.8377095382424,2.0,0.060755455012853475,1.9392445449871465
BTC,1h,530635,2026,24316,True,29.095429048718017,2.0,0.13747863945578231,1.8625213605442177
BTC,1h,530595,2026,24316,True,49.004890045768626,-1.0,0.16324901438465256,-1.1632490143846526
BTC,1h,533372,2026,24316,True,52.24213940300247,2.0,0.07656654275092936,1.9234334572490706
BTC,1h,533810,2026,24316,True,25.85570215886818,-1.0,0.30940950475236273,-1.3094095047523626
BTC,1h,535122,2026,24317,True,16.767261762506692,-1.0,0.4771202426080576,-1.4771202426080576
BTC,1h,535225,2026,24317,True,61.17065200815161,-1.0,0.13078166959760243,-1.1307816695976025
BTC,1h,535277,2026,24317,True,33.14722155703717,-1.0,0.24134752851711025,-1.2413475285171103
BTC,1h,537124,2026,24317,True,68.01961164619385,-1.0,0.11761313842266921,-1.1176131384226693
BTC,1h,538339,2026,24317,True,44.489275062374176,-1.0,0.17981861895443255,-1.1798186189544326
BTC,1h,539875,2026,24317,True,22.59207341709257,2.0,0.17705324899368044,1.8229467510063195
BTC,1h,540741,2026,24317,True,41.0542020751667,-1.0,0.19486434020451038,-1.1948643402045103
BTC,1h,541035,2026,24317,True,34.91947536193298,2.0,0.11454925821596246,1.8854507417840376
BTC,1h,541585,2026,24317,True,23.688337879120986,-1.0,0.33771892484914434,-1.3377189248491443
BTC,1h,542229,2026,24317,True,56.26181739180695,2.0,0.07109617473150617,1.9289038252684938
BTC,1h,542530,2026,24317,True,23.347332643933747,2.0,0.17132578102189783,1.8286742189781022
BTC,1h,546414,2026,24318,True,38.24205484242124,-1.0,0.2091937798050993,-1.2091937798050993
BTC,1h,547404,2026,24318,True,31.253225934344094,-1.0,0.2559735758736131,-1.255973575873613
BTC,1h,548304,2026,24318,True,58.19582646227847,2.0,0.06873345123112447,1.9312665487688756
BTC,1h,550244,2026,24318,True,56.00823953017382,-1.0,0.14283612673971102,-1.1428361267397111
DOGE,4h,2503,2021,24258,False,152.67957191457185,-1.0,0.05239731746481583,-1.0523973174648158
DOGE,4h,4334,2021,24258,False,119.27799754856133,-1.0,0.06707020711630392,-1.0670702071163038
DOGE,4h,5708,2021,24258,False,129.86078894655,-1.0,0.06160443090556578,-1.0616044309055659
DOGE,4h,6495,2021,24258,False,290.3120137580864,2.0,0.013778279266572666,1.9862217207334274
DOGE,4h,9921,2021,24259,False,49.17437516540156,2.0,0.08134317897371775,1.9186568210262822
DOGE,4h,10129,2021,24259,False,117.63912054267082,-1.0,0.06800458863595625,-1.0680045886359562
DOGE,4h,11999,2021,24259,False,109.7521087350459,-1.0,0.07289153795953855,-1.0728915379595385
DOGE,4h,12068,2021,24259,False,59.128056987008094,2.0,0.06764977920513944,1.9323502207948606
DOGE,4h,13834,2021,24259,False,272.5379732897743,-1.0,0.029353707681292727,-1.0293537076812926
DOGE,4h,14305,2021,24259,False,154.48173066484253,-1.0,0.05178605887939257,-1.0517860588793926
DOGE,4h,14631,2021,24259,False,135.9762546117014,2.0,0.029416900850979765,1.9705830991490203
DOGE,4h,16086,2021,24259,False,484.28150182974315,-1.0,0.016519317731059087,-1.0165193177310592
DOGE,4h,16514,2021,24259,False,283.27176281140544,2.0,0.01412071559939806,1.985879284400602
DOGE,4h,17207,2021,24259,False,110.17386813565119,-1.0,0.07261250000000026,-1.0726125000000002
DOGE,4h,17347,2021,24259,False,93.51063416151392,2.0,0.042775883575883994,1.957224116424116
DOGE,4h,18805,2021,24260,False,67.83309680395452,-1.0,0.11793652917131181,-1.117936529171312
DOGE,4h,21432,2021,24260,False,158.92218274716677,-1.0,0.05033910220530634,-1.0503391022053064
DOGE,4h,31225,2021,24261,False,90.53671857221838,-1.0,0.08836193895870706,-1.0883619389587071
DOGE,4h,32742,2021,24261,False,139.47905835698262,2.0,0.02867814026792755,1.9713218597320725
DOGE,4h,32974,2021,24261,False,128.57885444598844,2.0,0.0311093143365985,1.9688906856634014
DOGE,4h,36677,2021,24262,False,197.41583183622177,2.0,0.020261799485861102,1.9797382005141388
DOGE,4h,41040,2021,24262,False,86.35397677486903,2.0,0.04632097037555416,1.9536790296244457
DOGE,4h,42676,2021,24262,False,78.02735250845838,2.0,0.05126407434580571,1.9487359256541943
DOGE,4h,43757,2021,24262,False,862.871002671997,0.0,0.009271374255510865,-0.009271374255510865
DOGE,4h,45875,2021,24263,False,56.76013387589083,2.0,0.07047199727798777,1.9295280027220123
DOGE,4h,49717,2021,24263,False,62.160485091281124,-1.0,0.12869912434325761,-1.1286991243432576
DOGE,4h,52290,2021,24263,False,82.56957251016958,-1.0,0.09688799102132556,-1.0968879910213256
DOGE,4h,51610,2021,24263,False,117.90644171779226,2.0,0.03392520325203228,1.9660747967479677
DOGE,4h,53033,2021,24264,False,125.59300935698846,2.0,0.031848906403940905,1.968151093596059
DOGE,4h,52935,2021,24264,False,110.6988205630509,-1.0,0.07226815931108703,-1.072268159311087
DOGE,4h,53799,2021,24264,False,577.6110822742772,0.0,0.013850149772924923,-0.013850149772924923
DOGE,4h,56918,2021,24264,False,710.7900256350496,-1.0,0.011255081967213124,-1.011255081967213
DOGE,4h,59405,2021,24264,False,87.84340812370617,2.0,0.0455355738744445,1.9544644261255555
DOGE,4h,63462,2022,24265,False,165.49065829922128,2.0,0.02417054860442731,1.9758294513955728
DOGE,4h,66288,2022,24265,False,82.7762141941821,-1.0,0.09664612084376138,-1.0966461208437615
DOGE,4h,68695,2022,24265,False,142.32870668883942,2.0,0.0281039580352883,1.9718960419647118
DOGE,4h,67979,2022,24265,False,251.250436198673,-1.0,0.031840740740740864,-1.0318407407407408
DOGE,4h,71917,2022,24266,False,74.52250964601059,2.0,0.05367505763024356,1.9463249423697564
DOGE,4h,73045,2022,24266,False,142.7662819634074,2.0,0.028017820069204048,1.971982179930796
DOGE,4h,74145,2022,24266,False,134.34290827023395,-1.0,0.05954910536779366,-1.0595491053677937
DOGE,4h,74298,2022,24266,False,156.43185582765176,-1.0,0.051140478757817534,-1.0511404787578176
DOGE,4h,76972,2022,24266,False,152.60642688902436,-1.0,0.05242243176178689,-1.052422431761787
DOGE,4h,77421,2022,24266,False,388.538363463991,-1.0,0.020589987379049185,-1.0205899873790492
DOGE,4h,79501,2022,24267,False,70.52018069058123,-1.0,0.1134427042253522,-1.1134427042253523
DOGE,4h,78746,2022,24267,False,67.24738141610477,2.0,0.059481870011403266,1.9405181299885967
DOGE,4h,80673,2022,24267,False,88.01078814816,2.0,0.045448973747017014,1.954551026252983
DOGE,4h,81237,2022,24267,False,110.58279440832952,-1.0,0.07234398481973439,-1.0723439848197345
DOGE,4h,82419,2022,24267,False,72.8147810016799,-1.0,0.10986780279975618,-1.1098678027997562
DOGE,4h,82558,2022,24267,False,103.34147753129217,-1.0,0.0774132535271481,-1.0774132535271481
DOGE,4h,84211,2022,24267,False,73.70007598374026,-1.0,0.10854805633802823,-1.1085480563380283
DOGE,4h,84520,2022,24267,False,58.32285720173937,2.0,0.06858374558303888,1.931416254416961
DOGE,4h,85635,2022,24267,False,152.45345908376422,2.0,0.026237515527950304,1.9737624844720496
DOGE,4h,86260,2022,24267,False,105.35385863032829,-1.0,0.07593457044673478,-1.0759345704467347
DOGE,4h,87807,2022,24268,False,108.16070791008245,-1.0,0.07396401294498427,-1.0739640129449843
DOGE,4h,88535,2022,24268,False,85.54979769576519,-1.0,0.093512786885246,-1.093512786885246
DOGE,4h,90319,2022,24268,False,114.57432654480749,2.0,0.034911835143413984,1.965088164856586
DOGE,4h,92655,2022,24268,False,94.27100002909741,-1.0,0.08486172839506045,-1.0848617283950603
DOGE,4h,94606,2022,24268,False,78.72544545810587,2.0,0.05080949338201738,1.9491905066179827
DOGE,4h,94603,2022,24268,False,103.13393593950889,-1.0,0.07756903609973964,-1.0775690360997396
DOGE,4h,95841,2022,24268,False,311.38332049523694,-1.0,0.02569180644382772,-1.0256918064438276
DOGE,4h,94934,2022,24268,False,356.271617186385,-1.0,0.022454777798970066,-1.02245477779897
DOGE,4h,98110,2022,24269,False,154.4909633055441,2.0,0.025891482028557296,1.9741085179714426
DOGE,4h,99791,2022,24269,False,468.03175929795214,2.0,0.008546428571428576,1.9914535714285715
DOGE,4h,101563,2022,24269,False,120.746180390085,2.0,0.03312734189253458,1.9668726581074654
DOGE,4h,102143,2022,24269,False,93.89533345484354,-1.0,0.08520125234815197,-1.085201252348152
DOGE,4h,103671,2022,24269,False,111.64430516110029,2.0,0.03582807017543875,1.9641719298245612
DOGE,4h,105674,2022,24270,False,117.50527267249215,2.0,0.03404102564102551,1.9659589743589745
DOGE,4h,107076,2022,24270,False,74.31260837255256,-1.0,0.10765333333333524,-1.1076533333333352
DOGE,4h,108472,2022,24270,False,186.1252115059225,-1.0,0.04298181818181811,-1.042981818181818
DOGE,4h,109552,2022,24270,False,213.743154919626,-1.0,0.037428099173553636,-1.0374280991735536
DOGE,4h,113403,2022,24270,False,112.32759846438206,2.0,0.03561012658227852,1.9643898734177214
DOGE,4h,113759,2022,24270,False,159.2573024379199,-1.0,0.05023317535545022,-1.0502331753554501
DOGE,4h,114661,2022,24271,False,70.22577965717636,-1.0,0.11391827956989412,-1.113918279569894
DOGE,4h,115140,2022,24271,False,139.23863131387887,-1.0,0.0574553191489364,-1.0574553191489364
DOGE,4h,116999,2022,24271,False,86.39137671395797,2.0,0.046300917431192336,1.9536990825688076
DOGE,4h,119433,2022,24271,False,175.0700280112046,-1.0,0.045695999999999966,-1.045696
DOGE,4h,120176,2022,24271,False,68.50796855844656,2.0,0.05838736842105395,1.9416126315789461
DOGE,4h,121517,2022,24271,False,144.16182353385125,-1.0,0.05549319371727763,-1.0554931937172776
DOGE,4h,121251,2022,24271,False,70.989869984845,2.0,0.05634606741573023,1.9436539325842697
DOGE,4h,126923,2022,24272,False,196.98132514709638,-1.0,0.040612987012987024,-1.040612987012987
DOGE,4h,128074,2022,24272,False,115.76510208377272,2.0,0.03455272727272701,1.965447272727273
DOGE,4h,130903,2022,24272,False,118.4513872326887,-1.0,0.06753825503355744,-1.0675382550335575
DOGE,4h,131215,2022,24272,False,73.01612773810544,-1.0,0.10956483516483419,-1.1095648351648342
DOGE,4h,131348,2022,24272,False,106.55216284987341,2.0,0.03754029850746246,1.9624597014925376
DOGE,4h,133043,2022,24273,False,51.1508951406651,-1.0,0.15639999999999957,-1.1563999999999997
DOGE,4h,133557,2022,24273,False,188.8971376721934,-1.0,0.04235109170305676,-1.0423510917030567
DOGE,4h,136400,2022,24273,False,206.41831962586735,2.0,0.019378124999999947,1.980621875
DOGE,4h,136063,2022,24273,False,51.78750417641242,2.0,0.07723870967741818,1.922761290322582
DOGE,4h,136707,2022,24273,False,48.24488437863893,-1.0,0.16582068965517321,-1.1658206896551733
DOGE,4h,136630,2022,24273,False,35.99476439790543,-1.0,0.2222545454545475,-1.2222545454545475
DOGE,4h,137076,2022,24273,False,97.83071033602707,2.0,0.040886956521739196,1.9591130434782609
DOGE,4h,138692,2022,24273,False,83.7493960380093,-1.0,0.09552307692307697,-1.095523076923077
DOGE,4h,139296,2022,24273,False,55.89307411907736,-1.0,0.14313043478260662,-1.1431304347826066
DOGE,4h,140149,2022,24273,False,76.75975828842041,-1.0,0.10422127659574508,-1.104221276595745
DOGE,4h,141569,2022,24274,False,268.2907411830267,2.0,0.014909198813056388,1.9850908011869437
DOGE,4h,142318,2022,24274,False,75.0199521149239,2.0,0.053319148936170416,1.9466808510638296
DOGE,4h,143270,2022,24274,False,51.926298157453566,-1.0,0.15406451612903335,-1.1540645161290333
DOGE,4h,143920,2022,24274,False,60.575466935892,-1.0,0.1320666666666644,-1.1320666666666643
DOGE,4h,144194,2022,24274,False,77.12518010000915,-1.0,0.10372747252747162,-1.1037274725274717
DOGE,4h,144476,2022,24274,False,41.041963313510706,2.0,0.09746122448979506,1.902538775510205
DOGE,4h,147866,2022,24274,False,163.606010016695,2.0,0.02444897959183666,1.9755510204081634
DOGE,4h,148598,2022,24274,False,539.4476469069946,2.0,0.007414992025518344,1.9925850079744816
DOGE,4h,149350,2022,24275,False,354.5051698670605,2.0,0.011283333333333336,1.9887166666666667
DOGE,4h,151394,2022,24275,False,154.05033891074575,-1.0,0.05193107692307687,-1.051931076923077
DOGE,4h,151939,2022,24275,False,333.9248265849327,2.0,0.01197874396135267,1.9880212560386474
DOGE,4h,155831,2022,24275,False,157.80035863717893,2.0,0.025348484848484815,1.9746515151515152
DOGE,4h,155399,2022,24275,False,117.49680715197832,-1.0,0.06808695652173985,-1.06808695652174
DOGE,4h,155686,2022,24275,False,140.70414608217135,2.0,0.02842844444444442,1.9715715555555555
DOGE,4h,156979,2022,24275,False,328.1334050564832,2.0,0.012190163934426184,1.9878098360655738
DOGE,4h,157273,2022,24275,False,130.96120583148078,-1.0,0.06108679245282987,-1.0610867924528298
DOGE,4h,158139,2022,24276,False,256.4102564102578,2.0,0.015599999999999918,1.9844000000000002
DOGE,4h,160064,2022,24276,False,149.9540956849943,-1.0,0.05334965986394562,-1.0533496598639456
DOGE,4h,161443,2022,24276,False,134.13922909707887,2.0,0.029819762845849748,1.9701802371541504
DOGE,4h,161246,2022,24276,False,164.535853251806,-1.0,0.048621621621621786,-1.0486216216216218
DOGE,4h,162512,2022,24276,False,147.368421052632,-1.0,0.05428571428571414,-1.054285714285714
DOGE,4h,163329,2022,24276,False,209.96847118803393,2.0,0.019050479233226704,1.9809495207667733
DOGE,4h,163691,2022,24276,False,61.875297477391314,2.0,0.06464615384615427,1.9353538461538458
DOGE,4h,165781,2022,24276,False,84.72824963835372,2.0,0.04720975609756171,1.9527902439024383
DOGE,4h,166556,2022,24276,False,121.17714945181874,-1.0,0.06601904761904703,-1.066019047619047
DOGE,4h,167317,2023,24277,False,73.39449541284301,2.0,0.054500000000000756,1.9454999999999993
DOGE,4h,168186,2023,24277,False,101.0101010101008,-1.0,0.07920000000000017,-1.0792000000000002
DOGE,4h,170609,2023,24277,False,203.78457059679778,2.0,0.01962857142857142,1.9803714285714287
DOGE,4h,171663,2023,24277,False,71.90879859690202,-1.0,0.1112520325203244,-1.1112520325203243
DOGE,4h,171757,2023,24277,False,116.53100661708682,2.0,0.03432562814070366,1.9656743718592964
DOGE,4h,172439,2023,24277,False,62.13428243952483,-1.0,0.12875339805825203,-1.128753398058252
DOGE,4h,173646,2023,24277,False,98.68620209481097,2.0,0.0405325153374235,1.9594674846625766
DOGE,4h,172638,2023,24277,False,104.26540284360257,2.0,0.038363636363636114,1.9616363636363638
DOGE,4h,173901,2023,24277,False,149.07921660333216,-1.0,0.05366274509803929,-1.0536627450980394
DOGE,4h,178963,2023,24278,False,250.5109489051088,2.0,0.01596736596736601,1.984032634032634
DOGE,4h,179108,2023,24278,False,72.6480203414461,-1.0,0.11011999999999939,-1.1101199999999993
DOGE,4h,179189,2023,24278,False,61.865577512163085,-1.0,0.1293126213592229,-1.1293126213592228
DOGE,4h,181212,2023,24278,False,48.3916880159402,-1.0,0.16531764705882557,-1.1653176470588256
DOGE,4h,183468,2023,24278,False,112.41387646561105,2.0,0.035582795698924724,1.9644172043010752
DOGE,4h,184912,2023,24279,False,53.16321105794758,-1.0,0.15048000000000092,-1.1504800000000008
DOGE,4h,187180,2023,24279,False,203.20549513451698,-1.0,0.039369014084506916,-1.0393690140845069
DOGE,4h,186643,2023,24279,False,141.79104477611827,-1.0,0.0564210526315794,-1.0564210526315794
DOGE,4h,187315,2023,24279,False,113.19111885067522,-1.0,0.0706769230769228,-1.0706769230769229
DOGE,4h,188181,2023,24279,False,160.07333756434824,-1.0,0.049977092511012726,-1.0499770925110128
DOGE,4h,190022,2023,24279,False,101.24504036119914,-1.0,0.07901621621621573,-1.0790162162162158
DOGE,4h,192107,2023,24279,False,92.7470474411158,2.0,0.04312805755395676,1.9568719424460432
DOGE,4h,193141,2023,24280,False,257.48086290883725,-1.0,0.031070270270270345,-1.0310702702702703
DOGE,4h,193460,2023,24280,False,91.29040217123175,-1.0,0.08763243243243189,-1.0876324324324318
DOGE,4h,194467,2023,24280,False,615.9550293027152,0.0,0.01298796116504854,-0.01298796116504854
DOGE,4h,195159,2023,24280,False,70.96500272942176,-1.0,0.1127316239316262,-1.1127316239316263
DOGE,4h,195991,2023,24280,False,61.37922734384361,2.0,0.06516862745098083,1.9348313725490192
DOGE,4h,196570,2023,24280,False,98.86447093384564,-1.0,0.08091885714285707,-1.0809188571428572
DOGE,4h,197439,2023,24280,False,89.62728167012803,-1.0,0.08925853658536571,-1.0892585365853658
DOGE,4h,198915,2023,24280,False,220.49286640726268,2.0,0.018141176470588286,1.9818588235294117
DOGE,4h,200105,2023,24280,False,69.07610706796656,-1.0,0.1158142857142847,-1.1158142857142848
DOGE,4h,200165,2023,24280,False,171.32888916578423,-1.0,0.046693818181818135,-1.0466938181818182
DOGE,4h,202163,2023,24281,False,32.33428678025075,-1.0,0.24741538461538815,-1.2474153846153881
DOGE,4h,203773,2023,24281,False,111.28558749232064,-1.0,0.07188711656441628,-1.0718871165644164
DOGE,4h,205514,2023,24281,False,34.55902681780484,-1.0,0.23148799999999978,-1.2314879999999997
DOGE,4h,207480,2023,24281,False,42.63512584238822,-1.0,0.18763870967741647,-1.1876387096774166
DOGE,4h,207961,2023,24281,False,42.82951091461795,-1.0,0.1867870967741907,-1.1867870967741907
DOGE,4h,209068,2023,24281,False,75.64716496634101,-1.0,0.10575412844036623,-1.1057541284403662
DOGE,4h,209189,2023,24281,False,48.60436050548386,2.0,0.08229714285714537,1.9177028571428547
DOGE,4h,211897,2023,24282,False,231.56089193825193,-1.0,0.034548148148147925,-1.034548148148148
DOGE,4h,211847,2023,24282,False,83.03677342823325,-1.0,0.09634285714285629,-1.0963428571428562
DOGE,4h,212089,2023,24282,False,102.13143872113825,-1.0,0.07833043478260755,-1.0783304347826075
DOGE,4h,211988,2023,24282,False,58.32793259883381,-1.0,0.1371555555555547,-1.1371555555555548
DOGE,4h,212694,2023,24282,False,71.21057985757744,-1.0,0.11234285714285935,-1.1123428571428593
DOGE,4h,213437,2023,24282,False,58.450646250101954,-1.0,0.13686760563380504,-1.136867605633805
DOGE,4h,215641,2023,24282,False,31.267537881824857,-1.0,0.2558564102564093,-1.2558564102564094
DOGE,4h,216422,2023,24282,False,90.07656508031876,-1.0,0.08881333333333286,-1.088813333333333
DOGE,4h,218422,2023,24282,False,60.09805472085899,-1.0,0.1331157894736872,-1.1331157894736872
DOGE,4h,218756,2023,24282,False,74.83629560336891,-1.0,0.10689999999999818,-1.1068999999999982
DOGE,4h,220403,2023,24283,False,116.38185032410122,2.0,0.0343696202531646,1.9656303797468353
DOGE,4h,222847,2023,24283,False,87.03549534549397,2.0,0.04595826086956475,1.9540417391304352
DOGE,4h,222845,2023,24283,False,85.93463092177778,-1.0,0.09309401709401674,-1.0930940170940167
DOGE,4h,222978,2023,24283,False,81.67690639681909,-1.0,0.09794690265486794,-1.097946902654868
DOGE,4h,223229,2023,24283,False,268.3185840707956,-1.0,0.029815303430079248,-1.0298153034300792
DOGE,4h,225455,2023,24283,False,41.98152812762311,2.0,0.09528000000000167,1.9047199999999984
DOGE,4h,226108,2023,24283,False,139.12496065470506,-1.0,0.05750226244343917,-1.0575022624434391
DOGE,4h,227407,2023,24283,False,62.20642376539346,2.0,0.06430204081632597,1.935697959183674
DOGE,4h,229037,2023,24284,False,60.57413747695393,-1.0,0.1320695652173947,-1.1320695652173947
DOGE,4h,229376,2023,24284,False,79.77475363679001,2.0,0.050141176470588376,1.9498588235294116
DOGE,4h,229884,2023,24284,False,45.26721167488709,2.0,0.0883641791044771,1.9116358208955229
DOGE,4h,231617,2023,24284,False,41.21792314851811,2.0,0.0970451612903211,1.9029548387096789
DOGE,4h,232845,2023,24284,False,216.87509893936937,-1.0,0.03688759124087601,-1.036887591240876
DOGE,4h,236337,2023,24284,False,254.27003632429205,-1.0,0.031462613981762776,-1.0314626139817629
DOGE,4h,237201,2023,24285,False,48.18153559216518,-1.0,0.1660387096774243,-1.1660387096774243
DOGE,4h,238986,2023,24285,False,24.48463786430809,-1.0,0.32673548387096274,-1.3267354838709626
DOGE,4h,245854,2023,24286,False,28.712713351411647,-1.0,0.2786222222222228,-1.2786222222222228
DOGE,4h,248537,2023,24286,False,37.67123287671198,2.0,0.10618181818181915,1.893818181818181
DOGE,4h,249565,2023,24286,False,33.858134416793426,2.0,0.11814000000000073,1.8818599999999992
DOGE,4h,250889,2023,24286,False,54.617259053860835,-1.0,0.14647384615384665,-1.1464738461538466
DOGE,4h,252187,2023,24286,False,141.44812294518067,-1.0,0.056557837837837285,-1.0565578378378373
DOGE,4h,253258,2023,24286,False,96.98899826288418,-1.0,0.08248358208955175,-1.0824835820895518
DOGE,4h,255192,2023,24287,False,46.592894583576125,-1.0,0.17169999999999955,-1.1716999999999995
DOGE,4h,256901,2023,24287,False,103.50853609356,2.0,0.0386441558441562,1.9613558441558439
DOGE,4h,263603,2023,24288,False,54.06676069581595,-1.0,0.14796521739130367,-1.1479652173913037
DOGE,4h,268151,2023,24288,False,107.21561059290242,2.0,0.037307999999999966,1.962692
DOGE,4h,268297,2023,24288,False,63.093213364787644,-1.0,0.12679652173913217,-1.1267965217391323
DOGE,4h,273486,2024,24289,False,60.934326337169374,-1.0,0.13128888888889012,-1.1312888888888901
DOGE,4h,275242,2024,24289,False,184.52012383900825,-1.0,0.04335570469798682,-1.0433557046979869
DOGE,4h,277298,2024,24289,False,52.68837681711403,2.0,0.07591807228915687,1.9240819277108432
DOGE,4h,278156,2024,24289,False,140.51377282575018,-1.0,0.05693392070484596,-1.056933920704846
DOGE,4h,277925,2024,24289,False,236.192505771621,-1.0,0.03387067669172938,-1.0338706766917294
DOGE,4h,278506,2024,24289,False,103.6170618523929,-1.0,0.07720736196319053,-1.0772073619631906
DOGE,4h,280508,2024,24289,False,47.72670183370905,-1.0,0.16762105263158272,-1.1676210526315827
DOGE,4h,284627,2024,24290,False,48.38018249739807,-1.0,0.16535696202531372,-1.1653569620253137
DOGE,4h,285025,2024,24290,False,102.42140785033504,2.0,0.0390543352601154,1.9609456647398846
DOGE,4h,286304,2024,24290,False,53.71783997738232,-1.0,0.14892631578947269,-1.1489263157894727
DOGE,4h,289817,2024,24291,False,192.75017917091031,-1.0,0.04150450097847355,-1.0415045009784736
DOGE,4h,290025,2024,24291,False,197.41785641095728,2.0,0.020261591695501704,1.9797384083044982
DOGE,4h,290656,2024,24291,False,470.7664344138139,-1.0,0.016993564993564997,-1.016993564993565
DOGE,4h,292198,2024,24291,False,123.7149329151416,2.0,0.03233239436619729,1.9676676056338027
DOGE,4h,293062,2024,24291,False,139.07734056987735,2.0,0.02876097560975621,1.9712390243902438
DOGE,4h,293869,2024,24291,False,175.9837865225466,-1.0,0.045458733205374344,-1.0454587332053744
DOGE,4h,294847,2024,24291,False,214.63239259392324,-1.0,0.0372730318257958,-1.0372730318257959
DOGE,4h,296321,2024,24291,False,149.78825000710563,2.0,0.026704364326375726,1.9732956356736242
DOGE,4h,297598,2024,24291,False,267.00787021389635,-1.0,0.029961663652802853,-1.0299616636528028
DOGE,4h,298238,2024,24292,False,150.58957238244014,2.0,0.026562264150943492,1.9734377358490565
DOGE,4h,300559,2024,24292,False,136.22404787527304,-1.0,0.05872678227360277,-1.0587267822736028
DOGE,4h,300259,2024,24292,False,130.7737860244762,-1.0,0.061174339622641835,-1.0611743396226418
DOGE,4h,302094,2024,24292,False,416.0265470411127,2.0,0.009614771048744423,1.9903852289512556
DOGE,4h,307459,2024,24293,False,191.73934981618942,-1.0,0.04172330827067676,-1.0417233082706767
DOGE,4h,307892,2024,24293,False,171.71684506677818,2.0,0.02329416195856882,1.976705838041431
DOGE,4h,310337,2024,24293,False,140.41617323634048,-1.0,0.056973493975903025,-1.056973493975903
DOGE,4h,311415,2024,24293,False,78.14799071379535,-1.0,0.10236987447698731,-1.1023698744769872
DOGE,4h,313296,2024,24293,False,88.35237386323216,-1.0,0.0905465201465198,-1.0905465201465199
DOGE,4h,313221,2024,24293,False,91.0403716958628,-1.0,0.08787310344827545,-1.0878731034482754
DOGE,4h,313413,2024,24293,False,110.05855483000822,-1.0,0.07268857938718586,-1.0726885793871859
DOGE,4h,315231,2024,24293,False,66.52845251725053,-1.0,0.12024930232558222,-1.1202493023255822
DOGE,4h,317427,2024,24294,False,36.51216040596444,2.0,0.1095525423728852,1.8904474576271149
DOGE,4h,318866,2024,24294,False,69.12359872497358,-1.0,0.1157347150259075,-1.1157347150259076
DOGE,4h,319143,2024,24294,False,69.6398424310649,2.0,0.057438383838382755,1.9425616161616173
DOGE,4h,319864,2024,24294,False,80.02327949949003,2.0,0.049985454545455,1.950014545454545
DOGE,4h,320861,2024,24294,False,203.271399078927,-1.0,0.0393562499999999,-1.03935625
DOGE,4h,320970,2024,24294,False,98.55400274658798,-1.0,0.08117377049180244,-1.0811737704918025
DOGE,4h,325590,2024,24295,False,275.7016284710201,-1.0,0.029016876122082483,-1.0290168761220826
DOGE,4h,326313,2024,24295,False,117.41489886531788,-1.0,0.0681344537815128,-1.0681344537815127
DOGE,4h,326027,2024,24295,False,103.73164488751209,-1.0,0.0771220779220777,-1.0771220779220778
DOGE,4h,328675,2024,24295,False,79.21998781230874,-1.0,0.10098461538461644,-1.1009846153846163
DOGE,4h,330123,2024,24295,False,184.66618036626025,-1.0,0.0433214137214139,-1.043321413721414
DOGE,4h,330432,2024,24295,False,143.91658712093326,2.0,0.02779387755102055,1.9722061224489795
DOGE,4h,331489,2024,24295,False,87.91820821896191,-1.0,0.09099366515836917,-1.0909936651583692
DOGE,4h,332522,2024,24295,False,105.69538438141603,-1.0,0.0756892086330934,-1.0756892086330934
DOGE,4h,333474,2024,24296,False,160.94875052943658,-1.0,0.049705263157894766,-1.0497052631578947
DOGE,4h,334565,2024,24296,False,516.5939307825025,-1.0,0.015486051080550105,-1.0154860510805501
DOGE,4h,336242,2024,24296,False,130.84112149532695,-1.0,0.061142857142857214,-1.0611428571428572
DOGE,4h,337416,2024,24296,False,77.66804103940984,2.0,0.0515012345679009,1.948498765432099
DOGE,4h,337566,2024,24296,False,82.8320678434073,2.0,0.048290476190476564,1.9517095238095234
DOGE,4h,338610,2024,24296,False,65.14015001974022,-1.0,0.12281212121211975,-1.1228121212121198
DOGE,4h,338860,2024,24296,False,102.14007782101258,-1.0,0.07832380952380882,-1.0783238095238088
DOGE,4h,339293,2024,24296,False,47.47436384352454,-1.0,0.16851199999999983,-1.1685119999999998
DOGE,4h,340215,2024,24296,False,91.58267752772755,2.0,0.043676381909547916,1.9563236180904522
DOGE,4h,341111,2024,24296,False,179.2220580994586,2.0,0.022318681318681293,1.9776813186813187
DOGE,4h,344035,2024,24297,False,164.2958374888454,-1.0,0.0486926517571886,-1.0486926517571886
DOGE,4h,345061,2024,24297,False,202.4051071410902,-1.0,0.03952469437652802,-1.039524694376528
DOGE,4h,345237,2024,24297,False,68.76903428627628,-1.0,0.11633142857142753,-1.1163314285714274
DOGE,4h,347327,2024,24297,False,54.43422130160374,-1.0,0.14696637168141696,-1.146966371681417
DOGE,4h,346821,2024,24297,False,67.98670041188934,-1.0,0.11767007299270225,-1.1176700729927023
DOGE,4h,348304,2024,24297,False,86.98888216960425,-1.0,0.09196577540107037,-1.0919657754010703
DOGE,4h,350018,2024,24297,False,117.86113063975813,2.0,0.03393824561403519,1.9660617543859649
DOGE,4h,350287,2024,24297,False,123.2331981574086,-1.0,0.0649175718849836,-1.0649175718849837
DOGE,4h,352623,2024,24298,False,66.58971854745633,-1.0,0.12013866666666656,-1.1201386666666666
DOGE,4h,355466,2024,24298,False,129.62507178603644,2.0,0.0308582278481013,1.9691417721518987
DOGE,4h,356179,2024,24298,False,144.52611768048072,2.0,0.027676658476658355,1.9723233415233417
DOGE,4h,360698,2024,24299,False,153.66772977674677,-1.0,0.0520603773584906,-1.0520603773584907
DOGE,4h,361606,2024,24299,False,591.7095638038464,2.0,0.006760073260073269,1.9932399267399268
DOGE,4h,366243,2024,24299,False,208.27235268952862,-1.0,0.0384112432432431,-1.038411243243243
DOGE,4h,371198,2024,24300,False,205.49759685130786,2.0,0.019464947820748896,1.980535052179251
DOGE,4h,372255,2024,24300,False,72.1758374409009,-1.0,0.11084041811846754,-1.1108404181184675
DOGE,4h,372435,2024,24300,False,91.16418282721256,2.0,0.043876880984951884,1.956123119015048
DOGE,4h,374178,2024,24300,False,295.60785489431805,-1.0,0.02706288032454367,-1.0270628803245436
DOGE,4h,375460,2024,24300,False,128.86283131794315,2.0,0.031040758293838847,1.9689592417061612
DOGE,4h,376402,2024,24300,False,59.27128482379489,2.0,0.06748630490956002,1.93251369509044
DOGE,4h,376723,2024,24300,False,81.315923981229,2.0,0.049190857142856315,1.9508091428571437
DOGE,4h,377203,2024,24300,False,92.08219480991269,-1.0,0.0868789022298456,-1.0868789022298455
DOGE,4h,379196,2025,24301,False,208.32749978999252,-1.0,0.03840107526881719,-1.038401075268817
DOGE,4h,379189,2025,24301,False,68.06747558449183,-1.0,0.11753043478260977,-1.1175304347826098
DOGE,4h,380034,2025,24301,False,91.4385731961245,-1.0,0.08749042904290494,-1.087490429042905
DOGE,4h,382834,2025,24301,False,243.52614148722435,-1.0,0.03285068268705637,-1.0328506826870563
DOGE,4h,383555,2025,24301,False,239.7798742138378,2.0,0.016681967213114664,1.9833180327868853
DOGE,4h,384923,2025,24301,False,115.31149686789156,-1.0,0.06937729729729661,-1.0693772972972966
DOGE,4h,388080,2025,24302,False,155.22971652003804,-1.0,0.05153652392947138,-1.0515365239294714
DOGE,4h,392441,2025,24302,False,159.07285577530163,2.0,0.02514571062740082,1.974854289372599
DOGE,4h,394167,2025,24302,False,271.8029939201957,-1.0,0.029433082706766967,-1.029433082706767
DOGE,4h,395155,2025,24303,False,173.17593218576107,-1.0,0.0461957957957958,-1.046195795795796
DOGE,4h,394926,2025,24303,False,257.38077214231555,-1.0,0.031082352941176578,-1.0310823529411766
DOGE,4h,395733,2025,24303,False,269.2503084403796,-1.0,0.02971212938005398,-1.029712129380054
DOGE,4h,396976,2025,24303,False,154.83300154832986,2.0,0.02583428571428574,1.9741657142857143
DOGE,4h,397265,2025,24303,False,167.98909000743802,2.0,0.023811070110701195,1.9761889298892987
DOGE,4h,398785,2025,24303,False,146.9775022555953,2.0,0.0272150495049505,1.9727849504950494
DOGE,4h,399595,2025,24303,False,116.690550697511,-1.0,0.06855739348370939,-1.0685573934837094
DOGE,4h,402185,2025,24303,False,90.31175730462772,2.0,0.04429102167182648,1.9557089783281736
DOGE,4h,401638,2025,24303,False,118.7744294540409,-1.0,0.06735456475583876,-1.0673545647558387
DOGE,4h,404244,2025,24304,False,112.03983638627084,-1.0,0.0714031746031745,-1.0714031746031745
DOGE,4h,405360,2025,24304,False,201.35515213500292,2.0,0.019865396825396914,1.980134603174603
DOGE,4h,405594,2025,24304,False,183.125339120997,-1.0,0.04368592592592625,-1.0436859259259263
DOGE,4h,405830,2025,24304,False,348.17185530016496,-1.0,0.022977158774373254,-1.0229771587743732
DOGE,4h,408913,2025,24304,False,43.32894694611042,-1.0,0.18463407407407922,-1.1846340740740793
DOGE,4h,409163,2025,24304,False,71.3068719631471,-1.0,0.11219115044247865,-1.1121911504424786
DOGE,4h,409720,2025,24304,False,169.92571087012297,2.0,0.023539698492462194,1.9764603015075377
DOGE,4h,409993,2025,24304,False,77.29029324846556,-1.0,0.10350588235294118,-1.1035058823529411
DOGE,4h,410992,2025,24304,False,98.67205050189177,-1.0,0.08107665706051807,-1.0810766570605181
DOGE,4h,416976,2025,24305,False,108.96325339655344,2.0,0.0367096234309623,1.9632903765690377
DOGE,4h,422372,2025,24306,False,349.1975650249037,-1.0,0.022909667194928648,-1.0229096671949287
DOGE,4h,423432,2025,24306,False,129.28316165650713,2.0,0.030939837398373762,1.9690601626016262
DOGE,4h,424405,2025,24306,False,149.9026056516947,-1.0,0.053367984934086815,-1.053367984934087
DOGE,4h,424977,2025,24306,False,45.0590869158608,-1.0,0.17754465408805253,-1.1775446540880525
DOGE,4h,427108,2025,24306,False,99.68744859351793,-1.0,0.08025082508250884,-1.080250825082509
DOGE,4h,428126,2025,24306,False,125.82947289345087,-1.0,0.06357810945273681,-1.0635781094527368
DOGE,4h,428215,2025,24306,False,61.11981326207782,2.0,0.06544522613065354,1.9345547738693465
DOGE,4h,429201,2025,24306,False,55.22194393313009,-1.0,0.1448699453551914,-1.1448699453551914
DOGE,4h,429869,2025,24307,False,46.876436165324655,-1.0,0.17066143790849322,-1.1706614379084932
DOGE,4h,430441,2025,24307,False,105.54572631322122,-1.0,0.07579653179190712,-1.0757965317919072
DOGE,4h,430362,2025,24307,False,74.49513836948368,-1.0,0.10738955823293207,-1.107389558232932
DOGE,4h,430135,2025,24307,False,82.9003444450934,2.0,0.04825070422535195,1.951749295774648
DOGE,4h,431010,2025,24307,True,70.76239822353821,-1.0,0.11305439330543918,-1.113054393305439
DOGE,4h,434549,2025,24307,True,243.73136945467218,2.0,0.016411510791366962,1.983588489208633
DOGE,4h,434758,2025,24307,True,250.98313739216331,2.0,0.015937325676784277,1.9840626743232157
DOGE,4h,435908,2025,24307,True,114.73711999675169,-1.0,0.06972460176991097,-1.069724601769911
DOGE,4h,435508,2025,24307,True,138.45173499140728,2.0,0.02889093444909341,1.9711090655509067
DOGE,4h,441234,2025,24308,True,87.2430765330916,-1.0,0.09169782082324404,-1.091697820823244
DOGE,4h,441816,2025,24308,True,100.77085396839107,2.0,0.039694017094016945,1.960305982905983
DOGE,4h,441956,2025,24308,True,92.02327404778534,-1.0,0.08693452914798276,-1.0869345291479828
DOGE,4h,443134,2025,24308,True,90.69074043399029,2.0,0.04410593607305941,1.9558940639269407
DOGE,4h,442418,2025,24308,True,230.06932409012052,2.0,0.017386064030131886,1.982613935969868
DOGE,4h,443647,2025,24308,True,76.36710759579921,-1.0,0.10475714285714367,-1.1047571428571437
DOGE,4h,445326,2025,24308,True,244.93431307058583,-1.0,0.03266181818181815,-1.0326618181818181
DOGE,4h,444687,2025,24308,True,106.70731707317051,-1.0,0.07497142857142873,-1.0749714285714287
DOGE,4h,446077,2025,24308,True,82.7777529195933,2.0,0.04832216216216241,1.9516778378378377
DOGE,4h,446550,2025,24308,True,82.94846166218612,2.0,0.04822271468144042,1.9517772853185595
DOGE,4h,447357,2025,24309,True,67.2978743154185,-1.0,0.11887448275862011,-1.1188744827586201
DOGE,4h,448566,2025,24309,True,65.13243595310381,-1.0,0.12282666666666825,-1.1228266666666682
DOGE,4h,450924,2025,24309,True,98.16651950345509,-1.0,0.081494179894179,-1.081494179894179
DOGE,4h,451849,2025,24309,True,105.43778801843425,2.0,0.03793706293706255,1.9620629370629374
DOGE,4h,453486,2025,24309,True,94.30854130631803,2.0,0.04241397379912637,1.9575860262008735
DOGE,4h,457091,2025,24310,True,43.63069731203779,-1.0,0.18335714285714122,-1.1833571428571412
DOGE,4h,457258,2025,24310,True,111.62515995668774,-1.0,0.0716684303350976,-1.0716684303350976
DOGE,4h,458088,2025,24310,True,74.16394340840966,2.0,0.05393456464380005,1.9460654353562
DOGE,4h,458541,2025,24310,True,76.55332027772691,2.0,0.05225116279069864,1.9477488372093013
DOGE,4h,459580,2025,24310,True,683.4808054065342,2.0,0.005852395514780845,1.994147604485219
DOGE,4h,459729,2025,24310,True,315.2444286512002,-1.0,0.025377133655394554,-1.0253771336553945
DOGE,4h,459843,2025,24310,True,123.53546742487349,-1.0,0.06475873015873031,-1.0647587301587302
DOGE,4h,461920,2025,24310,True,93.5764461238042,-1.0,0.08549159891598983,-1.08549159891599
DOGE,4h,462451,2025,24310,True,93.32048486077905,2.0,0.04286304347826132,1.9571369565217387
DOGE,4h,463671,2025,24310,True,120.62726176115868,-1.0,0.06631999999999964,-1.0663199999999997
DOGE,4h,464554,2025,24310,True,154.74515745049243,-1.0,0.05169790209790208,-1.051697902097902
DOGE,4h,467019,2025,24311,True,232.4780437403133,2.0,0.017205925925925934,1.9827940740740742
DOGE,4h,467309,2025,24311,True,70.26950754903322,-1.0,0.11384738955823329,-1.1138473895582333
DOGE,4h,469787,2025,24311,True,134.8090473279486,-1.0,0.059343198090692544,-1.0593431980906924
DOGE,4h,471219,2025,24311,True,92.26698234741275,-1.0,0.086704905660376,-1.086704905660376
DOGE,4h,471837,2025,24311,True,136.7024298940467,-1.0,0.05852127139364327,-1.0585212713936434
DOGE,4h,472419,2025,24311,True,76.78985720354275,-1.0,0.10418042553191406,-1.104180425531914
DOGE,4h,473949,2025,24312,True,96.79821295606762,2.0,0.0413230769230773,1.9586769230769228
DOGE,4h,473940,2025,24312,True,285.41188922208653,-1.0,0.028029666254635204,-1.028029666254635
DOGE,4h,473730,2025,24312,True,98.74625540885407,-1.0,0.0810157303370785,-1.0810157303370784
DOGE,4h,474817,2025,24312,True,271.5734240941644,-1.0,0.02945796344647519,-1.029457963446475
DOGE,4h,475274,2025,24312,True,77.48631549015282,2.0,0.051622018348624815,1.948377981651375
DOGE,4h,476330,2025,24312,True,183.14763231197725,-1.0,0.04368060836501912,-1.0436806083650192
DOGE,4h,476605,2025,24312,True,114.82811333499274,-1.0,0.06966934984520101,-1.069669349845201
DOGE,4h,477028,2025,24312,True,92.7831329650896,-1.0,0.08622256809338465,-1.0862225680933846
DOGE,4h,478259,2025,24312,True,185.24755810037087,-1.0,0.04318545454545446,-1.0431854545454544
DOGE,4h,478530,2025,24312,True,61.85085774302642,-1.0,0.12934339622641672,-1.1293433962264168
DOGE,4h,478697,2025,24312,True,82.20716204836174,-1.0,0.09731512195121968,-1.0973151219512196
DOGE,4h,479394,2025,24312,True,35.64509879891423,2.0,0.11221739130435071,1.8877826086956493
DOGE,4h,481226,2025,24312,True,114.31110393020153,-1.0,0.06998445229681981,-1.0699844522968198
DOGE,4h,481651,2025,24312,True,80.76123460738933,-1.0,0.09905742574257319,-1.0990574257425731
DOGE,4h,482589,2026,24313,True,43.81771829190527,2.0,0.09128727272727356,1.9087127272727265
DOGE,4h,482588,2026,24313,True,50.349993859756076,-1.0,0.1588878048780512,-1.1588878048780513
DOGE,4h,482499,2026,24313,True,112.06715634837262,-1.0,0.07138576779026277,-1.0713857677902627
DOGE,4h,483671,2026,24313,True,189.13013792161644,2.0,0.021149458483754557,1.9788505415162454
DOGE,4h,486854,2026,24313,True,42.41128067568073,-1.0,0.18862905982905914,-1.1886290598290592
DOGE,4h,486287,2026,24313,True,79.81365395814059,2.0,0.05011673819742493,1.949883261802575
DOGE,4h,487786,2026,24313,True,137.53670220985967,2.0,0.029083146067415667,1.9709168539325843
DOGE,4h,489610,2026,24313,True,84.98113833271135,-1.0,0.09413853658536604,-1.094138536585366
DOGE,4h,490615,2026,24313,True,67.27574750830607,-1.0,0.11891358024691284,-1.1189135802469128
DOGE,4h,490386,2026,24313,True,52.98709703514968,2.0,0.07549007633587754,1.9245099236641225
DOGE,4h,494377,2026,24314,True,78.27467294323645,-1.0,0.10220419580419675,-1.1022041958041968
DOGE,4h,496458,2026,24314,True,104.08163265306193,-1.0,0.0768627450980387,-1.0768627450980386
DOGE,4h,495572,2026,24314,True,167.86118445869388,-1.0,0.047658426966292404,-1.0476584269662923
DOGE,4h,497781,2026,24314,True,59.63183821622941,-1.0,0.13415652173913228,-1.1341565217391323
DOGE,4h,498255,2026,24314,True,70.60572277963571,-1.0,0.11330526315789491,-1.113305263157895
DOGE,4h,498711,2026,24314,True,336.9749192183409,-1.0,0.023740639269406418,-1.0237406392694064
DOGE,4h,499416,2026,24315,True,98.4455958549215,-1.0,0.08126315789473748,-1.0812631578947376
DOGE,4h,499269,2026,24314,True,198.39964923818832,-1.0,0.04032265193370183,-1.0403226519337019
DOGE,4h,499961,2026,24315,True,72.64957264957265,-1.0,0.11011764705882353,-1.1101176470588234
DOGE,4h,501000,2026,24315,True,51.118562084317404,-1.0,0.15649892473118507,-1.156498924731185
DOGE,4h,500616,2026,24315,True,210.64766296373904,-1.0,0.03797810945273636,-1.0379781094527363
DOGE,4h,501158,2026,24315,True,57.16774650187811,2.0,0.06996952380952412,1.9300304761904759
DOGE,4h,502291,2026,24315,True,96.97294401285713,-1.0,0.08249723756906176,-1.0824972375690618
DOGE,4h,504438,2026,24315,True,64.8373878313191,-1.0,0.1233855999999999,-1.1233856
DOGE,4h,504151,2026,24315,True,85.95409040347897,2.0,0.0465364705882351,1.9534635294117648
DOGE,4h,505861,2026,24315,True,54.11777313400756,-1.0,0.1478257425742599,-1.14782574257426
DOGE,4h,507352,2026,24315,True,58.85444035733105,2.0,0.06796428571428512,1.932035714285715
DOGE,4h,507341,2026,24315,True,69.09110385089248,-1.0,0.11578914728682049,-1.1157891472868204
DOGE,4h,507952,2026,24315,True,51.65008427118897,-1.0,0.15488842105263503,-1.1548884210526351
DOGE,4h,508962,2026,24316,True,90.45556712899429,-1.0,0.08844121212121293,-1.088441212121213
DOGE,4h,509657,2026,24316,True,36.29963700363116,-1.0,0.22038787878787153,-1.2203878787878715
DOGE,4h,510637,2026,24316,True,65.63115292058667,2.0,0.06094666666666632,1.9390533333333337
DOGE,4h,510513,2026,24316,True,70.98300709830154,-1.0,0.11270303030302899,-1.112703030303029
DOGE,4h,511953,2026,24316,True,62.93402777777899,-1.0,0.1271172413793079,-1.1271172413793078
DOGE,4h,514432,2026,24316,True,84.34478502365782,-1.0,0.09484878048780472,-1.0948487804878047
DOGE,4h,516575,2026,24316,True,152.42718446601958,-1.0,0.05248407643312096,-1.052484076433121
DOGE,4h,517944,2026,24317,True,55.79496484463512,-1.0,0.1433821138211404,-1.1433821138211404
DOGE,4h,519264,2026,24317,True,97.61883039868638,-1.0,0.08195140186915877,-1.0819514018691587
DOGE,4h,521688,2026,24317,True,76.84357165325976,-1.0,0.10410760233918193,-1.104107602339182
DOGE,4h,524370,2026,24317,True,45.3797436792497,2.0,0.0881450549450555,1.9118549450549445
DOGE,4h,528733,2026,24318,True,62.503792705868264,-1.0,0.12799223300970836,-1.1279922330097083
DOGE,4h,530234,2026,24318,True,91.522709072188,2.0,0.04370500000000026,1.9562949999999997
DOGE,4h,531075,2026,24318,True,75.93423019431948,2.0,0.052677165354330986,1.947322834645669
DOGE,4h,532860,2026,24318,True,149.1759494495482,2.0,0.026813973799126468,1.9731860262008736
DOGE,4h,534459,2026,24318,True,46.01226993864988,-1.0,0.17386666666666828,-1.1738666666666684
DOGE,4h,534813,2026,24319,True,74.17677642980851,2.0,0.053925233644860425,1.9460747663551397
DOGE,4h,535668,2026,24319,True,52.82824378301862,0.0,0.15143414634146063,-0.15143414634146063
DOGE,1h,294,2021,24258,False,230.51782420773537,2.0,0.017352237354085583,1.9826477626459145
DOGE,1h,454,2021,24258,False,286.0846626323129,-1.0,0.027963750053535408,-1.0279637500535355
DOGE,1h,5659,2021,24258,False,147.96791463445865,-1.0,0.05406577513620622,-1.0540657751362061
DOGE,1h,10033,2021,24259,False,194.84478877221395,-1.0,0.04105832160259884,-1.0410583216025988
DOGE,1h,10191,2021,24259,False,81.47420685934382,-1.0,0.0981905845835494,-1.0981905845835493
DOGE,1h,10429,2021,24259,False,80.60878180400081,2.0,0.04962238493723856,1.9503776150627614
DOGE,1h,12496,2021,24259,False,94.04803058340374,-1.0,0.08506291891891807,-1.085062918918918
DOGE,1h,12574,2021,24259,False,110.43597372818041,-1.0,0.07244016356201699,-1.072440163562017
DOGE,1h,15938,2021,24259,False,170.4296487627132,2.0,0.023470094722598082,1.976529905277402
DOGE,1h,17206,2021,24259,False,126.68517391807731,-1.0,0.06314866809255287,-1.0631486680925528
DOGE,1h,19452,2021,24260,False,214.56965677032483,2.0,0.018641964852847748,1.9813580351471523
DOGE,1h,22697,2021,24260,False,298.80837845558744,-1.0,0.026773010989010998,-1.026773010989011
DOGE,1h,26837,2021,24261,False,119.65966599826132,2.0,0.03342813943721121,1.9665718605627889
DOGE,1h,29967,2021,24261,False,166.03396278563037,-1.0,0.048182913096695486,-1.0481829130966955
DOGE,1h,31225,2021,24261,False,141.70102492786353,-1.0,0.05645689580631193,-1.0564568958063119
DOGE,1h,31470,2021,24261,False,88.24985995307337,2.0,0.045325850965961756,1.9546741490340382
DOGE,1h,31846,2021,24261,False,52.10067739311087,-1.0,0.15354886731391745,-1.1535488673139174
DOGE,1h,33809,2021,24261,False,110.41859702552861,-1.0,0.07245156355455605,-1.072451563554556
DOGE,1h,38063,2021,24262,False,132.0614579872753,2.0,0.030288928056400963,1.969711071943599
DOGE,1h,38774,2021,24262,False,94.68214483139874,-1.0,0.08449322746380179,-1.0844932274638017
DOGE,1h,40167,2021,24262,False,207.5949168896193,-1.0,0.03853658904497019,-1.0385365890449703
DOGE,1h,41415,2021,24262,False,68.24581610109398,-1.0,0.11722330330330331,-1.1172233033033032
DOGE,1h,41445,2021,24262,False,101.60663194189696,-1.0,0.07873501805054166,-1.0787350180505417
DOGE,1h,41954,2021,24262,False,87.01957940536587,2.0,0.04596666666666684,1.954033333333333
DOGE,1h,42801,2021,24262,False,123.56265065001742,-1.0,0.06474448353054064,-1.0647444835305406
DOGE,1h,42800,2021,24262,False,218.88355361945685,-1.0,0.03654911421032809,-1.036549114210328
DOGE,1h,43268,2021,24262,False,355.67182161196337,-1.0,0.022492644943708725,-1.0224926449437086
DOGE,1h,45712,2021,24263,False,65.19041137531067,-1.0,0.12271743391743362,-1.1227174339174337
DOGE,1h,46229,2021,24263,False,140.81627162420392,2.0,0.028405808177302063,1.971594191822698
DOGE,1h,47936,2021,24263,False,54.48949348329942,-1.0,0.14681729428173038,-1.1468172942817303
DOGE,1h,48549,2021,24263,False,100.51644513598127,-1.0,0.07958896665294311,-1.079588966652943
DOGE,1h,49717,2021,24263,False,73.0543510440073,-1.0,0.10950750893921253,-1.1095075089392126
DOGE,1h,49855,2021,24263,False,51.842915093019684,-1.0,0.15431231028667886,-1.1543123102866788
DOGE,1h,51516,2021,24263,False,215.09278749606855,2.0,0.018596625421822253,1.9814033745781778
DOGE,1h,53180,2021,24264,False,134.92638645205582,-1.0,0.059291590106007076,-1.0592915901060072
DOGE,1h,53745,2021,24264,False,341.67763572561336,-1.0,0.023413882453882515,-1.0234138824538825
DOGE,1h,54026,2021,24264,False,151.39087436432254,-1.0,0.05284334365325072,-1.0528433436532507
DOGE,1h,54876,2021,24264,False,93.86982368724641,-1.0,0.08522440637210782,-1.0852244063721077
DOGE,1h,58452,2021,24264,False,77.46328107803282,2.0,0.05163736862592472,1.9483626313740752
DOGE,1h,58651,2021,24264,False,67.47005125585748,2.0,0.05928556338028179,1.9407144366197182
DOGE,1h,61476,2021,24264,False,55.22661957688363,-1.0,0.14485768025078588,-1.144857680250786
DOGE,1h,62135,2022,24265,False,36.84310355728515,-1.0,0.21713697347893823,-1.2171369734789383
DOGE,1h,63462,2022,24265,False,126.49196891691236,-1.0,0.06324512195121959,-1.0632451219512196
DOGE,1h,63938,2022,24265,False,76.683951619881,2.0,0.0521621527777784,1.9478378472222215
DOGE,1h,64420,2022,24265,False,63.57025812642602,-1.0,0.12584501362397987,-1.12584501362398
DOGE,1h,64683,2022,24265,False,325.096483704974,2.0,0.01230403957131081,1.9876959604286892
DOGE,1h,65657,2022,24265,False,240.07922395539842,2.0,0.016661166818596158,1.983338833181404
DOGE,1h,66951,2022,24265,False,120.45386279906546,-1.0,0.06641547073791366,-1.0664154707379137
DOGE,1h,72338,2022,24266,False,53.077514693642385,-1.0,0.15072295766248903,-1.150722957662489
DOGE,1h,73333,2022,24266,False,90.86077619050691,-1.0,0.08804679351656074,-1.0880467935165608
DOGE,1h,74298,2022,24266,False,147.70793942858336,-1.0,0.054160934279825844,-1.054160934279826
DOGE,1h,76534,2022,24266,False,61.054443569506816,-1.0,0.13103059388122146,-1.1310305938812215
DOGE,1h,77411,2022,24266,False,260.9458978244848,-1.0,0.03065769596953347,-1.0306576959695335
DOGE,1h,78746,2022,24267,False,101.07499741862759,2.0,0.03957457434733331,1.9604254256526668
DOGE,1h,79570,2022,24267,False,79.67225907140241,2.0,0.050205680705189916,1.9497943192948102
DOGE,1h,81179,2022,24267,False,63.03167383187745,2.0,0.06346015831134492,1.936539841688655
DOGE,1h,81379,2022,24267,False,75.47778541894849,2.0,0.052995725534308154,1.947004274465692
DOGE,1h,82419,2022,24267,False,41.51854524719519,-1.0,0.19268497854077496,-1.192684978540775
DOGE,1h,82558,2022,24267,False,86.76085400073734,-1.0,0.09220748334187688,-1.092207483341877
DOGE,1h,88597,2022,24268,False,140.84121018606308,-1.0,0.056801556798832725,-1.0568015567988327
DOGE,1h,88669,2022,24268,False,95.21731571034537,-1.0,0.08401833154314388,-1.084018331543144
DOGE,1h,88929,2022,24268,False,120.70443505331355,-1.0,0.06627759780712703,-1.066277597807127
DOGE,1h,91465,2022,24268,False,74.82374104540882,2.0,0.05345896829152783,1.9465410317084721
DOGE,1h,92655,2022,24268,False,151.84523787874872,-1.0,0.05268522155688643,-1.0526852215568865
DOGE,1h,94603,2022,24268,False,139.1317745849545,-1.0,0.0574994462901439,-1.057499446290144
DOGE,1h,94599,2022,24268,False,61.70883569131339,-1.0,0.12964107830551957,-1.1296410783055195
DOGE,1h,95717,2022,24268,False,70.7608226664758,-1.0,0.11305691056910425,-1.1130569105691042
DOGE,1h,97512,2022,24269,False,88.2288511364754,-1.0,0.0906732876712327,-1.0906732876712326
DOGE,1h,102143,2022,24269,False,67.16137516438135,2.0,0.05955804195804163,1.9404419580419583
DOGE,1h,102379,2022,24269,False,78.92165753031897,-1.0,0.10136634544106828,-1.1013663454410683
DOGE,1h,103671,2022,24269,False,91.07044494767227,2.0,0.04392204301075218,1.956077956989248
DOGE,1h,103570,2022,24269,False,108.05048663719008,-1.0,0.07403946293053035,-1.0740394629305303
DOGE,1h,103888,2022,24269,False,104.17249721688462,-1.0,0.07679570149253688,-1.076795701492537
DOGE,1h,105261,2022,24270,False,68.84582007520952,2.0,0.05810084033613463,1.9418991596638653
DOGE,1h,107079,2022,24270,False,124.03579142240122,-1.0,0.06449751243781057,-1.0644975124378107
DOGE,1h,107302,2022,24270,False,50.89374379344682,2.0,0.07859512195121805,1.921404878048782
DOGE,1h,107977,2022,24270,False,101.9938145686646,2.0,0.039218064516129136,1.960781935483871
DOGE,1h,108495,2022,24270,False,116.84447347412733,2.0,0.0342335403726708,1.9657664596273292
DOGE,1h,108520,2022,24270,False,117.14911949210158,-1.0,0.0682890322580647,-1.0682890322580647
DOGE,1h,109566,2022,24270,False,228.99403011672484,2.0,0.01746770428015562,1.9825322957198444
DOGE,1h,110380,2022,24270,False,190.03872827163835,-1.0,0.042096682464454964,-1.0420966824644549
DOGE,1h,111104,2022,24270,False,139.25880830986975,2.0,0.02872349726775959,1.9712765027322403
DOGE,1h,114659,2022,24271,False,57.96010538200925,-1.0,0.1380259740259753,-1.1380259740259753
DOGE,1h,114743,2022,24271,False,62.57449344457743,-1.0,0.12784761904761793,-1.1278476190476179
DOGE,1h,117394,2022,24271,False,188.83620331087212,-1.0,0.042364757709251216,-1.0423647577092512
DOGE,1h,117773,2022,24271,False,67.2228071596337,2.0,0.05950361445783152,1.9404963855421684
DOGE,1h,118324,2022,24271,False,55.743110622594685,2.0,0.0717577464788744,1.9282422535211257
DOGE,1h,119493,2022,24271,False,138.34400165186952,-1.0,0.05782686567164144,-1.0578268656716414
DOGE,1h,121554,2022,24271,False,57.66312594840749,2.0,0.0693684210526306,1.9306315789473694
DOGE,1h,121908,2022,24271,False,102.75671461980063,-1.0,0.07785379310344792,-1.077853793103448
DOGE,1h,122234,2022,24271,False,120.85659763941034,2.0,0.033097076023391486,1.9669029239766085
DOGE,1h,123563,2022,24272,False,68.69772998805288,-1.0,0.11645217391304294,-1.1164521739130429
DOGE,1h,124956,2022,24272,False,55.78702069062814,2.0,0.07170126582278616,1.9282987341772138
DOGE,1h,125098,2022,24272,False,65.06991554755616,-1.0,0.1229446808510643,-1.1229446808510644
DOGE,1h,126637,2022,24272,False,106.98233841868691,2.0,0.0373893491124261,1.9626106508875738
DOGE,1h,127046,2022,24272,False,105.45267489711952,2.0,0.037931707317073106,1.962068292682927
DOGE,1h,127190,2022,24272,False,231.11746485584908,2.0,0.017307216494845387,1.9826927835051547
DOGE,1h,129754,2022,24272,False,63.14580941446555,-1.0,0.12669090909091024,-1.1266909090909103
DOGE,1h,130902,2022,24272,False,90.36385445821608,-1.0,0.08853097345132806,-1.088530973451328
DOGE,1h,131215,2022,24272,False,63.45891236243867,-1.0,0.1260658227848103,-1.1260658227848104
DOGE,1h,131348,2022,24272,False,102.33450591621389,-1.0,0.0781749999999998,-1.0781749999999999
DOGE,1h,131269,2022,24272,False,61.34969325153379,-1.0,0.1303999999999999,-1.1303999999999998
DOGE,1h,136063,2022,24273,False,50.09183503089024,2.0,0.0798533333333329,1.9201466666666671
DOGE,1h,136551,2022,24273,False,34.28571428571459,2.0,0.11666666666666563,1.8833333333333344
DOGE,1h,137075,2022,24273,False,147.44737066394012,-1.0,0.05425664739884364,-1.0542566473988437
DOGE,1h,137660,2022,24273,False,72.47009517157176,-1.0,0.11039036144578163,-1.1103903614457815
DOGE,1h,138048,2022,24273,False,63.4946812896836,-1.0,0.12599480519480635,-1.1259948051948063
DOGE,1h,138284,2022,24273,False,142.61872250037877,-1.0,0.056093617021276805,-1.056093617021277
DOGE,1h,139589,2022,24273,False,104.81493612839742,2.0,0.03816250000000032,1.9618374999999997
DOGE,1h,142560,2022,24274,False,34.837559750465836,2.0,0.11481860465116284,1.8851813953488372
DOGE,1h,143284,2022,24274,False,49.007392640585365,-1.0,0.1632406779660997,-1.1632406779660998
DOGE,1h,143198,2022,24274,False,38.91050583657606,-1.0,0.20559999999999903,-1.2055999999999991
DOGE,1h,144838,2022,24274,False,30.58103975535161,-1.0,0.2616000000000006,-1.2616000000000005
DOGE,1h,147232,2022,24274,False,52.60960334029158,-1.0,0.1520634920634941,-1.152063492063494
DOGE,1h,147413,2022,24274,False,94.33962264150948,2.0,0.04239999999999998,1.9576
DOGE,1h,147605,2022,24274,False,88.8258565350449,-1.0,0.09006386554621874,-1.0900638655462187
DOGE,1h,148593,2022,24274,False,322.13000246528003,-1.0,0.024834693877551068,-1.024834693877551
DOGE,1h,149350,2022,24275,False,398.6908658137462,2.0,0.010032835820895515,1.9899671641791046
DOGE,1h,151394,2022,24275,False,179.18774526027212,-1.0,0.04464591029023728,-1.0446459102902372
DOGE,1h,151784,2022,24275,False,387.84744667097647,-1.0,0.020626666666666647,-1.0206266666666666
DOGE,1h,152351,2022,24275,False,170.28497864123258,2.0,0.02349003436426098,1.976509965635739
DOGE,1h,155724,2022,24275,False,124.06322816298254,2.0,0.03224162436548224,1.9677583756345178
DOGE,1h,156461,2022,24275,False,162.21530394887762,2.0,0.024658585858585855,1.975341414141414
DOGE,1h,156851,2022,24275,False,186.2068965517244,2.0,0.02148148148148145,1.9785185185185186
DOGE,1h,157650,2022,24275,False,129.18660287081377,-1.0,0.061925925925925746,-1.0619259259259257
DOGE,1h,159136,2022,24276,False,105.23321956769053,-1.0,0.07602162162162164,-1.0760216216216216
DOGE,1h,159873,2022,24276,False,130.09718722682186,2.0,0.03074624505928848,1.9692537549407114
DOGE,1h,161281,2022,24276,False,224.23506020103875,-1.0,0.03567684729064033,-1.0356768472906404
DOGE,1h,161465,2022,24276,False,89.73731440691711,-1.0,0.08914909090909173,-1.0891490909090917
DOGE,1h,161528,2022,24276,False,75.04690431519701,-1.0,0.10659999999999999,-1.1066
DOGE,1h,162251,2022,24276,False,53.29428989751226,-1.0,0.1501098901098865,-1.1501098901098865
DOGE,1h,162708,2022,24276,False,220.13576095920834,2.0,0.018170605187319878,1.9818293948126802
DOGE,1h,163315,2022,24276,False,89.30397436771463,-1.0,0.08958167938931258,-1.0895816793893125
DOGE,1h,164047,2022,24276,False,75.12798351173407,-1.0,0.10648495575221313,-1.1064849557522132
DOGE,1h,164106,2022,24276,False,49.501683057223985,-1.0,0.16161066666666654,-1.1616106666666666
DOGE,1h,165696,2022,24276,False,59.14659907055397,-1.0,0.13525714285714166,-1.1352571428571416
DOGE,1h,166556,2022,24276,False,85.64377993903227,-1.0,0.09341016949152649,-1.0934101694915266
DOGE,1h,167317,2023,24277,False,90.1027734759963,2.0,0.04439374999999988,1.9556062500000002
DOGE,1h,170364,2023,24277,False,95.59010960999244,2.0,0.0418453333333333,1.9581546666666667
DOGE,1h,170671,2023,24277,False,132.92258542985903,2.0,0.03009270386266096,1.969907296137339
DOGE,1h,171839,2023,24277,False,95.27190958044856,-1.0,0.08397018633540371,-1.0839701863354037
DOGE,1h,172638,2023,24277,False,81.93801211257689,2.0,0.048817391304347126,1.951182608695653
DOGE,1h,173031,2023,24277,False,179.44716897012933,-1.0,0.04458136645962732,-1.0445813664596273
DOGE,1h,173115,2023,24277,False,67.11409395973092,-1.0,0.1192000000000011,-1.119200000000001
DOGE,1h,174640,2023,24277,False,117.59410341529335,-1.0,0.0680306220095691,-1.068030622009569
DOGE,1h,175283,2023,24277,False,79.39247497411071,-1.0,0.10076521739130491,-1.100765217391305
DOGE,1h,176231,2023,24278,False,114.60055096418726,2.0,0.034903846153846174,1.9650961538461538
DOGE,1h,178577,2023,24278,False,65.29566119484882,-1.0,0.12251962616822572,-1.1225196261682258
DOGE,1h,179108,2023,24278,False,94.22565837158602,-1.0,0.08490256410256529,-1.0849025641025654
DOGE,1h,179189,2023,24278,False,82.76358402302941,-1.0,0.09666086956521792,-1.096660869565218
DOGE,1h,179237,2023,24278,False,100.99788327789567,-1.0,0.07920958083832312,-1.079209580838323
DOGE,1h,180530,2023,24278,False,43.67803051789625,-1.0,0.18315844155844324,-1.1831584415584433
DOGE,1h,181888,2023,24278,False,110.79195732457957,-1.0,0.0722074074074073,-1.0722074074074073
DOGE,1h,183356,2023,24278,False,34.97576241026047,-1.0,0.2287298245613975,-1.2287298245613976
DOGE,1h,187720,2023,24279,False,142.28334127578515,2.0,0.02811291866028697,1.9718870813397131
DOGE,1h,189130,2023,24279,False,86.05399724101724,2.0,0.04648244274809141,1.9535175572519086
DOGE,1h,191404,2023,24279,False,53.08783011894263,-1.0,0.15069367088607877,-1.1506936708860787
DOGE,1h,195936,2023,24280,False,95.81564584596714,-1.0,0.08349367088607605,-1.083493670886076
DOGE,1h,197439,2023,24280,False,169.47293369165698,-1.0,0.04720517799352779,-1.0472051779935279
DOGE,1h,198025,2023,24280,False,255.01416745374806,-1.0,0.03137080610021779,-1.0313708061002178
DOGE,1h,198064,2023,24280,False,63.47957979888726,-1.0,0.12602477876106283,-1.1260247787610629
DOGE,1h,198177,2023,24280,False,140.41958041958108,-1.0,0.05697211155378459,-1.0569721115537847
DOGE,1h,198899,2023,24280,False,138.2660687593423,2.0,0.028929729729729733,1.9710702702702703
DOGE,1h,200165,2023,24280,False,236.68269531006155,0.0,0.03380052770448535,-0.03380052770448535
DOGE,1h,202330,2023,24281,False,50.17465862178376,-1.0,0.1594430379746865,-1.1594430379746865
DOGE,1h,203630,2023,24281,False,99.51273076659163,-1.0,0.08039172413793066,-1.0803917241379306
DOGE,1h,204111,2023,24281,False,68.11989100817256,-1.0,0.11744000000000315,-1.117440000000003
DOGE,1h,204133,2023,24281,False,77.85821609069814,-1.0,0.10275087719298227,-1.1027508771929824
DOGE,1h,204162,2023,24281,False,40.44697333241977,-1.0,0.19778983050847215,-1.1977898305084722
DOGE,1h,205514,2023,24281,False,42.1824216859138,-1.0,0.1896524590163936,-1.1896524590163935
DOGE,1h,206468,2023,24281,False,60.13393467267951,-1.0,0.13303636363636487,-1.133036363636365
DOGE,1h,206514,2023,24281,False,60.26571702506451,2.0,0.06637272727272787,1.933627272727272
DOGE,1h,207480,2023,24281,False,60.481099656356825,-1.0,0.1322727272727285,-1.1322727272727284
DOGE,1h,207396,2023,24281,False,51.63271001953604,-1.0,0.15494054054054252,-1.1549405405405424
DOGE,1h,209189,2023,24281,False,44.99826929733552,-1.0,0.1777846153846122,-1.177784615384612
DOGE,1h,210243,2023,24282,False,36.89009535741649,2.0,0.10843018867924473,1.8915698113207553
DOGE,1h,211896,2023,24282,False,205.661053385882,-1.0,0.03889895470383298,-1.038898954703833
DOGE,1h,211847,2023,24282,False,110.02081474873692,-1.0,0.07271351351351307,-1.072713513513513
DOGE,1h,212012,2023,24282,False,70.04115820636859,-1.0,0.1142185567010311,-1.1142185567010312
DOGE,1h,211934,2023,24282,False,58.304891922638475,-1.0,0.13720975609756306,-1.1372097560975631
DOGE,1h,212734,2023,24282,False,136.84744044602147,2.0,0.02922962962962959,1.9707703703703705
DOGE,1h,214388,2023,24282,False,119.52848075179234,-1.0,0.06692965517241412,-1.0669296551724141
DOGE,1h,215414,2023,24282,False,55.4528650646947,-1.0,0.1442666666666675,-1.1442666666666674
DOGE,1h,215909,2023,24282,False,25.94454353818719,-1.0,0.30834999999999924,-1.3083499999999992
DOGE,1h,217048,2023,24282,False,69.02761104441807,-1.0,0.11589565217391254,-1.1158956521739125
DOGE,1h,217082,2023,24282,False,60.00600060005964,-1.0,0.1333200000000008,-1.1333200000000008
DOGE,1h,217762,2023,24282,False,53.50045857535756,2.0,0.0747657142857166,1.9252342857142835
DOGE,1h,218318,2023,24282,False,101.01010101010048,-1.0,0.07920000000000041,-1.0792000000000004
DOGE,1h,218756,2023,24282,False,73.64462550924446,0.0,0.10862978723404297,-0.10862978723404297
DOGE,1h,218793,2023,24282,False,144.19389476913582,-1.0,0.055480851063829995,-1.05548085106383
DOGE,1h,219009,2023,24283,False,93.0438635356656,-1.0,0.0859809523809535,-1.0859809523809536
DOGE,1h,220389,2023,24283,False,45.28245861480213,-1.0,0.17666885245901653,-1.1766688524590165
DOGE,1h,221695,2023,24283,False,34.61272209829845,-1.0,0.23112888888890012,-1.2311288888889
DOGE,1h,222967,2023,24283,False,89.39603168835009,-1.0,0.08948943089430829,-1.0894894308943084
DOGE,1h,223168,2023,24283,False,178.24561403508872,-1.0,0.04488188976377928,-1.0448818897637793
DOGE,1h,223794,2023,24283,False,76.79180887372195,2.0,0.05208888888888766,1.9479111111111123
DOGE,1h,224837,2023,24283,False,92.2572268161018,-1.0,0.08671407407407293,-1.0867140740740728
DOGE,1h,225623,2023,24283,False,55.7103064066849,2.0,0.07180000000000043,1.9281999999999995
DOGE,1h,226202,2023,24283,False,114.73737888832204,-1.0,0.06972444444444459,-1.0697244444444447
DOGE,1h,227207,2023,24283,False,81.08617763530161,-1.0,0.09866046511627805,-1.0986604651162781
DOGE,1h,227551,2023,24283,False,65.80612503163663,-1.0,0.1215692307692325,-1.1215692307692324
DOGE,1h,229011,2023,24284,False,66.86930091185349,-1.0,0.11963636363636473,-1.1196363636363647
DOGE,1h,232447,2023,24284,False,109.80966325036613,2.0,0.036426666666666635,1.9635733333333334
DOGE,1h,232845,2023,24284,False,221.73297688315685,2.0,0.018039716312056808,1.9819602836879433
DOGE,1h,233793,2023,24284,False,48.185030517186256,-1.0,0.16602666666666577,-1.1660266666666659
DOGE,1h,235734,2023,24284,False,26.2258602876895,-1.0,0.30504242424242706,-1.305042424242427
DOGE,1h,236153,2023,24284,False,75.58578987150422,-1.0,0.10583999999999992,-1.10584
DOGE,1h,239000,2023,24285,False,23.67050654883973,-1.0,0.3379733333333393,-1.3379733333333392
DOGE,1h,239426,2023,24285,False,18.549883055084614,-1.0,0.43126956521740234,-1.4312695652174023
DOGE,1h,239941,2023,24285,False,40.856349076646545,-1.0,0.19580799999999984,-1.1958079999999998
DOGE,1h,243661,2023,24285,False,12.306177701205788,-1.0,0.6500800000000114,-1.6500800000000115
DOGE,1h,244520,2023,24285,False,25.482942868885395,2.0,0.15696774193548851,1.8430322580645115
DOGE,1h,245855,2023,24286,False,67.103371145551,-1.0,0.11921904761904657,-1.1192190476190467
DOGE,1h,246269,2023,24286,False,31.11693416311754,2.0,0.12854736842105555,1.8714526315789444
DOGE,1h,248326,2023,24286,False,26.224515692411032,2.0,0.15252903225806905,1.847470967741931
DOGE,1h,248537,2023,24286,False,31.718816973853006,-1.0,0.2522162162162194,-1.2522162162162194
DOGE,1h,248687,2023,24286,False,24.98492289135854,-1.0,0.32019310344827745,-1.3201931034482774
DOGE,1h,249036,2023,24286,False,30.117890026676108,2.0,0.13281142857142741,1.8671885714285725
DOGE,1h,249575,2023,24286,False,18.650389962699048,2.0,0.21447272727272926,1.7855272727272706
DOGE,1h,249807,2023,24286,False,41.055718475073675,2.0,0.09742857142857057,1.9025714285714295
DOGE,1h,250625,2023,24286,False,34.29355281207231,-1.0,0.23327999999999333,-1.2332799999999933
DOGE,1h,250989,2023,24286,False,37.64745252237866,-1.0,0.2124977777777815,-1.2124977777777814
DOGE,1h,251697,2023,24286,False,41.697326465538104,-1.0,0.19185882352941305,-1.191858823529413
DOGE,1h,253265,2023,24286,False,56.11510791366727,2.0,0.07128205128205356,1.9287179487179464
DOGE,1h,254777,2023,24287,False,70.58473883646472,-1.0,0.11333894736842359,-1.1133389473684236
DOGE,1h,256898,2023,24287,False,214.17920563914845,-1.0,0.03735189873417726,-1.0373518987341772
DOGE,1h,257876,2023,24287,False,106.10250144685311,-1.0,0.0753987878787873,-1.0753987878787874
DOGE,1h,259947,2023,24287,False,57.40962715286065,2.0,0.06967472527472572,1.9303252747252744
DOGE,1h,260366,2023,24287,False,110.90698782064507,-1.0,0.0721325153374224,-1.0721325153374224
DOGE,1h,261917,2023,24287,False,66.59128031159554,-1.0,0.12013584905660629,-1.1201358490566062
DOGE,1h,262588,2023,24287,False,58.96805896805827,2.0,0.06783333333333413,1.932166666666666
DOGE,1h,263943,2023,24288,False,67.44398719707443,-1.0,0.11861694915254094,-1.1186169491525408
DOGE,1h,266851,2023,24288,False,75.00398957391323,2.0,0.05333049645390091,1.946669503546099
DOGE,1h,269021,2023,24288,False,77.56056098597624,-1.0,0.10314520547945087,-1.1031452054794508
DOGE,1h,269561,2023,24288,False,46.90331521159748,-1.0,0.17056363636363792,-1.1705636363636378
DOGE,1h,270296,2023,24288,False,63.89947913869928,2.0,0.06259831932773127,1.9374016806722687
DOGE,1h,270400,2023,24288,False,60.47943699142389,-1.0,0.1322763636363615,-1.1322763636363615
DOGE,1h,273456,2024,24289,False,73.59762508503906,-1.0,0.10869915966386587,-1.1086991596638658
DOGE,1h,273895,2024,24289,False,64.77012954025864,2.0,0.061756862745098465,1.9382431372549016
DOGE,1h,273945,2024,24289,False,76.63332900376585,-1.0,0.10439322033898424,-1.1043932203389843
DOGE,1h,277698,2024,24289,False,61.577785523411485,-1.0,0.1299169811320748,-1.1299169811320748
DOGE,1h,277796,2024,24289,False,89.21975336705052,-1.0,0.08966624203821726,-1.0896662420382173
DOGE,1h,282043,2024,24290,False,34.30313810189207,-1.0,0.23321481481482134,-1.2332148148148214
DOGE,1h,282132,2024,24290,False,37.83102143757989,-1.0,0.21146666666666064,-1.2114666666666607
DOGE,1h,282257,2024,24290,False,36.93796968539022,2.0,0.1082896551724143,1.8917103448275856
DOGE,1h,284150,2024,24290,False,36.51216040596444,-1.0,0.2191050847457704,-1.2191050847457703
DOGE,1h,285404,2024,24290,False,66.82549828577979,2.0,0.05985739130434864,1.9401426086956515
DOGE,1h,285666,2024,24290,False,47.647409172125975,2.0,0.08395000000000051,1.9160499999999996
DOGE,1h,289120,2024,24290,False,375.1420992800304,-1.0,0.02132525252525252,-1.0213252525252525
DOGE,1h,289258,2024,24291,False,216.02561504478587,-1.0,0.0370326454033771,-1.0370326454033771
DOGE,1h,290353,2024,24291,False,257.53222447742314,-1.0,0.03106407369498464,-1.0310640736949845
DOGE,1h,292198,2024,24291,False,158.76694866149148,2.0,0.025194160583941423,1.9748058394160586
DOGE,1h,294821,2024,24291,False,177.10017710017686,-1.0,0.04517217391304354,-1.0451721739130435
DOGE,1h,296319,2024,24291,False,174.85475774155293,2.0,0.022876129032258125,1.977123870967742
DOGE,1h,296961,2024,24291,False,176.52953722023904,2.0,0.022659097525472932,1.977340902474527
DOGE,1h,301515,2024,24292,False,148.0239793164188,2.0,0.02702264875239927,1.9729773512476008
DOGE,1h,301813,2024,24292,False,161.86645213193998,2.0,0.02471172962226623,1.9752882703777337
DOGE,1h,301829,2024,24292,False,254.46670276123535,-1.0,0.031438297872340315,-1.0314382978723402
DOGE,1h,302143,2024,24292,False,334.02589100207643,2.0,0.011975119617224925,1.9880248803827751
DOGE,1h,303304,2024,24292,False,156.07960741548433,-1.0,0.05125589519650686,-1.051255895196507
DOGE,1h,306456,2024,24292,False,81.94126956215928,-1.0,0.09763090128755368,-1.0976309012875536
DOGE,1h,306866,2024,24293,False,136.68412967266605,2.0,0.029264553314121266,1.9707354466858786
DOGE,1h,307892,2024,24293,False,104.86115606188169,2.0,0.03814567901234544,1.9618543209876547
DOGE,1h,308283,2024,24293,False,74.53453634690162,-1.0,0.10733279352226839,-1.1073327935222683
DOGE,1h,310011,2024,24293,False,51.26764519980199,-1.0,0.15604383561644253,-1.1560438356164426
DOGE,1h,310092,2024,24293,False,57.05832628909589,-1.0,0.1402074074074065,-1.1402074074074064
DOGE,1h,310254,2024,24293,False,63.60219716681265,-1.0,0.12578181818181536,-1.1257818181818153
DOGE,1h,311933,2024,24293,False,50.7220624818278,-1.0,0.15772229299362897,-1.157722292993629
DOGE,1h,315241,2024,24293,False,82.6191503791854,2.0,0.04841492537313404,1.951585074626866
DOGE,1h,316198,2024,24294,False,44.908749243559015,-1.0,0.17813900709219574,-1.1781390070921958
DOGE,1h,316480,2024,24294,False,53.97897660910979,-1.0,0.1482058479532173,-1.1482058479532173
DOGE,1h,319141,2024,24294,False,127.03537338573878,-1.0,0.0629745856353589,-1.062974585635359
DOGE,1h,319753,2024,24294,False,129.02518366899295,2.0,0.031001699716714074,1.9689983002832858
DOGE,1h,320467,2024,24294,False,62.012554688984764,-1.0,0.12900613496932797,-1.129006134969328
DOGE,1h,320845,2024,24294,False,120.50141528507814,-1.0,0.06638926174496683,-1.0663892617449668
DOGE,1h,324151,2024,24294,False,37.70800885318486,2.0,0.10607826086956473,1.8939217391304353
DOGE,1h,324388,2024,24295,False,52.83018867924739,-1.0,0.1514285714285654,-1.1514285714285655
DOGE,1h,325340,2024,24295,False,113.24200913242055,2.0,0.035322580645161146,1.9646774193548389
DOGE,1h,325724,2024,24295,False,119.30483795209088,-1.0,0.06705511811023583,-1.067055118110236
DOGE,1h,325502,2024,24295,False,165.6726308813771,2.0,0.02414400000000019,1.9758559999999998
DOGE,1h,326220,2024,24295,False,81.3383861724736,-1.0,0.09835454545454636,-1.0983545454545465
DOGE,1h,326333,2024,24295,False,131.038529239195,-1.0,0.06105074626865636,-1.0610507462686563
DOGE,1h,326477,2024,24295,False,181.52821426896125,-1.0,0.04407028423772627,-1.0440702842377263
DOGE,1h,329516,2024,24295,False,79.56240676280477,2.0,0.050274999999999875,1.9497250000000002
DOGE,1h,330106,2024,24295,False,108.98559561008969,-1.0,0.07340419580419648,-1.0734041958041964
DOGE,1h,330433,2024,24295,False,132.3237521135041,2.0,0.03022888888888895,1.9697711111111111
DOGE,1h,331489,2024,24295,False,109.27876018279254,-1.0,0.07320727272727341,-1.0732072727272735
DOGE,1h,332520,2024,24295,False,74.84124584215442,-1.0,0.10689292929292728,-1.1068929292929273
DOGE,1h,333475,2024,24296,False,115.04948819896795,-1.0,0.06953529411764706,-1.069535294117647
DOGE,1h,333533,2024,24296,False,82.7015851137149,2.0,0.04836666666666654,1.9516333333333336
DOGE,1h,334322,2024,24296,False,133.49744366597318,2.0,0.0299631205673757,1.9700368794326244
DOGE,1h,334671,2024,24296,False,256.3594971790552,2.0,0.015603088803088834,1.984396911196911
DOGE,1h,336242,2024,24296,False,60.736310969911955,-1.0,0.13171692307692354,-1.1317169230769235
DOGE,1h,336153,2024,24296,False,53.90463026952335,2.0,0.07420512820512792,1.925794871794872
DOGE,1h,337416,2024,24296,False,97.87928221859774,2.0,0.040866666666666385,1.9591333333333336
DOGE,1h,337527,2024,24296,False,99.44311853619739,-1.0,0.08044799999999992,-1.0804479999999999
DOGE,1h,341111,2024,24296,False,145.34027300402585,2.0,0.027521621621621712,1.9724783783783784
DOGE,1h,341160,2024,24296,False,72.50362518125941,2.0,0.05516965517241353,1.9448303448275865
DOGE,1h,341553,2024,24296,False,51.88585112751873,-1.0,0.15418461538461756,-1.1541846153846176
DOGE,1h,342550,2024,24297,False,107.00439390023202,-1.0,0.07476328502415501,-1.074763285024155
DOGE,1h,346005,2024,24297,False,49.48395306093574,-1.0,0.16166857142857213,-1.1616685714285722
DOGE,1h,347774,2024,24297,False,58.912960851386885,-1.0,0.13579354838709776,-1.1357935483870978
DOGE,1h,348313,2024,24297,False,47.20729142323024,-1.0,0.16946534653465162,-1.1694653465346516
DOGE,1h,350289,2024,24297,False,195.70707070707041,-1.0,0.04087741935483877,-1.0408774193548387
DOGE,1h,350803,2024,24298,False,74.47992466398507,-1.0,0.10741149425287237,-1.1074114942528723
DOGE,1h,352623,2024,24298,False,74.08064587676905,-1.0,0.10799041916167634,-1.1079904191616763
DOGE,1h,354440,2024,24298,False,50.09251320005415,2.0,0.07985225225225226,1.9201477477477478
DOGE,1h,354595,2024,24298,False,108.71518418688254,2.0,0.03679338842975199,1.963206611570248
DOGE,1h,355739,2024,24298,False,143.84939461798157,2.0,0.027806860158311634,1.9721931398416883
DOGE,1h,356174,2024,24298,False,169.69568143975684,2.0,0.02357160751565754,1.9764283924843424
DOGE,1h,356461,2024,24298,False,99.67013088355192,-1.0,0.08026476868327462,-1.0802647686832747
DOGE,1h,360545,2024,24299,False,110.11856423582925,2.0,0.03632448377581117,1.9636755162241888
DOGE,1h,361248,2024,24299,False,311.649957254993,-1.0,0.02566982543640901,-1.025669825436409
DOGE,1h,362557,2024,24299,False,256.3900904443559,2.0,0.0156012269938651,1.984398773006135
DOGE,1h,366243,2024,24299,False,205.6259994144282,-1.0,0.03890558598028466,-1.0389055859802847
DOGE,1h,366349,2024,24299,False,231.50178208025542,2.0,0.017278484701311318,1.9827215152986888
DOGE,1h,368801,2024,24300,False,138.10875322115248,-1.0,0.05792536543422169,-1.0579253654342218
DOGE,1h,372903,2024,24300,False,66.0319030542848,-1.0,0.12115355805243419,-1.121153558052434
DOGE,1h,374007,2024,24300,False,193.75760032428076,-1.0,0.04128870292887024,-1.0412887029288702
DOGE,1h,374249,2024,24300,False,168.3662788958991,-1.0,0.0475154529307285,-1.0475154529307285
DOGE,1h,376916,2024,24300,False,79.3937774144355,-1.0,0.10076356435643566,-1.1007635643564357
DOGE,1h,376964,2024,24300,False,72.78113105381286,-1.0,0.10991859956236413,-1.1099185995623642
DOGE,1h,377093,2024,24300,False,79.8664167231143,-1.0,0.10016725838264262,-1.1001672583826427
DOGE,1h,378391,2025,24301,False,94.69427829524395,-1.0,0.08448240109140578,-1.0844824010914058
DOGE,1h,380434,2025,24301,False,61.31729499779906,-1.0,0.1304688995215323,-1.1304688995215324
DOGE,1h,382233,2025,24301,False,157.5498327509663,-1.0,0.0507775848460933,-1.0507775848460934
DOGE,1h,382634,2025,24301,False,143.95880203388984,-1.0,0.05557145438121034,-1.0555714543812103
DOGE,1h,382835,2025,24301,False,172.247052980999,2.0,0.023222458270106078,1.9767775417298938
DOGE,1h,383428,2025,24301,False,390.34639095458,-1.0,0.020494617563739347,-1.0204946175637393
DOGE,1h,385258,2025,24301,False,81.33325148855153,2.0,0.04918037735849083,1.950819622641509
DOGE,1h,386823,2025,24302,False,184.74299359054908,2.0,0.021651700680272123,1.9783482993197279
DOGE,1h,387205,2025,24302,False,203.66861074825513,2.0,0.019639747064137465,1.9803602529358626
DOGE,1h,388225,2025,24302,False,104.95779528193654,-1.0,0.0762211132437613,-1.0762211132437614
DOGE,1h,388842,2025,24302,False,68.21724256593963,-1.0,0.11727240356083143,-1.1172724035608315
DOGE,1h,392275,2025,24302,False,72.53076907271638,-1.0,0.11029801699716608,-1.1102980169971661
DOGE,1h,392899,2025,24302,False,86.11248308888177,2.0,0.0464508728179556,1.9535491271820444
DOGE,1h,394207,2025,24302,False,181.40308211529353,-1.0,0.04410068399452814,-1.0441006839945282
DOGE,1h,394928,2025,24303,False,132.59369503450134,-1.0,0.06033469387755106,-1.060334693877551
DOGE,1h,395798,2025,24303,False,109.3244551486393,-1.0,0.07317667386609035,-1.0731766738660904
DOGE,1h,398785,2025,24303,False,52.069543729591196,-1.0,0.15364067796610226,-1.1536406779661021
DOGE,1h,401163,2025,24303,False,70.18779978862311,-1.0,0.1139799227799236,-1.1139799227799236
DOGE,1h,401639,2025,24303,False,143.07381193124363,-1.0,0.055915194346289776,-1.0559151943462899
DOGE,1h,403798,2025,24304,False,97.73354119199067,2.0,0.04092760736196268,1.9590723926380373
DOGE,1h,404214,2025,24304,False,80.4322093058544,-1.0,0.09946264150943453,-1.0994626415094346
DOGE,1h,405031,2025,24304,False,200.89933275311827,-1.0,0.03982093862815892,-1.039820938628159
DOGE,1h,405635,2025,24304,False,136.37591142316998,2.0,0.02933069306930702,1.970669306930693
DOGE,1h,405831,2025,24304,False,325.7202180119385,-1.0,0.024560956175298822,-1.0245609561752989
DOGE,1h,406891,2025,24304,False,73.97974652840936,-1.0,0.10813770491803289,-1.108137704918033
DOGE,1h,409164,2025,24304,False,96.06209046376891,2.0,0.0416397350993382,1.9583602649006617
DOGE,1h,409245,2025,24304,False,58.73669001476215,2.0,0.06810053475935893,1.9318994652406412
DOGE,1h,409721,2025,24304,False,123.47796261361661,2.0,0.03239444444444451,1.9676055555555554
DOGE,1h,411794,2025,24304,False,87.02668434096083,-1.0,0.09192582781456884,-1.091925827814569
DOGE,1h,420790,2025,24306,False,88.94536213468801,-1.0,0.08994285714285782,-1.0899428571428578
DOGE,1h,422277,2025,24306,False,96.26032881846847,-1.0,0.08310796460176982,-1.0831079646017698
DOGE,1h,422760,2025,24306,False,53.986935161690916,-1.0,0.14818399999999987,-1.1481839999999999
DOGE,1h,423427,2025,24306,False,165.38905806993665,2.0,0.02418539682539672,1.9758146031746033
DOGE,1h,423764,2025,24306,False,73.6965699867598,-1.0,0.10855322033898276,-1.1085532203389827
DOGE,1h,424405,2025,24306,False,209.7823013853543,-1.0,0.03813477088948797,-1.038134770889488
DOGE,1h,426820,2025,24306,False,81.28514056224823,-1.0,0.09841897233201674,-1.0984189723320168
DOGE,1h,427108,2025,24306,False,137.52714351516804,-1.0,0.05817033492822943,-1.0581703349282294
DOGE,1h,429199,2025,24306,False,110.53042590256553,-1.0,0.07237826086956489,-1.072378260869565
DOGE,1h,430135,2025,24307,False,84.46929977863257,2.0,0.04735448275862047,1.9526455172413795
DOGE,1h,431070,2025,24307,True,39.55625613419544,-1.0,0.20224360902254826,-1.2022436090225483
DOGE,1h,432011,2025,24307,True,81.77733121214627,2.0,0.04891331058020497,1.9510866894197951
DOGE,1h,432534,2025,24307,True,116.89028634519804,-1.0,0.06844024640657104,-1.068440246406571
DOGE,1h,432868,2025,24307,True,83.84319057330612,-1.0,0.09541621621621624,-1.0954162162162162
DOGE,1h,441970,2025,24308,True,161.63211035858248,2.0,0.024747557840616937,1.9752524421593831
DOGE,1h,442440,2025,24308,True,179.56869146833992,2.0,0.022275598086124313,1.9777244019138758
DOGE,1h,445035,2025,24308,True,54.58632131007164,-1.0,0.14655686274509824,-1.1465568627450982
DOGE,1h,445560,2025,24308,True,106.81888159920453,-1.0,0.07489312638580907,-1.074893126385809
DOGE,1h,447452,2025,24309,True,107.84382529768178,-1.0,0.07418134490238606,-1.074181344902386
DOGE,1h,448587,2025,24309,True,50.2143856189674,-1.0,0.1593168949771671,-1.159316894977167
DOGE,1h,448656,2025,24309,True,84.89979982974086,-1.0,0.09422872628726219,-1.094228726287262
DOGE,1h,449214,2025,24309,True,70.39225006224399,2.0,0.05682443729903534,1.9431755627009646
DOGE,1h,449802,2025,24309,True,73.35970985822634,2.0,0.05452584269662909,1.945474157303371
DOGE,1h,450228,2025,24309,True,89.52228020875079,2.0,0.04468161434977615,1.9553183856502239
DOGE,1h,450924,2025,24309,True,86.34861305784924,-1.0,0.09264769539078065,-1.0926476953907807
DOGE,1h,452234,2025,24309,True,92.58423721777993,2.0,0.04320389863547785,1.956796101364522
DOGE,1h,457285,2025,24310,True,64.71214931144813,-1.0,0.12362439024390018,-1.1236243902439003
DOGE,1h,457787,2025,24310,True,74.78267471434428,2.0,0.05348832487309722,1.9465116751269027
DOGE,1h,459126,2025,24310,True,185.72565667285767,-1.0,0.04307428571428568,-1.0430742857142856
DOGE,1h,460704,2025,24310,True,131.6073354908305,-1.0,0.0607868852459017,-1.0607868852459017
DOGE,1h,461372,2025,24310,True,52.3291606813048,-1.0,0.15287843137255006,-1.15287843137255
DOGE,1h,461568,2025,24310,True,88.41486585767609,-1.0,0.09048252148997009,-1.09048252148997
DOGE,1h,461907,2025,24310,True,143.57916970504647,-1.0,0.05571838879159376,-1.0557183887915937
DOGE,1h,463348,2025,24310,True,32.135116956879486,2.0,0.12447441860464989,1.8755255813953502
DOGE,1h,463497,2025,24310,True,72.36600024530867,-1.0,0.11054915254237259,-1.1105491525423725
DOGE,1h,464096,2025,24310,True,63.66156689598475,-1.0,0.12566451612903318,-1.1256645161290333
DOGE,1h,464685,2025,24310,True,74.07407407407365,2.0,0.05400000000000031,1.9459999999999997
DOGE,1h,465624,2025,24311,True,126.8406473246835,2.0,0.0315356321839079,1.968464367816092
DOGE,1h,467010,2025,24311,True,92.04359365294441,-1.0,0.08691533742331328,-1.0869153374233134
DOGE,1h,471833,2025,24311,True,105.96467844052034,-1.0,0.07549685534591158,-1.0754968553459117
DOGE,1h,472322,2025,24311,True,83.42801493264135,-1.0,0.09589105058365696,-1.095891050583657
DOGE,1h,472742,2025,24311,True,43.991664737207614,-1.0,0.18185263157894768,-1.1818526315789477
DOGE,1h,475460,2025,24312,True,76.62971807392043,-1.0,0.10439813953488443,-1.1043981395348845
DOGE,1h,475506,2025,24312,True,92.93878859096255,-1.0,0.0860781609195402,-1.0860781609195402
DOGE,1h,476037,2025,24312,True,129.44222169922216,-1.0,0.06180363636363693,-1.061803636363637
DOGE,1h,476610,2025,24312,True,69.63984243106295,2.0,0.05743838383838437,1.9425616161616157
DOGE,1h,477027,2025,24312,True,127.45311029039117,-1.0,0.0627681818181814,-1.0627681818181813
DOGE,1h,477930,2025,24312,True,54.60750853242309,0.0,0.14650000000000032,-0.14650000000000032
DOGE,1h,478530,2025,24312,True,59.77796754910495,-1.0,0.1338285714285678,-1.1338285714285679
DOGE,1h,478740,2025,24312,True,133.79642420176043,-1.0,0.05979233038348075,-1.0597923303834809
DOGE,1h,479359,2025,24312,True,28.433862835044664,-1.0,0.28135466666667674,-1.2813546666666769
DOGE,1h,479507,2025,24312,True,43.27346532378585,-1.0,0.18487079646017374,-1.1848707964601737
DOGE,1h,480699,2025,24312,True,86.29259951485288,-1.0,0.09270783410138225,-1.0927078341013823
DOGE,1h,480849,2025,24312,True,53.30447677447789,-1.0,0.15008120300751904,-1.150081203007519
DOGE,1h,482588,2026,24313,True,46.27544125476032,-1.0,0.1728778761061959,-1.172877876106196
DOGE,1h,482505,2026,24313,True,62.65140756829009,-1.0,0.12769066666666656,-1.1276906666666666
DOGE,1h,482828,2026,24313,True,116.94336873586126,-1.0,0.06840918032786891,-1.068409180327869
DOGE,1h,483493,2026,24313,True,107.3753439366479,2.0,0.03725250000000023,1.9627474999999999
DOGE,1h,484094,2026,24313,True,84.22120750888035,-1.0,0.09498795180722709,-1.0949879518072272
DOGE,1h,484139,2026,24313,True,73.08612037317724,-1.0,0.10945990783410112,-1.1094599078341012
DOGE,1h,484911,2026,24313,True,53.820550952482876,-1.0,0.1486421052631558,-1.1486421052631557
DOGE,1h,486286,2026,24313,True,88.3198685471733,2.0,0.04528992248061969,1.9547100775193802
DOGE,1h,487786,2026,24313,True,146.55272417926668,2.0,0.027293931398416776,1.9727060686015832
DOGE,1h,488356,2026,24313,True,66.47061193248247,-1.0,0.1203539393939385,-1.1203539393939386
DOGE,1h,488386,2026,24313,True,112.09582776900955,-1.0,0.07136750902527089,-1.0713675090252708
DOGE,1h,488612,2026,24313,True,103.10926384781389,-1.0,0.07758759689922483,-1.0775875968992248
DOGE,1h,489613,2026,24313,True,30.852770578798005,-1.0,0.25929599999999975,-1.2592959999999997
DOGE,1h,490670,2026,24313,True,64.08896057043468,-1.0,0.12482649006622422,-1.1248264900662241
DOGE,1h,491320,2026,24313,True,99.93723748370668,-1.0,0.08005024154589309,-1.080050241545893
DOGE,1h,497006,2026,24314,True,76.10503502847557,2.0,0.05255894039735156,1.9474410596026483
DOGE,1h,497738,2026,24314,True,73.69432874078929,-1.0,0.10855652173912884,-1.1085565217391289
DOGE,1h,497874,2026,24314,True,81.12724167378275,-1.0,0.09861052631578988,-1.09861052631579
DOGE,1h,498288,2026,24314,True,108.20168794633206,-1.0,0.07393599999999993,-1.073936
DOGE,1h,498658,2026,24314,True,140.16090674492713,-1.0,0.05707725631768964,-1.0570772563176896
DOGE,1h,499269,2026,24314,True,103.38602921065603,-1.0,0.07737989417989406,-1.077379894179894
DOGE,1h,499992,2026,24315,True,88.67740888936966,-1.0,0.09021463414634133,-1.0902146341463412
DOGE,1h,499892,2026,24315,True,81.38674558714649,-1.0,0.0982961038961048,-1.0982961038961048
DOGE,1h,506138,2026,24315,True,58.28123344283234,-1.0,0.13726545454545236,-1.1372654545454524
DOGE,1h,507398,2026,24315,True,43.43105320303991,-1.0,0.1842000000000011,-1.184200000000001
DOGE,1h,509774,2026,24316,True,45.68693571195515,-1.0,0.17510476190476035,-1.1751047619047603
DOGE,1h,510155,2026,24316,True,39.58218801539299,-1.0,0.20211111111111155,-1.2021111111111116
DOGE,1h,510345,2026,24316,True,92.69124227572937,-1.0,0.0863080459770119,-1.0863080459770118
DOGE,1h,512076,2026,24316,True,47.200171636987335,-1.0,0.16949090909091066,-1.1694909090909107
DOGE,1h,512266,2026,24316,True,72.07112420432334,-1.0,0.11100145985401602,-1.111001459854016
DOGE,1h,512886,2026,24316,True,57.93271673950615,2.0,0.0690456140350876,1.9309543859649123
DOGE,1h,515983,2026,24316,True,70.65711113354257,2.0,0.05661142857142806,1.943388571428572
DOGE,1h,516571,2026,24316,True,106.31100802164913,-1.0,0.07525090909090885,-1.0752509090909088
DOGE,1h,516528,2026,24316,True,149.68389735961327,-1.0,0.053445962732919246,-1.0534459627329193
DOGE,1h,516702,2026,24316,True,99.78143115081207,2.0,0.040087619047619226,1.9599123809523809
DOGE,1h,517944,2026,24317,True,109.78043912175673,-1.0,0.07287272727272712,-1.0728727272727272
DOGE,1h,519795,2026,24317,True,41.75744371822822,-1.0,0.19158260869565133,-1.1915826086956514
DOGE,1h,519820,2026,24317,True,61.14812448662991,-1.0,0.13082985074626788,-1.130829850746268
DOGE,1h,519850,2026,24317,True,108.54262228075768,-1.0,0.07370376569037647,-1.0737037656903765
DOGE,1h,520552,2026,24317,True,48.26212087668841,-1.0,0.1657614678899071,-1.165761467889907
DOGE,1h,524937,2026,24317,True,89.23619863876954,-1.0,0.08964971751412461,-1.0896497175141246
DOGE,1h,525250,2026,24317,True,38.21015585721521,2.0,0.10468421052631433,1.8953157894736856
DOGE,1h,527921,2026,24318,True,73.70717613066815,2.0,0.05426879999999995,1.9457312
DOGE,1h,529073,2026,24318,True,64.79481641468682,2.0,0.061733333333333335,1.9382666666666666
DOGE,1h,531024,2026,24318,True,52.916416115453515,-1.0,0.15118181818181956,-1.1511818181818196
DOGE,1h,532775,2026,24318,True,53.27895810037527,-1.0,0.1501530864197521,-1.1501530864197522
DOGE,1h,532965,2026,24318,True,62.319908865508715,-1.0,0.12836989247312014,-1.12836989247312
DOGE,1h,533008,2026,24318,True,55.3961155976772,2.0,0.07220722891566286,1.9277927710843372
DOGE,1h,534459,2026,24318,True,60.56387051862232,-1.0,0.13209195402298704,-1.132091954022987
ETH,4h,1323,2021,24256,False,78.7264917296202,-1.0,0.10161763625229683,-1.101617636252297
ETH,4h,1900,2021,24256,False,142.86694841297125,-1.0,0.05599615648592981,-1.0559961564859297
ETH,4h,2554,2021,24256,False,151.43054543389584,2.0,0.026414749999999997,1.97358525
ETH,4h,3568,2021,24256,False,74.037130351783,2.0,0.054026945412311886,1.945973054587688
ETH,4h,4911,2021,24256,False,178.43097944265332,2.0,0.02241763180639591,1.977582368193604
ETH,4h,5603,2021,24256,False,144.46760031735553,2.0,0.0276878690530825,1.9723121309469176
ETH,4h,5745,2021,24256,False,178.8436307125292,2.0,0.02236590693257366,1.9776340930674263
ETH,4h,6874,2021,24256,False,149.75686218628144,-1.0,0.05341992268807596,-1.053419922688076
ETH,4h,8689,2021,24257,False,56.583332758299775,-1.0,0.14138439024390165,-1.1413843902439016
ETH,4h,9095,2021,24257,False,118.462125079976,2.0,0.033766066557556054,1.966233933442444
ETH,4h,9228,2021,24257,False,89.18584754479039,2.0,0.044850165246129926,1.95514983475387
ETH,4h,10812,2021,24257,False,169.8064033252921,2.0,0.023556237701692212,1.9764437622983078
ETH,4h,11184,2021,24257,False,106.33067611159296,-1.0,0.07523698985609836,-1.0752369898560983
ETH,4h,11649,2021,24257,False,117.4271647938275,2.0,0.0340636683770999,1.9659363316229002
ETH,4h,17180,2021,24257,False,152.39010036096408,-1.0,0.052496848424212095,-1.052496848424212
ETH,4h,16878,2021,24257,False,161.0494312455927,2.0,0.024837094853816594,1.9751629051461834
ETH,4h,18022,2021,24258,False,125.99491097831536,2.0,0.03174731399023274,1.9682526860097673
ETH,4h,18793,2021,24258,False,160.44736151996565,-1.0,0.049860589318600296,-1.0498605893186004
ETH,4h,20777,2021,24258,False,118.7187051032459,-1.0,0.06738617973505232,-1.0673861797350523
ETH,4h,21783,2021,24258,False,93.01320388510774,-1.0,0.08600929401251248,-1.0860092940125126
ETH,4h,22976,2021,24258,False,124.86956440903782,-1.0,0.0640668527824301,-1.0640668527824302
ETH,4h,23083,2021,24258,False,210.9553001453666,-1.0,0.037922725783553685,-1.0379227257835537
ETH,4h,23809,2021,24258,False,134.40819094529405,-1.0,0.059520182094081664,-1.0595201820940816
ETH,4h,25036,2021,24258,False,123.45743911894915,-1.0,0.06479965935703669,-1.0647996593570368
ETH,4h,25951,2021,24259,False,134.5408034144778,-1.0,0.059461514997457846,-1.0594615149974578
ETH,4h,26497,2021,24259,False,85.094486533445,2.0,0.04700657073038293,1.9529934292696172
ETH,4h,27091,2021,24259,False,172.78023103436846,-1.0,0.04630159337157436,-1.0463015933715742
ETH,4h,30079,2021,24259,False,82.93832697680864,-1.0,0.09645721455458071,-1.0964572145545808
ETH,4h,30992,2021,24259,False,97.60233253032035,-1.0,0.08196525423728766,-1.0819652542372877
ETH,4h,31851,2021,24259,False,99.35240975554152,-1.0,0.08052144904873622,-1.0805214490487363
ETH,4h,31578,2021,24259,False,111.65885985138206,-1.0,0.0716468,-1.0716468
ETH,4h,33366,2021,24259,False,237.81709315909387,-1.0,0.03363929772132987,-1.0336392977213298
ETH,4h,33560,2021,24259,False,203.50082624395696,-1.0,0.039311879699247966,-1.039311879699248
ETH,4h,35484,2021,24260,False,86.88353750730293,-1.0,0.09207728218165111,-1.0920772821816511
ETH,4h,36113,2021,24260,False,293.94837169597747,-1.0,0.027215663600525655,-1.0272156636005256
ETH,4h,36772,2021,24260,False,114.19843488074649,2.0,0.03502674974641345,1.9649732502535866
ETH,4h,38209,2021,24260,False,187.47269333121457,2.0,0.02133644067796615,1.9786635593220339
ETH,4h,38974,2021,24260,False,111.53036401572268,-1.0,0.07172934537246038,-1.0717293453724603
ETH,4h,38712,2021,24260,False,61.8720901739778,-1.0,0.12929900990098836,-1.1292990099009883
ETH,4h,39109,2021,24260,False,107.85008448905536,-1.0,0.07417703971119133,-1.0741770397111914
ETH,4h,39332,2021,24260,False,66.85972431368,-1.0,0.11965349965349976,-1.1196534996534997
ETH,4h,41172,2021,24260,False,65.60327503485325,-1.0,0.12194513148542989,-1.1219451314854298
ETH,4h,41661,2021,24260,False,55.6034388875575,-1.0,0.14387599328483577,-1.1438759932848357
ETH,4h,41425,2021,24260,False,87.85896292327449,2.0,0.045527512127511924,1.9544724878724882
ETH,4h,42578,2021,24260,False,106.35528729401899,2.0,0.03760978980708319,1.9623902101929167
ETH,4h,42954,2021,24260,False,75.53021208483489,-1.0,0.10591788079470064,-1.1059178807947005
ETH,4h,44622,2021,24261,False,129.89389657203313,2.0,0.030794364520289726,1.9692056354797103
ETH,4h,47191,2021,24261,False,80.19008019008018,-1.0,0.09976296296296297,-1.099762962962963
ETH,4h,48509,2021,24261,False,86.32582732525545,-1.0,0.09267214978268182,-1.092672149782682
ETH,4h,51094,2021,24261,False,165.81310620766698,-1.0,0.048247090854088896,-1.0482470908540888
ETH,4h,51553,2021,24261,False,183.1748945263266,-1.0,0.0436741073097777,-1.0436741073097777
ETH,4h,53003,2021,24262,False,73.88389588109176,2.0,0.054138996763754485,1.9458610032362456
ETH,4h,54162,2021,24262,False,149.692922985769,2.0,0.02672137012369163,1.9732786298763083
ETH,4h,57265,2021,24262,False,78.5001184473245,-1.0,0.10191067425418213,-1.1019106742541822
ETH,4h,57303,2021,24262,False,52.35356446057071,-1.0,0.15280716952949933,-1.1528071695294992
ETH,4h,58650,2021,24262,False,225.2503938318803,2.0,0.017758015566381083,1.982241984433619
ETH,4h,58786,2021,24262,False,120.15359841446798,2.0,0.03329072164948454,1.9667092783505156
ETH,4h,60294,2021,24262,False,113.78930625229414,-1.0,0.07030537634408603,-1.070305376344086
ETH,4h,61301,2021,24262,False,68.73814480820013,-1.0,0.11638370547128352,-1.1163837054712835
ETH,4h,62992,2021,24263,False,52.37608872595215,-1.0,0.1527414550150636,-1.1527414550150636
ETH,4h,64193,2021,24263,False,78.88322224920606,2.0,0.050707867730900906,1.949292132269099
ETH,4h,64177,2021,24263,False,70.74964678653248,-1.0,0.1130747694633415,-1.1130747694633416
ETH,4h,64733,2021,24263,False,63.82700459031195,-1.0,0.12533879744709636,-1.1253387974470963
ETH,4h,65557,2021,24263,False,47.288837729705264,-1.0,0.16917311534968574,-1.1691731153496858
ETH,4h,66629,2021,24263,False,108.66502949686752,-1.0,0.0736207410704344,-1.0736207410704344
ETH,4h,67135,2021,24263,False,65.31632220273666,-1.0,0.12248087048086752,-1.1224808704808675
ETH,4h,67556,2021,24263,False,80.27996256314478,2.0,0.04982563359884194,1.9501743664011582
ETH,4h,68637,2021,24263,False,69.91352679750688,-1.0,0.11442706964520177,-1.1144270696452017
ETH,4h,68592,2021,24263,False,72.15967881890654,-1.0,0.11086523846755152,-1.1108652384675515
ETH,4h,69610,2021,24263,False,100.20478811955155,-1.0,0.07983650432407903,-1.079836504324079
ETH,4h,69382,2021,24263,False,229.79703987842854,-1.0,0.03481332920664386,-1.034813329206644
ETH,4h,70310,2021,24264,False,129.07872140047644,-1.0,0.06197768240343347,-1.0619776824034335
ETH,4h,71687,2021,24264,False,235.77726084833867,-1.0,0.03393032886723508,-1.033930328867235
ETH,4h,71959,2021,24264,False,86.93411420204902,2.0,0.04601185664241485,1.9539881433575852
ETH,4h,73451,2021,24264,False,73.38551859099803,-1.0,0.10901333333333335,-1.1090133333333334
ETH,4h,74264,2021,24264,False,89.42790640695821,2.0,0.044728767123287674,1.9552712328767123
ETH,4h,74245,2021,24264,False,85.8515078358366,-1.0,0.09318415251712792,-1.093184152517128
ETH,4h,74677,2021,24264,False,119.09713804499016,-1.0,0.06717205913863286,-1.067172059138633
ETH,4h,76887,2021,24264,False,151.45174889083896,-1.0,0.05282210379601569,-1.0528221037960157
ETH,4h,77318,2021,24264,False,41.62060299959146,2.0,0.09610624814924626,1.9038937518507537
ETH,4h,78417,2021,24264,False,58.83683784849193,-1.0,0.1359692378540199,-1.1359692378540198
ETH,4h,78928,2022,24265,False,79.59259699388146,2.0,0.05025593021305101,1.949744069786949
ETH,4h,80002,2022,24265,False,67.47367629262976,-1.0,0.11856475650303125,-1.1185647565030312
ETH,4h,81888,2022,24265,False,64.56290291930256,2.0,0.061955082859263884,1.9380449171407361
ETH,4h,82803,2022,24265,False,98.71518296227049,2.0,0.040520615775273626,1.9594793842247265
ETH,4h,82408,2022,24265,False,55.781697572742345,2.0,0.07170810810810811,1.9282918918918919
ETH,4h,84641,2022,24265,False,78.88277959204864,-1.0,0.10141630456448061,-1.1014163045644807
ETH,4h,85750,2022,24265,False,201.3825497027914,-1.0,0.03972538838050629,-1.0397253883805062
ETH,4h,86655,2022,24265,False,174.8128539874341,2.0,0.022881612586037457,1.9771183874139626
ETH,4h,86943,2022,24265,False,130.59790093555586,-1.0,0.06125672727272728,-1.0612567272727274
ETH,4h,88540,2022,24266,False,81.046215432913,2.0,0.04935455626933066,1.9506454437306693
ETH,4h,91963,2022,24266,False,125.74469239661501,-1.0,0.06362097554596552,-1.0636209755459656
ETH,4h,92627,2022,24266,False,99.0431425214034,-1.0,0.0807728813559322,-1.0807728813559323
ETH,4h,93219,2022,24266,False,77.0011190661106,2.0,0.0519472969810443,1.9480527030189556
ETH,4h,93614,2022,24266,False,80.84772370486698,-1.0,0.0989514563106791,-1.098951456310679
ETH,4h,93725,2022,24266,False,84.72116801357319,-1.0,0.09442740447957845,-1.0944274044795785
ETH,4h,94690,2022,24266,False,327.90667348760843,-1.0,0.02439718568369521,-1.0243971856836953
ETH,4h,96779,2022,24267,False,237.4524819569173,-1.0,0.03369095127610204,-1.033690951276102
ETH,4h,96026,2022,24267,False,102.22804718217562,2.0,0.03912820512820513,1.9608717948717949
ETH,4h,97791,2022,24267,False,86.25433015336772,-1.0,0.09274896675651301,-1.092748966756513
ETH,4h,98549,2022,24267,False,206.79144243460175,-1.0,0.038686320409656305,-1.0386863204096564
ETH,4h,98659,2022,24267,False,79.70444360825017,2.0,0.05018540772532238,1.9498145922746777
ETH,4h,99811,2022,24267,False,61.214328253293296,2.0,0.0653441786283884,1.9346558213716116
ETH,4h,101562,2022,24267,False,113.60923478773637,2.0,0.0352084054388137,1.9647915945611862
ETH,4h,101356,2022,24267,False,49.57487657707088,2.0,0.08068603042876882,1.9193139695712311
ETH,4h,102253,2022,24267,False,73.2494402316815,2.0,0.05460792584009316,1.945392074159907
ETH,4h,104861,2022,24268,False,131.7232281083791,2.0,0.030366701890336946,1.9696332981096631
ETH,4h,105002,2022,24268,False,60.190643198635534,-1.0,0.13291102362204615,-1.132911023622046
ETH,4h,108475,2022,24268,False,162.9914941421929,2.0,0.024541157936195258,1.9754588420638048
ETH,4h,108913,2022,24268,False,68.9202494256646,2.0,0.058038095238095236,1.9419619047619048
ETH,4h,109880,2022,24268,False,89.10310114066887,2.0,0.04489181575942142,1.9551081842405786
ETH,4h,110862,2022,24268,False,78.98576243900045,-1.0,0.10128407643312025,-1.1012840764331202
ETH,4h,111908,2022,24268,False,74.66177783071716,2.0,0.053574936416184965,1.946425063583815
ETH,4h,112200,2022,24268,False,158.04207207696902,-1.0,0.050619432502149626,-1.0506194325021496
ETH,4h,112702,2022,24268,False,167.0666341923696,2.0,0.023942542562952352,1.9760574574370477
ETH,4h,114791,2022,24269,False,68.53503140830097,-1.0,0.11672862528273445,-1.1167286252827344
ETH,4h,117211,2022,24269,False,159.97302376784566,-1.0,0.05000843149411037,-1.0500084314941103
ETH,4h,119635,2022,24269,False,121.09907992739537,-1.0,0.0660616084349805,-1.0660616084349805
ETH,4h,120429,2022,24269,False,73.07904564161373,2.0,0.054735252285810665,1.9452647477141893
ETH,4h,120868,2022,24269,False,87.23235527359239,-1.0,0.0917090909090909,-1.091709090909091
ETH,4h,122605,2022,24270,False,112.45382085876335,-1.0,0.07114031287605264,-1.0711403128760526
ETH,4h,122225,2022,24269,False,92.64221728811009,-1.0,0.08635371900826404,-1.086353719008264
ETH,4h,123863,2022,24270,False,86.02150537634408,-1.0,0.093,-1.093
ETH,4h,123240,2022,24270,False,71.63363714914924,2.0,0.05583968871595272,1.9441603112840473
ETH,4h,124047,2022,24270,False,106.60322976121938,-1.0,0.07504463061690723,-1.0750446306169072
ETH,4h,124351,2022,24270,False,227.91399576347564,-1.0,0.035100959786174044,-1.035100959786174
ETH,4h,125743,2022,24270,False,128.05502463366346,-1.0,0.062473144047929356,-1.0624731440479294
ETH,4h,127708,2022,24270,False,252.2874315684688,-1.0,0.03170986342943867,-1.0317098634294386
ETH,4h,130057,2022,24270,False,120.54449334706837,2.0,0.03318276836158173,1.9668172316384183
ETH,4h,132420,2022,24271,False,127.4780626881687,-1.0,0.06275589565217392,-1.0627558956521739
ETH,4h,133210,2022,24271,False,87.21497391022697,-1.0,0.09172736792003909,-1.091727367920039
ETH,4h,134783,2022,24271,False,167.5907652789537,2.0,0.023867663551401692,1.9761323364485983
ETH,4h,137325,2022,24271,False,153.7482631900157,2.0,0.02601655405405423,1.9739834459459458
ETH,4h,137648,2022,24271,False,84.08238009878366,-1.0,0.0951447852760739,-1.0951447852760738
ETH,4h,138745,2022,24271,False,186.04934589270724,-1.0,0.04299934494052733,-1.0429993449405273
ETH,4h,139244,2022,24271,False,208.79444962450404,2.0,0.019157597374803787,1.9808424026251963
ETH,4h,141512,2022,24272,False,118.63735683594687,-1.0,0.06743238566130981,-1.0674323856613097
ETH,4h,142181,2022,24272,False,66.62601093145359,2.0,0.06003661248930683,1.9399633875106932
ETH,4h,142711,2022,24272,False,140.6397097655622,-1.0,0.05688293877551021,-1.0568829387755103
ETH,4h,146525,2022,24272,False,118.28650280501033,2.0,0.0338161996943456,1.9661838003056544
ETH,4h,145827,2022,24272,False,108.93246187363835,-1.0,0.07344,-1.07344
ETH,4h,148205,2022,24272,False,62.94454791543244,2.0,0.06354799791991673,1.9364520020800833
ETH,4h,148522,2022,24272,False,211.86084724177732,2.0,0.01888031720856458,1.9811196827914355
ETH,4h,148471,2022,24272,False,77.10208674304384,-1.0,0.10375854063018289,-1.1037585406301829
ETH,4h,150869,2022,24273,False,142.22475727553444,-1.0,0.05624899738448113,-1.056248997384481
ETH,4h,150782,2022,24273,False,84.04453353172181,-1.0,0.09518763045999269,-1.0951876304599928
ETH,4h,151001,2022,24273,False,100.07418699505187,2.0,0.03997034720050015,1.9600296527994998
ETH,4h,154872,2022,24273,False,100.67426679755482,0.0,0.07946419928825649,-0.07946419928825649
ETH,4h,155045,2022,24273,False,110.7516177202589,-1.0,0.07223370786516849,-1.0722337078651685
ETH,4h,156579,2022,24273,False,136.41674745024977,-1.0,0.05864382599297453,-1.0586438259929745
ETH,4h,156915,2022,24273,False,110.58276301365854,2.0,0.0361720026791693,1.9638279973208308
ETH,4h,156800,2022,24273,False,90.52287206126154,-1.0,0.08837545493017482,-1.0883754549301747
ETH,4h,158884,2022,24274,False,42.79409299987053,-1.0,0.1869416884247133,-1.1869416884247133
ETH,4h,159969,2022,24274,False,21.372055658289145,-1.0,0.374320567375895,-1.374320567375895
ETH,4h,161464,2022,24274,False,53.53965065568881,-1.0,0.14942196861626267,-1.1494219686162626
ETH,4h,164228,2022,24274,False,33.89425589416604,-1.0,0.23602819383260099,-1.236028193832601
ETH,4h,167479,2022,24275,False,82.20615858204792,2.0,0.048658154924094886,1.951341845075905
ETH,4h,168674,2022,24275,False,104.57516339869281,-1.0,0.0765,-1.0765
ETH,4h,173112,2022,24275,False,149.32964247598596,-1.0,0.05357275265215008,-1.0535727526521501
ETH,4h,172830,2022,24275,False,111.00500797213881,-1.0,0.07206882055274409,-1.072068820552744
ETH,4h,174589,2022,24275,False,48.083106193552744,-1.0,0.16637860224331108,-1.1663786022433111
ETH,4h,175951,2022,24276,False,149.76736723888854,2.0,0.026708087841457104,1.9732919121585428
ETH,4h,177347,2022,24276,False,81.05650539921395,-1.0,0.09869658160808868,-1.0986965816080887
ETH,4h,177262,2022,24276,False,112.70886889460134,-1.0,0.07097933000712771,-1.0709793300071277
ETH,4h,177571,2022,24276,False,83.28460578093117,-1.0,0.09605616698292253,-1.0960561669829225
ETH,4h,178524,2022,24276,False,29.242189257342527,-1.0,0.27357732793522804,-1.273577327935228
ETH,4h,178387,2022,24276,False,30.68416090006806,-1.0,0.26072083333333895,-1.2607208333333388
ETH,4h,178648,2022,24276,False,36.91968481454875,-1.0,0.21668657357680043,-1.2166865735768004
ETH,4h,179295,2022,24276,False,45.496260715053175,-1.0,0.1758386266094407,-1.1758386266094407
ETH,4h,179157,2022,24276,False,59.79533966218709,-1.0,0.13378969072164962,-1.1337896907216496
ETH,4h,181333,2022,24276,False,34.868767787498605,2.0,0.114715840386941,1.885284159613059
ETH,4h,181327,2022,24276,False,27.56768219410332,-1.0,0.29019487179488695,-1.290194871794887
ETH,4h,181397,2022,24276,False,71.57663851512754,-1.0,0.1117683110853162,-1.1117683110853163
ETH,4h,182191,2022,24276,False,82.28864516289637,-1.0,0.09721875945537099,-1.097218759455371
ETH,4h,182273,2022,24276,False,18.639444026120735,-1.0,0.4291973509933585,-1.4291973509933584
ETH,4h,183055,2022,24276,False,38.3727304440264,2.0,0.1042406926406951,1.8957593073593049
ETH,4h,184788,2023,24277,False,36.54544175285649,2.0,0.10945277463193749,1.8905472253680624
ETH,4h,187363,2023,24277,False,148.0090350308805,2.0,0.027025377195151922,1.9729746228048481
ETH,4h,188641,2023,24277,False,56.49825962326061,2.0,0.07079864099660126,1.9292013590033987
ETH,4h,190548,2023,24277,False,97.64590114298703,2.0,0.040964341085271264,1.9590356589147286
ETH,4h,189918,2023,24277,False,123.0770179175228,2.0,0.03249997495617343,1.9675000250438266
ETH,4h,191186,2023,24277,False,154.32459680605265,-1.0,0.051838787630555064,-1.051838787630555
ETH,4h,191424,2023,24277,False,150.45059527749677,-1.0,0.053173601508485206,-1.0531736015084852
ETH,4h,193197,2023,24278,False,77.47940302958773,-1.0,0.10325324779470707,-1.103253247794707
ETH,4h,194594,2023,24278,False,39.286793593230584,2.0,0.10181538461538461,1.8981846153846154
ETH,4h,196698,2023,24278,False,79.6553145653534,-1.0,0.10043272120200318,-1.100432721202003
ETH,4h,197551,2023,24278,False,124.46047956027161,-1.0,0.06427743190661495,-1.064277431906615
ETH,4h,200386,2023,24278,False,95.66879059164687,-1.0,0.08362183686576785,-1.0836218368657677
ETH,4h,204402,2023,24279,False,124.4675737938569,-1.0,0.06427376830892192,-1.0642737683089218
ETH,4h,203925,2023,24279,False,144.27674810013383,2.0,0.027724495129484345,1.9722755048705156
ETH,4h,205244,2023,24279,False,122.74421432036308,2.0,0.032588094047023494,1.9674119059529764
ETH,4h,207538,2023,24279,False,129.83104645583677,-1.0,0.061618543625628665,-1.0616185436256287
ETH,4h,207790,2023,24279,False,93.88825721329654,-1.0,0.0852076738609121,-1.085207673860912
ETH,4h,208388,2023,24279,False,50.139275766016716,2.0,0.07977777777777777,1.9202222222222223
ETH,4h,208942,2023,24279,False,49.91269585994609,-1.0,0.16027986191024066,-1.1602798619102406
ETH,4h,210155,2023,24280,False,52.52846788744861,-1.0,0.15229836927932855,-1.1522983692793285
ETH,4h,210628,2023,24280,False,30.275239494823477,-1.0,0.2642423357664225,-1.2642423357664225
ETH,4h,211255,2023,24280,False,50.575560414088116,2.0,0.07908958333333221,1.9209104166666677
ETH,4h,212405,2023,24280,False,18.681148849983796,2.0,0.21411959361393718,1.7858804063860627
ETH,4h,213882,2023,24280,False,205.90990046636705,2.0,0.019425972189488543,1.9805740278105115
ETH,4h,216194,2023,24280,False,94.66131543179664,2.0,0.04225590973201714,1.9577440902679828
ETH,4h,216295,2023,24280,False,28.085735402808083,-1.0,0.2848421052631629,-1.284842105263163
ETH,4h,217387,2023,24280,False,94.4403859898042,-1.0,0.08470952247975438,-1.0847095224797543
ETH,4h,217445,2023,24280,False,78.75798836667322,-1.0,0.1015769976596461,-1.1015769976596461
ETH,4h,219321,2023,24281,False,36.93714186678887,2.0,0.10829208211143436,1.8917079178885656
ETH,4h,220129,2023,24281,False,98.77953885647376,-1.0,0.08098843234755292,-1.080988432347553
ETH,4h,220074,2023,24281,False,71.32653138900154,-1.0,0.11216022767698457,-1.1121602276769846
ETH,4h,222923,2023,24281,False,41.06362238036427,-1.0,0.19481963685272505,-1.194819636852725
ETH,4h,223666,2023,24281,False,50.112435287552216,-1.0,0.1596410143329669,-1.159641014332967
ETH,4h,223748,2023,24281,False,27.475171960472554,2.0,0.14558598598598918,1.8544140140140108
ETH,4h,225257,2023,24281,False,54.49591280653951,-1.0,0.1468,-1.1468
ETH,4h,225967,2023,24281,False,50.40717676261808,2.0,0.07935377969762426,1.9206462203023758
ETH,4h,225463,2023,24281,False,34.29685898394893,2.0,0.11662875605815728,1.8833712439418426
ETH,4h,226519,2023,24281,False,36.79540071088877,2.0,0.10870923872874932,1.8912907612712506
ETH,4h,226853,2023,24281,False,109.88134516248223,-1.0,0.07280580691991302,-1.0728058069199131
ETH,4h,227523,2023,24282,False,28.979028124825028,-1.0,0.27606170798898394,-1.276061707988984
ETH,4h,229170,2023,24282,False,28.409393188130544,-1.0,0.28159700374531066,-1.2815970037453106
ETH,4h,229143,2023,24282,False,105.49839175973386,-1.0,0.07583053984575908,-1.075830539845759
ETH,4h,229502,2023,24282,False,51.70856561257546,-1.0,0.15471324538258724,-1.1547132453825872
ETH,4h,229367,2023,24282,False,75.95181655459275,-1.0,0.10532993630573337,-1.1053299363057334
ETH,4h,232197,2023,24282,False,21.98207970090493,-1.0,0.36393280839895537,-1.3639328083989555
ETH,4h,232032,2023,24282,False,193.83690453273258,-1.0,0.041271810542398896,-1.0412718105423988
ETH,4h,232903,2023,24282,False,74.72331226355257,2.0,0.05353081761006278,1.9464691823899372
ETH,4h,232312,2023,24282,False,35.816162983793355,-1.0,0.2233628432956362,-1.2233628432956363
ETH,4h,232853,2023,24282,False,21.994769747665988,2.0,0.18186141732283725,1.8181385826771628
ETH,4h,233883,2023,24282,False,35.55743718498705,2.0,0.11249404672192931,1.8875059532780707
ETH,4h,235744,2023,24282,False,38.5833082590641,2.0,0.10367177363699259,1.8963282263630075
ETH,4h,237412,2023,24283,False,23.431222622534317,-1.0,0.34142477876106325,-1.3414247787610631
ETH,4h,237668,2023,24283,False,47.743675977159675,-1.0,0.16756145890038207,-1.167561458900382
ETH,4h,238993,2023,24283,False,42.31163438542985,2.0,0.09453664596273344,1.9054633540372665
ETH,4h,238039,2023,24283,False,50.02487868298089,-1.0,0.1599204278074882,-1.1599204278074882
ETH,4h,240133,2023,24283,False,116.9348498348979,-1.0,0.0684141640519941,-1.0684141640519942
ETH,4h,240121,2023,24283,False,71.05235611451079,-1.0,0.11259302910528236,-1.1125930291052823
ETH,4h,241808,2023,24283,False,28.333814308575512,-1.0,0.2823481481481553,-1.2823481481481553
ETH,4h,242137,2023,24283,False,45.09452506214912,2.0,0.08870256410256487,1.911297435897435
ETH,4h,242561,2023,24283,False,21.832898450396236,-1.0,0.3664195121951301,-1.3664195121951301
ETH,4h,243188,2023,24283,False,21.5746828360216,-1.0,0.3708049875311729,-1.370804987531173
ETH,4h,244809,2023,24283,False,14.584085952448582,-1.0,0.5485431192660276,-1.5485431192660277
ETH,4h,245309,2023,24284,False,42.85094380559824,-1.0,0.18669367088607378,-1.1866936708860738
ETH,4h,245546,2023,24284,False,27.30771945254251,-1.0,0.29295745526839123,-1.2929574552683913
ETH,4h,248169,2023,24284,False,10.18537380321858,2.0,0.39271999999999996,1.60728
ETH,4h,250516,2023,24284,False,26.13404700536158,-1.0,0.30611408934707834,-1.3061140893470784
ETH,4h,251998,2023,24284,False,28.37822791057348,2.0,0.1409531283138943,1.8590468716861057
ETH,4h,253917,2023,24284,False,181.53009468156975,-1.0,0.04406982772764575,-1.0440698277276457
ETH,4h,256311,2023,24285,False,25.409278504604256,2.0,0.15742280912365084,1.842577190876349
ETH,4h,258627,2023,24285,False,43.31525720924706,-1.0,0.184692427459305,-1.184692427459305
ETH,4h,259122,2023,24285,False,35.842947694833214,-1.0,0.22319592875318137,-1.2231959287531813
ETH,4h,263134,2023,24286,False,99.1617977263917,-1.0,0.08067622999407177,-1.0806762299940718
ETH,4h,264185,2023,24286,False,40.6215745696048,-1.0,0.19693968253968225,-1.1969396825396823
ETH,4h,267142,2023,24286,False,25.46148949713558,2.0,0.15710000000000002,1.8429
ETH,4h,271215,2023,24286,False,38.07988437056958,-1.0,0.21008467153284952,-1.2100846715328495
ETH,4h,274325,2023,24287,False,109.10494385545843,-1.0,0.07332390006632836,-1.0733239000663284
ETH,4h,275754,2023,24287,False,61.65842478294988,-1.0,0.12974707070707073,-1.1297470707070707
ETH,4h,277151,2023,24287,False,52.33456599339467,-1.0,0.152862641509432,-1.152862641509432
ETH,4h,279033,2023,24287,False,29.964639798053046,-1.0,0.26698135048230415,-1.2669813504823042
ETH,4h,280409,2023,24288,False,78.02692315120544,2.0,0.051264356435644025,1.948735643564356
ETH,4h,283130,2023,24288,False,103.45737316387849,-1.0,0.07732653319283339,-1.0773265331928334
ETH,4h,284109,2023,24288,False,190.67147059910633,2.0,0.020978492416467195,1.979021507583533
ETH,4h,285585,2023,24288,False,81.328231993965,-1.0,0.09836682544130117,-1.0983668254413013
ETH,4h,285772,2023,24288,False,64.3261291971273,-1.0,0.12436625831291691,-1.1243662583129168
ETH,4h,287833,2023,24288,False,42.977273936878206,-1.0,0.1861448916408658,-1.186144891640866
ETH,4h,288556,2023,24288,False,98.109457592003,2.0,0.04077078905720139,1.9592292109427987
ETH,4h,288307,2023,24288,False,91.09451704348997,2.0,0.04391043643263772,1.9560895635673623
ETH,4h,289617,2024,24289,False,44.47978950886052,-1.0,0.17985696623870878,-1.1798569662387088
ETH,4h,290194,2024,24289,False,94.43680939911957,-1.0,0.08471273067040513,-1.0847127306704052
ETH,4h,290325,2024,24289,False,60.463531471100296,-1.0,0.13231116022099623,-1.1323111602209963
ETH,4h,291463,2024,24289,False,88.19925615085191,-1.0,0.0907037128104252,-1.090703712810425
ETH,4h,292579,2024,24289,False,162.9016825051548,-1.0,0.04910937614009512,-1.0491093761400951
ETH,4h,294458,2024,24289,False,62.21814937178969,2.0,0.06428992248062007,1.9357100775193798
ETH,4h,296549,2024,24289,False,178.88902812495166,-1.0,0.04472046208676422,-1.0447204620867643
ETH,4h,298255,2024,24290,False,39.90561831961345,-1.0,0.20047302452316676,-1.2004730245231667
ETH,4h,299860,2024,24290,False,46.23893008665282,2.0,0.08650719193770072,1.9134928080622993
ETH,4h,301708,2024,24290,False,93.28534807662952,2.0,0.04287918823773042,1.9571208117622696
ETH,4h,307932,2024,24291,False,210.60863763392047,-1.0,0.03798514671513893,-1.0379851467151389
ETH,4h,309796,2024,24291,False,125.33986655281855,-1.0,0.06382646016803264,-1.0638264601680327
ETH,4h,310039,2024,24291,False,60.18390844758518,-1.0,0.13292589674476338,-1.1329258967447633
ETH,4h,310469,2024,24291,False,62.07490039840586,2.0,0.06443828301499335,1.9355617169850066
ETH,4h,312256,2024,24291,False,123.41063704927306,2.0,0.03241211694258539,1.9675878830574147
ETH,4h,313334,2024,24291,False,107.19498515150946,-1.0,0.0746303569023569,-1.074630356902357
ETH,4h,314089,2024,24291,False,132.85776963084612,-1.0,0.0602147696911405,-1.0602147696911406
ETH,4h,315427,2024,24292,False,76.53917597296547,-1.0,0.1045216374269001,-1.1045216374269
ETH,4h,315618,2024,24292,False,43.64818988388933,2.0,0.09164183006536111,1.9083581699346388
ETH,4h,316440,2024,24292,False,120.87287357327163,2.0,0.03309261939218521,1.9669073806078148
ETH,4h,317839,2024,24292,False,187.56169792694965,-1.0,0.04265263157894737,-1.0426526315789473
ETH,4h,318220,2024,24292,False,64.71782242239198,-1.0,0.12361355343179854,-1.1236135534317986
ETH,4h,319384,2024,24292,False,244.59361273229698,-1.0,0.032707313615567904,-1.032707313615568
ETH,4h,319559,2024,24292,False,109.53792944648383,-1.0,0.07303406263406233,-1.0730340626340624
ETH,4h,321129,2024,24292,False,40.1705289306137,2.0,0.09957548746518062,1.9004245125348194
ETH,4h,321939,2024,24292,False,40.93166022502192,-1.0,0.19544772814051461,-1.1954477281405147
ETH,4h,323060,2024,24292,False,74.61179183279071,-1.0,0.10722165764264792,-1.107221657642648
ETH,4h,323465,2024,24292,False,85.16885092477544,-1.0,0.09393105475927957,-1.0939310547592795
ETH,4h,323272,2024,24292,False,55.22622948821663,2.0,0.07242935172413792,1.927570648275862
ETH,4h,323701,2024,24292,False,68.57266690401403,-1.0,0.11666455981941261,-1.1166645598194127
ETH,4h,324820,2024,24293,False,182.70949061731642,-1.0,0.043785355500530275,-1.0437853555005303
ETH,4h,324146,2024,24293,False,87.88784453995576,2.0,0.04551255092143614,1.9544874490785638
ETH,4h,325770,2024,24293,False,116.3411108816854,2.0,0.034381655544512134,1.9656183444554878
ETH,4h,325829,2024,24293,False,53.25282243170882,-1.0,0.1502267792521075,-1.1502267792521075
ETH,4h,327552,2024,24293,False,146.79099279053926,2.0,0.02724962835906238,1.9727503716409376
ETH,4h,328498,2024,24293,False,58.42227669020573,-1.0,0.13693406784575327,-1.1369340678457533
ETH,4h,328693,2024,24293,False,40.88398161565647,-1.0,0.19567565789473917,-1.1956756578947392
ETH,4h,330576,2024,24293,False,255.04785140567836,2.0,0.01568333149232303,1.984316668507677
ETH,4h,336246,2024,24294,False,74.87318750586486,-1.0,0.10684732768153293,-1.106847327681533
ETH,4h,336930,2024,24294,False,54.59215060378274,-1.0,0.14654121355398064,-1.1465412135539808
ETH,4h,338795,2024,24294,False,41.37811132682391,2.0,0.0966694677871135,1.9033305322128866
ETH,4h,338568,2024,24294,False,63.679393052225436,-1.0,0.125629338103756,-1.125629338103756
ETH,4h,340572,2024,24294,False,35.25823175328474,-1.0,0.22689736842105535,-1.2268973684210553
ETH,4h,340801,2024,24294,False,35.58178702884797,2.0,0.11241706316652944,1.8875829368334704
ETH,4h,341672,2024,24295,False,31.787713357749876,-1.0,0.25166956521739214,-1.2516695652173921
ETH,4h,342870,2024,24295,False,203.39005730381118,-1.0,0.03933328947368409,-1.0393332894736842
ETH,4h,343309,2024,24295,False,41.611018295377335,2.0,0.09612838531385735,1.9038716146861427
ETH,4h,347545,2024,24295,False,77.03371479346944,-1.0,0.10385063243345241,-1.1038506324334525
ETH,4h,348802,2024,24295,False,144.20318024471896,-1.0,0.05547727856225957,-1.0554772785622595
ETH,4h,349300,2024,24295,False,50.99162469169493,-1.0,0.1568885096007339,-1.156888509600734
ETH,4h,349815,2024,24295,False,100.91236875722828,-1.0,0.07927670411985019,-1.07927670411985
ETH,4h,349895,2024,24295,False,57.23686670405748,2.0,0.06988502743663365,1.9301149725633664
ETH,4h,351945,2024,24296,False,580.2034313000073,-1.0,0.013788267301479331,-1.0137882673014793
ETH,4h,352532,2024,24296,False,114.33294867702807,-1.0,0.06997108088761618,-1.0699710808876162
ETH,4h,353623,2024,24296,False,75.47658577366451,2.0,0.05299656786271446,1.9470034321372856
ETH,4h,354891,2024,24296,False,83.0801103650055,2.0,0.048146300991011394,1.9518536990089885
ETH,4h,355672,2024,24296,False,58.799799053114945,-1.0,0.1360548867313892,-1.1360548867313893
ETH,4h,356464,2024,24296,False,63.64109396352962,-1.0,0.12570494159928342,-1.1257049415992835
ETH,4h,357724,2024,24296,False,77.25072675220022,-1.0,0.10355889628924621,-1.1035588962892462
ETH,4h,358391,2024,24296,False,163.7199195873117,-1.0,0.04886393799951512,-1.048863937999515
ETH,4h,360163,2024,24297,False,52.388115681347095,-1.0,0.15270638953041057,-1.1527063895304106
ETH,4h,360613,2024,24297,False,57.6148998647277,-1.0,0.13885297065139332,-1.1388529706513932
ETH,4h,361708,2024,24297,False,94.92222251012714,-1.0,0.0842795268425841,-1.084279526842584
ETH,4h,361211,2024,24297,False,74.29235309566333,-1.0,0.10768268424206076,-1.1076826842420608
ETH,4h,361406,2024,24297,False,70.91696252290849,2.0,0.05640399500624226,1.9435960049937577
ETH,4h,363385,2024,24297,False,40.06521074049372,2.0,0.0998372384937244,1.9001627615062755
ETH,4h,364215,2024,24297,False,48.36977497356965,2.0,0.08269627059844069,1.9173037294015594
ETH,4h,364203,2024,24297,False,84.10285309323581,-1.0,0.0951216243654809,-1.0951216243654809
ETH,4h,366074,2024,24297,False,80.19207866661453,2.0,0.04988023837902178,1.9501197616209782
ETH,4h,369119,2024,24298,False,52.50467678237418,-1.0,0.15236737925573898,-1.152367379255739
ETH,4h,369904,2024,24298,False,64.99403696472318,-1.0,0.12308821506720934,-1.1230882150672092
ETH,4h,372238,2024,24298,False,132.034359535546,2.0,0.030295144491711862,1.969704855508288
ETH,4h,373990,2024,24298,False,65.69347167613066,-1.0,0.12177770173937624,-1.1217777017393762
ETH,4h,374701,2024,24298,False,39.83517559596115,2.0,0.10041376597836703,1.899586234021633
ETH,4h,376881,2024,24298,False,71.84540850033025,-1.0,0.11135019157088134,-1.1113501915708814
ETH,4h,377826,2024,24299,False,41.8492900169944,2.0,0.09558107194591968,1.9044189280540804
ETH,4h,383954,2024,24299,False,59.942277806556646,-1.0,0.13346172839506174,-1.1334617283950617
ETH,4h,387752,2024,24300,False,89.42821675575755,-1.0,0.08945722379603355,-1.0894572237960336
ETH,4h,388482,2024,24300,False,106.93214837397075,2.0,0.03740689830724166,1.9625931016927582
ETH,4h,389035,2024,24300,False,60.329955269057464,-1.0,0.13260410958904037,-1.1326041095890405
ETH,4h,391462,2024,24300,False,152.09671207920547,2.0,0.02629905633934395,1.973700943660656
ETH,4h,392497,2024,24300,False,69.72240342524532,2.0,0.05737036882683919,1.9426296311731608
ETH,4h,393203,2024,24300,False,62.628389671395695,2.0,0.06386879849518025,1.9361312015048198
ETH,4h,394852,2025,24301,False,41.38449405717519,-1.0,0.1933091169109743,-1.1933091169109744
ETH,4h,396469,2025,24301,False,138.06577106391617,-1.0,0.057943398558187746,-1.0579433985581876
ETH,4h,398284,2025,24301,False,142.845755280989,-1.0,0.05600446428571406,-1.056004464285714
ETH,4h,399057,2025,24301,False,113.17504853837136,2.0,0.035343479429954236,1.9646565205700457
ETH,4h,398914,2025,24301,False,92.51643218833561,-1.0,0.08647112529928097,-1.086471125299281
ETH,4h,400001,2025,24301,False,151.0642995870788,-1.0,0.052957581783831836,-1.052957581783832
ETH,4h,400112,2025,24301,False,145.54762387311283,-1.0,0.0549648272305313,-1.0549648272305312
ETH,4h,401659,2025,24301,False,59.64036412011724,2.0,0.06706867167919861,1.9329313283208014
ETH,4h,403091,2025,24301,False,82.05926858295814,2.0,0.04874525533890403,1.951254744661096
ETH,4h,402205,2025,24301,False,110.81551065201423,2.0,0.03609603002742915,1.9639039699725709
ETH,4h,403423,2025,24301,False,71.82739617738368,-1.0,0.11137811511701386,-1.111378115117014
ETH,4h,404248,2025,24302,False,189.77231423059263,-1.0,0.04215578037520894,-1.0421557803752088
ETH,4h,405357,2025,24302,False,118.79118151662063,-1.0,0.06734506634131493,-1.0673450663413149
ETH,4h,405836,2025,24302,False,89.55846244631907,2.0,0.044663562668883265,1.9553364373311168
ETH,4h,408312,2025,24302,False,92.54120803395813,-1.0,0.08644797458300295,-1.086447974583003
ETH,4h,411446,2025,24302,False,167.1408250355633,-1.0,0.047863829787233636,-1.0478638297872336
ETH,4h,411687,2025,24303,False,94.54414898758574,-1.0,0.08461655306718611,-1.084616553067186
ETH,4h,411755,2025,24303,False,81.58307423153276,-1.0,0.09805955555555555,-1.0980595555555555
ETH,4h,412208,2025,24303,False,394.24825863557567,-1.0,0.020291782714999432,-1.0202917827149995
ETH,4h,412673,2025,24303,False,208.81670533642648,-1.0,0.03831111111111119,-1.0383111111111112
ETH,4h,414593,2025,24303,False,236.39407386898222,2.0,0.016920897950330763,1.9830791020496692
ETH,4h,416065,2025,24303,False,59.946074710086364,2.0,0.06672663755458488,1.933273362445415
ETH,4h,417211,2025,24303,False,130.83760952857378,-1.0,0.06114449835047522,-1.0611444983504752
ETH,4h,418507,2025,24303,False,115.03693599878741,-1.0,0.06954288142796437,-1.0695428814279644
ETH,4h,421880,2025,24304,False,29.842459573877438,2.0,0.13403720930232557,1.8659627906976743
ETH,4h,423036,2025,24304,False,310.2837932550101,2.0,0.012891424196018374,1.9871085758039817
ETH,4h,423234,2025,24304,False,439.7916089836007,-1.0,0.01819043346117663,-1.0181904334611767
ETH,4h,423411,2025,24304,False,154.23958055572584,-1.0,0.051867360966465076,-1.051867360966465
ETH,4h,423959,2025,24304,False,64.68521202718537,-1.0,0.12367587195413111,-1.123675871954131
ETH,4h,426245,2025,24304,False,30.416946138607685,-1.0,0.26301128205128205,-1.263011282051282
ETH,4h,426403,2025,24304,False,93.26078685502384,-1.0,0.0857809618573795,-1.0857809618573795
ETH,4h,426618,2025,24304,False,86.59447325353148,-1.0,0.09238464880521398,-1.092384648805214
ETH,4h,427206,2025,24304,False,97.40259740259829,2.0,0.04106666666666629,1.9589333333333336
ETH,4h,430787,2025,24305,False,51.622790091556446,-1.0,0.1549703141928491,-1.1549703141928491
ETH,4h,432962,2025,24305,False,148.6458813780223,-1.0,0.05381918372602029,-1.0538191837260202
ETH,4h,434191,2025,24305,False,60.66066654261673,-1.0,0.13188117533096436,-1.1318811753309643
ETH,4h,436704,2025,24305,False,111.93723730427214,-1.0,0.07146862110107371,-1.0714686211010738
ETH,4h,440326,2025,24306,False,52.20394865957602,2.0,0.07662255639097638,1.9233774436090236
ETH,4h,439600,2025,24306,False,96.35434522200974,-1.0,0.08302687316869027,-1.0830268731686903
ETH,4h,441466,2025,24306,False,160.96942702028898,-1.0,0.04969887852673825,-1.0496988785267383
ETH,4h,442601,2025,24306,False,84.97245377877155,2.0,0.0470740789763954,1.9529259210236045
ETH,4h,441698,2025,24306,False,141.47650590261088,2.0,0.02827324561403507,1.971726754385965
ETH,4h,444872,2025,24306,False,99.61405646963226,2.0,0.04015497553017948,1.9598450244698205
ETH,4h,444627,2025,24306,False,140.81267079740013,-1.0,0.056813069127211714,-1.0568130691272117
ETH,4h,446481,2025,24306,False,105.6495675762179,-1.0,0.07572203259827472,-1.0757220325982748
ETH,4h,447747,2025,24307,False,68.78312219249928,2.0,0.05815380099794591,1.9418461990020541
ETH,4h,447646,2025,24307,False,129.47818162451392,-1.0,0.06178647166361943,-1.0617864716636194
ETH,4h,448294,2025,24307,True,24.61228820170353,2.0,0.16252044374009653,1.8374795562599036
ETH,4h,447820,2025,24307,False,47.640256414335106,-1.0,0.16792520868113495,-1.167925208681135
ETH,4h,455465,2025,24307,True,56.1137935534386,-1.0,0.14256744186046513,-1.1425674418604652
ETH,4h,456859,2025,24308,True,101.70712282281283,2.0,0.039328612283807546,1.9606713877161925
ETH,4h,459841,2025,24308,True,121.39987845189142,2.0,0.03294896214896235,1.9670510378510377
ETH,4h,460331,2025,24308,True,166.98815100578673,2.0,0.023953795379537953,1.976046204620462
ETH,4h,462762,2025,24308,True,292.5287260198368,-1.0,0.027347741566609452,-1.0273477415666095
ETH,4h,461981,2025,24308,True,134.7531146664358,-1.0,0.059367829974119574,-1.0593678299741196
ETH,4h,462968,2025,24308,True,154.05402412147163,-1.0,0.05192983465132984,-1.05192983465133
ETH,4h,464536,2025,24308,True,59.37581599173424,-1.0,0.13473499043977244,-1.1347349904397723
ETH,4h,465443,2025,24309,True,77.22693630277033,-1.0,0.10359079853479854,-1.1035907985347986
ETH,4h,465683,2025,24309,True,47.58138512140555,2.0,0.0840664892330028,1.9159335107669972
ETH,4h,466718,2025,24309,True,48.19836488713341,-1.0,0.16598073438245634,-1.1659807343824564
ETH,4h,467164,2025,24309,True,48.611111111111114,-1.0,0.16457142857142856,-1.1645714285714286
ETH,4h,467574,2025,24309,True,44.533043152245554,2.0,0.0898209445585194,1.9101790554414806
ETH,4h,468463,2025,24309,True,64.3625951502568,2.0,0.06214789802465013,1.9378521019753498
ETH,4h,468314,2025,24309,True,42.44973688840495,2.0,0.09422908816880302,1.905770911831197
ETH,4h,469421,2025,24309,True,51.08780661994507,-1.0,0.15659313893653715,-1.1565931389365371
ETH,4h,469517,2025,24309,True,49.04920509110581,2.0,0.08155076096687504,1.918449239033125
ETH,4h,470198,2025,24309,True,20.60383811809995,-1.0,0.38827717215328933,-1.3882771721532894
ETH,4h,472585,2025,24309,True,70.70461818896219,-1.0,0.11314678170836785,-1.1131467817083678
ETH,4h,474537,2025,24310,True,36.796620786377275,-1.0,0.2174112684543504,-1.2174112684543503
ETH,4h,475085,2025,24310,True,71.46756609209248,-1.0,0.11193888972924124,-1.1119388897292413
ETH,4h,476855,2025,24310,True,207.40374176760065,2.0,0.019286055140133714,1.9807139448598663
ETH,4h,476529,2025,24310,True,95.38546135795346,-1.0,0.08387022389060282,-1.0838702238906028
ETH,4h,477024,2025,24310,True,209.41122245605519,2.0,0.019101173055992248,1.9808988269440078
ETH,4h,477318,2025,24310,True,88.51265845410144,2.0,0.045191276252020095,1.9548087237479799
ETH,4h,477118,2025,24310,True,149.54167960403717,-1.0,0.05349679113664325,-1.0534967911366433
ETH,4h,477586,2025,24310,True,91.29053016688202,2.0,0.043816154782844084,1.9561838452171558
ETH,4h,478036,2025,24310,True,91.64878223579424,-1.0,0.08728975775605591,-1.0872897577560559
ETH,4h,479116,2025,24310,True,59.90483168085822,-1.0,0.13354515446466553,-1.1335451544646655
ETH,4h,479200,2025,24310,True,85.43420039822712,-1.0,0.09363931496649217,-1.0936393149664922
ETH,4h,479722,2025,24310,True,96.40429431521683,2.0,0.0414919275994184,1.9585080724005817
ETH,4h,481202,2025,24310,True,105.22734209644075,-1.0,0.07602586780789358,-1.0760258678078936
ETH,4h,480928,2025,24310,True,80.0110879976078,-1.0,0.0999861419237192,-1.0999861419237191
ETH,4h,481834,2025,24310,True,97.64721669604526,-1.0,0.0819275783855906,-1.0819275783855906
ETH,4h,483452,2025,24311,True,245.5820323684211,-1.0,0.03257567307692297,-1.0325756730769229
ETH,4h,484316,2025,24311,True,163.53622621028336,2.0,0.02445941240478787,1.9755405875952121
ETH,4h,485178,2025,24311,True,91.69866072072425,-1.0,0.08724227744573776,-1.0872422774457378
ETH,4h,485406,2025,24311,True,59.94488479786332,-1.0,0.1334559241706167,-1.1334559241706166
ETH,4h,486882,2025,24311,True,76.05386193102956,-1.0,0.1051886097152424,-1.1051886097152424
ETH,4h,487111,2025,24311,True,102.56720103073489,-1.0,0.07799764368731044,-1.0779976436873104
ETH,4h,487573,2025,24311,True,106.27392074088684,-1.0,0.07527717001714189,-1.075277170017142
ETH,4h,488946,2025,24311,True,78.67158243098199,-1.0,0.10168856088560749,-1.1016885608856075
ETH,4h,489070,2025,24311,True,150.20302128751777,-1.0,0.053261245555683234,-1.0532612455556833
ETH,4h,490386,2025,24311,True,100.09187826382019,2.0,0.03996328242993781,1.9600367175700621
ETH,4h,491220,2025,24312,True,249.48071305687165,-1.0,0.03206660708147134,-1.0320666070814712
ETH,4h,491010,2025,24312,True,122.84352313791683,-1.0,0.06512349854227457,-1.0651234985422746
ETH,4h,492363,2025,24312,True,54.56420431553336,2.0,0.07330813397129074,1.9266918660287093
ETH,4h,493669,2025,24312,True,181.85469825300186,-1.0,0.043991164797239135,-1.043991164797239
ETH,4h,493887,2025,24312,True,156.92567774497505,2.0,0.025489773614363664,1.9745102263856364
ETH,4h,494909,2025,24312,True,200.9792757913914,2.0,0.01990254957507083,1.9800974504249291
ETH,4h,495774,2025,24312,True,83.34440396864846,-1.0,0.09598724832214707,-1.0959872483221471
ETH,4h,498506,2025,24312,True,32.69611298417848,-1.0,0.24467740259740262,-1.2446774025974026
ETH,4h,498588,2025,24312,True,16.442744319586538,-1.0,0.48653678756473934,-1.4865367875647393
ETH,4h,498931,2025,24312,True,85.57303400945182,-1.0,0.09348739462850382,-1.0934873946285038
ETH,4h,499201,2025,24312,True,69.1373904654726,-1.0,0.1157116279069749,-1.115711627906975
ETH,4h,504186,2026,24313,True,146.34743738901395,2.0,0.02733221757322191,1.972667782426778
ETH,4h,505679,2026,24313,True,66.24657704246624,2.0,0.06038047818585205,1.9396195218141479
ETH,4h,506894,2026,24313,True,167.8504282431587,-1.0,0.04766148102053512,-1.0476614810205351
ETH,4h,507774,2026,24313,True,58.120974729790426,-1.0,0.13764394071490904,-1.137643940714909
ETH,4h,511656,2026,24314,True,101.71550022772198,-1.0,0.07865074626865617,-1.078650746268656
ETH,4h,512805,2026,24314,True,151.2575628781439,-1.0,0.05288991735537191,-1.0528899173553719
ETH,4h,513604,2026,24314,True,104.9346865248503,2.0,0.0381189493433397,1.9618810506566602
ETH,4h,515061,2026,24314,True,133.95213680574122,2.0,0.029861412407335027,1.970138587592665
ETH,4h,516231,2026,24314,True,214.43979190458063,-1.0,0.03730650887573964,-1.0373065088757396
ETH,4h,516694,2026,24315,True,131.95918664016645,-1.0,0.06062480531813855,-1.0606248053181386
ETH,4h,516549,2026,24314,True,100.11111754761987,-1.0,0.0799112046291426,-1.0799112046291426
ETH,4h,517317,2026,24315,True,123.08055337297887,-1.0,0.06499808280644537,-1.0649980828064454
ETH,4h,518279,2026,24315,True,63.27862368993452,-1.0,0.12642500000000045,-1.1264250000000005
ETH,4h,517844,2026,24315,True,83.08726295483402,-1.0,0.0962843126069609,-1.0962843126069608
ETH,4h,519091,2026,24315,True,130.79667063020145,-1.0,0.06116363636363669,-1.0611636363636368
ETH,4h,522010,2026,24315,True,107.6363670332394,-1.0,0.07432432197873702,-1.074324321978737
ETH,4h,521739,2026,24315,True,71.83610192253984,-1.0,0.11136461731493061,-1.1113646173149305
ETH,4h,523986,2026,24315,True,85.46108541082835,-1.0,0.09360985718286186,-1.0936098571828619
ETH,4h,524612,2026,24315,True,79.59523662614919,2.0,0.05025426356589148,1.9497457364341084
ETH,4h,525253,2026,24315,True,64.54037853797473,2.0,0.061976704980843136,1.938023295019157
ETH,4h,527029,2026,24316,True,170.03317545732813,-1.0,0.04704964180362377,-1.0470496418036237
ETH,4h,527317,2026,24316,True,96.64263764036903,2.0,0.0413895988112926,1.9586104011887073
ETH,4h,527917,2026,24316,True,250.87196251999896,2.0,0.01594438836376994,1.98405561163623
ETH,4h,528786,2026,24316,True,43.50311540575326,-1.0,0.1838948756976151,-1.183894875697615
ETH,4h,529290,2026,24316,True,122.86466200538699,-1.0,0.06511229404309304,-1.065112294043093
ETH,4h,529569,2026,24316,True,182.3934487251084,2.0,0.02193061224489779,1.978069387755102
ETH,4h,530595,2026,24316,True,76.52768415582507,-1.0,0.1045373329697324,-1.1045373329697323
ETH,4h,531711,2026,24316,True,59.728787681777426,-1.0,0.1339387640449416,-1.1339387640449416
ETH,4h,531939,2026,24316,True,59.81251773783584,2.0,0.06687563325008979,1.9331243667499103
ETH,4h,533018,2026,24316,True,29.66154548702597,-1.0,0.26970947968639125,-1.2697094796863913
ETH,4h,532953,2026,24316,True,20.35739494206973,2.0,0.1964887949260035,1.8035112050739965
ETH,4h,533720,2026,24316,True,68.1301073545913,2.0,0.05871119473189028,1.9412888052681097
ETH,4h,534389,2026,24317,True,74.40505268277116,-1.0,0.10751957980741324,-1.1075195798074133
ETH,4h,538162,2026,24317,True,65.7247794025861,-1.0,0.12171969343552062,-1.1217196934355207
ETH,4h,538271,2026,24317,True,49.09481436023439,-1.0,0.16294999999999607,-1.1629499999999962
ETH,4h,539287,2026,24317,True,103.4418691067861,2.0,0.0386690615177369,1.961330938482263
ETH,4h,540823,2026,24317,True,77.11382822065487,-1.0,0.10374274218508073,-1.1037427421850807
ETH,4h,540735,2026,24317,True,38.359759217235876,-1.0,0.2085518825781739,-1.2085518825781738
ETH,4h,541943,2026,24317,True,52.483493489064024,-1.0,0.15242887750349465,-1.1524288775034948
ETH,4h,541034,2026,24317,True,68.33506595072974,-1.0,0.11707020237264538,-1.1170702023726453
ETH,4h,542490,2026,24317,True,33.872992245319956,-1.0,0.23617635968092887,-1.236176359680929
ETH,4h,542216,2026,24317,True,45.73178334006516,-1.0,0.17493304252999206,-1.174933042529992
ETH,4h,545162,2026,24318,True,93.49904565884685,-1.0,0.08556237064910664,-1.0855623706491067
ETH,4h,545002,2026,24318,True,141.20000122330543,-1.0,0.056657223305176425,-1.0566572233051765
ETH,4h,545245,2026,24318,True,101.02170711868872,2.0,0.039595450463933125,1.960404549536067
ETH,4h,548254,2026,24318,True,120.87303444333524,2.0,0.033092575349179164,1.966907424650821
ETH,4h,547953,2026,24318,True,103.16974912493745,2.0,0.038771054828834015,1.961228945171166
ETH,4h,547469,2026,24318,True,109.36972103321877,-1.0,0.0731463875414857,-1.0731463875414857
ETH,4h,548702,2026,24318,True,90.27314156337961,-1.0,0.08861993569131858,-1.0886199356913187
ETH,4h,550141,2026,24318,True,57.96405438347373,-1.0,0.13801657052962982,-1.13801657052963
ETH,4h,550838,2026,24318,True,123.93081281562198,2.0,0.03227607331157425,1.9677239266884257
ETH,4h,552950,2026,24319,True,38.356566480480744,0.0,0.20856924208977665,-0.20856924208977665
ETH,1h,230,2021,24256,False,119.81852537101982,2.0,0.03338381930184787,1.9666161806981521
ETH,1h,1075,2021,24256,False,59.76119417250751,2.0,0.0669330667732901,1.9330669332267099
ETH,1h,2460,2021,24256,False,59.08336381284599,2.0,0.06770095238095286,1.9322990476190471
ETH,1h,2996,2021,24256,False,55.7604121802299,-1.0,0.14347096241222612,-1.1434709624122261
ETH,1h,3192,2021,24256,False,50.522836552295686,-1.0,0.15834423690204488,-1.158344236902045
ETH,1h,3569,2021,24256,False,97.89408131910149,2.0,0.04086048866387905,1.959139511336121
ETH,1h,5128,2021,24256,False,93.95060934730519,-1.0,0.08515112414467237,-1.0851511241446723
ETH,1h,5763,2021,24256,False,166.84529341870018,2.0,0.023974305286286704,1.9760256947137134
ETH,1h,7561,2021,24256,False,98.99119221336159,-1.0,0.08081527074405899,-1.080815270744059
ETH,1h,8689,2021,24257,False,53.8639531593643,2.0,0.07426116661295581,1.9257388333870442
ETH,1h,11210,2021,24257,False,140.68096598132263,2.0,0.028433128619056086,1.971566871380944
ETH,1h,14929,2021,24257,False,247.56643377302458,-1.0,0.03231455847255372,-1.0323145584725537
ETH,1h,18187,2021,24258,False,96.6446496473252,2.0,0.04138873713751113,1.9586112628624888
ETH,1h,19394,2021,24258,False,162.01756684086428,2.0,0.02468868085106383,1.9753113191489362
ETH,1h,20777,2021,24258,False,87.70360526136503,-1.0,0.09121631860126211,-1.091216318601262
ETH,1h,21066,2021,24258,False,139.61154380635338,2.0,0.028650925925925975,1.971349074074074
ETH,1h,21255,2021,24258,False,88.4629415216734,2.0,0.04521667413715834,1.9547833258628418
ETH,1h,22960,2021,24258,False,145.47160957297044,-1.0,0.054993548387096775,-1.0549935483870967
ETH,1h,23071,2021,24258,False,119.05984954853062,-1.0,0.06719309683605032,-1.0671930968360503
ETH,1h,25180,2021,24258,False,98.29211552737394,-1.0,0.08139004799191685,-1.081390047991917
ETH,1h,25269,2021,24258,False,101.71734023520803,2.0,0.039324661761215185,1.9606753382387847
ETH,1h,27107,2021,24259,False,100.5049675124248,2.0,0.03979902783915138,1.9602009721608487
ETH,1h,27306,2021,24259,False,122.0621362764051,2.0,0.032770194935325,1.967229805064675
ETH,1h,27472,2021,24259,False,145.05494505494505,2.0,0.027575757575757576,1.9724242424242424
ETH,1h,27502,2021,24259,False,96.94885411268278,-1.0,0.08251773652426744,-1.0825177365242675
ETH,1h,27825,2021,24259,False,74.71098755805721,-1.0,0.107079296653431,-1.107079296653431
ETH,1h,29895,2021,24259,False,99.56116153001297,2.0,0.04017630910015237,1.9598236908998476
ETH,1h,30992,2021,24259,False,150.761313570072,-1.0,0.05306401098901078,-1.0530640109890108
ETH,1h,31081,2021,24259,False,78.11526803139239,2.0,0.05120637873754091,1.948793621262459
ETH,1h,31396,2021,24259,False,71.96978952026535,2.0,0.05557887589588788,1.944421124104112
ETH,1h,32499,2021,24259,False,70.52144545595328,-1.0,0.1134406696895725,-1.1134406696895724
ETH,1h,33380,2021,24259,False,130.89828103389476,-1.0,0.061116157804459496,-1.0611161578044594
ETH,1h,33562,2021,24259,False,201.6663715170548,2.0,0.019834739772970636,1.9801652602270294
ETH,1h,34512,2021,24259,False,80.11245625590662,-1.0,0.0998596270028878,-1.0998596270028878
ETH,1h,35117,2021,24260,False,84.09402099497824,-1.0,0.0951316146540041,-1.095131614654004
ETH,1h,36154,2021,24260,False,119.20467302765735,2.0,0.033555731486062945,1.966444268513937
ETH,1h,36772,2021,24260,False,92.66807526577573,2.0,0.04316481149012582,1.9568351885098743
ETH,1h,37259,2021,24260,False,99.27645970048798,-1.0,0.08058305084745762,-1.0805830508474576
ETH,1h,38712,2021,24260,False,61.361200840700356,-1.0,0.13037554497619397,-1.1303755449761939
ETH,1h,41170,2021,24260,False,48.65324992776146,-1.0,0.16442889245586068,-1.1644288924558608
ETH,1h,41908,2021,24260,False,86.73211567248364,-1.0,0.09223803591059009,-1.09223803591059
ETH,1h,43167,2021,24260,False,41.68431102316831,2.0,0.09595936461026748,1.9040406353897326
ETH,1h,43001,2021,24260,False,54.98647579299545,2.0,0.07274516037468157,1.9272548396253184
ETH,1h,47191,2021,24261,False,123.13489901097033,-1.0,0.0649693958760405,-1.0649693958760404
ETH,1h,49149,2021,24261,False,91.78062106318639,2.0,0.043582184928190874,1.9564178150718092
ETH,1h,50658,2021,24261,False,229.00455251027142,2.0,0.017466901667033848,1.982533098332966
ETH,1h,51348,2021,24261,False,88.66065035052131,-1.0,0.09023168641750169,-1.0902316864175017
ETH,1h,54004,2021,24262,False,79.34145565397769,-1.0,0.10083001293660951,-1.1008300129366095
ETH,1h,54162,2021,24262,False,127.1264403883541,2.0,0.03146473690115558,1.9685352630988444
ETH,1h,55066,2021,24262,False,46.06163828290343,-1.0,0.17368031833486344,-1.1736803183348634
ETH,1h,55339,2021,24262,False,55.39161802284117,-1.0,0.144426183699872,-1.144426183699872
ETH,1h,55430,2021,24262,False,64.52320613392378,-1.0,0.12398639930252804,-1.123986399302528
ETH,1h,56891,2021,24262,False,84.36229081509981,-1.0,0.09482909867317281,-1.0948290986731728
ETH,1h,57431,2021,24262,False,69.2559860538587,-1.0,0.11551348057882814,-1.115513480578828
ETH,1h,57937,2021,24262,False,55.447621451891834,2.0,0.07214015489321811,1.9278598451067819
ETH,1h,58315,2021,24262,False,81.15885261509995,2.0,0.0492860590202058,1.9507139409797942
ETH,1h,59918,2021,24262,False,53.15835524760329,-1.0,0.15049374576653574,-1.1504937457665356
ETH,1h,60294,2021,24262,False,106.07342491478452,-1.0,0.07541945597049313,-1.075419455970493
ETH,1h,61429,2021,24263,False,61.495916286808566,-1.0,0.13008993902439134,-1.1300899390243913
ETH,1h,62991,2021,24263,False,78.64982028544459,-1.0,0.1017166977745851,-1.1017166977745851
ETH,1h,65029,2021,24263,False,42.49968781890866,-1.0,0.18823667679838102,-1.188236676798381
ETH,1h,67034,2021,24263,False,46.19909571219389,-1.0,0.17316356254757737,-1.1731635625475774
ETH,1h,67233,2021,24263,False,129.56856486373223,2.0,0.030871685614537875,1.969128314385462
ETH,1h,68045,2021,24263,False,89.58652645112743,2.0,0.044649571296663006,1.955350428703337
ETH,1h,68638,2021,24263,False,67.37534175688732,-1.0,0.11873780216012358,-1.1187378021601235
ETH,1h,69771,2021,24263,False,74.9528754825468,2.0,0.05336686517025518,1.9466331348297448
ETH,1h,69902,2021,24263,False,96.49178861269084,2.0,0.04145430463576162,1.9585456953642384
ETH,1h,71959,2021,24264,False,103.36485594897802,2.0,0.03869787234042528,1.9613021276595748
ETH,1h,72334,2021,24264,False,89.43623476667226,-1.0,0.08944920390344004,-1.08944920390344
ETH,1h,73445,2021,24264,False,59.055811935374344,-1.0,0.13546507511833922,-1.1354650751183393
ETH,1h,73510,2021,24264,False,70.08330000173913,2.0,0.05707493796526047,1.9429250620347396
ETH,1h,73646,2021,24264,False,92.25803281147775,2.0,0.04335665825623764,1.9566433417437623
ETH,1h,75931,2021,24264,False,84.92347327067985,2.0,0.04710122944748911,1.952898770552511
ETH,1h,76210,2021,24264,False,49.17946625888194,-1.0,0.16266951653943945,-1.1626695165394394
ETH,1h,76685,2021,24264,False,48.956676105825494,2.0,0.081704893350062,1.918295106649938
ETH,1h,78417,2021,24264,False,59.30818853989111,-1.0,0.1348886249428971,-1.134888624942897
ETH,1h,78756,2021,24264,False,49.75995796278751,2.0,0.08038592,1.9196140800000001
ETH,1h,81189,2022,24265,False,62.64172609889158,-1.0,0.12771040164778533,-1.1277104016477852
ETH,1h,81637,2022,24265,False,66.84485563334655,-1.0,0.11968011486001445,-1.1196801148600144
ETH,1h,81700,2022,24265,False,74.46593655736785,-1.0,0.10743167104111925,-1.1074316710411192
ETH,1h,83607,2022,24265,False,53.78964196411804,2.0,0.07436375952582687,1.9256362404741731
ETH,1h,84630,2022,24265,False,50.506628995055145,-1.0,0.15839504950495192,-1.158395049504952
ETH,1h,86329,2022,24265,False,127.02380606342507,2.0,0.03149016018306627,1.9685098398169338
ETH,1h,90270,2022,24266,False,75.941628430509,-1.0,0.10534406708595227,-1.1053440670859522
ETH,1h,90613,2022,24266,False,86.22237908798874,-1.0,0.09278333635211006,-1.09278333635211
ETH,1h,91813,2022,24266,False,77.3202541138331,-1.0,0.10346577480490649,-1.1034657748049064
ETH,1h,92447,2022,24266,False,78.74974174505084,-1.0,0.10158763473662787,-1.1015876347366278
ETH,1h,92529,2022,24266,False,54.54542523020157,-1.0,0.14666674549216702,-1.146666745492167
ETH,1h,93725,2022,24266,False,75.18266078980822,-1.0,0.10640751359367268,-1.1064075135936726
ETH,1h,93817,2022,24266,False,145.03749415474215,-1.0,0.05515815097759969,-1.0551581509775998
ETH,1h,94647,2022,24266,False,158.0043277671164,-1.0,0.050631524547803855,-1.050631524547804
ETH,1h,94933,2022,24266,False,112.56189219292601,2.0,0.0355360053218027,1.9644639946781972
ETH,1h,95790,2022,24266,False,128.81194792558338,-1.0,0.06210604007496045,-1.0621060400749605
ETH,1h,96026,2022,24267,False,102.26384000893792,2.0,0.039114510071696876,1.960885489928303
ETH,1h,97161,2022,24267,False,70.40858112838744,-1.0,0.11362251407129333,-1.1136225140712934
ETH,1h,97501,2022,24267,False,40.25771034272405,-1.0,0.198719696969698,-1.198719696969698
ETH,1h,97796,2022,24267,False,139.62700497854505,-1.0,0.05729550670537746,-1.0572955067053775
ETH,1h,97836,2022,24267,False,73.16649622783505,-1.0,0.10933966244725717,-1.1093396624472571
ETH,1h,97935,2022,24267,False,78.49010090462792,-1.0,0.1019236809202306,-1.1019236809202306
ETH,1h,98518,2022,24267,False,117.97917088422616,-1.0,0.06780857959961814,-1.0678085795996182
ETH,1h,98659,2022,24267,False,90.55607744997717,2.0,0.04417152456950871,1.9558284754304913
ETH,1h,99661,2022,24267,False,39.140257196119364,-1.0,0.2043931382442008,-1.2043931382442008
ETH,1h,99853,2022,24267,False,54.30894755100169,-1.0,0.14730537712017303,-1.147305377120173
ETH,1h,99952,2022,24267,False,56.18867503857631,-1.0,0.14237744517925727,-1.1423774451792572
ETH,1h,102253,2022,24267,False,86.41069674900464,2.0,0.04629056529446484,1.9537094347055353
ETH,1h,102454,2022,24267,False,44.148740847058775,-1.0,0.1812056209646796,-1.1812056209646795
ETH,1h,102501,2022,24267,False,50.9403733397553,-1.0,0.1570463558765592,-1.1570463558765591
ETH,1h,104990,2022,24268,False,61.86013563206997,-1.0,0.12932399708242126,-1.1293239970824214
ETH,1h,107054,2022,24268,False,49.46254386692128,-1.0,0.16173854748603222,-1.1617385474860322
ETH,1h,108743,2022,24268,False,50.81841281096738,-1.0,0.1574232558139533,-1.1574232558139532
ETH,1h,109512,2022,24268,False,25.7087977935742,-1.0,0.31117752234993906,-1.3111775223499391
ETH,1h,109948,2022,24268,False,74.63366549870395,-1.0,0.10719023307436139,-1.1071902330743615
ETH,1h,109891,2022,24268,False,105.36001529064913,2.0,0.03796506662385618,1.9620349333761438
ETH,1h,111908,2022,24268,False,86.22313628232993,-1.0,0.09278252154740367,-1.0927825215474036
ETH,1h,112211,2022,24268,False,50.71825030644435,-1.0,0.15773414799728425,-1.1577341479972842
ETH,1h,113493,2022,24269,False,60.6999496881752,-1.0,0.13179582587954697,-1.1317958258795469
ETH,1h,113699,2022,24269,False,60.25015938007917,-1.0,0.13277973174366545,-1.1327797317436654
ETH,1h,113723,2022,24269,False,46.97426269039508,-1.0,0.17030602593440547,-1.1703060259344054
ETH,1h,114792,2022,24269,False,115.70921306341955,-1.0,0.06913883335819807,-1.0691388333581981
ETH,1h,115482,2022,24269,False,53.98454190448735,2.0,0.07409528466643353,1.9259047153335664
ETH,1h,115618,2022,24269,False,74.56700055745647,2.0,0.05364303203959318,1.946356967960407
ETH,1h,117923,2022,24269,False,96.66147454597521,2.0,0.041381533012901386,1.9586184669870985
ETH,1h,119704,2022,24269,False,96.62991937534645,2.0,0.041395046439628255,1.9586049535603718
ETH,1h,120865,2022,24269,False,162.9232601667523,2.0,0.02455143603133151,1.9754485639686685
ETH,1h,124357,2022,24270,False,225.38722916023067,-1.0,0.035494468918257555,-1.0354944689182575
ETH,1h,124401,2022,24270,False,73.54774029019147,-1.0,0.10877288640595939,-1.1087728864059594
ETH,1h,125743,2022,24270,False,107.37759892689463,-1.0,0.07450343535290448,-1.0745034353529044
ETH,1h,125800,2022,24270,False,124.98990931840761,-1.0,0.06400516684607128,-1.0640051668460713
ETH,1h,127735,2022,24270,False,167.0055959736162,2.0,0.023951293228712683,1.9760487067712873
ETH,1h,128754,2022,24270,False,124.6638740007672,-1.0,0.06417256052824707,-1.064172560528247
ETH,1h,129764,2022,24270,False,121.11001880488847,-1.0,0.06605564163017939,-1.0660556416301794
ETH,1h,130108,2022,24270,False,72.12208733722561,-1.0,0.11092302365839629,-1.1109230236583962
ETH,1h,131131,2022,24271,False,119.56960510015165,2.0,0.03345331781140864,1.9665466821885913
ETH,1h,131887,2022,24271,False,62.99352320113464,-1.0,0.1269971830985936,-1.1269971830985936
ETH,1h,132020,2022,24271,False,60.46325313980246,-1.0,0.13231176929072092,-1.132311769290721
ETH,1h,132072,2022,24271,False,92.56286293540914,2.0,0.043213875123884415,1.9567861248761156
ETH,1h,134673,2022,24271,False,109.62643881748939,-1.0,0.07297509694097361,-1.0729750969409737
ETH,1h,137794,2022,24271,False,108.18227227031106,2.0,0.03697463471653976,1.9630253652834602
ETH,1h,139243,2022,24271,False,188.3230787039093,2.0,0.021240094562647815,1.9787599054373521
ETH,1h,142181,2022,24272,False,81.04143956990991,2.0,0.049357464788732236,1.9506425352112677
ETH,1h,143971,2022,24272,False,83.72766582361137,2.0,0.04777393422655277,1.9522260657734472
ETH,1h,146392,2022,24272,False,89.03920485919417,-1.0,0.08984806201550352,-1.0898480620155035
ETH,1h,147337,2022,24272,False,61.889525092623565,2.0,0.06463129251700703,1.935368707482993
ETH,1h,148486,2022,24272,False,94.93204964888683,-1.0,0.08427080242751092,-1.084270802427511
ETH,1h,148549,2022,24272,False,80.57827903899768,-1.0,0.0992823388065687,-1.0992823388065687
ETH,1h,149387,2022,24273,False,82.66108333618423,-1.0,0.09678073014678315,-1.0967807301467831
ETH,1h,151001,2022,24273,False,141.1805046836764,2.0,0.028332523735924067,1.971667476264076
ETH,1h,154070,2022,24273,False,89.18025041341951,2.0,0.04485298013244976,1.9551470198675502
ETH,1h,154233,2022,24273,False,106.34637995108031,-1.0,0.07522587984358307,-1.075225879843583
ETH,1h,155041,2022,24273,False,202.3410066328526,-1.0,0.0395372155804087,-1.0395372155804088
ETH,1h,155896,2022,24273,False,54.57743831847357,-1.0,0.1465807162534437,-1.1465807162534438
ETH,1h,156003,2022,24273,False,43.2236157428161,2.0,0.0925420035149376,1.9074579964850624
ETH,1h,159060,2022,24274,False,51.238038650425274,-1.0,0.15613400143164147,-1.1561340014316415
ETH,1h,159923,2022,24274,False,39.45970556988956,-1.0,0.20273846153845976,-1.2027384615384598
ETH,1h,160155,2022,24274,False,26.52539882293529,-1.0,0.3015977272727288,-1.3015977272727288
ETH,1h,161142,2022,24274,False,77.59061149640226,2.0,0.0515526288922916,1.9484473711077084
ETH,1h,161174,2022,24274,False,54.92834991993727,-1.0,0.1456442804428074,-1.1456442804428073
ETH,1h,161464,2022,24274,False,119.70671282233478,-1.0,0.06683000319182908,-1.066830003191829
ETH,1h,162119,2022,24274,False,79.12693907341634,2.0,0.05055168374816926,1.9494483162518308
ETH,1h,164198,2022,24274,False,77.97466101600556,-1.0,0.10259743223965886,-1.1025974322396588
ETH,1h,164693,2022,24274,False,140.05929819009904,2.0,0.02855933202357546,1.9714406679764245
ETH,1h,165475,2022,24274,False,85.72826893719724,-1.0,0.09331810964083079,-1.0933181096408309
ETH,1h,165739,2022,24274,False,90.66070541480462,2.0,0.04412054794520506,1.9558794520547949
ETH,1h,166343,2022,24274,False,71.74952213757999,-1.0,0.11149900043459479,-1.1114990004345948
ETH,1h,166496,2022,24275,False,107.84295252272015,-1.0,0.07418194525334953,-1.0741819452533496
ETH,1h,168674,2022,24275,False,72.1311475409836,-1.0,0.11090909090909092,-1.1109090909090908
ETH,1h,168563,2022,24275,False,89.44519802844628,2.0,0.04472012012011957,1.9552798798798805
ETH,1h,172176,2022,24275,False,68.15037924776394,2.0,0.05869373060211169,1.9413062693978884
ETH,1h,174416,2022,24275,False,89.26266247370644,2.0,0.04481156946420073,1.9551884305357992
ETH,1h,176873,2022,24276,False,41.41648336404819,-1.0,0.19315980861244353,-1.1931598086124435
ETH,1h,177008,2022,24276,False,68.27205526324315,2.0,0.05858912529550801,1.941410874704492
ETH,1h,177571,2022,24276,False,88.70970920082351,-1.0,0.0901817858729463,-1.0901817858729463
ETH,1h,178381,2022,24276,False,24.420513231113773,-1.0,0.3275934426229557,-1.3275934426229556
ETH,1h,178647,2022,24276,False,40.67844993696116,-1.0,0.19666432748537596,-1.1966643274853759
ETH,1h,178768,2022,24276,False,120.22746352340576,2.0,0.03327026856240117,1.9667297314375989
ETH,1h,179845,2022,24276,False,52.08442982917969,2.0,0.07679838318512315,1.923201616814877
ETH,1h,181397,2022,24276,False,61.46772944204194,-1.0,0.13014959349593705,-1.1301495934959371
ETH,1h,182463,2022,24276,False,24.899207677530377,2.0,0.16064768211920627,1.8393523178807938
ETH,1h,183055,2022,24276,False,27.605015465461836,-1.0,0.28980240963853987,-1.2898024096385399
ETH,1h,185077,2023,24277,False,53.717976596036564,2.0,0.07446296851574133,1.9255370314842586
ETH,1h,187362,2023,24277,False,89.72217065775665,-1.0,0.08916413793103416,-1.0891641379310342
ETH,1h,187927,2023,24277,False,93.31891161500515,2.0,0.04286376609815521,1.9571362339018448
ETH,1h,188547,2023,24277,False,52.24821764085218,-1.0,0.15311527093595834,-1.1531152709359582
ETH,1h,189918,2023,24277,False,102.9736975402448,2.0,0.03884487102579468,1.9611551289742053
ETH,1h,191185,2023,24277,False,74.14266596477465,-1.0,0.10790008554319881,-1.1079000855431989
ETH,1h,192657,2023,24277,False,60.884989692697715,-1.0,0.13139527559055308,-1.131395275590553
ETH,1h,193326,2023,24278,False,80.50851283471225,2.0,0.04968418691588786,1.950315813084112
ETH,1h,195418,2023,24278,False,48.99647067063393,2.0,0.08163853325046538,1.9183614667495346
ETH,1h,196695,2023,24278,False,53.7424304671822,-1.0,0.1488581727781217,-1.1488581727781217
ETH,1h,197552,2023,24278,False,93.03511893556264,-1.0,0.08598903394255783,-1.0859890339425577
ETH,1h,197774,2023,24278,False,61.888741792150064,-1.0,0.129264221057645,-1.1292642210576451
ETH,1h,199433,2023,24278,False,60.15836871764848,-1.0,0.1329823293172686,-1.1329823293172687
ETH,1h,199825,2023,24278,False,81.58039596489418,2.0,0.0490313874147079,1.950968612585292
ETH,1h,200670,2023,24278,False,48.07781552226745,-1.0,0.16639691119690672,-1.1663969111969068
ETH,1h,200636,2023,24278,False,33.363663936912346,-1.0,0.23978181818181818,-1.239781818181818
ETH,1h,204509,2023,24279,False,41.725316710235894,-1.0,0.19173012048192484,-1.1917301204819248
ETH,1h,204999,2023,24279,False,102.29318191796006,-1.0,0.07820658082975719,-1.0782065808297572
ETH,1h,207003,2023,24279,False,106.50224215246637,-1.0,0.0751157894736842,-1.0751157894736842
ETH,1h,207770,2023,24279,False,139.03418486147214,-1.0,0.057539805825242665,-1.0575398058252428
ETH,1h,207585,2023,24279,False,40.077897108607466,-1.0,0.19961127147766075,-1.1996112714776608
ETH,1h,208403,2023,24279,False,43.98614904242853,-1.0,0.1818754352030975,-1.1818754352030976
ETH,1h,208874,2023,24279,False,84.10140572373612,-1.0,0.0951232613908871,-1.095123261390887
ETH,1h,210625,2023,24280,False,34.667227840109824,-1.0,0.23076549520766806,-1.230765495207668
ETH,1h,210679,2023,24280,False,39.205023126247134,2.0,0.10202774239207282,1.8979722576079272
ETH,1h,210796,2023,24280,False,42.10019347820682,-1.0,0.19002287968441767,-1.1900228796844177
ETH,1h,211285,2023,24280,False,82.81343429693175,-1.0,0.09660268370607113,-1.0966026837060712
ETH,1h,212405,2023,24280,False,28.202625013559203,2.0,0.14183076923076798,1.858169230769232
ETH,1h,213883,2023,24280,False,204.90825621078017,2.0,0.019520931337609817,1.98047906866239
ETH,1h,213904,2023,24280,False,44.634473992113044,-1.0,0.17923365695792914,-1.1792336569579291
ETH,1h,214593,2023,24280,False,34.077298910667444,2.0,0.11738019525801834,1.8826198047419818
ETH,1h,216058,2023,24280,False,73.92103462616934,-1.0,0.10822359346642396,-1.108223593466424
ETH,1h,217388,2023,24280,False,46.977019349993306,-1.0,0.17029603220241643,-1.1702960322024165
ETH,1h,217384,2023,24280,False,61.03969392139891,-1.0,0.13106225614927947,-1.1310622561492796
ETH,1h,217445,2023,24280,False,200.6930217795609,2.0,0.019930937132400937,1.980069062867599
ETH,1h,218521,2023,24280,False,21.22410619884901,-1.0,0.376929889298888,-1.376929889298888
ETH,1h,219971,2023,24281,False,76.44006951403628,2.0,0.052328576169930106,1.9476714238300699
ETH,1h,220486,2023,24281,False,37.09647166704818,-1.0,0.21565393258427296,-1.215653932584273
ETH,1h,220870,2023,24281,False,59.670040655800946,-1.0,0.1340706309577864,-1.1340706309577864
ETH,1h,221391,2023,24281,False,46.14019520851902,-1.0,0.17338461538461228,-1.1733846153846124
ETH,1h,221413,2023,24281,False,85.32547343917986,2.0,0.046879317966529735,1.9531206820334703
ETH,1h,222923,2023,24281,False,53.11377063579094,-1.0,0.15062007280291198,-1.150620072802912
ETH,1h,223724,2023,24281,False,46.933475690795454,-1.0,0.17045402843601784,-1.1704540284360179
ETH,1h,225259,2023,24281,False,28.125896871711372,-1.0,0.28443537414966086,-1.2844353741496608
ETH,1h,225019,2023,24281,False,27.027027027027028,-1.0,0.296,-1.296
ETH,1h,225468,2023,24281,False,31.020353996980354,2.0,0.12894759358288999,1.87105240641711
ETH,1h,226519,2023,24281,False,39.72472748728218,2.0,0.10069295003422225,1.8993070499657778
ETH,1h,226832,2023,24281,False,95.73938553106726,-1.0,0.08356017699115079,-1.0835601769911507
ETH,1h,227523,2023,24282,False,47.718381927525435,2.0,0.08382513904338144,1.9161748609566185
ETH,1h,227636,2023,24282,False,33.43100799716964,-1.0,0.23929879711306648,-1.2392987971130665
ETH,1h,228116,2023,24282,False,30.58715760546223,-1.0,0.261547676419968,-1.261547676419968
ETH,1h,229150,2023,24282,False,107.99335175248544,-1.0,0.07407863419533028,-1.0740786341953303
ETH,1h,230325,2023,24282,False,52.521601626475146,2.0,0.07615913978494661,1.9238408602150534
ETH,1h,232265,2023,24282,False,58.49030534702629,-1.0,0.13677480314960824,-1.1367748031496083
ETH,1h,232921,2023,24282,False,22.02008323822004,-1.0,0.3633047120418909,-1.3633047120418909
ETH,1h,234092,2023,24282,False,33.476603339212744,2.0,0.11948643533122756,1.8805135646687725
ETH,1h,235030,2023,24282,False,67.2470472335547,-1.0,0.1189643312101916,-1.1189643312101916
ETH,1h,236072,2023,24282,False,70.21951265044638,-1.0,0.11392844663881536,-1.1139284466388153
ETH,1h,238435,2023,24283,False,24.113544043631094,-1.0,0.33176375838925976,-1.3317637583892599
ETH,1h,239016,2023,24283,False,36.2959516053981,-1.0,0.22041025641025494,-1.220410256410255
ETH,1h,239119,2023,24283,False,28.88234092831894,2.0,0.13849292929293094,1.8615070707070691
ETH,1h,239731,2023,24283,False,30.99764524325859,-1.0,0.2580841201716718,-1.258084120171672
ETH,1h,239870,2023,24283,False,27.487491291405178,2.0,0.14552073732719017,1.8544792626728097
ETH,1h,240285,2023,24283,False,90.45371004360602,2.0,0.04422151394422269,1.9557784860557774
ETH,1h,241699,2023,24283,False,25.977710126579815,-1.0,0.3079563195146511,-1.307956319514651
ETH,1h,242559,2023,24283,False,38.531175587499945,-1.0,0.20762408304498534,-1.2076240830449854
ETH,1h,242733,2023,24283,False,14.215036172899023,-1.0,0.5627843575419109,-1.562784357541911
ETH,1h,243188,2023,24283,False,43.809580088800885,-1.0,0.18260846106683074,-1.1826084610668308
ETH,1h,244809,2023,24283,False,27.074485571410918,-1.0,0.295481145113521,-1.295481145113521
ETH,1h,245282,2023,24284,False,59.72670753469059,-1.0,0.1339434288312883,-1.1339434288312882
ETH,1h,245546,2023,24284,False,27.643718853341948,-1.0,0.2893966633954842,-1.2893966633954843
ETH,1h,245444,2023,24284,False,41.48596655849262,-1.0,0.1928362929358413,-1.1928362929358414
ETH,1h,246460,2023,24284,False,15.258123386814171,2.0,0.2621554367201367,1.7378445632798634
ETH,1h,246894,2023,24284,False,19.522687977346255,-1.0,0.4097796373779596,-1.4097796373779596
ETH,1h,247035,2023,24284,False,17.820424948594926,-1.0,0.448923076923077,-1.448923076923077
ETH,1h,248905,2023,24284,False,14.932103482446664,2.0,0.2678792043399762,1.7321207956600237
ETH,1h,248864,2023,24284,False,11.735466857469442,-1.0,0.681694226327956,-1.681694226327956
ETH,1h,250516,2023,24284,False,39.92547245142374,-1.0,0.2003733333333347,-1.2003733333333346
ETH,1h,251686,2023,24284,False,55.95025578971417,-1.0,0.14298415417558663,-1.1429841541755867
ETH,1h,251913,2023,24284,False,32.644901385822706,2.0,0.12253061979648536,1.8774693802035147
ETH,1h,253055,2023,24284,False,21.46536050252034,2.0,0.18634674220963318,1.8136532577903668
ETH,1h,256311,2023,24285,False,24.761835059344076,2.0,0.16153891625615074,1.8384610837438493
ETH,1h,256774,2023,24285,False,10.133578995855004,2.0,0.39472727272725094,1.605272727272749
ETH,1h,257224,2023,24285,False,68.28742249076151,-1.0,0.11715188109614631,-1.1171518810961463
ETH,1h,257345,2023,24285,False,48.53761665290594,2.0,0.08241030927835062,1.9175896907216494
ETH,1h,258683,2023,24285,False,16.993656519551795,-1.0,0.4707638989169706,-1.4707638989169707
ETH,1h,258911,2023,24285,False,13.554309654365385,2.0,0.29510909090908477,1.7048909090909152
ETH,1h,260161,2023,24285,False,24.73067915690889,2.0,0.16174242424242277,1.8382575757575772
ETH,1h,260942,2023,24285,False,15.911903619326532,-1.0,0.5027682539682576,-1.5027682539682576
ETH,1h,261384,2023,24285,False,24.669492061484537,2.0,0.16214358974358598,1.837856410256414
ETH,1h,261678,2023,24285,False,53.30470442104594,-1.0,0.15008056206088657,-1.1500805620608865
ETH,1h,261817,2023,24285,False,41.892978811283584,-1.0,0.1909627872498113,-1.1909627872498114
ETH,1h,263134,2023,24286,False,136.09538720944215,-1.0,0.05878230088495585,-1.058782300884956
ETH,1h,263625,2023,24286,False,41.937245857862976,2.0,0.09538060781476007,1.90461939218524
ETH,1h,264188,2023,24286,False,55.003679175864775,-1.0,0.14544481605351126,-1.1454448160535113
ETH,1h,264247,2023,24286,False,24.255652735293275,-1.0,0.32982002534854776,-1.3298200253485477
ETH,1h,266047,2023,24286,False,25.14019239411568,2.0,0.15910777202072013,1.8408922279792799
ETH,1h,266385,2023,24286,False,28.092515005789558,-1.0,0.2847733639494822,-1.2847733639494823
ETH,1h,267142,2023,24286,False,43.55467257583954,2.0,0.09183859649122612,1.908161403508774
ETH,1h,267987,2023,24286,False,30.618965766518983,-1.0,0.2612759706190921,-1.2612759706190921
ETH,1h,268291,2023,24286,False,52.802802802803136,2.0,0.07575355450236919,1.924246445497631
ETH,1h,269986,2023,24286,False,49.31482816564679,-1.0,0.16222301278488246,-1.1622230127848825
ETH,1h,271215,2023,24286,False,69.02361100720121,-1.0,0.11590236852669679,-1.1159023685266969
ETH,1h,272904,2023,24287,False,58.35387418283075,2.0,0.06854729109274643,1.9314527089072535
ETH,1h,273579,2023,24287,False,40.417622189566984,-1.0,0.19793346482577204,-1.197933464825772
ETH,1h,275754,2023,24287,False,95.40346885416103,-1.0,0.0838543933054388,-1.0838543933054388
ETH,1h,277662,2023,24287,False,72.1362126836763,-1.0,0.11090130327580004,-1.1109013032758
ETH,1h,278409,2023,24287,False,36.913593520409556,-1.0,0.21672233009708994,-1.21672233009709
ETH,1h,279023,2023,24287,False,24.379987506167296,-1.0,0.32813798604188277,-1.3281379860418827
ETH,1h,279367,2023,24287,False,38.358558032351034,2.0,0.10427920665387004,1.89572079334613
ETH,1h,281534,2023,24288,False,41.90819893988932,-1.0,0.19089343379978543,-1.1908934337997854
ETH,1h,281615,2023,24288,False,73.06889352818364,2.0,0.054742857142857204,1.9452571428571428
ETH,1h,284130,2023,24288,False,52.2282641545758,2.0,0.07658688384054889,1.9234131161594512
ETH,1h,285585,2023,24288,False,50.80180477105175,-1.0,0.15747472035793927,-1.1574747203579392
ETH,1h,285753,2023,24288,False,45.42100738514467,-1.0,0.17612995529061007,-1.1761299552906102
ETH,1h,287590,2023,24288,False,62.02762806528024,2.0,0.0644873925501431,1.935512607449857
ETH,1h,289617,2024,24289,False,40.4563612973117,-1.0,0.19774393305439444,-1.1977439330543944
ETH,1h,289568,2024,24289,False,45.66913720108433,-1.0,0.17517300501595756,-1.1751730050159575
ETH,1h,290194,2024,24289,False,89.96295642970583,-1.0,0.08892549019607802,-1.088925490196078
ETH,1h,295905,2024,24289,False,99.35157466832955,2.0,0.04026106293084337,1.9597389370691567
ETH,1h,297902,2024,24289,False,40.76104482425032,-1.0,0.19626582278480975,-1.1962658227848098
ETH,1h,297785,2024,24289,False,35.01534308669799,-1.0,0.22847127272727272,-1.2284712727272726
ETH,1h,297978,2024,24289,False,46.24352052997226,-1.0,0.17299720930232557,-1.1729972093023255
ETH,1h,298550,2024,24290,False,31.55189799303946,-1.0,0.2535505154639143,-1.2535505154639144
ETH,1h,299464,2024,24290,False,30.913908661089483,2.0,0.1293915966386578,1.8706084033613422
ETH,1h,300556,2024,24290,False,47.554416126274845,2.0,0.08411416490486387,1.9158858350951362
ETH,1h,303922,2024,24290,False,55.03548407327034,-1.0,0.14536076378195142,-1.1453607637819514
ETH,1h,307841,2024,24291,False,171.77207107595024,-1.0,0.046573345421577546,-1.0465733454215775
ETH,1h,311141,2024,24291,False,78.8718827081774,-1.0,0.10143031616982771,-1.1014303161698278
ETH,1h,314771,2024,24291,False,54.056662966359276,-1.0,0.14799285714285743,-1.1479928571428575
ETH,1h,315427,2024,24292,False,79.2737733952688,-1.0,0.10091609945335911,-1.100916099453359
ETH,1h,315598,2024,24292,False,38.45186329823552,-1.0,0.20805233644859816,-1.2080523364485982
ETH,1h,318128,2024,24292,False,70.97199529910918,-1.0,0.1127205169628423,-1.1127205169628422
ETH,1h,319108,2024,24292,False,73.08130063532188,-1.0,0.10946712675408263,-1.1094671267540825
ETH,1h,319273,2024,24292,False,95.74025714808535,2.0,0.041779708130646,1.958220291869354
ETH,1h,319399,2024,24292,False,121.1245372431836,2.0,0.033023861977438465,1.9669761380225614
ETH,1h,319559,2024,24292,False,98.41076943315028,-1.0,0.08129191597708564,-1.0812919159770857
ETH,1h,320584,2024,24292,False,153.15459730960916,-1.0,0.05223480156999549,-1.0522348015699956
ETH,1h,320820,2024,24292,False,82.06947222738208,2.0,0.048739194872821655,1.9512608051271783
ETH,1h,323259,2024,24292,False,39.24714763035649,-1.0,0.20383646922183565,-1.2038364692218357
ETH,1h,323722,2024,24292,False,59.9689985547027,2.0,0.06670113052415354,1.9332988694758464
ETH,1h,323734,2024,24292,False,56.110613149624484,-1.0,0.14257552272093715,-1.142575522720937
ETH,1h,324145,2024,24293,False,131.41427857767036,-1.0,0.06087618549967327,-1.0608761854996733
ETH,1h,325568,2024,24293,False,36.91064396654141,-1.0,0.216739648521218,-1.216739648521218
ETH,1h,327666,2024,24293,False,51.79125605705972,-1.0,0.15446622864651516,-1.1544662286465153
ETH,1h,329597,2024,24293,False,39.66672238437551,2.0,0.10084019448946396,1.899159805510536
ETH,1h,330963,2024,24293,False,70.635935700601,-1.0,0.11325679939894862,-1.1132567993989486
ETH,1h,332762,2024,24293,False,42.46399690882236,-1.0,0.18839488937363577,-1.1883948893736358
ETH,1h,332816,2024,24293,False,41.881798486516594,-1.0,0.19101376466857115,-1.1910137646685712
ETH,1h,333540,2024,24294,False,26.48514460098279,2.0,0.15102805970149663,1.8489719402985034
ETH,1h,333982,2024,24294,False,34.972055162675346,-1.0,0.22875407129456224,-1.2287540712945622
ETH,1h,334643,2024,24294,False,31.73571139247812,-1.0,0.2520819496075998,-1.2520819496075997
ETH,1h,336312,2024,24294,False,75.56386299803195,-1.0,0.10587071230342418,-1.1058707123034242
ETH,1h,336927,2024,24294,False,71.32235902121559,-1.0,0.11216678906568858,-1.1121667890656886
ETH,1h,340801,2024,24294,False,33.865109582934544,2.0,0.1181156668105305,1.8818843331894695
ETH,1h,341696,2024,24295,False,69.11021320990719,-1.0,0.11575713094245196,-1.1157571309424519
ETH,1h,342316,2024,24295,False,31.40933017987116,2.0,0.1273506941120133,1.8726493058879867
ETH,1h,343015,2024,24295,False,177.15014135115442,-1.0,0.04515943334271501,-1.045159433342715
ETH,1h,343638,2024,24295,False,55.64675153054402,-1.0,0.14376400742114961,-1.1437640074211497
ETH,1h,343757,2024,24295,False,192.30447203346432,-1.0,0.04160069662138622,-1.0416006966213862
ETH,1h,346826,2024,24295,False,38.311729774598795,2.0,0.1044066666666681,1.895593333333332
ETH,1h,348036,2024,24295,False,75.85977279380906,-1.0,0.10545773741959959,-1.1054577374195995
ETH,1h,349815,2024,24295,False,51.59774890101834,-1.0,0.15504552369807184,-1.155045523698072
ETH,1h,351824,2024,24296,False,287.30132701205343,-1.0,0.02784532909471862,-1.0278453290947187
ETH,1h,354799,2024,24296,False,85.98320643527386,-1.0,0.0930414243858446,-1.0930414243858446
ETH,1h,355671,2024,24296,False,44.48733193780146,-1.0,0.17982647309991404,-1.179826473099914
ETH,1h,355839,2024,24296,False,47.95203257351569,2.0,0.08341669341894037,1.9165833065810596
ETH,1h,356205,2024,24296,False,73.26112784133998,2.0,0.054599214042441606,1.9454007859575584
ETH,1h,356965,2024,24296,False,57.528081424361744,2.0,0.06953126022913216,1.9304687397708677
ETH,1h,357409,2024,24296,False,53.59253813107246,2.0,0.0746372562205789,1.9253627437794212
ETH,1h,358391,2024,24296,False,162.91147489188603,-1.0,0.04910642424242424,-1.0491064242424242
ETH,1h,358439,2024,24296,False,89.23513316967546,-1.0,0.0896507879333632,-1.0896507879333632
ETH,1h,358998,2024,24296,False,46.22303003713404,2.0,0.08653694915254438,1.9134630508474557
ETH,1h,359719,2024,24297,False,80.30327735203112,-1.0,0.09962233502537933,-1.0996223350253793
ETH,1h,359882,2024,24297,False,66.245620227878,2.0,0.060381350287617784,1.9396186497123822
ETH,1h,363844,2024,24297,False,41.26836442216786,2.0,0.09692654545454546,1.9030734545454546
ETH,1h,365498,2024,24297,False,54.881861197519896,2.0,0.07288382559775067,1.9271161744022494
ETH,1h,369252,2024,24298,False,63.354340262215516,2.0,0.06313695294504704,1.936863047054953
ETH,1h,369904,2024,24298,False,78.35864805970006,-1.0,0.10209466597617843,-1.1020946659761783
ETH,1h,369935,2024,24298,False,42.16367281638069,-1.0,0.18973679154658415,-1.1897367915465842
ETH,1h,370675,2024,24298,False,54.573592897287845,-1.0,0.14659104477611878,-1.1465910447761187
ETH,1h,372162,2024,24298,False,80.09858287122681,2.0,0.04993846153846111,1.950061538461539
ETH,1h,372999,2024,24298,False,38.01569889886193,-1.0,0.21043937719738975,-1.2104393771973898
ETH,1h,373983,2024,24298,False,42.03786399778509,-1.0,0.19030462633452327,-1.1903046263345232
ETH,1h,373857,2024,24298,False,38.2722198619996,-1.0,0.20902889952153472,-1.2090288995215348
ETH,1h,375843,2024,24298,False,28.763795543509506,-1.0,0.2781274115197632,-1.2781274115197632
ETH,1h,377622,2024,24299,False,36.600871758833236,2.0,0.10928701442841023,1.8907129855715898
ETH,1h,379502,2024,24299,False,95.13627651301336,2.0,0.042044950113775514,1.9579550498862246
ETH,1h,381655,2024,24299,False,73.77954921612228,-1.0,0.10843113145846985,-1.1084311314584698
ETH,1h,384082,2024,24299,False,66.2253581753574,-1.0,0.12079964866051593,-1.1207996486605158
ETH,1h,386521,2024,24300,False,55.266757865936576,-1.0,0.14475247524752605,-1.144752475247526
ETH,1h,390093,2024,24300,False,65.54356040572559,-1.0,0.122056231771339,-1.122056231771339
ETH,1h,390233,2024,24300,False,74.10386531656818,-1.0,0.10795658183044005,-1.10795658183044
ETH,1h,394195,2024,24300,False,75.22179552635268,-1.0,0.10635215423962242,-1.1063521542396224
ETH,1h,394243,2024,24300,False,59.0878407512806,-1.0,0.13539164569703147,-1.1353916456970314
ETH,1h,398887,2025,24301,False,80.26620302385938,-1.0,0.09966834979875622,-1.0996683497987563
ETH,1h,399028,2025,24301,False,60.04248977580454,2.0,0.06661948921398475,1.9333805107860154
ETH,1h,400001,2025,24301,False,114.6964644302262,-1.0,0.06974931650893804,-1.069749316508938
ETH,1h,401196,2025,24301,False,83.93307273590814,2.0,0.04765701849836751,1.9523429815016324
ETH,1h,402585,2025,24301,False,95.15211003780135,-1.0,0.08407590747931724,-1.0840759074793171
ETH,1h,403423,2025,24301,False,79.4136724883161,-1.0,0.10073832061068598,-1.100738320610686
ETH,1h,404248,2025,24302,False,387.1466414522307,-1.0,0.020664004652064392,-1.0206640046520643
ETH,1h,405506,2025,24302,False,86.10343046397888,-1.0,0.09291151301279195,-1.092911513012792
ETH,1h,406121,2025,24302,False,57.65829230380462,-1.0,0.13874847277556493,-1.138748472775565
ETH,1h,409762,2025,24302,False,52.24531542134531,2.0,0.0765618882332513,1.9234381117667487
ETH,1h,410546,2025,24302,False,126.2038375768867,2.0,0.031694757281553305,1.9683052427184466
ETH,1h,410939,2025,24302,False,74.71710874110951,-1.0,0.10707052420509927,-1.1070705242050993
ETH,1h,411575,2025,24303,False,150.2679959916743,2.0,0.02661910790519641,1.9733808920948035
ETH,1h,412233,2025,24303,False,221.53107087927754,-1.0,0.036112315840153945,-1.036112315840154
ETH,1h,413980,2025,24303,False,54.53701554885124,-1.0,0.14668936170212768,-1.1466893617021277
ETH,1h,421077,2025,24304,False,142.23736115933085,2.0,0.02812200653469166,1.9718779934653083
ETH,1h,421511,2025,24304,False,94.38299333669468,-1.0,0.0847610328638488,-1.0847610328638488
ETH,1h,422312,2025,24304,False,196.41791044776053,-1.0,0.04072948328267491,-1.040729483282675
ETH,1h,423236,2025,24304,False,329.9398915678462,-1.0,0.02424684072600219,-1.0242468407260021
ETH,1h,423378,2025,24304,False,137.72166412591613,-1.0,0.058088174077578394,-1.0580881740775785
ETH,1h,423958,2025,24304,False,56.59826300822336,-1.0,0.14134709397066925,-1.1413470939706691
ETH,1h,424171,2025,24304,False,72.93166720862229,-1.0,0.1096917197452221,-1.109691719745222
ETH,1h,424386,2025,24304,False,78.25499795017735,2.0,0.05111494607087821,1.9488850539291218
ETH,1h,426442,2025,24304,False,62.35393130117242,-1.0,0.1282998494731571,-1.128299849473157
ETH,1h,426618,2025,24304,False,88.35216205687546,-1.0,0.09054673721340416,-1.0905467372134041
ETH,1h,427587,2025,24304,False,60.5999647967011,2.0,0.06600663900414921,1.9339933609958508
ETH,1h,428703,2025,24304,False,54.02830739919128,2.0,0.0740352639671972,1.9259647360328027
ETH,1h,429070,2025,24304,False,86.77152955760029,-1.0,0.09219613899613785,-1.0921961389961379
ETH,1h,430363,2025,24305,False,34.74772276359571,-1.0,0.2302309148264931,-1.2302309148264932
ETH,1h,431062,2025,24305,False,57.40900003350704,2.0,0.06967548638132315,1.9303245136186769
ETH,1h,431537,2025,24305,False,220.91195989558392,2.0,0.01810676072898288,1.9818932392710171
ETH,1h,434508,2025,24305,False,114.25537899586853,2.0,0.0350092926490983,1.9649907073509016
ETH,1h,434274,2025,24305,False,84.99306998593305,2.0,0.04706266052822928,1.9529373394717706
ETH,1h,435150,2025,24305,False,114.18138324626793,-1.0,0.0700639611515784,-1.0700639611515783
ETH,1h,437699,2025,24305,False,66.9392888404108,2.0,0.059755639315744076,1.9402443606842559
ETH,1h,439600,2025,24306,False,107.58549402717793,-1.0,0.07435946706699198,-1.074359467066992
ETH,1h,440474,2025,24306,False,34.12942210023864,-1.0,0.2344018593840785,-1.2344018593840784
ETH,1h,440804,2025,24306,False,87.7226838399497,-1.0,0.09119648020113047,-1.0911964802011305
ETH,1h,441699,2025,24306,False,211.17286209012573,-1.0,0.03788365569713076,-1.0378836556971307
ETH,1h,442381,2025,24306,False,40.19035036017163,-1.0,0.1990527559055058,-1.1990527559055058
ETH,1h,444388,2025,24306,False,117.50878690444037,-1.0,0.0680800152120173,-1.0680800152120173
ETH,1h,444768,2025,24306,False,87.11959907783003,2.0,0.04591389357091187,1.9540861064290882
ETH,1h,445384,2025,24306,False,60.789651431728956,-1.0,0.1316013468013476,-1.1316013468013475
ETH,1h,446481,2025,24306,False,113.04499490952888,-1.0,0.070768281306063,-1.070768281306063
ETH,1h,448350,2025,24307,True,48.33797501583919,2.0,0.08275067374438619,1.9172493262556138
ETH,1h,448405,2025,24307,True,55.52674369182573,-1.0,0.1440747191011258,-1.1440747191011258
ETH,1h,448956,2025,24307,True,56.82759470944725,2.0,0.07038833898305086,1.9296116610169491
ETH,1h,449166,2025,24307,True,41.088368394145036,-1.0,0.1947023041474671,-1.1947023041474671
ETH,1h,453510,2025,24307,True,74.34737340788492,2.0,0.05380149716998314,1.9461985028300168
ETH,1h,455061,2025,24307,True,58.97833081732669,-1.0,0.1356430385386518,-1.1356430385386518
ETH,1h,456939,2025,24308,True,61.40909811821645,-1.0,0.1302738559130031,-1.130273855913003
ETH,1h,458739,2025,24308,True,78.72209610291326,-1.0,0.10162331030339454,-1.1016233103033946
ETH,1h,460450,2025,24308,True,59.669731869773976,-1.0,0.13407132476243694,-1.134071324762437
ETH,1h,461982,2025,24308,True,82.5060769348449,-1.0,0.09696255472572772,-1.0969625547257278
ETH,1h,462474,2025,24308,True,59.58495993425108,-1.0,0.13426206896551723,-1.1342620689655172
ETH,1h,462967,2025,24308,True,135.8864798111984,-1.0,0.05887267085816966,-1.0588726708581697
ETH,1h,464536,2025,24308,True,63.95562596171806,-1.0,0.12508672817601008,-1.1250867281760102
ETH,1h,464664,2025,24309,True,60.03123925093415,-1.0,0.13326394890099677,-1.1332639489009968
ETH,1h,464829,2025,24309,True,59.86830363868546,-1.0,0.13362663569492875,-1.1336266356949287
ETH,1h,465867,2025,24309,True,51.51932719931433,-1.0,0.15528153093013355,-1.1552815309301336
ETH,1h,469515,2025,24309,True,44.16161505335052,2.0,0.09057639751552794,1.909423602484472
ETH,1h,472695,2025,24309,True,71.5552131861139,2.0,0.055900888585099555,1.9440991114149004
ETH,1h,472810,2025,24309,True,35.49476026855794,-1.0,0.22538537912274845,-1.2253853791227485
ETH,1h,474538,2025,24310,True,43.745832607564815,-1.0,0.18287456251584952,-1.1828745625158494
ETH,1h,475410,2025,24310,True,72.8560059277157,2.0,0.05490281753804363,1.9450971824619563
ETH,1h,475628,2025,24310,True,61.60590704685287,-1.0,0.12985767734765752,-1.1298576773476574
ETH,1h,478036,2025,24310,True,88.15141301529687,-1.0,0.09075294117647058,-1.0907529411764705
ETH,1h,478848,2025,24310,True,69.68750195663425,-1.0,0.11479820305480759,-1.1147982030548076
ETH,1h,479034,2025,24310,True,54.31502715751381,2.0,0.07364444444444412,1.9263555555555558
ETH,1h,479187,2025,24310,True,123.3041248346577,-1.0,0.06488023016851582,-1.0648802301685159
ETH,1h,479973,2025,24310,True,82.41835280561436,-1.0,0.09706575935663492,-1.0970657593566349
ETH,1h,480928,2025,24310,True,63.48112431477478,-1.0,0.126021712538227,-1.126021712538227
ETH,1h,481125,2025,24310,True,53.21725792278441,2.0,0.07516358707928546,1.9248364129207145
ETH,1h,482896,2025,24311,True,105.95701125895644,2.0,0.03775115919629041,1.9622488408037095
ETH,1h,483488,2025,24311,True,92.12568162312306,2.0,0.043418946047678646,1.9565810539523214
ETH,1h,484330,2025,24311,True,64.66808783411116,2.0,0.061854310742277395,1.9381456892577227
ETH,1h,485588,2025,24311,True,66.85575364667854,2.0,0.059830303030302075,1.940169696969698
ETH,1h,486568,2025,24311,True,54.3968845850284,-1.0,0.14706724587315487,-1.1470672458731548
ETH,1h,486805,2025,24311,True,72.11913544416814,2.0,0.05546378191259165,1.9445362180874084
ETH,1h,489118,2025,24311,True,91.27846741815661,-1.0,0.08764389046269946,-1.0876438904626995
ETH,1h,489771,2025,24311,True,88.67757370119564,2.0,0.045107233238904774,1.9548927667610951
ETH,1h,491008,2025,24312,True,88.61019071157851,-1.0,0.09028306942752869,-1.0902830694275287
ETH,1h,492363,2025,24312,True,87.79354897633982,2.0,0.04556143414452914,1.9544385658554708
ETH,1h,492742,2025,24312,True,116.98226083337674,-1.0,0.06838643690939407,-1.068386436909394
ETH,1h,492785,2025,24312,True,73.02135931078668,-1.0,0.10955698545614781,-1.1095569854561478
ETH,1h,493301,2025,24312,True,148.20033806973737,2.0,0.026990491736380212,1.9730095082636199
ETH,1h,495853,2025,24312,True,84.79240094470732,-1.0,0.0943480773143428,-1.0943480773143428
ETH,1h,495977,2025,24312,True,105.47241703020578,-1.0,0.07584921465968601,-1.075849214659686
ETH,1h,497978,2025,24312,True,30.261310505582355,-1.0,0.2643639639639607,-1.2643639639639608
ETH,1h,498129,2025,24312,True,55.61008636659875,-1.0,0.1438587947384499,-1.14385879473845
ETH,1h,498901,2025,24312,True,31.239164533971888,-1.0,0.2560887949260032,-1.2560887949260033
ETH,1h,499202,2025,24312,True,44.29215136404842,2.0,0.09030945386063968,1.9096905461393603
ETH,1h,505455,2026,24313,True,62.413606738715984,-1.0,0.12817717831130393,-1.128177178311304
ETH,1h,505673,2026,24313,True,102.843006828449,-1.0,0.07778846852800297,-1.077788468528003
ETH,1h,505892,2026,24313,True,116.42897226027941,-1.0,0.06871141988710364,-1.0687114198871037
ETH,1h,506893,2026,24313,True,43.759436555800036,-1.0,0.1828177104108451,-1.182817710410845
ETH,1h,507951,2026,24313,True,67.78058007566172,2.0,0.05901395348837238,1.9409860465116275
ETH,1h,508599,2026,24313,True,102.20365753477857,-1.0,0.07827508518741322,-1.0782750851874132
ETH,1h,509457,2026,24314,True,126.86401068328512,-1.0,0.06305964912280701,-1.063059649122807
ETH,1h,512169,2026,24314,True,58.27282905021641,-1.0,0.13728525164113842,-1.1372852516411385
ETH,1h,515058,2026,24314,True,153.35466627304484,-1.0,0.052166655207974984,-1.052166655207975
ETH,1h,515120,2026,24314,True,58.4478298512884,-1.0,0.13687420081044552,-1.1368742008104455
ETH,1h,515586,2026,24314,True,162.91324723794992,2.0,0.02455294500488121,1.9754470549951189
ETH,1h,516549,2026,24314,True,77.93014993455381,-1.0,0.10265603244339253,-1.1026560324433925
ETH,1h,516753,2026,24315,True,97.25830669439983,-1.0,0.08225518489785348,-1.0822551848978534
ETH,1h,517352,2026,24315,True,72.10550630827466,-1.0,0.11094853097345132,-1.1109485309734513
ETH,1h,517272,2026,24315,True,143.00402835244836,-1.0,0.055942480027787504,-1.0559424800277875
ETH,1h,521779,2026,24315,True,58.85015844273427,2.0,0.06796923076923077,1.9320307692307692
ETH,1h,522763,2026,24315,True,126.13776166750831,2.0,0.03171136023916267,1.9682886397608372
ETH,1h,525398,2026,24315,True,60.3631529094368,-1.0,0.13253118192819463,-1.1325311819281947
ETH,1h,527316,2026,24316,True,52.42264086201884,-1.0,0.1526058181818182,-1.1526058181818182
ETH,1h,527437,2026,24316,True,62.60127369333367,2.0,0.06389646350639595,1.9361035364936041
ETH,1h,527892,2026,24316,True,140.29496742171517,2.0,0.028511357702349565,1.9714886422976505
ETH,1h,528756,2026,24316,True,85.81802900872633,-1.0,0.09322050497322104,-1.093220504973221
ETH,1h,529577,2026,24316,True,161.59041616642378,2.0,0.02475394330243172,1.9752460566975683
ETH,1h,530543,2026,24316,True,86.05744516569514,-1.0,0.0929611608222483,-1.0929611608222483
ETH,1h,531974,2026,24316,True,63.1844088202027,-1.0,0.126613513513512,-1.126613513513512
ETH,1h,533058,2026,24316,True,17.245187488318916,-1.0,0.46389753694581903,-1.4638975369458191
ETH,1h,533329,2026,24316,True,61.10920954812268,-1.0,0.13091316446664406,-1.1309131644666441
ETH,1h,533925,2026,24316,True,52.65715598101317,-1.0,0.1519261694058182,-1.1519261694058183
ETH,1h,535225,2026,24317,True,47.470558609529775,-1.0,0.16852550790067994,-1.16852550790068
ETH,1h,535180,2026,24317,True,36.23709900009482,-1.0,0.22076822429905513,-1.2207682242990552
ETH,1h,536726,2026,24317,True,23.22819746577819,2.0,0.17220449438201776,1.8277955056179822
ETH,1h,537096,2026,24317,True,30.00452415300259,-1.0,0.26662645803697677,-1.2666264580369768
ETH,1h,537123,2026,24317,True,66.27585810970297,-1.0,0.12070760346486978,-1.1207076034648698
ETH,1h,538737,2026,24317,True,38.21025720909416,-1.0,0.2093678657074304,-1.2093678657074305
ETH,1h,539287,2026,24317,True,96.19653004543788,2.0,0.041581541435128926,1.9584184585648712
ETH,1h,539299,2026,24317,True,38.707977137587974,-1.0,0.20667574468084196,-1.206675744680842
ETH,1h,540823,2026,24317,True,37.67111928240201,-1.0,0.21236427672955246,-1.2123642767295524
ETH,1h,540746,2026,24317,True,68.8815667256575,-1.0,0.11614137686302221,-1.1161413768630222
ETH,1h,541034,2026,24317,True,52.701552352440345,-1.0,0.15179818511796758,-1.1517981851179675
ETH,1h,541616,2026,24317,True,43.66729364772485,-1.0,0.18320347637153866,-1.1832034763715387
ETH,1h,541876,2026,24317,True,35.2222675318408,2.0,0.11356452268111401,1.886435477318886
ETH,1h,542187,2026,24317,True,70.05875734466804,-1.0,0.11418986438258394,-1.1141898643825838
ETH,1h,542530,2026,24317,True,44.502312082713935,-1.0,0.179765940815184,-1.179765940815184
ETH,1h,545245,2026,24318,True,108.8456788628715,2.0,0.03674927697441598,1.963250723025584
ETH,1h,546353,2026,24318,True,82.04807391545019,2.0,0.04875190615835741,1.9512480938416426
ETH,1h,547469,2026,24318,True,74.18331322339887,-1.0,0.10784096385542191,-1.1078409638554219
ETH,1h,547404,2026,24318,True,51.6660098953535,-1.0,0.1548406779661045,-1.1548406779661045
ETH,1h,548304,2026,24318,True,105.69390857009327,-1.0,0.07569026548672501,-1.075690265486725
ETH,1h,548390,2026,24318,True,47.62494179501325,-1.0,0.1679792079207889,-1.167979207920789
ETH,1h,549223,2026,24318,True,25.984548164009425,-1.0,0.3078752783964359,-1.3078752783964358
ETH,1h,549674,2026,24318,True,82.53903508508834,-1.0,0.09692383720930238,-1.0969238372093024
ETH,1h,550033,2026,24318,True,58.33027260220322,-1.0,0.1371500533617912,-1.137150053361791
ETH,1h,550244,2026,24318,True,63.88995128312733,-1.0,0.1252153091265968,-1.1252153091265968
ETH,1h,551525,2026,24318,True,92.55618591123798,-1.0,0.08643398516520609,-1.086433985165206
LINK,4h,1858,2021,24258,False,220.1828459766907,2.0,0.01816671949286846,1.9818332805071315
LINK,4h,4914,2021,24258,False,159.13543019391167,-1.0,0.05027164591977878,-1.0502716459197787
LINK,4h,5803,2021,24258,False,211.7511021175105,-1.0,0.03778020477815709,-1.037780204778157
LINK,4h,8758,2021,24259,False,254.34313614170568,2.0,0.0157267857142857,1.9842732142857142
LINK,4h,10553,2021,24259,False,118.25771858090837,-1.0,0.06764886128364332,-1.0676488612836432
LINK,4h,14540,2021,24259,False,108.76863166375776,-1.0,0.07355061728395025,-1.0735506172839502
LINK,4h,14299,2021,24259,False,243.33309754544769,-1.0,0.032876744186046566,-1.0328767441860465
LINK,4h,16148,2021,24259,False,510.5071131600531,2.0,0.007835346260387812,1.9921646537396123
LINK,4h,16269,2021,24259,False,213.82713429192904,-1.0,0.03741339950372221,-1.0374133995037222
LINK,4h,17097,2021,24259,False,103.68487928843743,-1.0,0.0771568627450978,-1.0771568627450978
LINK,4h,22182,2021,24260,False,145.52327821922069,2.0,0.027487011349306457,1.9725129886506936
LINK,4h,22122,2021,24260,False,115.39397309791136,-1.0,0.06932771084337333,-1.0693277108433734
LINK,4h,23173,2021,24260,False,114.92192122200876,-1.0,0.06961248049922016,-1.0696124804992202
LINK,4h,23895,2021,24260,False,85.08041355542731,-1.0,0.09402869198312303,-1.094028691983123
LINK,4h,27318,2021,24261,False,113.12254125789619,-1.0,0.07071976911976934,-1.0707197691197694
LINK,4h,28341,2021,24261,False,141.5307240956864,2.0,0.028262414578587695,1.9717375854214123
LINK,4h,28341,2021,24261,False,173.95377888819334,2.0,0.022994614003590867,1.9770053859964092
LINK,4h,29916,2021,24261,False,171.25064867669965,2.0,0.02335757575757574,1.9766424242424243
LINK,4h,31229,2021,24261,False,204.91145471082356,-1.0,0.03904125326370754,-1.0390412532637074
LINK,4h,31463,2021,24261,False,120.13355822518902,-1.0,0.06659255014326712,-1.0665925501432671
LINK,4h,31587,2021,24261,False,89.93561030235213,-1.0,0.08895252918287888,-1.0889525291828788
LINK,4h,33231,2021,24261,False,104.19346539747966,-1.0,0.0767802469135796,-1.0767802469135797
LINK,4h,33380,2021,24261,False,224.58578753337054,2.0,0.01781056603773581,1.982189433962264
LINK,4h,35059,2021,24261,False,204.93642483171345,2.0,0.01951824817518242,1.9804817518248177
LINK,4h,35722,2021,24262,False,124.97661365762512,2.0,0.0320059880239518,1.9679940119760482
LINK,4h,36838,2021,24262,False,187.35976065819042,-1.0,0.042698602794411074,-1.0426986027944112
LINK,4h,37743,2021,24262,False,78.68436754176687,2.0,0.05083601895734548,1.9491639810426544
LINK,4h,38869,2021,24262,False,132.91695130281983,-1.0,0.06018795888399436,-1.0601879588839944
LINK,4h,39989,2021,24262,False,91.6157154705193,2.0,0.043660631578947236,1.9563393684210528
LINK,4h,39126,2021,24262,False,117.6337943475642,-1.0,0.06800766773162964,-1.0680076677316297
LINK,4h,40787,2021,24262,False,72.7387143941218,-1.0,0.10998269720101762,-1.1099826972010176
LINK,4h,41946,2021,24262,False,97.26994546728938,2.0,0.04112267135325113,1.958877328646749
LINK,4h,43159,2021,24262,False,236.89761479798813,-1.0,0.03376986301369861,-1.0337698630136987
LINK,4h,44787,2021,24263,False,103.3334910943886,-1.0,0.07741923664122125,-1.0774192366412212
LINK,4h,45538,2021,24263,False,102.79091987856211,-1.0,0.07782788605697132,-1.0778278860569712
LINK,4h,46913,2021,24263,False,108.68074079719442,-1.0,0.07361009817671871,-1.0736100981767187
LINK,4h,47029,2021,24263,False,162.12526309801473,-1.0,0.049344561403508756,-1.0493445614035088
LINK,4h,48269,2021,24263,False,76.41562938419756,-1.0,0.1046906249999999,-1.104690625
LINK,4h,49732,2021,24263,False,80.1043894305702,-1.0,0.0998696832579185,-1.0998696832579185
LINK,4h,50276,2021,24263,False,98.85713260491272,2.0,0.04046243194192362,1.9595375680580764
LINK,4h,50986,2021,24263,False,80.0245638949129,-1.0,0.09996930455635453,-1.0999693045563546
LINK,4h,52574,2021,24263,False,86.59427976316718,-1.0,0.09238485523385338,-1.0923848552338533
LINK,4h,51651,2021,24263,False,235.35343349803398,2.0,0.016995715509854306,1.9830042844901457
LINK,4h,52491,2021,24263,False,194.2748721333114,2.0,0.02058938428874734,1.9794106157112528
LINK,4h,53415,2021,24264,False,80.42895442359276,-1.0,0.09946666666666634,-1.0994666666666664
LINK,4h,53815,2021,24264,False,548.2551143200977,2.0,0.007295873573309902,1.99270412642669
LINK,4h,55490,2021,24264,False,236.9323495791349,-1.0,0.03376491228070153,-1.0337649122807016
LINK,4h,56175,2021,24264,False,138.20753542346287,-1.0,0.05788396396396398,-1.057883963963964
LINK,4h,57044,2021,24264,False,179.01790179017925,2.0,0.02234413407821226,1.9776558659217878
LINK,4h,56837,2021,24264,False,112.08838356752099,2.0,0.03568612440191394,1.964313875598086
LINK,4h,57439,2021,24264,False,104.2811570114993,-1.0,0.07671568123393398,-1.076715681233934
LINK,4h,57247,2021,24264,False,182.9189412951783,-1.0,0.043735219236209724,-1.0437352192362097
LINK,4h,58122,2021,24264,False,212.1060793229414,-1.0,0.03771697645601014,-1.0377169764560101
LINK,4h,58616,2021,24264,False,87.62886597938233,2.0,0.04564705882352895,1.954352941176471
LINK,4h,60014,2021,24264,False,99.97235787339848,-1.0,0.08002211981566867,-1.0800221198156688
LINK,4h,60532,2021,24264,False,132.476179543106,2.0,0.03019410745233978,1.9698058925476603
LINK,4h,60440,2021,24264,False,86.49647295935486,-1.0,0.09248932038834973,-1.0924893203883497
LINK,4h,61643,2022,24265,False,116.8054826042367,-1.0,0.06848993576017148,-1.0684899357601716
LINK,4h,63026,2022,24265,False,179.25040738728916,-1.0,0.04463030303030312,-1.044630303030303
LINK,4h,68074,2022,24265,False,371.7157040803976,2.0,0.01076091205211725,1.9892390879478827
LINK,4h,68471,2022,24265,False,190.5145233782791,-1.0,0.04199154929577455,-1.0419915492957745
LINK,4h,70214,2022,24265,False,298.0025299326327,2.0,0.013422704837117496,1.9865772951628824
LINK,4h,71607,2022,24266,False,114.42607236999696,-1.0,0.06991413612565485,-1.0699141361256548
LINK,4h,71917,2022,24266,False,86.98599186624486,-1.0,0.09196883116883123,-1.0919688311688311
LINK,4h,73023,2022,24266,False,157.50787539376992,2.0,0.02539555555555552,1.9746044444444444
LINK,4h,73273,2022,24266,False,82.58625373539661,-1.0,0.0968684210526332,-1.0968684210526332
LINK,4h,74874,2022,24266,False,196.6717095310142,2.0,0.02033846153846148,1.9796615384615386
LINK,4h,74693,2022,24266,False,134.5589791660368,-1.0,0.059453483146067375,-1.0594534831460674
LINK,4h,75347,2022,24266,False,78.3160501470361,-1.0,0.10215019762845845,-1.1021501976284585
LINK,4h,75047,2022,24266,False,77.42129838831086,2.0,0.05166536964980587,1.948334630350194
LINK,4h,76335,2022,24266,False,92.09440501732956,-1.0,0.08686738351254483,-1.0868673835125449
LINK,4h,77411,2022,24266,False,344.9348629204746,-1.0,0.023192784667418254,-1.0231927846674183
LINK,4h,79503,2022,24267,False,223.92789240194452,-1.0,0.03572578616352185,-1.0357257861635218
LINK,4h,80517,2022,24267,False,93.67333283770682,-1.0,0.08540317460317498,-1.085403174603175
LINK,4h,81271,2022,24267,False,185.78262320614,-1.0,0.043061077844311575,-1.0430610778443117
LINK,4h,81379,2022,24267,False,161.54247003647774,2.0,0.024761290322580582,1.9752387096774193
LINK,4h,82420,2022,24267,False,111.38947774137655,-1.0,0.07182006920415189,-1.071820069204152
LINK,4h,82578,2022,24267,False,121.28913018366688,-1.0,0.06595809523809497,-1.065958095238095
LINK,4h,84211,2022,24267,False,71.18037985359177,-1.0,0.1123905213270131,-1.112390521327013
LINK,4h,84592,2022,24267,False,82.62224028172822,2.0,0.0484131147540984,1.9515868852459015
LINK,4h,84973,2022,24267,False,132.4416469971151,2.0,0.03020198019801981,1.9697980198019802
LINK,4h,86687,2022,24267,False,95.29590288315632,2.0,0.04197452229299362,1.9580254777070063
LINK,4h,90392,2022,24268,False,72.84601858829419,2.0,0.05491034482758637,1.9450896551724137
LINK,4h,91590,2022,24268,False,60.553319554732965,-1.0,0.1321149700598818,-1.1321149700598818
LINK,4h,92903,2022,24268,False,61.872968154647324,-1.0,0.12929717514124323,-1.1292971751412433
LINK,4h,92705,2022,24268,False,74.89697186884058,-1.0,0.10681339712918679,-1.1068133971291867
LINK,4h,92611,2022,24268,False,105.69105691056829,2.0,0.03784615384615414,1.962153846153846
LINK,4h,93559,2022,24268,False,100.01460067163123,-1.0,0.07998832116788294,-1.079988321167883
LINK,4h,93291,2022,24268,False,101.045913845063,-1.0,0.07917192982456135,-1.0791719298245614
LINK,4h,94838,2022,24268,False,61.1136260751481,2.0,0.06545185185185082,1.9345481481481492
LINK,4h,96383,2022,24269,False,122.72907227378697,2.0,0.03259211469534051,1.9674078853046595
LINK,4h,97512,2022,24269,False,214.84790470112847,-1.0,0.037235643564356255,-1.0372356435643562
LINK,4h,100489,2022,24269,False,177.1927604100754,2.0,0.02257428571428562,1.9774257142857143
LINK,4h,100067,2022,24269,False,326.37929781202286,-1.0,0.024511358574610252,-1.0245113585746102
LINK,4h,101282,2022,24269,False,94.05295905078789,2.0,0.04252923076923109,1.957470769230769
LINK,4h,101662,2022,24269,False,205.06468483347098,2.0,0.019506040268456374,1.9804939597315436
LINK,4h,102797,2022,24269,False,88.383838383838,-1.0,0.09051428571428612,-1.0905142857142862
LINK,4h,105366,2022,24270,False,187.9644470348238,2.0,0.021280620155038833,1.9787193798449612
LINK,4h,106249,2022,24270,False,129.7459710461619,-1.0,0.061658947368421216,-1.0616589473684213
LINK,4h,105628,2022,24270,False,107.60250369224185,-1.0,0.07434771241830129,-1.0743477124183012
LINK,4h,105963,2022,24270,False,80.68001728857521,2.0,0.04957857142857138,1.9504214285714285
LINK,4h,107989,2022,24270,False,317.96011607087655,-1.0,0.025160388349514624,-1.0251603883495146
LINK,4h,107815,2022,24270,False,148.0364225462268,-1.0,0.05404075471698101,-1.054040754716981
LINK,4h,109058,2022,24270,False,285.67052155931776,-1.0,0.028004289544235835,-1.0280042895442358
LINK,4h,110723,2022,24270,False,143.8117373619978,-1.0,0.05562828282828323,-1.0556282828282832
LINK,4h,111213,2022,24270,False,207.28122408984595,2.0,0.019297454545454642,1.9807025454545453
LINK,4h,111587,2022,24270,False,153.19449346982034,2.0,0.02611059907834095,1.973889400921659
LINK,4h,113044,2022,24270,False,98.40917499075036,-1.0,0.0812932330827073,-1.0812932330827074
LINK,4h,115141,2022,24271,False,151.34618448303289,-1.0,0.05285894736842119,-1.0528589473684211
LINK,4h,115221,2022,24271,False,92.94871794871767,-1.0,0.08606896551724164,-1.0860689655172417
LINK,4h,116989,2022,24271,False,90.66837840006382,2.0,0.044116814159292216,1.9558831858407077
LINK,4h,119557,2022,24271,False,134.17285061089893,2.0,0.029812290502793253,1.9701877094972067
LINK,4h,121570,2022,24271,False,136.4325416877211,2.0,0.02931851851851851,1.9706814814814815
LINK,4h,121465,2022,24271,False,91.39083019737329,-1.0,0.0875361344537817,-1.0875361344537817
LINK,4h,121977,2022,24271,False,157.76699029126215,2.0,0.02535384615384615,1.974646153846154
LINK,4h,123155,2022,24272,False,179.30468108404082,-1.0,0.0446167938931297,-1.0446167938931297
LINK,4h,123540,2022,24272,False,127.53188297074227,-1.0,0.06272941176470609,-1.0627294117647061
LINK,4h,126636,2022,24272,False,313.5172177488433,-1.0,0.025516939890710407,-1.0255169398907105
LINK,4h,129089,2022,24272,False,84.56356600258013,-1.0,0.09460338983050823,-1.0946033898305083
LINK,4h,130902,2022,24272,False,67.42617995814906,-1.0,0.11864827586206933,-1.1186482758620693
LINK,4h,131241,2022,24272,False,120.23892638274715,-1.0,0.06653419354838737,-1.0665341935483874
LINK,4h,132287,2022,24273,False,102.11632381234269,2.0,0.03917101449275365,1.9608289855072463
LINK,4h,133263,2022,24273,False,76.64207434997445,-1.0,0.10438130841121561,-1.1043813084112155
LINK,4h,132743,2022,24273,False,62.57470294593168,2.0,0.06392359550561896,1.936076404494381
LINK,4h,133560,2022,24273,False,252.076561935717,-1.0,0.03173638968481374,-1.0317363896848137
LINK,4h,134979,2022,24273,False,138.58784893267674,2.0,0.028862559241706116,1.9711374407582938
LINK,4h,135210,2022,24273,False,103.87636179376722,2.0,0.03850731707317081,1.961492682926829
LINK,4h,135570,2022,24273,False,265.2979602719647,2.0,0.015077386934673311,1.9849226130653266
LINK,4h,136718,2022,24273,False,71.01355713363424,2.0,0.05632727272727302,1.943672727272727
LINK,4h,136971,2022,24273,False,99.71315394071904,2.0,0.04011506849315046,1.9598849315068496
LINK,4h,138693,2022,24273,False,93.61268547411339,-1.0,0.0854585034013604,-1.0854585034013604
LINK,4h,139299,2022,24273,False,143.20252929142637,-1.0,0.055864935064935096,-1.0558649350649352
LINK,4h,140566,2022,24274,False,69.07652068942376,-1.0,0.11581359223300997,-1.11581359223301
LINK,4h,143942,2022,24274,False,104.9943246311008,-1.0,0.07619459459459475,-1.0761945945945948
LINK,4h,143898,2022,24274,False,84.2182350787259,-1.0,0.0949913043478259,-1.0949913043478259
LINK,4h,144222,2022,24274,False,91.62398095375562,-1.0,0.0873133858267712,-1.0873133858267712
LINK,4h,144432,2022,24274,False,73.28639172294892,2.0,0.054580392156862584,1.9454196078431374
LINK,4h,145791,2022,24274,False,54.00671434827021,2.0,0.07406486486486502,1.925935135135135
LINK,4h,146919,2022,24274,False,66.50281914124531,-1.0,0.12029565217391466,-1.1202956521739147
LINK,4h,147988,2022,24274,False,87.00654346731893,-1.0,0.09194710743801619,-1.0919471074380163
LINK,4h,148192,2022,24274,False,67.20045753503088,-1.0,0.11904680851063679,-1.1190468085106369
LINK,4h,149747,2022,24275,False,191.35171944160626,2.0,0.02090391459074742,1.9790960854092525
LINK,4h,149928,2022,24275,False,86.69578254351143,2.0,0.04613834586466135,1.9538616541353386
LINK,4h,151006,2022,24275,False,190.8038786362213,2.0,0.020963934426229524,1.9790360655737704
LINK,4h,153381,2022,24275,False,106.36681355417154,-1.0,0.07521142857142826,-1.0752114285714283
LINK,4h,154099,2022,24275,False,95.59630152013781,2.0,0.04184262295081971,1.9581573770491802
LINK,4h,155282,2022,24275,False,102.2160438302396,2.0,0.039132799999999995,1.9608672
LINK,4h,155219,2022,24275,False,93.77664109121862,-1.0,0.08530909090909133,-1.0853090909090914
LINK,4h,156980,2022,24275,False,129.29723151810154,2.0,0.030936470588235312,1.9690635294117647
LINK,4h,156851,2022,24275,False,129.2613636363639,-1.0,0.06189010989010976,-1.0618901098901097
LINK,4h,160063,2022,24276,False,102.58985580027311,-1.0,0.07798041958041921,-1.0779804195804192
LINK,4h,161443,2022,24276,False,88.56088560885551,-1.0,0.09033333333333392,-1.0903333333333338
LINK,4h,162512,2022,24276,False,86.68111351891915,-1.0,0.09229230769230841,-1.0922923076923083
LINK,4h,164407,2022,24276,False,46.23014205261806,-1.0,0.17304727272727363,-1.1730472727272736
LINK,4h,166185,2022,24276,False,48.73726185201569,2.0,0.08207272727272771,1.9179272727272723
LINK,4h,166761,2023,24277,False,79.81135497913948,2.0,0.05011818181818228,1.9498818181818178
LINK,4h,168022,2023,24277,False,115.02326806567761,-1.0,0.06955114503816781,-1.0695511450381678
LINK,4h,169298,2023,24277,False,62.13238339822803,2.0,0.06437866666666577,1.9356213333333343
LINK,4h,170071,2023,24277,False,77.86786545717372,-1.0,0.10273814432989553,-1.1027381443298956
LINK,4h,170609,2023,24277,False,140.06464522087148,2.0,0.028558241758241693,1.9714417582417583
LINK,4h,170608,2023,24277,False,113.4667064795469,-1.0,0.07050526315789427,-1.0705052631578942
LINK,4h,171301,2023,24277,False,88.75960319236202,-1.0,0.09013109243697497,-1.090131092436975
LINK,4h,173646,2023,24277,False,95.84182325862248,-1.0,0.08347086614173185,-1.0834708661417318
LINK,4h,172833,2023,24277,False,128.2429245283028,2.0,0.031190804597700926,1.968809195402299
LINK,4h,173749,2023,24277,False,129.83180879315313,-1.0,0.061618181818182384,-1.0616181818181825
LINK,4h,174054,2023,24277,False,70.48906329481835,-1.0,0.11349278350515518,-1.1134927835051551
LINK,4h,175933,2023,24278,False,75.55617741709722,-1.0,0.1058814814814827,-1.1058814814814828
LINK,4h,176988,2023,24278,False,71.88039102932694,2.0,0.0556480000000002,1.9443519999999999
LINK,4h,176232,2023,24278,False,96.0257937898638,-1.0,0.08331094890511029,-1.0833109489051103
LINK,4h,177622,2023,24278,False,100.11280315848805,2.0,0.039954929577464944,1.960045070422535
LINK,4h,179859,2023,24278,False,84.71508218087097,-1.0,0.09443418803418732,-1.0944341880341872
LINK,4h,179418,2023,24278,False,67.53714542998638,2.0,0.05922666666666676,1.9407733333333332
LINK,4h,180278,2023,24278,False,90.72076576898273,2.0,0.04409133858267754,1.9559086614173224
LINK,4h,180168,2023,24278,False,118.05798113866607,2.0,0.03388165680473363,1.9661183431952665
LINK,4h,181167,2023,24278,False,190.54340155257626,2.0,0.02099259259259255,1.9790074074074075
LINK,4h,182156,2023,24278,False,88.5864680960328,2.0,0.04515362318840583,1.9548463768115942
LINK,4h,183331,2023,24278,False,48.07366781772613,-1.0,0.16641126760563446,-1.1664112676056344
LINK,4h,187176,2023,24279,False,212.8320646263795,-1.0,0.03758832116788308,-1.0375883211678831
LINK,4h,187316,2023,24279,False,132.56841615629207,2.0,0.030173099415204477,1.9698269005847955
LINK,4h,188436,2023,24279,False,76.9064903327818,-1.0,0.10402242990654272,-1.1040224299065426
LINK,4h,190180,2023,24279,False,183.5801542346278,-1.0,0.043577695167286226,-1.0435776951672862
LINK,4h,191759,2023,24279,False,128.20512820512928,-1.0,0.06239999999999948,-1.0623999999999996
LINK,4h,195282,2023,24280,False,35.63692264691507,2.0,0.11224313725490162,1.8877568627450985
LINK,4h,195991,2023,24280,False,44.16229643941366,-1.0,0.1811500000000049,-1.1811500000000048
LINK,4h,196603,2023,24280,False,150.88620939579573,2.0,0.026510043668122367,1.9734899563318777
LINK,4h,197955,2023,24280,False,140.57315233785857,-1.0,0.05690987124463505,-1.056909871244635
LINK,4h,198915,2023,24280,False,140.41640727675133,2.0,0.028486699507389246,1.9715133004926106
LINK,4h,200102,2023,24280,False,47.742463511116156,-1.0,0.16756571428571784,-1.1675657142857179
LINK,4h,200166,2023,24280,False,226.29459947244243,2.0,0.01767607361963187,1.982323926380368
LINK,4h,202615,2023,24281,False,42.45520615960227,2.0,0.09421694915254353,1.9057830508474565
LINK,4h,202848,2023,24281,False,52.09066591581011,-1.0,0.1535783783783787,-1.1535783783783786
LINK,4h,202769,2023,24281,False,48.02004314844391,-1.0,0.16659710144927764,-1.1665971014492778
LINK,4h,204055,2023,24281,False,40.66877541798484,-1.0,0.19671111111111012,-1.1967111111111102
LINK,4h,204932,2023,24281,False,48.264766720294645,-1.0,0.16575238095237937,-1.1657523809523793
LINK,4h,205649,2023,24281,False,42.55965952272452,-1.0,0.18797142857142546,-1.1879714285714256
LINK,4h,206349,2023,24281,False,56.92031156381105,-1.0,0.1405473684210517,-1.1405473684210516
LINK,4h,207481,2023,24281,False,34.922563012450176,2.0,0.11453913043478417,1.8854608695652157
LINK,4h,209097,2023,24281,False,75.26965158687013,-1.0,0.10628453608247473,-1.1062845360824747
LINK,4h,209189,2023,24281,False,40.98043764014463,2.0,0.09760754716981307,1.902392452830187
LINK,4h,211890,2023,24282,False,154.85312899106071,2.0,0.02583092783505143,1.9741690721649485
LINK,4h,212011,2023,24282,False,59.1811917308475,-1.0,0.1351780821917801,-1.13517808219178
LINK,4h,212446,2023,24282,False,58.062375580622515,2.0,0.06889142857143005,1.9311085714285698
LINK,4h,215950,2023,24282,False,63.291139240505316,-1.0,0.126400000000002,-1.126400000000002
LINK,4h,216422,2023,24282,False,73.71880273558948,2.0,0.054260240963855295,1.9457397590361447
LINK,4h,218417,2023,24282,False,54.14551607445013,-1.0,0.14774999999999988,-1.1477499999999998
LINK,4h,218757,2023,24282,False,91.65139143476041,-1.0,0.08728727272727317,-1.087287272727273
LINK,4h,220426,2023,24283,False,134.5779852197589,2.0,0.029722543352601147,1.9702774566473988
LINK,4h,221710,2023,24283,False,62.98333731962101,2.0,0.06350886075949316,1.9364911392405069
LINK,4h,223613,2023,24283,False,88.79363135333716,-1.0,0.09009655172413819,-1.090096551724138
LINK,4h,222847,2023,24283,False,138.01756587201962,2.0,0.02898181818181828,1.9710181818181818
LINK,4h,223687,2023,24283,False,75.6452091367549,-1.0,0.10575686274509773,-1.1057568627450978
LINK,4h,223978,2023,24283,False,135.49337260677413,2.0,0.0295217391304349,1.970478260869565
LINK,4h,225530,2023,24283,False,322.3295933588429,-1.0,0.02481931589537224,-1.0248193158953722
LINK,4h,227431,2023,24283,False,37.84912555468535,-1.0,0.21136551724137992,-1.21136551724138
LINK,4h,227529,2023,24283,False,77.95610874549608,-1.0,0.102621848739496,-1.102621848739496
LINK,4h,234154,2023,24284,False,36.53487050418116,2.0,0.1094844444444446,1.8905155555555555
LINK,4h,236273,2023,24284,False,224.39347520079554,-1.0,0.035651660516605066,-1.035651660516605
LINK,4h,236534,2023,24284,False,45.06008010680931,-1.0,0.17754074074073983,-1.1775407407407399
LINK,4h,236938,2023,24285,False,49.052774018944376,-1.0,0.16308965517241428,-1.1630896551724144
LINK,4h,241138,2023,24285,False,42.234440991313285,-1.0,0.18941886792453172,-1.1894188679245317
LINK,4h,246640,2023,24286,False,78.97271268057857,2.0,0.05065040650406458,1.9493495934959355
LINK,4h,246998,2023,24286,False,72.22586999343363,-1.0,0.11076363636363694,-1.1107636363636368
LINK,4h,252698,2023,24286,False,183.0267284557404,2.0,0.021854731457800612,1.9781452685421994
LINK,4h,255624,2023,24287,False,212.14030665826465,2.0,0.018855445544554494,1.9811445544554456
LINK,4h,256803,2023,24287,False,162.25328369740808,-1.0,0.04930562770562773,-1.0493056277056276
LINK,4h,257482,2023,24287,False,226.96411251212356,2.0,0.01762393162393167,1.9823760683760683
LINK,4h,259712,2023,24287,False,118.60997433585308,-1.0,0.0674479532163745,-1.0674479532163745
LINK,4h,260032,2023,24287,False,167.77483033038268,-1.0,0.04768295687884992,-1.04768295687885
LINK,4h,261676,2023,24287,False,67.46376327566686,-1.0,0.11858217821782077,-1.1185821782178207
LINK,4h,263943,2023,24288,False,79.64046131985052,2.0,0.05022572614107891,1.949774273858921
LINK,4h,269932,2023,24288,False,73.27419976860828,2.0,0.05458947368421016,1.94541052631579
LINK,4h,271221,2023,24288,False,130.69098330974157,2.0,0.030606549118387758,1.9693934508816122
LINK,4h,271018,2023,24288,False,192.1739680131489,-1.0,0.041628947368421015,-1.041628947368421
LINK,4h,272918,2024,24289,False,194.44540041986363,2.0,0.0205713274336284,1.9794286725663717
LINK,4h,275242,2024,24289,False,150.87466061793313,-1.0,0.05302414578587699,-1.0530241457858769
LINK,4h,275657,2024,24289,False,94.57884997601255,-1.0,0.08458550724637687,-1.0845855072463768
LINK,4h,276748,2024,24289,False,121.91591340431735,-1.0,0.06561899736147733,-1.0656189973614774
LINK,4h,277108,2024,24289,False,116.60338048993626,-1.0,0.06860864553314096,-1.068608645533141
LINK,4h,278506,2024,24289,False,92.7281600780875,2.0,0.04313684210526287,1.956863157894737
LINK,4h,280506,2024,24289,False,98.64364981504268,2.0,0.0405500000000002,1.95945
LINK,4h,283850,2024,24290,False,124.61990927670604,2.0,0.032097600000000004,1.9679024
LINK,4h,288482,2024,24290,False,64.5023151245884,2.0,0.06201327800829884,1.937986721991701
LINK,4h,289817,2024,24291,False,120.05597701995956,-1.0,0.06663558282208626,-1.0666355828220864
LINK,4h,290022,2024,24291,False,111.6687879733907,2.0,0.03582021505376373,1.9641797849462364
LINK,4h,290690,2024,24291,False,300.99312452253685,-1.0,0.026578680203045636,-1.0265786802030457
LINK,4h,292418,2024,24291,False,207.56298377952123,-1.0,0.038542517814726576,-1.0385425178147265
LINK,4h,293008,2024,24291,False,58.78013374265245,-1.0,0.13610040485829966,-1.1361004048582997
LINK,4h,294851,2024,24291,False,114.76366465668266,-1.0,0.06970847457627052,-1.0697084745762706
LINK,4h,295344,2024,24291,False,87.96010981007342,-1.0,0.09095031847133755,-1.0909503184713376
LINK,4h,300330,2024,24292,False,58.00464037122993,-1.0,0.13791999999999943,-1.1379199999999994
LINK,4h,302104,2024,24292,False,445.9582835873304,2.0,0.00896944881889764,1.9910305511811024
LINK,4h,303848,2024,24292,False,92.938063903399,2.0,0.043039416058394016,1.956960583941606
LINK,4h,304262,2024,24292,False,123.59331295127905,-1.0,0.06472842105263114,-1.064728421052631
LINK,4h,307140,2024,24293,False,214.6459997790944,-1.0,0.03727066895368793,-1.037270668953688
LINK,4h,308339,2024,24293,False,86.88513374837564,-1.0,0.09207559055118061,-1.0920755905511805
LINK,4h,314366,2024,24293,False,68.10897435897422,-1.0,0.117458823529412,-1.117458823529412
LINK,4h,315542,2024,24293,False,188.4766452852566,2.0,0.02122278860569732,1.9787772113943027
LINK,4h,314521,2024,24293,False,136.8815059697816,-1.0,0.05844471057884259,-1.0584447105788426
LINK,4h,317269,2024,24294,False,37.61541091986718,2.0,0.10633939393939562,1.8936606060606045
LINK,4h,318181,2024,24294,False,79.89100142441403,-1.0,0.1001364341085261,-1.100136434108526
LINK,4h,318867,2024,24294,False,103.39734121122642,-1.0,0.07737142857142826,-1.0773714285714282
LINK,4h,319755,2024,24294,False,70.45998404679598,2.0,0.05676981132075479,1.9432301886792451
LINK,4h,320846,2024,24294,False,242.49055804595716,-1.0,0.03299097525473065,-1.0329909752547306
LINK,4h,321704,2024,24294,False,108.27701475183427,-1.0,0.07388456375838968,-1.0738845637583896
LINK,4h,321005,2024,24294,False,70.59992194983435,2.0,0.05665728643216135,1.9433427135678387
LINK,4h,323201,2024,24294,False,81.08206377486056,-1.0,0.09866547085201838,-1.0986654708520183
LINK,4h,324269,2024,24294,False,51.77697157549999,-1.0,0.15450884353741284,-1.154508843537413
LINK,4h,325095,2024,24295,False,93.61332995988012,-1.0,0.08545791505791495,-1.085457915057915
LINK,4h,324902,2024,24295,False,75.74148793091196,2.0,0.05281121495327136,1.9471887850467287
LINK,4h,325914,2024,24295,False,155.05397448478882,-1.0,0.05159493670886082,-1.0515949367088608
LINK,4h,325590,2024,24295,False,325.3509496284064,-1.0,0.024588832487309635,-1.0245888324873096
LINK,4h,326074,2024,24295,False,104.64305092628463,-1.0,0.07645037037037049,-1.0764503703703705
LINK,4h,327408,2024,24295,False,61.23674204522662,-1.0,0.1306405228758181,-1.130640522875818
LINK,4h,330687,2024,24295,False,82.45849831087229,2.0,0.04850925110132152,1.9514907488986786
LINK,4h,332535,2024,24295,False,114.34703770861898,-1.0,0.06996245954692532,-1.0699624595469253
LINK,4h,333001,2024,24295,False,73.50183754593922,2.0,0.05442040816326488,1.9455795918367351
LINK,4h,333473,2024,24296,False,112.44821463799572,-1.0,0.07114385964912277,-1.0711438596491227
LINK,4h,334668,2024,24296,False,671.3501212091224,-1.0,0.0119162859248342,-1.0119162859248343
LINK,4h,335260,2024,24296,False,144.79683350869175,-1.0,0.055249826989619784,-1.0552498269896198
LINK,4h,336337,2024,24296,False,54.79046349770505,-1.0,0.14601081081080994,-1.14601081081081
LINK,4h,337596,2024,24296,False,97.97264526142116,2.0,0.0408277227722776,1.9591722772277225
LINK,4h,338394,2024,24296,False,43.32840965041898,-1.0,0.18463636363636163,-1.1846363636363617
LINK,4h,338859,2024,24296,False,92.81306185917632,-1.0,0.08619476439790624,-1.0861947643979062
LINK,4h,341110,2024,24296,False,118.24920578891506,-1.0,0.06765373134328431,-1.0676537313432843
LINK,4h,341658,2024,24296,False,98.92975987049144,2.0,0.04043272727272748,1.9595672727272726
LINK,4h,343934,2024,24297,False,100.65913852128288,-1.0,0.0794761421319786,-1.0794761421319785
LINK,4h,344313,2024,24297,False,48.053349024222314,-1.0,0.16648163265306296,-1.166481632653063
LINK,4h,346454,2024,24297,False,75.15330351791242,-1.0,0.10644907975460106,-1.1064490797546012
LINK,4h,346321,2024,24297,False,110.04806180658377,-1.0,0.07269551020408238,-1.0726955102040825
LINK,4h,347328,2024,24297,False,121.09856966595099,-1.0,0.06606188679245269,-1.0660618867924527
LINK,4h,347925,2024,24297,False,65.67058927233502,-1.0,0.12182013422818716,-1.1218201342281873
LINK,4h,349353,2024,24297,False,96.7795761722021,2.0,0.04133103448275811,1.9586689655172418
LINK,4h,350029,2024,24297,False,65.97473650333814,2.0,0.06062926829268369,1.9393707317073163
LINK,4h,352987,2024,24298,False,58.000368256306956,2.0,0.06896507936507869,1.9310349206349213
LINK,4h,352623,2024,24298,False,92.80336193311142,-1.0,0.08620377358490577,-1.0862037735849057
LINK,4h,354416,2024,24298,False,44.951109875342375,-1.0,0.17797113402061615,-1.1779711340206163
LINK,4h,354505,2024,24298,False,50.33944488061782,2.0,0.07946055045871431,1.9205394495412857
LINK,4h,357224,2024,24298,False,82.1989301091637,-1.0,0.09732486772486768,-1.0973248677248677
LINK,4h,356675,2024,24298,False,59.53899804371888,-1.0,0.13436571428571376,-1.1343657142857138
LINK,4h,357723,2024,24298,False,54.286074990532065,-1.0,0.14736744186046358,-1.1473674418604636
LINK,4h,357419,2024,24298,False,59.81794538361427,2.0,0.06686956521739221,1.9331304347826077
LINK,4h,359673,2024,24298,False,67.04304869442528,2.0,0.05966315789473645,1.9403368421052636
LINK,4h,359882,2024,24299,False,73.50096711798813,-1.0,0.1088421052631583,-1.1088421052631583
LINK,4h,360555,2024,24299,False,56.27306273062725,2.0,0.07108196721311483,1.9289180327868851
LINK,4h,362547,2024,24299,False,112.46221972306188,-1.0,0.07113499999999993,-1.071135
LINK,4h,364175,2024,24299,False,74.7508305647832,2.0,0.053511111111111724,1.9464888888888883
LINK,4h,366582,2024,24299,False,194.16630387462024,-1.0,0.04120179372197284,-1.0412017937219729
LINK,4h,369102,2024,24300,False,385.5691369132535,2.0,0.010374274331246415,1.9896257256687535
LINK,4h,370293,2024,24300,False,139.74013238538808,2.0,0.028624561403508872,1.9713754385964912
LINK,4h,370568,2024,24300,False,91.03939875256631,-1.0,0.0878740425531917,-1.0878740425531916
LINK,4h,371006,2024,24300,False,199.84461325966893,-1.0,0.04003110151187896,-1.040031101511879
LINK,4h,371202,2024,24300,False,231.93959202073788,2.0,0.017245869776481963,1.982754130223518
LINK,4h,374729,2024,24300,False,142.4366769072129,2.0,0.028082654600301495,1.9719173453996985
LINK,4h,375648,2024,24300,False,95.78503010692839,-1.0,0.08352035794183395,-1.083520357941834
LINK,4h,375955,2024,24300,False,78.43385974926431,2.0,0.05099838274932682,1.9490016172506732
LINK,4h,376300,2024,24300,False,82.45911402263032,2.0,0.04850888888888896,1.951491111111111
LINK,4h,378245,2025,24301,False,143.21416929262173,2.0,0.027930197268588818,1.9720698027314112
LINK,4h,381881,2025,24301,False,142.82584884994546,2.0,0.028006134969325108,1.971993865030675
LINK,4h,382727,2025,24301,False,396.3690133902899,2.0,0.010091606217616582,1.9899083937823834
LINK,4h,383631,2025,24301,False,187.33202294516516,-1.0,0.04270492505353299,-1.042704925053533
LINK,4h,384524,2025,24301,False,71.14159725624685,-1.0,0.11245179063360895,-1.1124517906336089
LINK,4h,385023,2025,24301,False,176.34408602150475,2.0,0.022682926829268372,1.9773170731707317
LINK,4h,384922,2025,24301,False,177.7329931608174,-1.0,0.04501133896260552,-1.0450113389626055
LINK,4h,388051,2025,24302,False,159.27634837465055,-1.0,0.05022716857610499,-1.050227168576105
LINK,4h,389253,2025,24302,False,88.91678435064499,-1.0,0.08997176470588333,-1.0899717647058833
LINK,4h,392079,2025,24302,False,125.66743972817028,-1.0,0.06366008583690973,-1.0636600858369096
LINK,4h,392447,2025,24302,False,173.4624915521513,-1.0,0.04611948051948054,-1.0461194805194804
LINK,4h,393589,2025,24302,False,160.18890803497314,2.0,0.02497051792828691,1.9750294820717131
LINK,4h,394153,2025,24302,False,275.34418022528087,-1.0,0.02905454545454553,-1.0290545454545454
LINK,4h,394436,2025,24303,False,151.35589657347143,2.0,0.026427777777777647,1.9735722222222223
LINK,4h,394930,2025,24303,False,422.2311322209553,-1.0,0.018946968590211787,-1.0189469685902117
LINK,4h,395522,2025,24303,False,374.26259630572883,-1.0,0.02137536606373813,-1.0213753660637381
LINK,4h,398259,2025,24303,False,184.3132961056982,2.0,0.021702178217821673,1.9782978217821783
LINK,4h,398942,2025,24303,False,112.57103558113438,2.0,0.035533118971061095,1.964466881028939
LINK,4h,399942,2025,24303,False,95.7157489492462,-1.0,0.08358081180811784,-1.0835808118081178
LINK,4h,401229,2025,24303,False,106.28994281870129,2.0,0.03763291139240519,1.9623670886075948
LINK,4h,401791,2025,24303,False,100.44143049069159,2.0,0.039824203821656044,1.960175796178344
LINK,4h,405099,2025,24304,False,180.13077409829285,2.0,0.022206088992974073,1.977793911007026
LINK,4h,405581,2025,24304,False,127.32615083251774,-1.0,0.06283076923076894,-1.062830769230769
LINK,4h,405977,2025,24304,False,460.90022816843003,2.0,0.008678667866786675,1.9913213321332133
LINK,4h,409263,2025,24304,False,66.53561167397623,2.0,0.060118181818181154,1.939881818181819
LINK,4h,409871,2025,24304,False,94.13219733406655,-1.0,0.08498686131386833,-1.0849868613138682
LINK,4h,410753,2025,24304,False,90.5287703175363,-1.0,0.08836969696969718,-1.0883696969696972
LINK,4h,415609,2025,24305,False,133.50471794572192,-1.0,0.05992297592997803,-1.059922975929978
LINK,4h,416904,2025,24305,False,59.83498141966407,-1.0,0.13370105263157805,-1.133701052631578
LINK,4h,416955,2025,24305,False,60.53190804301592,-1.0,0.1321617021276604,-1.1321617021276604
LINK,4h,419126,2025,24305,False,68.82247572357915,2.0,0.05812054794520516,1.9418794520547948
LINK,4h,419340,2025,24305,False,99.49437285923983,-1.0,0.08040655737704926,-1.0804065573770492
LINK,4h,419502,2025,24305,False,73.20644216691083,2.0,0.05463999999999989,1.9453600000000002
LINK,4h,421843,2025,24306,False,68.1834493648178,-1.0,0.11733052631578868,-1.1173305263157887
LINK,4h,422372,2025,24306,False,107.66355140186924,-1.0,0.0743055555555555,-1.0743055555555554
LINK,4h,422893,2025,24306,False,48.277375466314794,-1.0,0.16570909090909353,-1.1657090909090935
LINK,4h,424059,2025,24306,False,83.43014045833715,-1.0,0.09588860759493738,-1.0958886075949374
LINK,4h,423954,2025,24306,False,83.43834076899533,-1.0,0.095879183673469,-1.095879183673469
LINK,4h,424418,2025,24306,False,199.9262264846926,2.0,0.02000738007380068,1.9799926199261992
LINK,4h,429309,2025,24306,False,41.00499515395491,2.0,0.0975490909090914,1.9024509090909085
LINK,4h,430390,2025,24307,False,68.97071571250888,2.0,0.05799562841530061,1.9420043715846993
LINK,4h,430013,2025,24307,False,63.168846611176484,2.0,0.06332235294117716,1.936677647058823
LINK,4h,431104,2025,24307,True,34.422770847984594,-1.0,0.23240430107526888,-1.232404301075269
LINK,4h,430540,2025,24307,False,44.471473640199505,-1.0,0.17989059829059695,-1.179890598290597
LINK,4h,432740,2025,24307,True,91.10162369314578,-1.0,0.08781402214022116,-1.087814022140221
LINK,4h,434545,2025,24307,True,150.6109690252916,-1.0,0.05311698113207535,-1.0531169811320753
LINK,4h,437429,2025,24307,True,87.37136992760595,2.0,0.04578158730158763,1.9542184126984123
LINK,4h,439405,2025,24308,True,49.38199456505977,2.0,0.08100118343195072,1.9189988165680494
LINK,4h,442230,2025,24308,True,336.5170043738275,-1.0,0.023772944297082294,-1.0237729442970822
LINK,4h,442440,2025,24308,True,92.38929588487144,2.0,0.04329505882352971,1.9567049411764703
LINK,4h,443724,2025,24308,True,160.16478896922828,-1.0,0.04994855643044616,-1.0499485564304463
LINK,4h,443260,2025,24308,True,94.96448806958723,-1.0,0.08424201680672286,-1.0842420168067228
LINK,4h,444703,2025,24308,True,226.0116389227224,-1.0,0.03539640718562883,-1.0353964071856288
LINK,4h,445183,2025,24308,True,76.99146851294924,2.0,0.0519538083538079,1.9480461916461922
LINK,4h,446550,2025,24308,True,111.37445728548332,2.0,0.03591487758945394,1.964085122410546
LINK,4h,448505,2025,24309,True,138.46658645958559,-1.0,0.05777567140600357,-1.0577756714060036
LINK,4h,449268,2025,24309,True,41.659280269456296,2.0,0.09601702127659453,1.9039829787234055
LINK,4h,449885,2025,24309,True,89.89294372572931,-1.0,0.08899474940334196,-1.088994749403342
LINK,4h,450577,2025,24309,True,75.30930607853773,2.0,0.053114285714285094,1.946885714285715
LINK,4h,450886,2025,24309,True,50.82899673242213,2.0,0.07869523809523735,1.9213047619047627
LINK,4h,451551,2025,24309,True,65.89960375479414,-1.0,0.1213967845659164,-1.1213967845659165
LINK,4h,452625,2025,24309,True,71.65049774903424,-1.0,0.11165309734513086,-1.1116530973451308
LINK,4h,453597,2025,24309,True,114.85221731795805,-1.0,0.06965472837022135,-1.0696547283702214
LINK,4h,455305,2025,24309,True,45.69403646197555,-1.0,0.17507755102041,-1.1750775510204101
LINK,4h,454959,2025,24309,True,56.83186437412636,2.0,0.07038305084745848,1.9296169491525414
LINK,4h,455461,2025,24309,True,44.84092149279937,2.0,0.08920423280423279,1.9107957671957672
LINK,4h,457086,2025,24310,True,45.81312713701439,-1.0,0.1746224390243917,-1.1746224390243918
LINK,4h,457491,2025,24310,True,58.39809532365977,-1.0,0.13699076923077028,-1.1369907692307704
LINK,4h,457796,2025,24310,True,121.52584923685257,-1.0,0.06582961608775172,-1.0658296160877516
LINK,4h,457712,2025,24310,True,60.11330709682971,-1.0,0.13308201438848985,-1.1330820143884899
LINK,4h,458126,2025,24310,True,81.57336015197114,-1.0,0.09807123287671371,-1.0980712328767137
LINK,4h,459273,2025,24310,True,583.9283396079455,2.0,0.006850155624722092,1.993149844375278
LINK,4h,459774,2025,24310,True,331.24982790428805,-1.0,0.02415095594347459,-1.0241509559434745
LINK,4h,459838,2025,24310,True,146.92354193497638,-1.0,0.05445008944543783,-1.0544500894454378
LINK,4h,460347,2025,24310,True,85.87423229523219,-1.0,0.09315949367088742,-1.0931594936708875
LINK,4h,460885,2025,24310,True,223.64970386304046,-1.0,0.03577022397891961,-1.0357702239789197
LINK,4h,461710,2025,24310,True,242.5965280269381,-1.0,0.03297656427758799,-1.0329765642775879
LINK,4h,461836,2025,24310,True,105.97433731985805,-1.0,0.07548997429305855,-1.0754899742930586
LINK,4h,462678,2025,24310,True,95.83950375813697,2.0,0.04173644314868848,1.9582635568513116
LINK,4h,463749,2025,24310,True,98.95501288909814,2.0,0.0404224089635855,1.9595775910364146
LINK,4h,464646,2025,24310,True,183.63457873765742,-1.0,0.04356477987421365,-1.0435647798742136
LINK,4h,467015,2025,24311,True,206.8876062001432,-1.0,0.038668338557993634,-1.0386683385579936
LINK,4h,469758,2025,24311,True,88.00267349894244,2.0,0.04545316455696166,1.9545468354430384
LINK,4h,470497,2025,24311,True,123.7819331050832,-1.0,0.06462978723404243,-1.0646297872340424
LINK,4h,471291,2025,24311,True,145.6060305494945,-1.0,0.054942779291553,-1.0549427792915531
LINK,4h,471839,2025,24311,True,101.0416260289472,-1.0,0.07917528957528946,-1.0791752895752895
LINK,4h,472626,2025,24311,True,133.56606207786308,2.0,0.02994772727272724,1.9700522727272727
LINK,4h,473463,2025,24311,True,50.49162901940043,-1.0,0.15844210526315472,-1.1584421052631546
LINK,4h,473944,2025,24312,True,101.11030562020703,-1.0,0.07912150943396208,-1.0791215094339621
LINK,4h,473936,2025,24312,True,261.1318358599894,-1.0,0.030635866261398116,-1.0306358662613981
LINK,4h,474802,2025,24312,True,115.67842851946212,2.0,0.03457861635220111,1.965421383647799
LINK,4h,474566,2025,24312,True,100.48828816078088,-1.0,0.0796112676056341,-1.0796112676056342
LINK,4h,476151,2025,24312,True,192.85891220496185,2.0,0.02074055045871553,1.9792594495412845
LINK,4h,476587,2025,24312,True,126.3902932254808,-1.0,0.06329599999999974,-1.0632959999999998
LINK,4h,476999,2025,24312,True,95.70765661252878,-1.0,0.08358787878787899,-1.083587878787879
LINK,4h,478697,2025,24312,True,71.24325659926626,-1.0,0.11229132947976991,-1.1122913294797698
LINK,4h,481137,2025,24312,True,35.79563944028676,-1.0,0.2234909090909066,-1.2234909090909065
LINK,4h,481363,2025,24312,True,39.158693633685075,2.0,0.10214845360824605,1.897851546391754
LINK,4h,481650,2025,24312,True,93.58394797366985,-1.0,0.08548474576271163,-1.0854847457627117
LINK,4h,482675,2026,24313,True,89.5830030125254,-1.0,0.08930265486725701,-1.089302654867257
LINK,4h,486909,2026,24313,True,82.31219039815267,2.0,0.04859547511312215,1.9514045248868779
LINK,4h,486287,2026,24313,True,111.08706629156742,2.0,0.036007792207792225,1.9639922077922078
LINK,4h,489613,2026,24313,True,168.81234546849723,-1.0,0.04738989898989889,-1.0473898989898989
LINK,4h,490497,2026,24313,True,71.46547270535577,-1.0,0.11194216867469854,-1.1119421686746986
LINK,4h,494376,2026,24314,True,81.66915052160982,-1.0,0.0979562043795617,-1.0979562043795617
LINK,4h,495804,2026,24314,True,84.31514880786186,2.0,0.04744105960264907,1.952558940397351
LINK,4h,497781,2026,24314,True,131.99764289923408,2.0,0.0303035714285714,1.9696964285714287
LINK,4h,498729,2026,24314,True,342.17565760142713,-1.0,0.023379804560260554,-1.0233798045602605
LINK,4h,499414,2026,24315,True,142.36458680903138,-1.0,0.05619374999999995,-1.05619375
LINK,4h,499272,2026,24314,True,184.61900282220137,-1.0,0.04333248407643311,-1.043332484076433
LINK,4h,499996,2026,24315,True,96.59379766141298,-1.0,0.08282105263157924,-1.0828210526315791
LINK,4h,500999,2026,24315,True,57.958091841283554,-1.0,0.1380307692307703,-1.1380307692307703
LINK,4h,501860,2026,24315,True,125.84596453940458,-1.0,0.06356977777777736,-1.0635697777777773
LINK,4h,504459,2026,24315,True,92.8061799259687,-1.0,0.08620115606936503,-1.086201156069365
LINK,4h,503814,2026,24315,True,60.86458929407342,2.0,0.06571965811965962,1.9342803418803405
LINK,4h,506809,2026,24315,True,71.28309572301494,2.0,0.05611428571428518,1.9438857142857149
LINK,4h,507841,2026,24315,True,91.9212103910921,-1.0,0.0870310559006223,-1.0870310559006222
LINK,4h,508150,2026,24315,True,85.88957055214841,2.0,0.04657142857142794,1.953428571428572
LINK,4h,508620,2026,24316,True,85.32614797350456,-1.0,0.09375789473684147,-1.0937578947368414
LINK,4h,508987,2026,24316,True,203.56816102470358,-1.0,0.039298876404494205,-1.0392988764044941
LINK,4h,509657,2026,24316,True,33.11835454070197,-1.0,0.24155789473683292,-1.2415578947368329
LINK,4h,510037,2026,24316,True,101.94730813287562,-1.0,0.07847191011235918,-1.0784719101123592
LINK,4h,510158,2026,24316,True,51.18973955110397,2.0,0.07814065934066146,1.9218593406593385
LINK,4h,510514,2026,24316,True,233.7778273726499,-1.0,0.034220525059665836,-1.0342205250596659
LINK,4h,510810,2026,24316,True,43.84978637283528,-1.0,0.18244102564102704,-1.182441025641027
LINK,4h,511508,2026,24316,True,33.978933061503156,-1.0,0.23543999999999107,-1.235439999999991
LINK,4h,511986,2026,24316,True,130.01569154897965,-1.0,0.06153103448275881,-1.0615310344827589
LINK,4h,512213,2026,24316,True,75.77421480342723,2.0,0.05278840579710081,1.9472115942028991
LINK,4h,514395,2026,24316,True,51.60610847814584,-1.0,0.15502040816326695,-1.155020408163267
LINK,4h,515872,2026,24316,True,30.94983991462104,-1.0,0.2584827586206904,-1.2584827586206904
LINK,4h,516440,2026,24316,True,45.248868778281,2.0,0.0883999999999991,1.9116000000000009
LINK,4h,517109,2026,24317,True,55.38060592898269,-1.0,0.14445490196078387,-1.144454901960784
LINK,4h,520302,2026,24317,True,88.38259844839425,2.0,0.04525777777777785,1.9547422222222222
LINK,4h,520863,2026,24317,True,109.60359229395023,-1.0,0.07299030837004394,-1.072990308370044
LINK,4h,521014,2026,24317,True,130.43061283206987,-1.0,0.0613352941176474,-1.0613352941176475
LINK,4h,523544,2026,24317,True,83.9378238341964,-1.0,0.09530864197530921,-1.0953086419753093
LINK,4h,523461,2026,24317,True,63.632441760139194,-1.0,0.12572203389830283,-1.125722033898303
LINK,4h,523845,2026,24317,True,36.229924836424686,2.0,0.11040597014925345,1.8895940298507465
LINK,4h,523751,2026,24317,True,48.54881266490886,-1.0,0.1647826086956481,-1.164782608695648
LINK,4h,524939,2026,24317,True,103.82544000888213,2.0,0.038526203208556646,1.9614737967914433
LINK,4h,528972,2026,24318,True,70.25761124121816,2.0,0.056933333333333044,1.943066666666667
LINK,4h,530760,2026,24318,True,142.1326153653499,-1.0,0.056285462555066,-1.056285462555066
LINK,4h,532860,2026,24318,True,56.06728073688521,-1.0,0.14268571428571186,-1.1426857142857119
LINK,4h,533276,2026,24318,True,91.83048772192353,-1.0,0.08711703703703717,-1.087117037037037
LINK,4h,534824,2026,24319,True,57.50273822563075,2.0,0.0695619047619036,1.9304380952380964
LINK,4h,535668,2026,24319,True,68.78439219609879,0.0,0.11630545454545328,-0.11630545454545328
LINK,1h,2067,2021,24258,False,119.30809561160942,2.0,0.03352664359861574,1.9664733564013843
LINK,1h,3463,2021,24258,False,143.07088086777512,2.0,0.02795816993464076,1.9720418300653593
LINK,1h,3656,2021,24258,False,112.81620068670661,-1.0,0.07091180124223646,-1.0709118012422365
LINK,1h,8055,2021,24258,False,169.33638443935868,2.0,0.023621621621621704,1.9763783783783784
LINK,1h,9486,2021,24259,False,83.99694556561576,-1.0,0.09524155844155849,-1.0952415584415585
LINK,1h,10010,2021,24259,False,163.73000813228498,-1.0,0.04886092715231794,-1.048860927152318
LINK,1h,10193,2021,24259,False,123.59170504514385,2.0,0.03236463157894728,1.9676353684210528
LINK,1h,12104,2021,24259,False,81.1628630412033,2.0,0.04928362369337997,1.95071637630662
LINK,1h,12618,2021,24259,False,106.8729333963161,-1.0,0.07485524861878413,-1.0748552486187841
LINK,1h,13712,2021,24259,False,105.70824524312843,-1.0,0.07568000000000039,-1.0756800000000004
LINK,1h,13753,2021,24259,False,89.4211834586955,-1.0,0.0894642599277975,-1.0894642599277975
LINK,1h,15167,2021,24259,False,93.08127818827266,-1.0,0.08594639175257826,-1.0859463917525782
LINK,1h,16271,2021,24259,False,183.50079323109534,-1.0,0.043596541786743354,-1.0435965417867434
LINK,1h,17178,2021,24259,False,140.44516554276785,-1.0,0.056961732851985344,-1.0569617328519854
LINK,1h,17260,2021,24259,False,101.16660590594299,2.0,0.03953873873873851,1.9604612612612615
LINK,1h,17569,2021,24260,False,149.13466439160476,2.0,0.026821396731055186,1.973178603268945
LINK,1h,23020,2021,24260,False,117.72252197864437,2.0,0.033978205128205,1.966021794871795
LINK,1h,25297,2021,24260,False,100.54412112609516,2.0,0.03978352941176431,1.9602164705882357
LINK,1h,25668,2021,24260,False,75.57937762696237,-1.0,0.10584897959183592,-1.105848979591836
LINK,1h,26190,2021,24260,False,110.80385976446935,-1.0,0.07219965095986033,-1.0721996509598604
LINK,1h,27385,2021,24261,False,117.63537995731467,2.0,0.03400337552742589,1.9659966244725742
LINK,1h,28228,2021,24261,False,133.96990740740767,-1.0,0.05971490280777526,-1.0597149028077752
LINK,1h,29967,2021,24261,False,121.11930948071802,-1.0,0.06605057471264386,-1.0660505747126439
LINK,1h,30115,2021,24261,False,157.63238729376263,-1.0,0.050750991831972035,-1.050750991831972
LINK,1h,31460,2021,24261,False,108.44640609644622,-1.0,0.07376915739268707,-1.073769157392687
LINK,1h,33229,2021,24261,False,103.21267626108443,-1.0,0.0775098591549296,-1.0775098591549297
LINK,1h,33380,2021,24261,False,330.41705597553823,-1.0,0.024211825192801986,-1.024211825192802
LINK,1h,36712,2021,24262,False,104.5809969149579,-1.0,0.07649573283858976,-1.0764957328385898
LINK,1h,36865,2021,24262,False,142.30271668822775,-1.0,0.05621818181818179,-1.0562181818181817
LINK,1h,36979,2021,24262,False,105.14913247296609,2.0,0.03804120781527515,1.9619587921847248
LINK,1h,37426,2021,24262,False,87.2475649655896,2.0,0.04584655172413807,1.954153448275862
LINK,1h,41250,2021,24262,False,111.58590384582047,2.0,0.03584682170542658,1.9641531782945734
LINK,1h,42603,2021,24262,False,101.9493960270624,-1.0,0.07847030303030343,-1.0784703030303033
LINK,1h,42597,2021,24262,False,82.49451297964153,-1.0,0.09697614678899051,-1.0969761467889905
LINK,1h,44282,2021,24263,False,86.26431646494984,2.0,0.04636911487758956,1.9536308851224105
LINK,1h,44859,2021,24263,False,92.13525835866274,-1.0,0.08682886597938133,-1.0868288659793812
LINK,1h,45398,2021,24263,False,130.92786673633154,2.0,0.03055117370892005,1.9694488262910799
LINK,1h,46507,2021,24263,False,80.71490343038373,-1.0,0.09911428571428531,-1.0991142857142853
LINK,1h,46895,2021,24263,False,149.4280035028708,-1.0,0.05353748837209288,-1.053537488372093
LINK,1h,49758,2021,24263,False,86.80153284020938,-1.0,0.09216427104722894,-1.092164271047229
LINK,1h,51239,2021,24263,False,71.01895104629568,-1.0,0.11264598930481214,-1.1126459893048122
LINK,1h,51651,2021,24263,False,240.10330495137504,2.0,0.016659495798319258,1.9833405042016807
LINK,1h,52695,2021,24263,False,93.95657205625608,-1.0,0.08514572025052208,-1.0851457202505221
LINK,1h,53684,2021,24264,False,318.1760285313979,-1.0,0.02514331465172133,-1.0251433146517213
LINK,1h,56178,2021,24264,False,91.43973745522008,-1.0,0.08748931506849267,-1.0874893150684928
LINK,1h,57251,2021,24264,False,103.02824799812099,-1.0,0.07764860759493748,-1.0776486075949374
LINK,1h,57971,2021,24264,False,115.82233860408924,-1.0,0.06907130434782596,-1.069071304347826
LINK,1h,61548,2021,24264,False,87.55874350729637,-1.0,0.09136723163841828,-1.0913672316384182
LINK,1h,62225,2022,24265,False,94.26115885777685,-1.0,0.08487058823529385,-1.0848705882352938
LINK,1h,63462,2022,24265,False,165.20531476069155,-1.0,0.048424592220827845,-1.0484245922208277
LINK,1h,68279,2022,24265,False,149.87953315185166,-1.0,0.05337620041753623,-1.0533762004175362
LINK,1h,70214,2022,24265,False,183.84302633904966,2.0,0.021757692307692224,1.9782423076923077
LINK,1h,70392,2022,24265,False,137.2725425893139,2.0,0.029139112050740025,1.97086088794926
LINK,1h,73333,2022,24266,False,81.26077320856851,-1.0,0.09844848484848583,-1.098448484848486
LINK,1h,75217,2022,24266,False,128.2654742292304,-1.0,0.06237064220183487,-1.0623706422018349
LINK,1h,76492,2022,24266,False,110.86627186337941,-1.0,0.07215900621118031,-1.0721590062111803
LINK,1h,76537,2022,24266,False,155.68779407694413,-1.0,0.051384888888888966,-1.051384888888889
LINK,1h,77411,2022,24266,False,222.88729621170455,-1.0,0.03589257950530019,-1.0358925795053002
LINK,1h,80522,2022,24267,False,147.87430683918748,2.0,0.027049999999999855,1.9729500000000002
LINK,1h,80731,2022,24267,False,100.92546749438267,-1.0,0.07926641509433945,-1.0792664150943394
LINK,1h,81269,2022,24267,False,120.85482682387598,-1.0,0.06619512195121963,-1.0661951219512196
LINK,1h,82419,2022,24267,False,102.38113705111274,-1.0,0.07813939393939413,-1.0781393939393942
LINK,1h,82579,2022,24267,False,142.97338137858875,2.0,0.027977235772357743,1.9720227642276422
LINK,1h,82729,2022,24267,False,84.22577079919208,-1.0,0.09498280542986422,-1.0949828054298643
LINK,1h,83314,2022,24267,False,77.06859104603058,2.0,0.051901818181818445,1.9480981818181815
LINK,1h,84973,2022,24267,False,81.36457210077519,-1.0,0.09832289156626414,-1.0983228915662642
LINK,1h,88493,2022,24268,False,62.00424533571704,2.0,0.06451171171171134,1.9354882882882887
LINK,1h,89775,2022,24268,False,73.77339647562874,-1.0,0.10844017467248947,-1.1084401746724895
LINK,1h,90412,2022,24268,False,52.32576803312903,-1.0,0.15288834355828199,-1.152888343558282
LINK,1h,90490,2022,24268,False,49.7213601628461,2.0,0.0804483221476505,1.9195516778523496
LINK,1h,91508,2022,24268,False,68.34215167548498,-1.0,0.11705806451612907,-1.117058064516129
LINK,1h,92137,2022,24268,False,41.210743214437855,-1.0,0.19412413793103503,-1.194124137931035
LINK,1h,92376,2022,24268,False,49.313138429024505,-1.0,0.16222857142857078,-1.1622285714285707
LINK,1h,92668,2022,24268,False,71.35649416174152,-1.0,0.1121131313131311,-1.1121131313131312
LINK,1h,92654,2022,24268,False,157.0564813449338,-1.0,0.05093708920187812,-1.0509370892018781
LINK,1h,93452,2022,24268,False,69.63642089792548,2.0,0.05744120603015028,1.9425587939698497
LINK,1h,94640,2022,24268,False,76.10350076103474,-1.0,0.10512000000000037,-1.1051200000000003
LINK,1h,94606,2022,24268,False,71.56191661481061,-1.0,0.11179130434782544,-1.1117913043478254
LINK,1h,96399,2022,24269,False,74.99781983081914,2.0,0.053334883720930044,1.94666511627907
LINK,1h,96215,2022,24269,False,77.44303684139928,2.0,0.05165086705202257,1.9483491329479774
LINK,1h,96418,2022,24269,False,89.03404769361464,-1.0,0.08985326633165916,-1.0898532663316591
LINK,1h,96459,2022,24269,False,110.43819023868949,-1.0,0.07243870967741903,-1.072438709677419
LINK,1h,97020,2022,24269,False,64.46341020519476,-1.0,0.12410140845070158,-1.1241014084507015
LINK,1h,97516,2022,24269,False,156.14216701173152,-1.0,0.05123535911602233,-1.0512353591160224
LINK,1h,97430,2022,24269,False,59.07243705224276,-1.0,0.1354269503546116,-1.1354269503546117
LINK,1h,100393,2022,24269,False,135.74660633484078,2.0,0.029466666666666853,1.9705333333333332
LINK,1h,101067,2022,24269,False,122.9137016431618,2.0,0.03254315789473693,1.9674568421052632
LINK,1h,102133,2022,24269,False,94.02615765288152,2.0,0.04254135338345835,1.9574586466165416
LINK,1h,102435,2022,24269,False,92.62483459851026,2.0,0.04318496240601475,1.9568150375939852
LINK,1h,103588,2022,24269,False,89.60442922707024,2.0,0.04464065040650431,1.9553593495934958
LINK,1h,103562,2022,24269,False,113.62781247648417,-1.0,0.07040529801324512,-1.070405298013245
LINK,1h,107022,2022,24270,False,179.41576526977087,-1.0,0.04458916967509037,-1.0445891696750904
LINK,1h,107815,2022,24270,False,139.7116351849782,-1.0,0.0572608,-1.0572608
LINK,1h,108511,2022,24270,False,177.54952311078438,-1.0,0.045057851239669586,-1.0450578512396695
LINK,1h,110287,2022,24270,False,152.30961298377014,-1.0,0.05252459016393448,-1.0525245901639344
LINK,1h,112501,2022,24270,False,99.59737232464505,-1.0,0.08032340425531916,-1.0803234042553191
LINK,1h,112716,2022,24270,False,116.75381419669097,2.0,0.03426012269938645,1.9657398773006136
LINK,1h,113003,2022,24270,False,92.60642270350917,-1.0,0.0863870967741944,-1.0863870967741944
LINK,1h,113074,2022,24270,False,110.11598884158006,-1.0,0.07265066666666649,-1.0726506666666664
LINK,1h,116936,2022,24271,False,91.81766474364146,-1.0,0.08712920353982335,-1.0871292035398235
LINK,1h,117394,2022,24271,False,114.73075956787578,-1.0,0.06972846715328443,-1.0697284671532845
LINK,1h,118564,2022,24271,False,87.63693270735533,2.0,0.045642857142857096,1.954357142857143
LINK,1h,120117,2022,24271,False,97.97517962116248,-1.0,0.08165333333333347,-1.0816533333333336
LINK,1h,121922,2022,24271,False,115.61461794020016,2.0,0.03459770114942504,1.965402298850575
LINK,1h,123116,2022,24272,False,100.58966354491943,-1.0,0.07953103448275788,-1.0795310344827578
LINK,1h,123563,2022,24272,False,91.00101112234564,-1.0,0.08791111111111126,-1.0879111111111113
LINK,1h,124314,2022,24272,False,68.43239133189743,-1.0,0.11690370370370314,-1.116903703703703
LINK,1h,125431,2022,24272,False,105.94569559427998,-1.0,0.07551038251366128,-1.0755103825136614
LINK,1h,125529,2022,24272,False,85.42267583758593,-1.0,0.09365194805194811,-1.0936519480519482
LINK,1h,126055,2022,24272,False,117.3785458102386,2.0,0.03407777777777761,1.9659222222222223
LINK,1h,126912,2022,24272,False,126.13435306203988,2.0,0.031712217194570125,1.96828778280543
LINK,1h,128983,2022,24272,False,84.31217121856373,-1.0,0.09488547008546937,-1.0948854700854693
LINK,1h,129121,2022,24272,False,102.9147175242898,-1.0,0.07773426573426537,-1.0777342657342655
LINK,1h,130057,2022,24272,False,96.16069520621112,2.0,0.041597037037037106,1.958402962962963
LINK,1h,130792,2022,24272,False,74.97435087996263,-1.0,0.10670315789473611,-1.1067031578947362
LINK,1h,131191,2022,24272,False,56.65722379603438,-1.0,0.14119999999999905,-1.141199999999999
LINK,1h,131272,2022,24272,False,102.11027910142937,-1.0,0.0783466666666668,-1.0783466666666668
LINK,1h,132113,2022,24273,False,96.17439623851236,-1.0,0.08318222222222235,-1.0831822222222223
LINK,1h,133791,2022,24273,False,73.88819183047531,2.0,0.05413584905660384,1.9458641509433963
LINK,1h,136806,2022,24273,False,137.43455497382138,2.0,0.029104761904762036,1.970895238095238
LINK,1h,137519,2022,24273,False,139.14525060343584,-1.0,0.05749387755102049,-1.0574938775510205
LINK,1h,137664,2022,24273,False,97.50651283959823,-1.0,0.08204580152671742,-1.0820458015267174
LINK,1h,139371,2022,24273,False,136.8493407486104,-1.0,0.058458447488584156,-1.058458447488584
LINK,1h,142999,2022,24274,False,47.84688995215256,-1.0,0.16720000000000193,-1.167200000000002
LINK,1h,144102,2022,24274,False,74.63737501760306,2.0,0.05359245283018874,1.9464075471698112
LINK,1h,144432,2022,24274,False,47.475183426844296,-1.0,0.1685090909090936,-1.1685090909090936
LINK,1h,144839,2022,24274,False,63.24666198172864,2.0,0.06324444444444455,1.9367555555555556
LINK,1h,146931,2022,24274,False,50.11257171907841,2.0,0.07982028985507354,1.9201797101449265
LINK,1h,147404,2022,24274,False,70.80266386260138,-1.0,0.11299009900990002,-1.1129900990099
LINK,1h,148195,2022,24274,False,73.97922890880707,-1.0,0.10813846153846052,-1.1081384615384606
LINK,1h,151180,2022,24275,False,122.33801540552646,-1.0,0.06539259259259335,-1.0653925925925933
LINK,1h,152440,2022,24275,False,144.13177762525743,2.0,0.02775238095238094,1.972247619047619
LINK,1h,153523,2022,24275,False,106.14395289377892,-1.0,0.07536934306569318,-1.0753693430656932
LINK,1h,157164,2022,24275,False,87.81323623902286,-1.0,0.09110243902439075,-1.0911024390243909
LINK,1h,157005,2022,24275,False,159.67322688451532,-1.0,0.05010232558139538,-1.0501023255813955
LINK,1h,157581,2022,24275,False,82.46731478377428,-1.0,0.09700813008130132,-1.0970081300813013
LINK,1h,160132,2022,24276,False,50.85595587708597,-1.0,0.15730704225352174,-1.1573070422535217
LINK,1h,160555,2022,24276,False,34.8533255881499,2.0,0.11476666666666656,1.8852333333333335
LINK,1h,161102,2022,24276,False,46.04121065740806,-1.0,0.1737573770491805,-1.1737573770491805
LINK,1h,161493,2022,24276,False,131.46362839614352,-1.0,0.06085333333333343,-1.0608533333333334
LINK,1h,162525,2022,24276,False,165.04934892593502,2.0,0.024235175879397004,1.975764824120603
LINK,1h,163622,2022,24276,False,54.829185997470496,-1.0,0.14590769230768946,-1.1459076923076894
LINK,1h,166160,2022,24276,False,40.33342296316207,-1.0,0.198346666666667,-1.1983466666666671
LINK,1h,166760,2023,24277,False,38.85425137797148,-1.0,0.20589767441859969,-1.2058976744185996
LINK,1h,168429,2023,24277,False,42.12004212004216,-1.0,0.18993333333333318,-1.1899333333333333
LINK,1h,170041,2023,24277,False,52.045800304268774,-1.0,0.15371076923076624,-1.1537107692307662
LINK,1h,170363,2023,24277,False,65.27622989969808,2.0,0.06127804878048726,1.9387219512195126
LINK,1h,170670,2023,24277,False,185.37439789811674,2.0,0.02157795275590555,1.9784220472440945
LINK,1h,171302,2023,24277,False,111.42475115138936,-1.0,0.07179733333333316,-1.071797333333333
LINK,1h,173155,2023,24277,False,80.74798130046678,-1.0,0.09907368421052719,-1.099073684210527
LINK,1h,175403,2023,24277,False,72.61485369185482,-1.0,0.11017029702970202,-1.110170297029702
LINK,1h,176385,2023,24278,False,74.06381947809311,2.0,0.05400747663551345,1.9459925233644866
LINK,1h,178069,2023,24278,False,81.42636529552131,-1.0,0.09824827586206926,-1.0982482758620693
LINK,1h,178219,2023,24278,False,205.14938730552115,-1.0,0.038995973154362415,-1.0389959731543623
LINK,1h,182156,2023,24278,False,71.93320488118182,2.0,0.055607142857142806,1.9443928571428573
LINK,1h,182542,2023,24278,False,85.53705517466551,2.0,0.04676335877862587,1.9532366412213742
LINK,1h,183221,2023,24278,False,40.58441558441472,-1.0,0.19712000000000418,-1.1971200000000042
LINK,1h,183357,2023,24278,False,65.38618716796083,-1.0,0.12234999999999989,-1.12235
LINK,1h,185827,2023,24279,False,66.58374185995413,-1.0,0.12014945054945146,-1.1201494505494514
LINK,1h,186428,2023,24279,False,87.83947135143846,2.0,0.04553761467889909,1.954462385321101
LINK,1h,187587,2023,24279,False,131.02409638554312,2.0,0.03052873563218369,1.9694712643678163
LINK,1h,187720,2023,24279,False,147.24196029594938,2.0,0.027166169154228786,1.9728338308457711
LINK,1h,191941,2023,24279,False,72.58900795022498,2.0,0.05510476190476168,1.9448952380952382
LINK,1h,193381,2023,24280,False,54.14296484134097,-1.0,0.14775696202531532,-1.1477569620253154
LINK,1h,193519,2023,24280,False,133.81156021520144,-1.0,0.05978556701030957,-1.0597855670103096
LINK,1h,193961,2023,24280,False,51.00671140939632,-1.0,0.15684210526315684,-1.1568421052631568
LINK,1h,195509,2023,24280,False,37.16448726772214,2.0,0.1076296296296291,1.892370370370371
LINK,1h,195921,2023,24280,False,50.12531328320745,-1.0,0.15960000000000182,-1.1596000000000017
LINK,1h,196066,2023,24280,False,40.18290148261161,-1.0,0.1990896551724083,-1.1990896551724082
LINK,1h,196624,2023,24280,False,60.700998629332275,-1.0,0.1317935483870968,-1.131793548387097
LINK,1h,197309,2023,24280,False,74.02799377916004,-1.0,0.10806722689075651,-1.1080672268907565
LINK,1h,197397,2023,24280,False,131.12320633349813,-1.0,0.06101132075471705,-1.0610113207547172
LINK,1h,198767,2023,24280,False,103.76767184344254,2.0,0.038547651006711633,1.9614523489932885
LINK,1h,199050,2023,24280,False,58.217016202567294,2.0,0.0687084337349396,1.9312915662650605
LINK,1h,200107,2023,24280,False,67.83691167214458,-1.0,0.11792989690721706,-1.1179298969072171
LINK,1h,200165,2023,24280,False,254.40858716107914,2.0,0.015722739726027387,1.9842772602739727
LINK,1h,203630,2023,24281,False,74.858223062382,2.0,0.053434343434343334,1.9465656565656566
LINK,1h,204111,2023,24281,False,54.702932685001656,-1.0,0.14624444444444612,-1.1462444444444462
LINK,1h,204133,2023,24281,False,70.81398005025642,-1.0,0.11297204301075056,-1.1129720430107506
LINK,1h,204932,2023,24281,False,51.274202188719805,-1.0,0.15602388059701452,-1.1560238805970144
LINK,1h,205649,2023,24281,False,35.71157206899217,-1.0,0.22401702127659293,-1.2240170212765928
LINK,1h,206360,2023,24281,False,39.044901636882116,-1.0,0.20489230769230926,-1.2048923076923093
LINK,1h,207395,2023,24281,False,28.69329197363382,-1.0,0.2788108108108047,-1.2788108108108047
LINK,1h,207530,2023,24281,False,39.13143558658801,-1.0,0.20443921568627388,-1.204439215686274
LINK,1h,208168,2023,24281,False,32.5009908838687,-1.0,0.2461463414634124,-1.2461463414634124
LINK,1h,209189,2023,24281,False,35.58718861209916,2.0,0.11240000000000153,1.8875999999999984
LINK,1h,209423,2023,24281,False,47.026699029127094,-1.0,0.17011612903225487,-1.1701161290322548
LINK,1h,211089,2023,24282,False,20.283975659229053,-1.0,0.394400000000003,-1.394400000000003
LINK,1h,211890,2023,24282,False,154.06721481599712,2.0,0.025962694300518188,1.9740373056994818
LINK,1h,214524,2023,24282,False,139.71684053651134,2.0,0.028629333333333604,1.9713706666666664
LINK,1h,214565,2023,24282,False,60.617541200985094,-1.0,0.13197499999999987,-1.131975
LINK,1h,215032,2023,24282,False,71.57656809191987,-1.0,0.11176842105263082,-1.1117684210526309
LINK,1h,215632,2023,24282,False,41.25736738703322,-1.0,0.19390476190476275,-1.1939047619047627
LINK,1h,218472,2023,24282,False,74.63924365566417,-1.0,0.10718222222222239,-1.1071822222222223
LINK,1h,218757,2023,24282,False,83.83635144198642,-1.0,0.09542399999999866,-1.0954239999999986
LINK,1h,218777,2023,24282,False,106.87770253732579,-1.0,0.07485190839694644,-1.0748519083969463
LINK,1h,218914,2023,24283,False,124.82886365466646,-1.0,0.06408774193548414,-1.0640877419354842
LINK,1h,223821,2023,24283,False,98.56378484933862,-1.0,0.08116571428571395,-1.081165714285714
LINK,1h,226349,2023,24283,False,65.51209703574033,2.0,0.06105742574257374,1.9389425742574262
LINK,1h,227526,2023,24283,False,86.28070868734784,-1.0,0.09272061068702274,-1.0927206106870226
LINK,1h,227907,2023,24284,False,56.16474993313696,2.0,0.07121904761904793,1.928780952380952
LINK,1h,228270,2023,24284,False,48.90298704731684,-1.0,0.16358918918918952,-1.1635891891891896
LINK,1h,231586,2023,24284,False,39.10991233985154,-1.0,0.20455172413793163,-1.2045517241379315
LINK,1h,232412,2023,24284,False,51.72923440733098,2.0,0.07732571428571398,1.922674285714286
LINK,1h,233778,2023,24284,False,42.221500487172285,-1.0,0.18947692307691802,-1.189476923076918
LINK,1h,235734,2023,24284,False,45.1052455730039,-1.0,0.17736296296296208,-1.177362962962962
LINK,1h,235802,2023,24284,False,38.584130179501045,-1.0,0.20733913043477745,-1.2073391304347774
LINK,1h,236273,2023,24284,False,201.71957671957654,-1.0,0.03965901639344266,-1.0396590163934427
LINK,1h,236666,2023,24284,False,29.75431437558458,2.0,0.13443428571428517,1.8655657142857147
LINK,1h,241103,2023,24285,False,38.84264764169599,-1.0,0.20595918367347152,-1.2059591836734715
LINK,1h,241347,2023,24285,False,38.44305622296976,-1.0,0.2080999999999998,-1.2080999999999997
LINK,1h,243107,2023,24285,False,67.06621004566168,-1.0,0.11928510638297948,-1.1192851063829794
LINK,1h,244193,2023,24285,False,67.52608962553728,-1.0,0.11847272727272702,-1.118472727272727
LINK,1h,245669,2023,24286,False,115.31917575146501,-1.0,0.06937267759562848,-1.0693726775956285
LINK,1h,249213,2023,24286,False,48.510048510048705,2.0,0.08245714285714252,1.9175428571428574
LINK,1h,249807,2023,24286,False,76.63090557739736,2.0,0.05219826086956512,1.947801739130435
LINK,1h,251003,2023,24286,False,58.874115234504465,2.0,0.06794157303370756,1.9320584269662924
LINK,1h,252404,2023,24286,False,134.86959628438711,-1.0,0.0593165562913908,-1.0593165562913909
LINK,1h,255624,2023,24287,False,98.27491669830044,-1.0,0.08140429184549337,-1.0814042918454934
LINK,1h,255542,2023,24287,False,81.68794384466898,-1.0,0.09793366834170948,-1.0979336683417096
LINK,1h,256801,2023,24287,False,118.71113623516088,-1.0,0.06739047619047632,-1.0673904761904762
LINK,1h,259263,2023,24287,False,111.70252642626821,-1.0,0.07161879194630913,-1.0716187919463092
LINK,1h,261818,2023,24287,False,69.31190356604745,-1.0,0.11542028985507208,-1.115420289855072
LINK,1h,266501,2023,24288,False,107.60201229737278,-1.0,0.07434805194805198,-1.074348051948052
LINK,1h,268619,2023,24288,False,56.72247241225176,-1.0,0.14103757575757647,-1.1410375757575766
LINK,1h,268802,2023,24288,False,81.48608521510968,-1.0,0.0981762711864404,-1.0981762711864405
LINK,1h,270301,2023,24288,False,132.58492209426038,2.0,0.030169343065693598,1.9698306569343065
LINK,1h,272772,2024,24289,False,310.1179910201518,2.0,0.012898316498316525,1.9871016835016835
LINK,1h,273896,2024,24289,False,69.53580154106324,2.0,0.057524324324324715,1.9424756756756754
LINK,1h,274613,2024,24289,False,150.75376884422045,-1.0,0.0530666666666669,-1.0530666666666668
LINK,1h,275703,2024,24289,False,88.26214872679289,2.0,0.045319540229885186,1.9546804597701148
LINK,1h,278078,2024,24289,False,85.57057939773887,2.0,0.04674503816793949,1.9532549618320605
LINK,1h,280508,2024,24289,False,104.54545454545428,2.0,0.03826086956521749,1.9617391304347824
LINK,1h,281313,2024,24290,False,131.21924548933757,-1.0,0.06096666666666707,-1.060966666666667
LINK,1h,285557,2024,24290,False,104.07434605353153,2.0,0.038434063260340504,1.9615659367396594
LINK,1h,288786,2024,24290,False,67.05933348631993,-1.0,0.11929733840304267,-1.1192973384030427
LINK,1h,288868,2024,24290,False,122.46361959417953,-1.0,0.0653255230125521,-1.065325523012552
LINK,1h,289540,2024,24291,False,62.03769983297495,2.0,0.06447692307692357,1.9355230769230765
LINK,1h,289874,2024,24291,False,127.29432873457279,-1.0,0.06284647619047637,-1.0628464761904763
LINK,1h,290600,2024,24291,False,358.39848874429333,-1.0,0.02232152269399708,-1.022321522693997
LINK,1h,298444,2024,24292,False,90.73000194223394,-1.0,0.08817370030580896,-1.088173700305809
LINK,1h,298471,2024,24292,False,74.10274843775746,-1.0,0.10795820895522645,-1.1079582089552265
LINK,1h,300435,2024,24292,False,64.75122634898236,-1.0,0.12354978354978646,-1.1235497835497865
LINK,1h,300330,2024,24292,False,73.6328286588886,-1.0,0.1086471910112376,-1.1086471910112377
LINK,1h,301506,2024,24292,False,357.64142790666773,2.0,0.011184386617100367,1.9888156133828996
LINK,1h,301732,2024,24292,False,98.97610921501676,-1.0,0.0808275862068968,-1.0808275862068968
LINK,1h,301829,2024,24292,False,186.23980298599287,-1.0,0.0429553719008266,-1.0429553719008267
LINK,1h,302125,2024,24292,False,182.34442836468932,2.0,0.02193650793650788,1.978063492063492
LINK,1h,303305,2024,24292,False,185.75736142649697,-1.0,0.04306693386773557,-1.0430669338677356
LINK,1h,304214,2024,24292,False,92.3293185521234,-1.0,0.08664636678200649,-1.0866463667820065
LINK,1h,306163,2024,24292,False,49.8690489003693,-1.0,0.16042014388489284,-1.160420143884893
LINK,1h,306861,2024,24293,False,100.86902545003164,-1.0,0.07931076923076875,-1.0793107692307689
LINK,1h,308288,2024,24293,False,68.66374957926645,2.0,0.05825490196078414,1.941745098039216
LINK,1h,310260,2024,24293,False,39.61728210494771,-1.0,0.20193207547170172,-1.2019320754717018
LINK,1h,310309,2024,24293,False,48.427954105201366,-1.0,0.16519384615384292,-1.165193846153843
LINK,1h,314673,2024,24293,False,132.07441128533662,2.0,0.030285957446808582,1.9697140425531914
LINK,1h,314537,2024,24293,False,79.14697152907655,-1.0,0.10107777777777646,-1.1010777777777765
LINK,1h,316668,2024,24294,False,44.15445622521485,2.0,0.09059108280254982,1.9094089171974502
LINK,1h,317269,2024,24294,False,44.48500057032018,2.0,0.0899179487179494,1.9100820512820507
LINK,1h,317845,2024,24294,False,43.83493017721854,2.0,0.0912514285714282,1.9087485714285717
LINK,1h,318854,2024,24294,False,65.38105930524382,-1.0,0.12235959595959571,-1.1223595959595958
LINK,1h,319138,2024,24294,False,121.87299550994194,-1.0,0.06564210526315807,-1.0656421052631582
LINK,1h,319754,2024,24294,False,95.61248625778694,2.0,0.041835540069686546,1.9581644599303134
LINK,1h,320841,2024,24294,False,215.87867975022317,-1.0,0.0370578512396694,-1.0370578512396693
LINK,1h,323511,2024,24294,False,58.37670558447052,2.0,0.0685204819277107,1.9314795180722892
LINK,1h,324129,2024,24294,False,38.25779870512037,-1.0,0.20910769230769388,-1.2091076923076938
LINK,1h,325569,2024,24295,False,131.36569137592758,-1.0,0.060898701298701334,-1.0608987012987012
LINK,1h,326328,2024,24295,False,72.16072160721541,-1.0,0.11086363636363739,-1.1108636363636375
LINK,1h,326477,2024,24295,False,232.93420090093576,-1.0,0.03434446280991733,-1.0343444628099174
LINK,1h,327623,2024,24295,False,62.4950557709047,-1.0,0.12801012658227745,-1.1280101265822775
LINK,1h,330265,2024,24295,False,62.36711552090659,-1.0,0.12827272727272845,-1.1282727272727284
LINK,1h,331517,2024,24295,False,130.686768438198,-1.0,0.06121507246376832,-1.0612150724637683
LINK,1h,332062,2024,24295,False,34.625018417563425,-1.0,0.2310468085106354,-1.2310468085106354
LINK,1h,332550,2024,24295,False,57.16420698673725,2.0,0.0699738562091493,1.9300261437908508
LINK,1h,333002,2024,24295,False,56.42961246683351,2.0,0.07088476821192062,1.9291152317880793
LINK,1h,333482,2024,24296,False,104.17073075572529,-1.0,0.0767970037453185,-1.0767970037453185
LINK,1h,334661,2024,24296,False,251.74614340987952,-1.0,0.03177804391217557,-1.0317780439121755
LINK,1h,335580,2024,24296,False,77.54164273406043,2.0,0.051585185185185484,1.9484148148148146
LINK,1h,336480,2024,24296,False,88.34093777303107,-1.0,0.09055824175824245,-1.0905582417582425
LINK,1h,337124,2024,24296,False,65.42814843115738,-1.0,0.12227153284671494,-1.122271532846715
LINK,1h,337148,2024,24296,False,71.1319043299761,2.0,0.056233557046979514,1.9437664429530206
LINK,1h,337539,2024,24296,False,96.40322975287455,-1.0,0.08298477157360443,-1.0829847715736045
LINK,1h,338325,2024,24296,False,55.173748911044804,-1.0,0.14499649122806918,-1.1449964912280692
LINK,1h,338430,2024,24296,False,66.32277081798162,2.0,0.0603111111111104,1.9396888888888897
LINK,1h,338860,2024,24296,False,64.32748538011765,-1.0,0.12436363636363502,-1.1243636363636351
LINK,1h,338924,2024,24296,False,86.2783329271263,-1.0,0.09272316384180812,-1.092723163841808
LINK,1h,339256,2024,24296,False,47.76998973168414,2.0,0.08373457943925287,1.9162654205607472
LINK,1h,341111,2024,24296,False,94.49645638288611,-1.0,0.08465925925925884,-1.0846592592592588
LINK,1h,341176,2024,24296,False,77.31958762886576,-1.0,0.10346666666666696,-1.103466666666667
LINK,1h,341658,2024,24296,False,86.76106990334969,2.0,0.04610362694300485,1.9538963730569952
LINK,1h,341786,2024,24296,False,71.31354957441967,-1.0,0.11218064516128949,-1.1121806451612894
LINK,1h,342438,2024,24297,False,80.22156432050389,-1.0,0.09972380952380998,-1.09972380952381
LINK,1h,344313,2024,24297,False,46.58918150164233,-1.0,0.17171368421052835,-1.1717136842105282
LINK,1h,344582,2024,24297,False,103.1908317085923,-1.0,0.07752626728110644,-1.0775262672811063
LINK,1h,344702,2024,24297,False,71.92891730525066,-1.0,0.1112209150326807,-1.1112209150326806
LINK,1h,347925,2024,24297,False,64.78339429729937,-1.0,0.12348843537414798,-1.1234884353741479
LINK,1h,352625,2024,24298,False,48.806226091544936,-1.0,0.16391351351351255,-1.1639135135135126
LINK,1h,353631,2024,24298,False,59.97715156130886,-1.0,0.13338412698412946,-1.1333841269841294
LINK,1h,354504,2024,24298,False,56.83656023289179,2.0,0.07037723577235708,1.929622764227643
LINK,1h,355013,2024,24298,False,86.26410086264113,-1.0,0.09273846153846141,-1.0927384615384614
LINK,1h,358017,2024,24298,False,96.86509334272581,2.0,0.04129454545454567,1.9587054545454543
LINK,1h,360545,2024,24299,False,54.57404495421263,2.0,0.07329491525423819,1.9267050847457619
LINK,1h,361518,2024,24299,False,87.35221224556123,-1.0,0.09158325581395355,-1.0915832558139535
LINK,1h,363528,2024,24299,False,117.10627120498994,2.0,0.03415700934579462,1.9658429906542054
LINK,1h,364375,2024,24299,False,115.0146382266828,-1.0,0.069556363636364,-1.069556363636364
LINK,1h,364839,2024,24299,False,120.86811352253818,-1.0,0.06618784530386707,-1.0661878453038671
LINK,1h,365657,2024,24299,False,126.63343661592388,-1.0,0.06317446808510618,-1.0631744680851063
LINK,1h,371658,2024,24300,False,168.60233727703647,2.0,0.02372446351931325,1.9762755364806868
LINK,1h,373854,2024,24300,False,148.0158223810127,2.0,0.027024137931034566,1.9729758620689655
LINK,1h,374761,2024,24300,False,128.99235764456492,-1.0,0.06201917808219144,-1.0620191780821915
LINK,1h,375003,2024,24300,False,240.65301979360476,2.0,0.016621441124780343,1.9833785588752197
LINK,1h,376916,2024,24300,False,144.67676039413695,-1.0,0.05529568106312257,-1.0552956810631227
LINK,1h,377094,2024,24300,False,100.12455686499935,2.0,0.039950239234449826,1.9600497607655503
LINK,1h,378331,2025,24301,False,69.38626452707791,-1.0,0.11529659442724444,-1.1152965944272444
LINK,1h,380434,2025,24301,False,88.56125074213263,-1.0,0.09033296089385552,-1.0903329608938555
LINK,1h,382727,2025,24301,False,309.08716257984753,-1.0,0.025882666666666665,-1.0258826666666667
LINK,1h,382833,2025,24301,False,196.585213032581,-1.0,0.04069482071713157,-1.0406948207171316
LINK,1h,384592,2025,24301,False,69.8169769643419,-1.0,0.11458531073446354,-1.1145853107344634
LINK,1h,385258,2025,24301,False,99.39765447076726,-1.0,0.08048479657387479,-1.0804847965738749
LINK,1h,386860,2025,24302,False,386.72831112319943,-1.0,0.020686357243319207,-1.0206863572433191
LINK,1h,388228,2025,24302,False,117.03651647430868,2.0,0.034177367205542736,1.9658226327944572
LINK,1h,392472,2025,24302,False,100.40328188012911,2.0,0.03983933518005493,1.960160664819945
LINK,1h,394184,2025,24302,False,172.73560253843294,-1.0,0.046313555992141424,-1.0463135559921415
LINK,1h,394960,2025,24303,False,262.7618211463682,2.0,0.015222911694510784,1.9847770883054892
LINK,1h,397428,2025,24303,False,130.98464317976476,-1.0,0.06107586206896569,-1.0610758620689658
LINK,1h,398362,2025,24303,False,171.06980353426667,2.0,0.02338226804123714,1.9766177319587628
LINK,1h,398785,2025,24303,False,82.05649553409305,2.0,0.04874690265486746,1.9512530973451325
LINK,1h,403698,2025,24304,False,114.97577554414686,2.0,0.034789937106918085,1.965210062893082
LINK,1h,403798,2025,24304,False,168.6347002678548,2.0,0.02371991051454124,1.9762800894854589
LINK,1h,404246,2025,24304,False,158.07506618906805,-1.0,0.050608866995073595,-1.0506088669950735
LINK,1h,405031,2025,24304,False,175.0618551888334,-1.0,0.045698133333333335,-1.0456981333333333
LINK,1h,405581,2025,24304,False,116.9668668000897,-1.0,0.06839543726235697,-1.068395437262357
LINK,1h,405978,2025,24304,False,385.1925962981489,2.0,0.01038441558441559,1.9896155844155845
LINK,1h,406024,2025,24304,False,111.17564091927201,-1.0,0.07195820895522466,-1.0719582089552246
LINK,1h,406710,2025,24304,False,66.13296206056363,2.0,0.06048421052631601,1.939515789473684
LINK,1h,406890,2025,24304,False,82.10053442800702,-1.0,0.09744150943396239,-1.0974415094339625
LINK,1h,406973,2025,24304,False,80.14868161226653,-1.0,0.09981449275362282,-1.0998144927536229
LINK,1h,407108,2025,24304,False,86.39975314356252,2.0,0.04629642857142853,1.9537035714285715
LINK,1h,409263,2025,24304,False,70.29478458049884,2.0,0.05690322580645163,1.9430967741935483
LINK,1h,411143,2025,24304,False,75.43835802636869,-1.0,0.10604684684684791,-1.1060468468468478
LINK,1h,411850,2025,24305,False,99.33889446540535,-1.0,0.08053240418118394,-1.080532404181184
LINK,1h,412654,2025,24305,False,38.30617077587387,-1.0,0.20884363636363748,-1.2088436363636375
LINK,1h,413007,2025,24305,False,61.74381669581421,2.0,0.06478381502890104,1.935216184971099
LINK,1h,417022,2025,24305,False,74.12591862055818,-1.0,0.10792446351931306,-1.107924463519313
LINK,1h,422358,2025,24306,False,77.24613769311516,-1.0,0.10356504854368957,-1.1035650485436896
LINK,1h,423189,2025,24306,False,50.66589461493941,-1.0,0.1578971428571422,-1.1578971428571423
LINK,1h,423546,2025,24306,False,143.8023224412645,2.0,0.02781596244131443,1.9721840375586857
LINK,1h,424418,2025,24306,False,265.96920356590203,2.0,0.01503933518005545,1.9849606648199445
LINK,1h,426410,2025,24306,False,49.4309690769059,-1.0,0.16184186046511462,-1.1618418604651146
LINK,1h,426816,2025,24306,False,77.92423111995458,-1.0,0.10266382978723272,-1.1026638297872327
LINK,1h,429144,2025,24306,False,107.74907749077549,-1.0,0.07424657534246536,-1.0742465753424653
LINK,1h,430013,2025,24307,False,65.75281399754806,2.0,0.06083389830508488,1.939166101694915
LINK,1h,430170,2025,24307,False,62.71316976565056,-1.0,0.12756491228070221,-1.127564912280702
LINK,1h,431073,2025,24307,True,36.106514216940006,2.0,0.11078333333333323,1.8892166666666668
LINK,1h,431125,2025,24307,True,40.33004033004099,-1.0,0.19836330275229036,-1.1983633027522904
LINK,1h,446351,2025,24308,True,220.76627261073938,-1.0,0.03623741935483868,-1.0362374193548387
LINK,1h,447403,2025,24309,True,115.34819660841899,-1.0,0.06935522388059684,-1.0693552238805968
LINK,1h,448502,2025,24309,True,81.84098209178507,-1.0,0.09775053763440865,-1.0977505376344086
LINK,1h,449339,2025,24309,True,35.176774423366766,-1.0,0.22742278481013498,-1.227422784810135
LINK,1h,451551,2025,24309,True,63.76713344490706,-1.0,0.1254564784053178,-1.1254564784053178
LINK,1h,452953,2025,24309,True,41.23534212447923,2.0,0.09700416666666657,1.9029958333333334
LINK,1h,453470,2025,24309,True,60.90473755172264,2.0,0.06567633587786248,1.9343236641221375
LINK,1h,454408,2025,24309,True,79.32080048514206,2.0,0.05042813455657521,1.9495718654434249
LINK,1h,455345,2025,24309,True,66.3763187926489,-1.0,0.1205249122807032,-1.1205249122807033
LINK,1h,455891,2025,24309,True,58.81663737551205,-1.0,0.13601593625498135,-1.1360159362549813
LINK,1h,458780,2025,24310,True,672.3979121891309,-1.0,0.011897716894977171,-1.0118977168949772
LINK,1h,459192,2025,24310,True,125.76643376586412,-1.0,0.06360997732426267,-1.0636099773242627
LINK,1h,460647,2025,24310,True,142.8830901495433,-1.0,0.05598983050847441,-1.0559898305084745
LINK,1h,461710,2025,24310,True,188.46122100861015,-1.0,0.0424490510948908,-1.0424490510948907
LINK,1h,462701,2025,24310,True,55.39691604797131,2.0,0.07220618556701197,1.927793814432988
LINK,1h,463306,2025,24310,True,35.483427313988415,-1.0,0.22545736434107674,-1.2254573643410767
LINK,1h,463528,2025,24310,True,73.98542052007357,-1.0,0.10812941176470649,-1.1081294117647065
LINK,1h,464110,2025,24310,True,91.20216019617995,-1.0,0.08771722054380773,-1.0877172205438077
LINK,1h,464778,2025,24310,True,79.38824353511134,-1.0,0.10077058823529468,-1.1007705882352947
LINK,1h,466846,2025,24311,True,95.44950055493844,-1.0,0.08381395348837255,-1.0838139534883726
LINK,1h,468332,2025,24311,True,80.77752389534362,-1.0,0.0990374501992027,-1.0990374501992026
LINK,1h,470569,2025,24311,True,143.4465008894445,2.0,0.027884960422163492,1.9721150395778364
LINK,1h,471750,2025,24311,True,102.7171595798289,-1.0,0.07788377358490549,-1.0778837735849054
LINK,1h,474949,2025,24312,True,82.43962938644454,-1.0,0.09704070796460218,-1.0970407079646023
LINK,1h,475461,2025,24312,True,122.1186501914869,-1.0,0.06551005917159812,-1.065510059171598
LINK,1h,475506,2025,24312,True,99.244875943905,-1.0,0.08060869565217398,-1.0806086956521739
LINK,1h,476203,2025,24312,True,232.6903264769623,2.0,0.01719022900763356,1.9828097709923664
LINK,1h,476019,2025,24312,True,104.23810176930532,-1.0,0.07674736842105212,-1.076747368421052
LINK,1h,477027,2025,24312,True,200.93070235561436,2.0,0.019907360861759475,1.9800926391382405
LINK,1h,477952,2025,24312,True,129.72015858963,2.0,0.030835608308605364,1.9691643916913946
LINK,1h,478573,2025,24312,True,55.609284332689256,-1.0,0.14386086956521565,-1.1438608695652157
LINK,1h,478740,2025,24312,True,110.65342056376743,-1.0,0.07229781021897787,-1.072297810218978
LINK,1h,479439,2025,24312,True,49.50295810359301,2.0,0.08080325203252194,1.919196747967478
LINK,1h,480698,2025,24312,True,49.43416268333483,-1.0,0.16183140495867945,-1.1618314049586795
LINK,1h,480849,2025,24312,True,66.90600522193272,-1.0,0.119570731707316,-1.119570731707316
LINK,1h,481137,2025,24312,True,87.2600349040139,-1.0,0.09168000000000005,-1.09168
LINK,1h,486286,2026,24313,True,89.63605601353495,2.0,0.044624899598393795,1.9553751004016062
LINK,1h,488393,2026,24313,True,92.84633318336142,-1.0,0.08616387665198225,-1.0861638766519823
LINK,1h,488623,2026,24313,True,108.20925880725807,-1.0,0.07393082706766868,-1.0739308270676686
LINK,1h,489700,2026,24313,True,47.979797979798306,2.0,0.08336842105263101,1.916631578947369
LINK,1h,490668,2026,24313,True,61.503928170595046,2.0,0.06503649635036474,1.9349635036496353
LINK,1h,490985,2026,24313,True,79.18449076180919,2.0,0.05051494252873578,1.9494850574712643
LINK,1h,491299,2026,24313,True,107.85666820017303,-1.0,0.07417251184834175,-1.0741725118483418
LINK,1h,492135,2026,24314,True,76.42500796093935,-1.0,0.10467777777777637,-1.1046777777777763
LINK,1h,492169,2026,24314,True,63.00442593074651,-1.0,0.12697520661157163,-1.1269752066115717
LINK,1h,492199,2026,24314,True,75.07037847982396,-1.0,0.1065666666666679,-1.1065666666666678
LINK,1h,494778,2026,24314,True,58.764171662610664,2.0,0.06806868686868674,1.9319313131313132
LINK,1h,495804,2026,24314,True,63.46731989756195,2.0,0.06302456140350834,1.9369754385964917
LINK,1h,497007,2026,24314,True,91.0496478268353,2.0,0.043932075471697425,1.9560679245283026
LINK,1h,497778,2026,24314,True,170.84350258943928,-1.0,0.04682648083623709,-1.046826480836237
LINK,1h,497840,2026,24314,True,80.77928248990214,-1.0,0.09903529411764761,-1.0990352941176476
LINK,1h,498306,2026,24314,True,181.55842609679132,2.0,0.022031475409836083,1.977968524590164
LINK,1h,498524,2026,24314,True,82.0340088009995,-1.0,0.09752052980132464,-1.0975205298013246
LINK,1h,499272,2026,24314,True,107.2873307146625,2.0,0.037283060109289654,1.9627169398907103
LINK,1h,500066,2026,24315,True,78.16511667712697,-1.0,0.10234744525547412,-1.1023474452554742
LINK,1h,499893,2026,24315,True,107.04727921498672,-1.0,0.07473333333333326,-1.0747333333333333
LINK,1h,500406,2026,24315,True,127.82911847711699,2.0,0.03129177489177515,1.9687082251082249
LINK,1h,502946,2026,24315,True,86.74777674723057,2.0,0.04611069182389969,1.9538893081761004
LINK,1h,503814,2026,24315,True,85.84360855314456,2.0,0.04659636363636387,1.9534036363636362
LINK,1h,504504,2026,24315,True,52.28828634574834,2.0,0.07649896907216673,1.9235010309278333
LINK,1h,506757,2026,24315,True,42.156645218549215,2.0,0.09488421052631513,1.905115789473685
LINK,1h,507490,2026,24315,True,48.23529411764749,-1.0,0.16585365853658388,-1.165853658536584
LINK,1h,507917,2026,24315,True,46.464188576609665,-1.0,0.17217560975609603,-1.172175609756096
LINK,1h,508431,2026,24316,True,56.68556185395149,-1.0,0.14112941176470545,-1.1411294117647055
LINK,1h,510036,2026,24316,True,56.445635441017274,-1.0,0.14172929292929265,-1.1417292929292926
LINK,1h,510157,2026,24316,True,72.64740665653058,2.0,0.0550604651162785,1.9449395348837215
LINK,1h,510288,2026,24316,True,63.897763578275836,-1.0,0.1251999999999979,-1.125199999999998
LINK,1h,510616,2026,24316,True,55.46123372948642,-1.0,0.14424489795917997,-1.14424489795918
LINK,1h,510510,2026,24316,True,159.5715311136867,-1.0,0.050134256055363674,-1.0501342560553637
LINK,1h,510547,2026,24316,True,54.4764210642143,2.0,0.07342626262626512,1.9265737373737348
LINK,1h,511458,2026,24316,True,47.004809794489795,-1.0,0.1701953488372122,-1.170195348837212
LINK,1h,512134,2026,24316,True,145.94151407488548,-1.0,0.05481647940074845,-1.0548164794007484
LINK,1h,512896,2026,24316,True,61.13629176768191,2.0,0.06542758620689675,1.9345724137931033
LINK,1h,513136,2026,24316,True,64.93506493506557,-1.0,0.1231999999999988,-1.1231999999999989
LINK,1h,516018,2026,24316,True,40.03029319485104,-1.0,0.19984864864864424,-1.1998486486486442
LINK,1h,516600,2026,24316,True,34.40930689824807,2.0,0.11624761904761464,1.8837523809523853
LINK,1h,517429,2026,24317,True,22.427657130354124,-1.0,0.356702439024387,-1.356702439024387
LINK,1h,518565,2026,24317,True,71.61099704542073,-1.0,0.1117146853146848,-1.1117146853146849
LINK,1h,518594,2026,24317,True,43.68546465448818,2.0,0.09156363636363533,1.9084363636363646
LINK,1h,519819,2026,24317,True,40.78571093713363,-1.0,0.1961471264367822,-1.1961471264367822
LINK,1h,520881,2026,24317,True,49.436045116389714,-1.0,0.16182524271844978,-1.1618252427184497
LINK,1h,520959,2026,24317,True,44.592030360530195,-1.0,0.1794042553191534,-1.1794042553191535
LINK,1h,521472,2026,24317,True,58.01119153960653,2.0,0.0689522123893808,1.9310477876106191
LINK,1h,523546,2026,24317,True,75.31985142385514,-1.0,0.1062136986301364,-1.1062136986301363
LINK,1h,523455,2026,24317,True,76.90641247833786,-1.0,0.1040225352112654,-1.1040225352112654
LINK,1h,523646,2026,24317,True,95.82982308340283,-1.0,0.0834813186813193,-1.0834813186813192
LINK,1h,524937,2026,24317,True,101.77409487792659,-1.0,0.07860546448087441,-1.0786054644808745
LINK,1h,525250,2026,24317,True,50.21200624860514,2.0,0.07966222222222234,1.9203377777777777
LINK,1h,525365,2026,24317,True,42.10180983104693,-1.0,0.19001558441558014,-1.1900155844155802
LINK,1h,527963,2026,24318,True,99.1756826378155,2.0,0.04033246753246756,1.9596675324675323
LINK,1h,528246,2026,24318,True,65.66485667382194,-1.0,0.12183076923077017,-1.12183076923077
LINK,1h,529129,2026,24318,True,67.71432221796339,-1.0,0.11814339622641522,-1.1181433962264151
LINK,1h,531020,2026,24318,True,77.0883356501958,-1.0,0.10377704918032797,-1.103777049180328
LINK,1h,531948,2026,24318,True,34.74635163307835,-1.0,0.2302400000000012,-1.230240000000001
LINK,1h,532360,2026,24318,True,67.75870008552053,-1.0,0.118066019417476,-1.118066019417476
LINK,1h,532753,2026,24318,True,47.09576138147624,-1.0,0.1698666666666646,-1.1698666666666646
LINK,1h,532964,2026,24318,True,74.662648126584,-1.0,0.10714862385321103,-1.1071486238532111
LINK,1h,533276,2026,24318,True,59.23605909988408,-1.0,0.13505287356321877,-1.1350528735632188
LINK,1h,534230,2026,24318,True,58.163127282564794,-1.0,0.13754418604651114,-1.1375441860465112
LINK,1h,534834,2026,24319,True,53.38920051361684,-1.0,0.14984303797468573,-1.1498430379746858
SOL,4h,3063,2021,24256,False,163.01626453515289,2.0,0.024537428896473326,1.9754625711035267
SOL,4h,3350,2021,24256,False,114.80099952920733,-1.0,0.06968580441640373,-1.0696858044164037
SOL,4h,4430,2021,24256,False,91.6010349972613,-1.0,0.08733525773195888,-1.0873352577319588
SOL,4h,9173,2021,24257,False,230.2278159054525,-1.0,0.03474819047619057,-1.0347481904761906
SOL,4h,13588,2021,24257,False,320.6360650484657,-1.0,0.02495040599625236,-1.0249504059962524
SOL,4h,15061,2021,24257,False,424.6965812731934,-1.0,0.018836977627691008,-1.018836977627691
SOL,4h,17124,2021,24257,False,273.7680438028878,-1.0,0.029221818181818095,-1.029221818181818
SOL,4h,16878,2021,24257,False,195.84039989288607,-1.0,0.04084958979033723,-1.0408495897903371
SOL,4h,18551,2021,24258,False,277.96408078098216,-1.0,0.02878069705093834,-1.0287806970509383
SOL,4h,20242,2021,24258,False,328.0000000000002,-1.0,0.024390243902439008,-1.024390243902439
SOL,4h,21124,2021,24258,False,261.4475826526921,2.0,0.01529943386515688,1.9847005661348431
SOL,4h,22480,2021,24258,False,137.22126929674113,2.0,0.02914999999999997,1.97085
SOL,4h,23835,2021,24258,False,293.04156939266096,2.0,0.013649940546967932,1.9863500594530321
SOL,4h,27943,2021,24259,False,103.2023493217731,2.0,0.038758807588075914,1.9612411924119242
SOL,4h,30033,2021,24259,False,151.24644470470076,2.0,0.02644690265486736,1.9735530973451327
SOL,4h,31747,2021,24259,False,144.41788331983219,-1.0,0.05539480164158728,-1.0553948016415873
SOL,4h,31579,2021,24259,False,228.48952405042013,-1.0,0.035012546125461154,-1.0350125461254611
SOL,4h,32992,2021,24259,False,245.09626191943798,-1.0,0.03264023668639044,-1.0326402366863905
SOL,4h,33363,2021,24259,False,207.90020790020714,-1.0,0.03848000000000014,-1.03848
SOL,4h,34162,2021,24259,False,177.2421736663869,-1.0,0.045135984481086064,-1.0451359844810861
SOL,4h,34386,2021,24259,False,182.17789135273333,2.0,0.02195656108597277,1.9780434389140273
SOL,4h,35130,2021,24260,False,157.2005059326644,2.0,0.025445210727969084,1.974554789272031
SOL,4h,36769,2021,24260,False,271.4979376598964,-1.0,0.029466153846153868,-1.0294661538461538
SOL,4h,37408,2021,24260,False,122.86618043029276,2.0,0.032555744680851144,1.967444255319149
SOL,4h,40742,2021,24260,False,203.71519480347916,-1.0,0.03927051198963079,-1.0392705119896308
SOL,4h,42217,2021,24260,False,216.43273082230803,-1.0,0.03696298600311071,-1.0369629860031107
SOL,4h,45684,2021,24261,False,247.6577680020004,-1.0,0.03230264111859145,-1.0323026411185914
SOL,4h,45678,2021,24261,False,197.86730557014346,-1.0,0.0404311362958547,-1.0404311362958547
SOL,4h,46473,2021,24261,False,434.6662719468034,2.0,0.009202462344466283,1.9907975376555338
SOL,4h,49200,2021,24261,False,263.8572389341236,-1.0,0.03031942588468204,-1.030319425884682
SOL,4h,49907,2021,24261,False,252.11482247592224,-1.0,0.03173157342132879,-1.0317315734213288
SOL,4h,50512,2021,24261,False,231.67700276318644,-1.0,0.03453083346462907,-1.034530833464629
SOL,4h,52005,2021,24261,False,123.08336117055867,-1.0,0.06499660005964791,-1.064996600059648
SOL,4h,53330,2021,24262,False,316.63879014901494,-1.0,0.025265382034320813,-1.0252653820343207
SOL,4h,57269,2021,24262,False,179.65391821889037,2.0,0.022265030674846732,1.9777349693251534
SOL,4h,58701,2021,24262,False,232.59851163503123,2.0,0.017197014597739015,1.982802985402261
SOL,4h,59998,2021,24262,False,165.48293633496598,-1.0,0.04834335295940496,-1.048343352959405
SOL,4h,65291,2021,24263,False,96.61208991757184,2.0,0.04140268576544351,1.9585973142345565
SOL,4h,66998,2021,24263,False,160.90366967017044,-1.0,0.04971918922917581,-1.0497191892291757
SOL,4h,67435,2021,24263,False,250.04976564903524,-1.0,0.03199363126470047,-1.0319936312647005
SOL,4h,69423,2021,24263,False,96.20776154640642,-1.0,0.08315337423312931,-1.0831533742331294
SOL,4h,74242,2021,24264,False,140.95173239717806,-1.0,0.056757017909204246,-1.0567570179092043
SOL,4h,74765,2021,24264,False,214.1304379714076,2.0,0.01868020276750245,1.9813197972324976
SOL,4h,76789,2021,24264,False,205.3596294603875,2.0,0.01947802501645813,1.9805219749835419
SOL,4h,78928,2022,24265,False,80.97819817741356,-1.0,0.09879202279202305,-1.0987920227920231
SOL,4h,79259,2022,24265,False,56.43009033952338,2.0,0.07088416793120776,1.9291158320687922
SOL,4h,81026,2022,24265,False,306.2065554853421,2.0,0.013063077613279501,1.9869369223867206
SOL,4h,81109,2022,24265,False,90.3568079060455,2.0,0.044268938807126366,1.9557310611928735
SOL,4h,82610,2022,24265,False,117.48819291643522,2.0,0.03404597432905487,1.9659540256709451
SOL,4h,82386,2022,24265,False,88.17095293992121,-1.0,0.09073282904689846,-1.0907328290468985
SOL,4h,87048,2022,24265,False,142.57904982374959,-1.0,0.05610922509225075,-1.0561092250922508
SOL,4h,88381,2022,24266,False,156.231029609593,-1.0,0.051206216972334274,-1.0512062169723342
SOL,4h,90302,2022,24266,False,106.71476833767997,-1.0,0.0749661937576008,-1.0749661937576007
SOL,4h,91897,2022,24266,False,238.68513460788165,-1.0,0.03351695954229665,-1.0335169595422966
SOL,4h,92339,2022,24266,False,159.75540617153993,2.0,0.025038276299112757,1.9749617237008872
SOL,4h,95648,2022,24266,False,104.50330898545408,2.0,0.038276299945265504,1.9617237000547345
SOL,4h,96778,2022,24267,False,164.63611859838286,-1.0,0.048592010478061526,-1.0485920104780615
SOL,4h,96895,2022,24267,False,97.00607160304367,2.0,0.041234532374100345,1.9587654676258996
SOL,4h,98545,2022,24267,False,220.7619696951886,-1.0,0.0362381256656017,-1.0362381256656017
SOL,4h,98935,2022,24267,False,125.10979749780431,2.0,0.03197191650853883,1.9680280834914612
SOL,4h,100276,2022,24267,False,90.4240724368162,2.0,0.04423600809170588,1.955763991908294
SOL,4h,101695,2022,24267,False,89.07373611977118,2.0,0.044906615285806376,1.9550933847141936
SOL,4h,101356,2022,24267,False,74.22516238458506,-1.0,0.10778016164584941,-1.1077801616458494
SOL,4h,105878,2022,24268,False,194.7758862129228,-1.0,0.041072846108140174,-1.0410728461081402
SOL,4h,108151,2022,24268,False,221.15245572052905,2.0,0.018087070238346395,1.9819129297616536
SOL,4h,109880,2022,24268,False,130.4222108365587,-1.0,0.06133924542979391,-1.0613392454297939
SOL,4h,110863,2022,24268,False,88.58483970837915,2.0,0.04515445321307777,1.9548455467869221
SOL,4h,110529,2022,24268,False,79.04627390898477,2.0,0.05060327074500271,1.9493967292549972
SOL,4h,112197,2022,24268,False,79.02084837590687,-1.0,0.10123910543131004,-1.10123910543131
SOL,4h,112405,2022,24268,False,101.5277264372121,-1.0,0.0787962094763094,-1.0787962094763095
SOL,4h,113537,2022,24269,False,106.9081709187384,2.0,0.03741528795811525,1.9625847120418847
SOL,4h,114792,2022,24269,False,144.75050387833625,-1.0,0.05526751054852322,-1.0552675105485232
SOL,4h,117790,2022,24269,False,363.2191722614091,2.0,0.011012634534394009,1.988987365465606
SOL,4h,117375,2022,24269,False,328.26921247105736,2.0,0.012185120772946898,1.9878148792270531
SOL,4h,118841,2022,24269,False,166.30130773301133,-1.0,0.048105454545454396,-1.0481054545454545
SOL,4h,119427,2022,24269,False,145.97754041061688,2.0,0.027401475519785383,1.9725985244802147
SOL,4h,121919,2022,24269,False,142.69357984903777,2.0,0.028032095096582395,1.9719679049034176
SOL,4h,121637,2022,24269,False,123.54255676357954,-1.0,0.0647550140581064,-1.0647550140581064
SOL,4h,122576,2022,24270,False,163.29166474468505,-1.0,0.04899209039547985,-1.04899209039548
SOL,4h,123525,2022,24270,False,195.03546099290676,2.0,0.02050909090909102,1.979490909090909
SOL,4h,124135,2022,24270,False,177.67430461953225,-1.0,0.04502620689655164,-1.0450262068965517
SOL,4h,124022,2022,24270,False,111.85682326621956,-1.0,0.07151999999999979,-1.0715199999999998
SOL,4h,124364,2022,24270,False,172.09359910858,-1.0,0.04648633093525177,-1.0464863309352517
SOL,4h,128545,2022,24270,False,249.33214603739873,2.0,0.016042857142857213,1.9839571428571428
SOL,4h,130315,2022,24270,False,137.22774770237808,2.0,0.029148623853211302,1.9708513761467887
SOL,4h,132421,2022,24271,False,212.3995407577482,-1.0,0.03766486486486513,-1.0376648648648652
SOL,4h,134995,2022,24271,False,94.00055294442807,-1.0,0.0851058823529421,-1.085105882352942
SOL,4h,134393,2022,24271,False,153.57867284845005,2.0,0.026045283018867868,1.9739547169811322
SOL,4h,135864,2022,24271,False,105.40013012361588,2.0,0.037950617283951174,1.9620493827160488
SOL,4h,137201,2022,24271,False,145.94411132481122,2.0,0.02740775193798436,1.9725922480620157
SOL,4h,138760,2022,24271,False,250.47199496538823,-1.0,0.03193969849246216,-1.0319396984924623
SOL,4h,139659,2022,24271,False,198.97669130187606,-1.0,0.04020571428571429,-1.0402057142857144
SOL,4h,141708,2022,24272,False,83.84146341463372,2.0,0.04770909090909115,1.9522909090909089
SOL,4h,142712,2022,24272,False,93.18996415770623,-1.0,0.08584615384615372,-1.0858461538461537
SOL,4h,143039,2022,24272,False,107.20461095100943,-1.0,0.07462365591397795,-1.074623655913978
SOL,4h,144083,2022,24272,False,117.56648784385357,-1.0,0.0680466019417475,-1.0680466019417474
SOL,4h,143575,2022,24272,False,151.41682889898394,2.0,0.026417142857142754,1.9735828571428573
SOL,4h,145327,2022,24272,False,158.5169263836656,2.0,0.0252338983050846,1.9747661016949154
SOL,4h,145826,2022,24272,False,114.58915595304543,-1.0,0.06981463414634205,-1.0698146341463421
SOL,4h,146302,2022,24272,False,154.97323189631004,2.0,0.025810909090908888,1.9741890909090911
SOL,4h,148205,2022,24272,False,77.44733581164807,2.0,0.051648000000000006,1.948352
SOL,4h,148182,2022,24272,False,107.01165947931668,-1.0,0.07475820895522368,-1.0747582089552237
SOL,4h,148498,2022,24272,False,106.1434544869739,-1.0,0.07536969696969655,-1.0753696969696966
SOL,4h,148642,2022,24272,False,86.66047663262182,-1.0,0.09231428571428535,-1.0923142857142853
SOL,4h,150233,2022,24273,False,47.02194357366727,-1.0,0.1701333333333349,-1.170133333333335
SOL,4h,150830,2022,24273,False,169.49152542372855,-1.0,0.047200000000000075,-1.0472000000000001
SOL,4h,151855,2022,24273,False,118.29998539506387,2.0,0.03381234567901225,1.9661876543209877
SOL,4h,152503,2022,24273,False,185.13401492124748,-1.0,0.043211940298507806,-1.0432119402985078
SOL,4h,155401,2022,24273,False,89.11521323997489,2.0,0.044885714285714105,1.9551142857142858
SOL,4h,156013,2022,24273,False,223.30988069746007,-1.0,0.035824657534246726,-1.0358246575342467
SOL,4h,156579,2022,24273,False,78.90122735242433,-1.0,0.10139259259259407,-1.101392592592594
SOL,4h,156909,2022,24273,False,203.7174721189598,-1.0,0.0392700729927006,-1.0392700729927007
SOL,4h,158480,2022,24274,False,56.81818181818327,-1.0,0.1407999999999964,-1.1407999999999965
SOL,4h,161195,2022,24274,False,92.62322196493587,-1.0,0.08637142857142822,-1.0863714285714283
SOL,4h,161502,2022,24274,False,91.04452905148108,-1.0,0.08786909090909135,-1.0878690909090913
SOL,4h,162308,2022,24274,False,38.684719535783685,-1.0,0.2067999999999983,-1.2067999999999983
SOL,4h,162265,2022,24274,False,85.10638297872393,-1.0,0.09399999999999942,-1.0939999999999994
SOL,4h,163071,2022,24274,False,87.16458725004239,2.0,0.045890196078431554,1.9541098039215685
SOL,4h,164089,2022,24274,False,95.86892103887,-1.0,0.08344727272727316,-1.0834472727272733
SOL,4h,164249,2022,24274,False,105.44815465729374,2.0,0.03793333333333324,1.9620666666666668
SOL,4h,165403,2022,24274,False,150.38836555941228,2.0,0.02659780219780209,1.9734021978021978
SOL,4h,167181,2022,24275,False,94.20405556442542,-1.0,0.0849220338983056,-1.0849220338983057
SOL,4h,168674,2022,24275,False,359.05767668562163,2.0,0.011140271493212664,1.9888597285067873
SOL,4h,170394,2022,24275,False,350.87719298245645,-1.0,0.02279999999999998,-1.0228
SOL,4h,172791,2022,24275,False,148.41556357801886,-1.0,0.05390270270270255,-1.0539027027027026
SOL,4h,174257,2022,24275,False,176.86072218128237,-1.0,0.0452333333333333,-1.0452333333333332
SOL,4h,174445,2022,24275,False,240.87591240875918,-1.0,0.03321212121212121,-1.0332121212121212
SOL,4h,177521,2022,24276,False,115.27377521613845,2.0,0.03469999999999997,1.9653
SOL,4h,178723,2022,24276,False,51.622418879056255,-1.0,0.15497142857142795,-1.1549714285714279
SOL,4h,178387,2022,24276,False,132.62599469495942,-1.0,0.06032000000000036,-1.0603200000000004
SOL,4h,179533,2022,24276,False,81.72362555720743,-1.0,0.09789090909090803,-1.097890909090908
SOL,4h,179125,2022,24276,False,53.210358283078605,2.0,0.07517333333333404,1.924826666666666
SOL,4h,179792,2022,24276,False,100.04001600640257,2.0,0.039984,1.960016
SOL,4h,181397,2022,24276,False,66.94560669456074,2.0,0.05974999999999994,1.94025
SOL,4h,181945,2022,24276,False,165.07384882710645,2.0,0.024231578947368482,1.9757684210526316
SOL,4h,183440,2022,24276,False,229.97316979685726,2.0,0.017393333333333316,1.9826066666666666
SOL,4h,187100,2023,24277,False,311.25763599340667,2.0,0.012851090342679117,1.987148909657321
SOL,4h,190926,2023,24277,False,397.68038362886165,2.0,0.010058328659562528,1.9899416713404374
SOL,4h,190322,2023,24277,False,162.9990140342768,2.0,0.024540025740025926,1.975459974259974
SOL,4h,191089,2023,24277,False,233.44814389590488,-1.0,0.034268852459016425,-1.0342688524590165
SOL,4h,191362,2023,24277,False,142.4690487546929,2.0,0.028076273653566044,1.971923726346434
SOL,4h,192411,2023,24277,False,231.99023199023284,-1.0,0.034484210526315666,-1.0344842105263157
SOL,4h,193260,2023,24278,False,75.04508522562013,2.0,0.053301291989664025,1.946698708010336
SOL,4h,193220,2023,24278,False,98.41574651944256,-1.0,0.08128780487804924,-1.0812878048780492
SOL,4h,194267,2023,24278,False,87.90288823775674,-1.0,0.09100952380952344,-1.0910095238095234
SOL,4h,193428,2023,24278,False,99.1621807584899,2.0,0.040337959183673305,1.9596620408163268
SOL,4h,193691,2023,24278,False,78.19146781185489,2.0,0.05115647668393745,1.9488435233160626
SOL,4h,194967,2023,24278,False,90.73044278128475,-1.0,0.08817327188940144,-1.0881732718894015
SOL,4h,196347,2023,24278,False,176.82968035501017,2.0,0.022620636942675257,1.9773793630573246
SOL,4h,195649,2023,24278,False,131.99839429502407,2.0,0.03030339892665488,1.9696966010733452
SOL,4h,196394,2023,24278,False,69.48861093444555,-1.0,0.1151267796610163,-1.1151267796610163
SOL,4h,197446,2023,24278,False,110.7676455435354,2.0,0.036111627906976376,1.9638883720930236
SOL,4h,197774,2023,24278,False,117.4634822937891,-1.0,0.06810627306273041,-1.0681062730627304
SOL,4h,199827,2023,24278,False,98.10867091732543,2.0,0.04077111597374237,1.9592288840262577
SOL,4h,201902,2023,24279,False,155.2291367406519,2.0,0.025768358208955157,1.9742316417910448
SOL,4h,202392,2023,24279,False,50.439271590613316,2.0,0.07930328638497616,1.920696713615024
SOL,4h,204595,2023,24279,False,139.92756077859107,-1.0,0.057172439478584844,-1.0571724394785849
SOL,4h,204861,2023,24279,False,134.84882474637874,-1.0,0.05932569316081365,-1.0593256931608137
SOL,4h,205461,2023,24279,False,191.6037664403101,2.0,0.020876416337285892,1.9791235836627141
SOL,4h,206019,2023,24279,False,98.06604634190835,2.0,0.040788837209302355,1.9592111627906976
SOL,4h,207541,2023,24279,False,109.10407895332503,-1.0,0.07332448132780094,-1.073324481327801
SOL,4h,208943,2023,24279,False,96.2635835855717,-1.0,0.08310515463917413,-1.0831051546391741
SOL,4h,210421,2023,24280,False,62.9756607581395,-1.0,0.12703320463320447,-1.1270332046332046
SOL,4h,210763,2023,24280,False,71.06842737094823,-1.0,0.1125675675675678,-1.112567567567568
SOL,4h,213115,2023,24280,False,95.47584636272063,2.0,0.041895412844036695,1.9581045871559632
SOL,4h,216179,2023,24280,False,81.8989450305384,-1.0,0.09768135593220362,-1.0976813559322036
SOL,4h,216295,2023,24280,False,51.38937332868191,2.0,0.0778371040723994,1.9221628959276007
SOL,4h,216589,2023,24280,False,54.33910351943182,-1.0,0.14722362869198194,-1.147223628691982
SOL,4h,217388,2023,24280,False,103.4330474397416,-1.0,0.07734471910112355,-1.0773447191011236
SOL,4h,217385,2023,24280,False,61.847353560705265,-1.0,0.1293507246376796,-1.1293507246376797
SOL,4h,217446,2023,24280,False,209.17648128779993,-1.0,0.03824521739130428,-1.0382452173913044
SOL,4h,218615,2023,24281,False,57.31509601991132,2.0,0.0697896414342636,1.9302103585657364
SOL,4h,218227,2023,24280,False,80.8825132442395,2.0,0.04945444743935281,1.9505455525606472
SOL,4h,218534,2023,24280,False,45.68560581687171,-1.0,0.1751098591549288,-1.1751098591549287
SOL,4h,219620,2023,24281,False,91.66780681351781,-1.0,0.08727164179104456,-1.0872716417910446
SOL,4h,220097,2023,24281,False,60.98908383789352,-1.0,0.13117101449275204,-1.131171014492752
SOL,4h,220497,2023,24281,False,61.87508406940846,-1.0,0.12929275362318682,-1.129292753623187
SOL,4h,221043,2023,24281,False,76.53671370485536,2.0,0.05226249999999996,1.9477375000000001
SOL,4h,222345,2023,24281,False,60.45072057258922,2.0,0.06616960000000001,1.9338304
SOL,4h,223562,2023,24281,False,48.963133640553146,-1.0,0.16338823529411714,-1.1633882352941172
SOL,4h,224717,2023,24281,False,38.987341772152774,-1.0,0.20519480519480057,-1.2051948051948005
SOL,4h,226330,2023,24281,False,95.76269045152611,-1.0,0.08353984168865328,-1.0835398416886532
SOL,4h,228671,2023,24282,False,40.567486420205725,-1.0,0.1972022598870061,-1.197202259887006
SOL,4h,229784,2023,24282,False,64.09753289904104,2.0,0.062404897959182505,1.9375951020408175
SOL,4h,230323,2023,24282,False,282.46042980311415,-1.0,0.02832255125284738,-1.0283225512528473
SOL,4h,232312,2023,24282,False,93.73394966615356,-1.0,0.08534794520547899,-1.085347945205479
SOL,4h,234023,2023,24282,False,56.53208118377554,2.0,0.07075628415300554,1.9292437158469944
SOL,4h,234478,2023,24282,False,80.62372641091406,-1.0,0.09922637362637504,-1.099226373626375
SOL,4h,235064,2023,24282,False,120.95554883580242,-1.0,0.06614000000000023,-1.0661400000000003
SOL,4h,237601,2023,24283,False,75.89883656800733,-1.0,0.10540346020761192,-1.105403460207612
SOL,4h,237771,2023,24283,False,78.44874768693528,-1.0,0.1019774086378731,-1.101977408637873
SOL,4h,238847,2023,24283,False,168.18093949352357,2.0,0.023783908045977083,1.9762160919540228
SOL,4h,240102,2023,24283,False,365.85589720055106,-1.0,0.021866532865027575,-1.0218665328650276
SOL,4h,241451,2023,24283,False,94.84360483121748,2.0,0.04217469387755085,1.957825306122449
SOL,4h,242699,2023,24283,False,83.38165603567248,-1.0,0.09594436450839292,-1.0959443645083928
SOL,4h,243495,2023,24283,False,80.22118425737861,-1.0,0.0997242819843335,-1.0997242819843336
SOL,4h,244750,2023,24283,False,101.14771695153208,-1.0,0.07909224489795887,-1.079092244897959
SOL,4h,244810,2023,24283,False,78.30661935641754,-1.0,0.1021624999999999,-1.1021625
SOL,4h,251889,2023,24284,False,59.39844286153886,-1.0,0.13468366533864287,-1.134683665338643
SOL,4h,253625,2023,24284,False,207.07921984107858,-1.0,0.038632558139534916,-1.0386325581395348
SOL,4h,254353,2023,24285,False,42.75244299674248,2.0,0.09356190476190518,1.9064380952380948
SOL,4h,255521,2023,24285,False,136.20828307197468,-1.0,0.05873357933579318,-1.0587335793357933
SOL,4h,256000,2023,24285,False,55.312226254537265,2.0,0.07231674208144677,1.9276832579185532
SOL,4h,257564,2023,24285,False,175.28971863480712,2.0,0.022819364599092486,1.9771806354009076
SOL,4h,263168,2023,24286,False,100.90622790667858,2.0,0.03964076433120989,1.9603592356687902
SOL,4h,266855,2023,24286,False,41.47465437788012,2.0,0.0964444444444446,1.9035555555555554
SOL,4h,269107,2023,24286,False,86.28404505006428,-1.0,0.09271702544031389,-1.0927170254403138
SOL,4h,269467,2023,24286,False,205.68070519099004,-1.0,0.03889523809523794,-1.0388952380952379
SOL,4h,274083,2023,24287,False,120.180602894958,-1.0,0.06656648250460415,-1.0665664825046042
SOL,4h,274731,2023,24287,False,201.75438596491205,-1.0,0.03965217391304352,-1.0396521739130435
SOL,4h,278148,2023,24287,False,104.72133475328424,2.0,0.0381966101694913,1.9618033898305087
SOL,4h,281668,2023,24288,False,107.2705601907039,-1.0,0.0745777777777773,-1.0745777777777774
SOL,4h,283130,2023,24288,False,96.9075103320497,-1.0,0.08255294117647147,-1.0825529411764714
SOL,4h,283419,2023,24288,False,150.86505190311468,2.0,0.02651376146788982,1.9734862385321101
SOL,4h,283915,2023,24288,False,120.62033314187298,-1.0,0.06632380952380926,-1.0663238095238092
SOL,4h,284130,2023,24288,False,138.84871275672458,2.0,0.028808333333333522,1.9711916666666665
SOL,4h,287383,2023,24288,False,315.10815874638075,-1.0,0.025388108108108088,-1.025388108108108
SOL,4h,290248,2024,24289,False,172.83950617283884,-1.0,0.046285714285714465,-1.0462857142857145
SOL,4h,290325,2024,24289,False,111.03918737240402,-1.0,0.07204663677130077,-1.0720466367713009
SOL,4h,290804,2024,24289,False,109.58337640856014,2.0,0.036501886792452753,1.9634981132075473
SOL,4h,291311,2024,24289,False,114.25462459194746,-1.0,0.07001904761904781,-1.0700190476190479
SOL,4h,298371,2024,24290,False,99.82265011401057,-1.0,0.08014213197969548,-1.0801421319796956
SOL,4h,302298,2024,24290,False,76.1888081268066,-1.0,0.10500229885057415,-1.105002298850574
SOL,4h,305027,2024,24290,False,54.76663597150174,-1.0,0.14607433628318642,-1.1460743362831864
SOL,4h,305758,2024,24290,False,158.68557786827628,2.0,0.025207079646017802,1.9747929203539822
SOL,4h,305948,2024,24290,False,91.35757354284671,-1.0,0.087568,-1.087568
SOL,4h,309493,2024,24291,False,96.91448922982035,2.0,0.04127349823321578,1.9587265017667843
SOL,4h,312170,2024,24291,False,155.11731233923066,-1.0,0.05157386934673392,-1.051573869346734
SOL,4h,312410,2024,24291,False,139.4777951350145,-1.0,0.0573568,-1.0573568
SOL,4h,315541,2024,24292,False,73.1314518045247,-1.0,0.10939205776173355,-1.1093920577617336
SOL,4h,316008,2024,24292,False,147.87186202153353,2.0,0.027050447227191257,1.9729495527728087
SOL,4h,324224,2024,24293,False,161.17464990752205,-1.0,0.04963559718969576,-1.0496355971896958
SOL,4h,327655,2024,24293,False,139.93898395012693,2.0,0.028583886255923983,1.971416113744076
SOL,4h,329097,2024,24293,False,63.14681634800985,2.0,0.06334444444444372,1.9366555555555562
SOL,4h,329845,2024,24293,False,77.95654337369362,2.0,0.05131063829787247,1.9486893617021275
SOL,4h,330840,2024,24293,False,147.2153245831861,2.0,0.027171084337349292,1.9728289156626506
SOL,4h,334870,2024,24294,False,56.646186123182574,-1.0,0.14122751322751423,-1.1412275132275143
SOL,4h,334709,2024,24294,False,45.73659218690807,-1.0,0.17491464968152942,-1.1749146496815295
SOL,4h,336246,2024,24294,False,66.77265500794985,-1.0,0.1198095238095225,-1.1198095238095225
SOL,4h,336149,2024,24294,False,102.82011439150847,-1.0,0.07780578778135157,-1.0778057877813516
SOL,4h,337153,2024,24294,False,106.76645267602781,-1.0,0.07492990353697715,-1.0749299035369773
SOL,4h,337618,2024,24294,False,63.068898510211106,-1.0,0.12684540540540387,-1.1268454054054038
SOL,4h,338127,2024,24294,False,126.45531076482285,-1.0,0.06326345609065102,-1.063263456090651
SOL,4h,340871,2024,24294,False,250.24465259331836,-1.0,0.03196871508379877,-1.0319687150837988
SOL,4h,342868,2024,24295,False,168.98835350536643,-1.0,0.047340540540540564,-1.0473405405405405
SOL,4h,343580,2024,24295,False,103.60735082810288,-1.0,0.07721459854014574,-1.0772145985401458
SOL,4h,343681,2024,24295,False,140.14533590389934,-1.0,0.05708359788359829,-1.0570835978835982
SOL,4h,344961,2024,24295,False,109.57734452824761,2.0,0.036503896103896295,1.9634961038961036
SOL,4h,347412,2024,24295,False,78.61589268492264,2.0,0.05088029739776955,1.9491197026022304
SOL,4h,349809,2024,24295,False,152.92306058514288,-1.0,0.052313888888888965,-1.052313888888889
SOL,4h,350749,2024,24296,False,157.44462240488463,-1.0,0.050811516314778905,-1.0508115163147789
SOL,4h,353553,2024,24296,False,131.45131618557068,-1.0,0.060859033078880305,-1.0608590330788803
SOL,4h,354392,2024,24296,False,106.333795654183,2.0,0.03761739130434818,1.9623826086956517
SOL,4h,355676,2024,24296,False,69.24045321023982,-1.0,0.1155393939393929,-1.115539393939393
SOL,4h,358245,2024,24296,False,83.53543519267105,-1.0,0.09576774193548318,-1.0957677419354832
SOL,4h,358238,2024,24296,False,58.231868713604776,-1.0,0.1373818181818189,-1.137381818181819
SOL,4h,360614,2024,24297,False,70.27006495232901,2.0,0.0569232432432443,1.9430767567567557
SOL,4h,362360,2024,24297,False,130.75611142694885,-1.0,0.06118260869565137,-1.0611826086956513
SOL,4h,363595,2024,24297,False,46.55975168132402,-1.0,0.1718222222222235,-1.1718222222222234
SOL,4h,364874,2024,24297,False,98.89759313742938,2.0,0.040445878136200424,1.9595541218637995
SOL,4h,365060,2024,24297,False,181.20122158127015,-1.0,0.04414981273408214,-1.0441498127340822
SOL,4h,365358,2024,24297,False,54.6228343554188,2.0,0.07322944785275838,1.9267705521472416
SOL,4h,366414,2024,24297,False,84.46566287183164,2.0,0.047356521739130936,1.952643478260869
SOL,4h,366903,2024,24297,False,68.05366517596806,2.0,0.05877714285714223,1.9412228571428578
SOL,4h,372881,2024,24298,False,68.04536357571594,-1.0,0.11756862745098248,-1.1175686274509824
SOL,4h,373983,2024,24298,False,182.92497336782804,2.0,0.02186688851913481,1.9781331114808651
SOL,4h,377156,2024,24299,False,73.82433296518109,-1.0,0.10836535433070779,-1.1083653543307077
SOL,4h,383767,2024,24299,False,99.81906523816235,-1.0,0.0801450101832999,-1.0801450101833
SOL,4h,383883,2024,24299,False,78.48733499821692,-1.0,0.10192727272727178,-1.1019272727272718
SOL,4h,386463,2024,24300,False,85.20893402762792,-1.0,0.09388686868686916,-1.0938868686868692
SOL,4h,386661,2024,24300,False,121.50300514550102,-1.0,0.06584199288256223,-1.0658419928825622
SOL,4h,389261,2024,24300,False,85.28160932472186,2.0,0.046903430079156115,1.9530965699208438
SOL,4h,391483,2024,24300,False,108.10675854492901,2.0,0.03700046189376408,1.962999538106236
SOL,4h,392215,2024,24300,False,119.5617823659529,-1.0,0.06691101321585957,-1.0669110132158597
SOL,4h,393229,2024,24300,False,83.70055539620965,-1.0,0.09557881619937586,-1.0955788161993758
SOL,4h,396467,2025,24301,False,49.5155061716703,-1.0,0.161565550239232,-1.161565550239232
SOL,4h,397993,2025,24301,False,42.58263692979248,-1.0,0.18786999999999734,-1.1878699999999973
SOL,4h,398985,2025,24301,False,96.26684669817134,2.0,0.041551168831169195,1.9584488311688308
SOL,4h,401685,2025,24301,False,131.09269848679367,-1.0,0.06102551928783374,-1.0610255192878337
SOL,4h,402203,2025,24301,False,105.88899014885205,-1.0,0.07555081967213122,-1.0755508196721313
SOL,4h,403505,2025,24302,False,89.14637535541006,2.0,0.044870023980815174,1.955129976019185
SOL,4h,405253,2025,24302,False,145.05337351243696,2.0,0.02757605633802814,1.972423943661972
SOL,4h,405900,2025,24302,False,72.90611175641916,-1.0,0.10973016949152585,-1.1097301694915258
SOL,4h,408806,2025,24302,False,129.61519586617044,2.0,0.030860579064587904,1.969139420935412
SOL,4h,411377,2025,24302,False,193.71925841846402,-1.0,0.04129687499999997,-1.041296875
SOL,4h,411714,2025,24303,False,321.560737254338,2.0,0.012439329608938562,1.9875606703910615
SOL,4h,412350,2025,24303,False,413.1520624524498,-1.0,0.01936333066453161,-1.0193633306645316
SOL,4h,412204,2025,24303,False,247.8647793107571,-1.0,0.03227566265060237,-1.0322756626506024
SOL,4h,412831,2025,24303,False,306.69922070972325,2.0,0.013042093784078494,1.9869579062159215
SOL,4h,414533,2025,24303,False,143.0125287032181,-1.0,0.05593915492957774,-1.0559391549295778
SOL,4h,416032,2025,24303,False,163.57772856199279,-1.0,0.048906413301662614,-1.0489064133016626
SOL,4h,416905,2025,24303,False,111.0691348696637,2.0,0.036013605442176896,1.963986394557823
SOL,4h,416783,2025,24303,False,98.82204126808445,-1.0,0.08095359999999999,-1.0809536
SOL,4h,419383,2025,24303,False,181.05232042565686,-1.0,0.0441861224489798,-1.04418612244898
SOL,4h,418442,2025,24303,False,103.29771751091634,-1.0,0.07744604810996499,-1.077446048109965
SOL,4h,421015,2025,24304,False,94.56819069949151,-1.0,0.08459504132231448,-1.0845950413223144
SOL,4h,422994,2025,24304,False,122.9279993146873,-1.0,0.0650787456445992,-1.0650787456445991
SOL,4h,422379,2025,24304,False,258.02109041956476,2.0,0.015502608695652172,1.9844973913043478
SOL,4h,423229,2025,24304,False,468.7569293538525,2.0,0.008533207190160817,1.9914667928098393
SOL,4h,424102,2025,24304,False,104.4581970121016,2.0,0.03829283018867916,1.9617071698113209
SOL,4h,426093,2025,24304,False,123.10292874729075,2.0,0.03249313432835799,1.9675068656716421
SOL,4h,429827,2025,24305,False,50.090298838042294,2.0,0.07985578231292369,1.9201442176870762
SOL,4h,432971,2025,24305,False,114.13668358619282,-1.0,0.07009140049139964,-1.0700914004913997
SOL,4h,434235,2025,24305,False,79.51287280896211,-1.0,0.10061263940520457,-1.1006126394052045
SOL,4h,436533,2025,24305,False,67.29552513516714,-1.0,0.11887863247863087,-1.1188786324786308
SOL,4h,439542,2025,24306,False,66.10841780520013,-1.0,0.12101333333333406,-1.121013333333334
SOL,4h,439974,2025,24306,False,50.20113700588421,-1.0,0.1593589403973519,-1.1593589403973519
SOL,4h,442309,2025,24306,False,60.28611464137983,2.0,0.06635027027026945,1.9336497297297306
SOL,4h,441788,2025,24306,False,220.98146715549404,2.0,0.018101065449010672,1.9818989345509894
SOL,4h,442331,2025,24306,False,112.57162116616216,2.0,0.035532934131736194,1.9644670658682637
SOL,4h,442640,2025,24306,False,81.40100535106365,-1.0,0.09827888446214954,-1.0982788844621496
SOL,4h,444650,2025,24306,False,135.28437327443456,-1.0,0.059134693877550784,-1.0591346938775508
SOL,4h,445544,2025,24306,False,61.83330320014391,-1.0,0.12938011695906584,-1.1293801169590658
SOL,4h,445470,2025,24306,False,72.58435718585176,2.0,0.05510829268292653,1.9448917073170735
SOL,4h,446160,2025,24306,False,41.518783901424776,2.0,0.09634193548387467,1.9036580645161254
SOL,4h,446722,2025,24307,False,140.73469387755108,-1.0,0.05684454756380508,-1.056844547563805
SOL,4h,447167,2025,24307,False,101.96337238079632,-1.0,0.07845954692556552,-1.0784595469255656
SOL,4h,447516,2025,24307,False,67.97829923524361,2.0,0.058842307692308145,1.9411576923076919
SOL,4h,447823,2025,24307,False,66.92806922660766,2.0,0.05976565656565774,1.9402343434343423
SOL,4h,448635,2025,24307,True,87.40497639061027,-1.0,0.09152796934865853,-1.0915279693486586
SOL,4h,448710,2025,24307,True,67.05140607799284,2.0,0.059655721393035085,1.940344278606965
SOL,4h,450621,2025,24307,True,70.07067999025138,-1.0,0.11417043478260813,-1.1141704347826082
SOL,4h,451317,2025,24307,True,103.74538420960144,-1.0,0.07711186440677922,-1.0771118644067792
SOL,4h,453188,2025,24307,True,70.8542313510075,2.0,0.05645393258426933,1.9435460674157308
SOL,4h,458689,2025,24308,True,63.89072482925736,2.0,0.06260689655172433,1.9373931034482756
SOL,4h,459829,2025,24308,True,203.4664657121327,2.0,0.01965925925925925,1.9803407407407407
SOL,4h,460256,2025,24308,True,176.39790741081617,-1.0,0.04535201192250348,-1.0453520119225035
SOL,4h,461327,2025,24308,True,197.2418216805659,2.0,0.02027967479674782,1.9797203252032523
SOL,4h,462770,2025,24308,True,224.05411118156883,2.0,0.017852830188679208,1.9821471698113209
SOL,4h,461972,2025,24308,True,75.92879453515714,-1.0,0.10536187290970066,-1.1053618729097006
SOL,4h,463022,2025,24308,True,87.71477219957632,-1.0,0.09120470588235355,-1.0912047058823535
SOL,4h,463116,2025,24308,True,71.44515230455852,2.0,0.05598700361010753,1.9440129963898924
SOL,4h,466882,2025,24309,True,97.47420846673678,2.0,0.041036496350365395,1.9589635036496347
SOL,4h,468779,2025,24309,True,112.78682857266381,2.0,0.03546513409961668,1.9645348659003834
SOL,4h,469861,2025,24309,True,104.77058141460995,-1.0,0.0763573122529644,-1.0763573122529644
SOL,4h,472585,2025,24309,True,72.96476160857424,-1.0,0.10964196721311434,-1.1096419672131144
SOL,4h,472764,2025,24309,True,58.87382435568645,2.0,0.06794190871369224,1.9320580912863077
SOL,4h,472693,2025,24309,True,50.80052967376944,-1.0,0.15747867298578097,-1.1574786729857809
SOL,4h,473842,2025,24310,True,74.89900644175144,-1.0,0.10681049562682193,-1.1068104956268219
SOL,4h,474513,2025,24310,True,56.43316265388455,-1.0,0.14176061776061605,-1.141760617760616
SOL,4h,475410,2025,24310,True,66.61666740194957,-1.0,0.12009006622516628,-1.1200900662251663
SOL,4h,475520,2025,24310,True,71.55040648605583,-1.0,0.11180928792569596,-1.111809287925696
SOL,4h,476599,2025,24310,True,317.25888324873097,-1.0,0.025216,-1.025216
SOL,4h,477618,2025,24310,True,227.05365749170016,2.0,0.017616981132075434,1.9823830188679246
SOL,4h,476986,2025,24310,True,223.61846336516015,-1.0,0.03577522123893819,-1.0357752212389382
SOL,4h,477118,2025,24310,True,182.72218769422057,-1.0,0.04378231292516994,-1.04378231292517
SOL,4h,479092,2025,24310,True,68.77358238111786,2.0,0.05816186770428031,1.9418381322957197
SOL,4h,479200,2025,24310,True,144.19267944858132,-1.0,0.055481318681318885,-1.0554813186813188
SOL,4h,479678,2025,24310,True,124.94069270915729,-1.0,0.06403037974683531,-1.0640303797468353
SOL,4h,481197,2025,24310,True,66.74338319907976,-1.0,0.1198620689655166,-1.1198620689655165
SOL,4h,481967,2025,24310,True,125.42094238061195,2.0,0.03189260042283286,1.9681073995771672
SOL,4h,484274,2025,24311,True,166.4935637176225,-1.0,0.04804990548204141,-1.0480499054820414
SOL,4h,485402,2025,24311,True,68.29698171403264,-1.0,0.11713548387096995,-1.11713548387097
SOL,4h,487134,2025,24311,True,135.9810058277564,-1.0,0.05883174603174646,-1.0588317460317465
SOL,4h,487038,2025,24311,True,181.69632884056875,-1.0,0.04402950819672135,-1.0440295081967212
SOL,4h,487573,2025,24311,True,107.8019367805608,-1.0,0.07421016949152426,-1.0742101694915243
SOL,4h,487753,2025,24311,True,185.58326167956457,-1.0,0.043107335907335856,-1.043107335907336
SOL,4h,489135,2025,24311,True,172.0302535963237,2.0,0.02325172413793082,1.9767482758620691
SOL,4h,489902,2025,24311,True,148.9558834010408,-1.0,0.05370717703349273,-1.0537071770334927
SOL,4h,490626,2025,24311,True,76.8291807280837,2.0,0.0520635514018681,1.9479364485981319
SOL,4h,491222,2025,24312,True,136.56160035432157,-1.0,0.0585816216216218,-1.0585816216216217
SOL,4h,491199,2025,24312,True,221.48861847913636,-1.0,0.036119237435008784,-1.0361192374350088
SOL,4h,492102,2025,24312,True,322.41094243198495,-1.0,0.02481305361305366,-1.0248130536130537
SOL,4h,493531,2025,24312,True,184.7218133647329,2.0,0.02165418326693235,1.9783458167330676
SOL,4h,493850,2025,24312,True,142.12322345970756,-1.0,0.05628918205804717,-1.0562891820580471
SOL,4h,495234,2025,24312,True,182.51977619139566,-1.0,0.04383086680761082,-1.0438308668076108
SOL,4h,495810,2025,24312,True,109.05604601925532,-1.0,0.07335677655677607,-1.073356776556776
SOL,4h,495977,2025,24312,True,141.5849304387076,-1.0,0.056503188405797294,-1.0565031884057974
SOL,4h,497251,2025,24312,True,55.62999959394064,-1.0,0.1438072992700755,-1.1438072992700754
SOL,4h,498931,2025,24312,True,62.11671612265057,-1.0,0.12878980891719802,-1.128789808917198
SOL,4h,499300,2025,24312,True,72.47811794526453,2.0,0.055189071038251845,1.9448109289617481
SOL,4h,499200,2025,24312,True,42.19748422617898,-1.0,0.1895847619047598,-1.1895847619047597
SOL,4h,500344,2026,24313,True,43.409780646152484,-1.0,0.18429026548672642,-1.1842902654867264
SOL,4h,502836,2026,24313,True,57.04734566331141,2.0,0.0701171974522296,1.9298828025477703
SOL,4h,502951,2026,24313,True,56.93950177936024,-1.0,0.140499999999998,-1.140499999999998
SOL,4h,505695,2026,24313,True,85.30158850513706,2.0,0.04689244444444444,1.9531075555555555
SOL,4h,506902,2026,24313,True,245.15812699190977,-1.0,0.032632,-1.032632
SOL,4h,507923,2026,24313,True,88.01793573029994,-1.0,0.09089056603773567,-1.0908905660377357
SOL,4h,511425,2026,24314,True,91.84290030211542,-1.0,0.08710526315789414,-1.0871052631578941
SOL,4h,512099,2026,24314,True,97.79796832607627,-1.0,0.08180129032258156,-1.0818012903225815
SOL,4h,515684,2026,24314,True,73.05339431014966,-1.0,0.1095089430894318,-1.1095089430894318
SOL,4h,515109,2026,24314,True,170.95599580324694,2.0,0.023397833935017966,1.976602166064982
SOL,4h,516366,2026,24314,True,84.74576271186524,2.0,0.047199999999999534,1.9528000000000005
SOL,4h,516010,2026,24314,True,151.8463810930572,2.0,0.026342412451361936,1.973657587548638
SOL,4h,516655,2026,24314,True,178.9171115152233,-1.0,0.04471344262295065,-1.0447134426229507
SOL,4h,516549,2026,24314,True,120.48192771084322,-1.0,0.06640000000000008,-1.0664
SOL,4h,517275,2026,24315,True,121.32934763495818,-1.0,0.06593623188405728,-1.0659362318840573
SOL,4h,521724,2026,24315,True,130.0433477825944,-1.0,0.06151794871794863,-1.0615179487179487
SOL,4h,521897,2026,24315,True,52.05194235932372,2.0,0.07684631578947229,1.9231536842105277
SOL,4h,523986,2026,24315,True,56.96058327637275,-1.0,0.140448,-1.140448
SOL,4h,523556,2026,24315,True,62.43438864025611,-1.0,0.1281345132743368,-1.1281345132743368
SOL,4h,525127,2026,24315,True,99.67561191388957,2.0,0.040130177514792954,1.9598698224852071
SOL,4h,525245,2026,24315,True,61.66868198307025,-1.0,0.12972549019608073,-1.1297254901960807
SOL,4h,527040,2026,24316,True,76.4841568532227,2.0,0.05229841269841308,1.9477015873015868
SOL,4h,526287,2026,24316,True,67.98478138838668,-1.0,0.11767339449541245,-1.1176733944954125
SOL,4h,527310,2026,24316,True,89.61127248006851,-1.0,0.08927448275862139,-1.0892744827586214
SOL,4h,527539,2026,24316,True,60.76388888888825,2.0,0.06582857142857211,1.934171428571428
SOL,4h,527790,2026,24316,True,145.7655704132025,-1.0,0.05488264462809944,-1.0548826446280994
SOL,4h,529221,2026,24316,True,121.01605559549375,-1.0,0.0661069306930699,-1.06610693069307
SOL,4h,529546,2026,24316,True,84.17211136617685,-1.0,0.09504335664335807,-1.0950433566433582
SOL,4h,529829,2026,24316,True,66.15475487300507,-1.0,0.12092857142857402,-1.120928571428574
SOL,4h,530230,2026,24316,True,90.44883099152418,2.0,0.04422389937106908,1.955776100628931
SOL,4h,531680,2026,24316,True,67.98834485516755,-1.0,0.11766722689075652,-1.1176672268907566
SOL,4h,531938,2026,24316,True,49.124429289718215,-1.0,0.16285176470588344,-1.1628517647058834
SOL,4h,533962,2026,24316,True,43.47567149067892,2.0,0.09200547945205609,1.9079945205479438
SOL,4h,534490,2026,24317,True,28.179147430901068,2.0,0.1419489361702131,1.858051063829787
SOL,4h,538174,2026,24317,True,150.33137561290974,2.0,0.026607885304659577,1.9733921146953404
SOL,4h,538294,2026,24317,True,54.50185306300415,-1.0,0.14678399999999997,-1.146784
SOL,4h,540823,2026,24317,True,55.403277541260195,-1.0,0.14439578947368595,-1.144395789473686
SOL,4h,540735,2026,24317,True,96.14229059007296,-1.0,0.0832100000000003,-1.0832100000000002
SOL,4h,541650,2026,24317,True,87.20755397846808,2.0,0.045867586206896904,1.954132413793103
SOL,4h,542212,2026,24317,True,50.21432945499039,-1.0,0.15931707317073304,-1.159317073170733
SOL,4h,546014,2026,24318,True,72.46953890260386,-1.0,0.1103912087912092,-1.1103912087912091
SOL,4h,548252,2026,24318,True,211.07416510047622,2.0,0.018950684931506926,1.9810493150684931
SOL,4h,547908,2026,24318,True,55.66379070414774,2.0,0.07185999999999898,1.928140000000001
SOL,4h,547470,2026,24318,True,116.08173240105954,-1.0,0.06891695906432715,-1.0689169590643273
SOL,4h,548646,2026,24318,True,84.18949771689546,-1.0,0.09502372881355878,-1.0950237288135587
SOL,4h,548809,2026,24318,True,74.33628318584151,2.0,0.05380952380952323,1.9461904761904767
SOL,4h,549181,2026,24318,True,55.91219714226564,2.0,0.07154074074074053,1.9284592592592595
SOL,4h,550453,2026,24318,True,83.49844324936363,2.0,0.04790508474576243,1.9520949152542375
SOL,1h,505,2021,24256,False,132.29760893312337,2.0,0.030234862385321006,1.969765137614679
SOL,1h,1663,2021,24256,False,226.63660394961843,2.0,0.017649399656946875,1.982350600343053
SOL,1h,2931,2021,24256,False,126.39301795928368,-1.0,0.06329463548830778,-1.0632946354883077
SOL,1h,4682,2021,24256,False,158.69761338472912,-1.0,0.0504103359173126,-1.0504103359173127
SOL,1h,4748,2021,24256,False,225.347242233876,-1.0,0.03550076726342727,-1.0355007672634273
SOL,1h,9201,2021,24257,False,104.10142329539303,2.0,0.038424066390041554,1.9615759336099585
SOL,1h,9243,2021,24257,False,107.8739113134974,-1.0,0.07416065573770499,-1.074160655737705
SOL,1h,10299,2021,24257,False,173.8812952102778,-1.0,0.04600839895013121,-1.0460083989501312
SOL,1h,16879,2021,24257,False,182.56454574916333,2.0,0.02191005917159757,1.9780899408284025
SOL,1h,17203,2021,24257,False,172.29475269896935,-1.0,0.046432058287796334,-1.0464320582877964
SOL,1h,22935,2021,24258,False,158.9361012001302,-1.0,0.05033469387755088,-1.0503346938775509
SOL,1h,24614,2021,24258,False,247.73584240758342,-1.0,0.03229246088193459,-1.0322924608819346
SOL,1h,25335,2021,24258,False,221.86737091003909,2.0,0.01802878892733572,1.9819712110726644
SOL,1h,25721,2021,24258,False,129.48162025775446,-1.0,0.06178483080513423,-1.0617848308051343
SOL,1h,27482,2021,24259,False,90.07404769324361,-1.0,0.08881581548599679,-1.0888158154859968
SOL,1h,27943,2021,24259,False,130.76740185451982,2.0,0.030588663101604206,1.9694113368983959
SOL,1h,29318,2021,24259,False,80.51425232127819,2.0,0.0496806451612901,1.9503193548387099
SOL,1h,29555,2021,24259,False,89.62438320298058,-1.0,0.08926142322097397,-1.0892614232209739
SOL,1h,30033,2021,24259,False,225.88717397511024,-1.0,0.03541591078066917,-1.035415910780669
SOL,1h,31636,2021,24259,False,115.84454409566514,2.0,0.03452903225806452,1.9654709677419355
SOL,1h,32519,2021,24259,False,121.16761520102878,-1.0,0.06602424242424204,-1.066024242424242
SOL,1h,34274,2021,24259,False,120.85668923954286,2.0,0.0330970509383377,1.9669029490616623
SOL,1h,34402,2021,24259,False,147.7423373636385,2.0,0.027074162162162036,1.972925837837838
SOL,1h,36732,2021,24260,False,91.30937382291475,2.0,0.043807112375533246,1.9561928876244667
SOL,1h,37408,2021,24260,False,96.3290127259144,2.0,0.04152435374149663,1.9584756462585033
SOL,1h,38314,2021,24260,False,150.99363164270042,-1.0,0.05298236695790308,-1.052982366957903
SOL,1h,39656,2021,24260,False,409.15503997491726,-1.0,0.01955249042145596,-1.019552490421456
SOL,1h,41933,2021,24260,False,202.407630868242,-1.0,0.03952420156139089,-1.0395242015613908
SOL,1h,50574,2021,24261,False,228.84859766247146,-1.0,0.034957609885812764,-1.0349576098858129
SOL,1h,54201,2021,24262,False,119.47203528237948,2.0,0.03348063829787243,1.9665193617021275
SOL,1h,55051,2021,24262,False,76.37464721727666,-1.0,0.10474680134679987,-1.1047468013467998
SOL,1h,56557,2021,24262,False,139.14145414224603,2.0,0.028747723132969062,1.9712522768670309
SOL,1h,57089,2021,24262,False,68.61441057647956,2.0,0.05829679168549422,1.9417032083145058
SOL,1h,58231,2021,24262,False,158.59592118330653,2.0,0.025221329591299926,1.9747786704087
SOL,1h,58719,2021,24262,False,209.92942645561155,2.0,0.019054022428083843,1.9809459775719163
SOL,1h,60418,2021,24262,False,136.11766918078655,2.0,0.02938633921719116,1.9706136607828089
SOL,1h,67136,2021,24263,False,109.98904116045932,2.0,0.03636725948146538,1.9636327405185345
SOL,1h,67408,2021,24263,False,140.8168846849124,-1.0,0.05681136901942234,-1.0568113690194223
SOL,1h,68712,2021,24263,False,187.55102040816263,-1.0,0.042655059847660645,-1.0426550598476607
SOL,1h,69889,2021,24263,False,117.17131303316556,2.0,0.0341380487804877,1.9658619512195123
SOL,1h,71143,2021,24264,False,219.16578855820515,-1.0,0.03650204738900384,-1.0365020473890039
SOL,1h,73413,2021,24264,False,83.31123231437988,-1.0,0.09602546712802813,-1.096025467128028
SOL,1h,76789,2021,24264,False,74.15265646371965,2.0,0.05394277414669645,1.9460572258533035
SOL,1h,78828,2021,24264,False,65.63633333141728,-1.0,0.12188371278458886,-1.1218837127845889
SOL,1h,79949,2022,24265,False,71.08792026570495,2.0,0.056268350305498045,1.9437316496945019
SOL,1h,80742,2022,24265,False,127.60915139914472,2.0,0.03134571428571391,1.9686542857142861
SOL,1h,81218,2022,24265,False,169.23958974794493,-1.0,0.04727026348808047,-1.0472702634880804
SOL,1h,84140,2022,24265,False,79.33762808595264,-1.0,0.10083487738419626,-1.1008348773841963
SOL,1h,84231,2022,24265,False,100.2099637335376,-1.0,0.07983238095238042,-1.0798323809523804
SOL,1h,86491,2022,24265,False,167.9830904438764,-1.0,0.0476238410596025,-1.0476238410596026
SOL,1h,87720,2022,24265,False,88.95502286328761,-1.0,0.08993308913308884,-1.0899330891330887
SOL,1h,87957,2022,24266,False,131.8421356310339,2.0,0.030339314369073774,1.9696606856309262
SOL,1h,88370,2022,24266,False,136.4637917307019,-1.0,0.05862360922659416,-1.0586236092265942
SOL,1h,89662,2022,24266,False,107.59115361625867,-1.0,0.07435555555555524,-1.0743555555555553
SOL,1h,90613,2022,24266,False,122.77548085565338,-1.0,0.06515959004392388,-1.065159590043924
SOL,1h,91667,2022,24266,False,81.22529331355851,2.0,0.04924574398960405,1.9507542560103959
SOL,1h,92392,2022,24266,False,69.84693119334207,-1.0,0.11453617021276624,-1.1145361702127663
SOL,1h,92477,2022,24266,False,107.77958260714973,-1.0,0.07422556115437495,-1.074225561154375
SOL,1h,93772,2022,24266,False,135.3826857592369,-1.0,0.059091751320601765,-1.0590917513206017
SOL,1h,96279,2022,24267,False,202.48068440839452,2.0,0.01975497076023399,1.980245029239766
SOL,1h,97254,2022,24267,False,89.41687778215096,-1.0,0.08946856788592687,-1.0894685678859268
SOL,1h,98440,2022,24267,False,181.00493755445748,-1.0,0.04419768934531471,-1.0441976893453147
SOL,1h,99888,2022,24267,False,73.0045729513992,-1.0,0.10958217652099385,-1.109582176520994
SOL,1h,100188,2022,24267,False,81.51881157303742,-1.0,0.0981368575624086,-1.0981368575624086
SOL,1h,101073,2022,24267,False,117.7958466471563,2.0,0.03395705463182869,1.9660429453681714
SOL,1h,102454,2022,24267,False,69.05022562815446,-1.0,0.11585769528228868,-1.1158576952822887
SOL,1h,103780,2022,24267,False,62.589827993879844,2.0,0.06390814814814842,1.9360918518518515
SOL,1h,107687,2022,24268,False,79.20113219820469,-1.0,0.10100865704772516,-1.101008657047725
SOL,1h,109902,2022,24268,False,191.18181451124389,-1.0,0.04184498416050707,-1.041844984160507
SOL,1h,110488,2022,24268,False,112.20323316832342,2.0,0.03564959660297255,1.9643504033970274
SOL,1h,111809,2022,24268,False,69.70945911565687,2.0,0.05738102189781003,1.9426189781021899
SOL,1h,112413,2022,24268,False,67.69392065244183,-1.0,0.11817900223380585,-1.1181790022338058
SOL,1h,113519,2022,24269,False,210.87125665184342,-1.0,0.03793784002154598,-1.037937840021546
SOL,1h,113693,2022,24269,False,95.23488272729253,-1.0,0.08400283353010682,-1.0840028335301068
SOL,1h,114793,2022,24269,False,145.0837107754827,-1.0,0.05514058027079287,-1.055140580270793
SOL,1h,115940,2022,24269,False,113.06970922000507,2.0,0.035376406533574885,1.9646235934664251
SOL,1h,119426,2022,24269,False,107.51632382542087,2.0,0.03720365296803657,1.9627963470319634
SOL,1h,120843,2022,24269,False,115.69036727805677,-1.0,0.06915009596928971,-1.0691500959692897
SOL,1h,124374,2022,24270,False,192.1450151057406,2.0,0.020817610062893035,1.979182389937107
SOL,1h,124867,2022,24270,False,113.67895065583969,2.0,0.03518681318681331,1.9648131868131866
SOL,1h,127421,2022,24270,False,154.26343448042107,-1.0,0.05185934065934044,-1.0518593406593404
SOL,1h,127601,2022,24270,False,184.97299066950444,-1.0,0.0432495575221238,-1.043249557522124
SOL,1h,128402,2022,24270,False,163.66387016916678,-1.0,0.048880672268907084,-1.048880672268907
SOL,1h,129619,2022,24270,False,161.3098847786535,-1.0,0.049593984962406086,-1.049593984962406
SOL,1h,130286,2022,24270,False,111.70347804011112,-1.0,0.07161818181818219,-1.0716181818181822
SOL,1h,132475,2022,24271,False,117.81405251951715,2.0,0.033951807228915734,1.9660481927710842
SOL,1h,134275,2022,24271,False,95.32189470596946,2.0,0.041963076923076555,1.9580369230769235
SOL,1h,134673,2022,24271,False,164.2803315749817,-1.0,0.048697247706421865,-1.0486972477064218
SOL,1h,135845,2022,24271,False,174.44114226644197,2.0,0.022930370370370465,1.9770696296296295
SOL,1h,136167,2022,24271,False,117.55877938969633,2.0,0.03402553191489319,1.9659744680851068
SOL,1h,136214,2022,24271,False,112.82300133446469,-1.0,0.070907526881721,-1.070907526881721
SOL,1h,139257,2022,24271,False,141.90418435415424,2.0,0.028188034188034148,1.971811965811966
SOL,1h,140692,2022,24272,False,119.50227916717985,2.0,0.03347216494845365,1.9665278350515463
SOL,1h,143576,2022,24272,False,147.1542956070114,2.0,0.027182352941176484,1.9728176470588235
SOL,1h,143968,2022,24272,False,79.17308115240806,2.0,0.0505222222222223,1.9494777777777776
SOL,1h,145351,2022,24272,False,170.71218991731143,2.0,0.02343124999999998,1.97656875
SOL,1h,148075,2022,24272,False,105.19501537465587,2.0,0.03802461538461547,1.9619753846153845
SOL,1h,148553,2022,24272,False,147.65944077913883,-1.0,0.05417872340425545,-1.0541787234042554
SOL,1h,149387,2022,24273,False,59.786028949024946,-1.0,0.13381052631578857,-1.1338105263157885
SOL,1h,152359,2022,24273,False,140.2314499659634,2.0,0.02852427184466016,1.97147572815534
SOL,1h,154090,2022,24273,False,121.27894156560137,2.0,0.03298181818181805,1.967018181818182
SOL,1h,154962,2022,24273,False,79.19831905608451,-1.0,0.10101224489796023,-1.1010122448979602
SOL,1h,161194,2022,24274,False,51.48646404251823,-1.0,0.1553806451612892,-1.1553806451612891
SOL,1h,161142,2022,24274,False,53.01864203865269,0.0,0.15089032258064405,-0.15089032258064405
SOL,1h,161451,2022,24274,False,115.71841851494678,-1.0,0.06913333333333345,-1.0691333333333335
SOL,1h,162119,2022,24274,False,51.5549642441369,-1.0,0.15517419354838952,-1.1551741935483895
SOL,1h,164006,2022,24274,False,40.75846181109284,-1.0,0.19627826086956784,-1.196278260869568
SOL,1h,164335,2022,24274,False,72.47657769135525,-1.0,0.11038048780487895,-1.1103804878048789
SOL,1h,167020,2022,24275,False,53.807272134354854,-1.0,0.14867878787878863,-1.1486787878787887
SOL,1h,167841,2022,24275,False,327.4139844617091,-1.0,0.024433898305084755,-1.0244338983050847
SOL,1h,168674,2022,24275,False,181.81818181818204,-1.0,0.04399999999999995,-1.044
SOL,1h,168905,2022,24275,False,715.3200115841294,-1.0,0.0111838056680162,-1.0111838056680162
SOL,1h,169517,2022,24275,False,565.6496400411388,2.0,0.007071515151515144,1.992928484848485
SOL,1h,170403,2022,24275,False,434.13729128014904,2.0,0.0092136752136752,1.990786324786325
SOL,1h,171254,2022,24275,False,108.73640794900604,-1.0,0.07357241379310368,-1.0735724137931038
SOL,1h,172013,2022,24275,False,69.12442396313354,-1.0,0.11573333333333351,-1.1157333333333335
SOL,1h,173830,2022,24275,False,82.41758241758188,-1.0,0.0970666666666673,-1.0970666666666673
SOL,1h,174416,2022,24275,False,336.4140480591497,-1.0,0.023780219780219783,-1.0237802197802197
SOL,1h,174675,2022,24275,False,73.691967575534,-1.0,0.1085600000000004,-1.1085600000000004
SOL,1h,174862,2022,24275,False,81.12094395280194,-1.0,0.09861818181818233,-1.0986181818181824
SOL,1h,176091,2022,24276,False,37.36920777279442,2.0,0.10704000000000229,1.8929599999999978
SOL,1h,176343,2022,24276,False,65.02890173410394,2.0,0.06151111111111121,1.9384888888888887
SOL,1h,176995,2022,24276,False,76.50273224043747,2.0,0.052285714285714074,1.947714285714286
SOL,1h,177256,2022,24276,False,48.453224002981365,2.0,0.08255384615384678,1.9174461538461531
SOL,1h,177571,2022,24276,False,50.83514887436477,-1.0,0.1573714285714279,-1.1573714285714278
SOL,1h,178390,2022,24276,False,121.02874432677771,-1.0,0.06609999999999995,-1.0661
SOL,1h,178774,2022,24276,False,172.60374586852694,2.0,0.02317446808510644,1.9768255319148935
SOL,1h,179077,2022,24276,False,83.62369337979162,-1.0,0.09566666666666589,-1.095666666666666
SOL,1h,181397,2022,24276,False,71.27882599580634,-1.0,0.1122352941176483,-1.1122352941176483
SOL,1h,181945,2022,24276,False,160.2425292334348,2.0,0.0249621621621621,1.975037837837838
SOL,1h,183057,2022,24276,False,343.3600928523072,2.0,0.011649577464788717,1.9883504225352113
SOL,1h,183440,2022,24276,False,137.73490213572737,-1.0,0.05808259109311743,-1.0580825910931175
SOL,1h,183437,2022,24276,False,147.6101218369253,-1.0,0.054196825396825646,-1.0541968253968257
SOL,1h,187886,2023,24277,False,202.22557442994187,-1.0,0.03955978378378391,-1.039559783783784
SOL,1h,188580,2023,24277,False,134.84233334034505,-1.0,0.059328549141965836,-1.059328549141966
SOL,1h,189795,2023,24277,False,119.9590089818543,2.0,0.03334472361809077,1.9666552763819092
SOL,1h,190386,2023,24277,False,117.39333889442847,-1.0,0.06814696707105657,-1.0681469670710566
SOL,1h,191032,2023,24277,False,103.32213831903587,-1.0,0.07742774327122201,-1.077427743271222
SOL,1h,191119,2023,24277,False,115.88912000679191,-1.0,0.0690315018315019,-1.069031501831502
SOL,1h,191141,2023,24277,False,88.90770533446269,-1.0,0.08998095238095201,-1.089980952380952
SOL,1h,192410,2023,24277,False,126.25470514429077,-1.0,0.06336397515527967,-1.0633639751552797
SOL,1h,192562,2023,24277,False,174.43511419415023,2.0,0.02293116279069769,1.9770688372093024
SOL,1h,195347,2023,24278,False,101.3675885874074,2.0,0.03946034482758633,1.9605396551724137
SOL,1h,196019,2023,24278,False,84.36048914496908,-1.0,0.094831123919308,-1.094831123919308
SOL,1h,196394,2023,24278,False,68.0656633458163,-1.0,0.11753356401384024,-1.1175335640138402
SOL,1h,197446,2023,24278,False,89.2799518103406,2.0,0.04480289156626439,1.9551971084337356
SOL,1h,199827,2023,24278,False,81.76263017471439,2.0,0.04892210526315756,1.9510778947368423
SOL,1h,200637,2023,24278,False,72.7003613251498,-1.0,0.11004071856287319,-1.1100407185628731
SOL,1h,201768,2023,24279,False,213.7945600901162,2.0,0.018709549945115377,1.9812904500548847
SOL,1h,202207,2023,24279,False,70.19119419563826,-1.0,0.11397441077440917,-1.1139744107744092
SOL,1h,204521,2023,24279,False,159.04776563542083,-1.0,0.050299354838709884,-1.0502993548387098
SOL,1h,204861,2023,24279,False,230.97690230976892,2.0,0.017317748917748926,1.982682251082251
SOL,1h,204999,2023,24279,False,266.8238577581026,-1.0,0.02998232642019833,-1.0299823264201984
SOL,1h,208943,2023,24279,False,124.37625679600747,-1.0,0.06432095808383263,-1.0643209580838326
SOL,1h,210624,2023,24280,False,56.497175141242735,-1.0,0.1416000000000005,-1.1416000000000004
SOL,1h,210771,2023,24280,False,53.574907461523196,-1.0,0.14932363636363713,-1.1493236363636372
SOL,1h,211140,2023,24280,False,44.098819289677074,2.0,0.09070537634408604,1.909294623655914
SOL,1h,212074,2023,24280,False,29.143190207889194,-1.0,0.27450666666665624,-1.2745066666666562
SOL,1h,213115,2023,24280,False,112.21179977206988,2.0,0.03564687499999997,1.9643531250000001
SOL,1h,217388,2023,24280,False,65.83108820428694,2.0,0.060761565836299186,1.9392384341637008
SOL,1h,217446,2023,24280,False,275.30419414043996,-1.0,0.029058765432098677,-1.0290587654320986
SOL,1h,219625,2023,24281,False,83.97977162993921,-1.0,0.09526103542234401,-1.095261035422344
SOL,1h,219765,2023,24281,False,45.41119840152485,2.0,0.08808400000000187,1.9119159999999982
SOL,1h,220497,2023,24281,False,67.82924044682171,-1.0,0.1179432343234334,-1.1179432343234335
SOL,1h,220915,2023,24281,False,70.46148666522359,2.0,0.056768600682594005,1.943231399317406
SOL,1h,221391,2023,24281,False,58.17711700064691,-1.0,0.13751111111110995,-1.13751111111111
SOL,1h,221413,2023,24281,False,67.66611673002923,-1.0,0.11822756183745531,-1.1182275618374553
SOL,1h,224751,2023,24281,False,39.32839207381786,-1.0,0.2034153846153769,-1.203415384615377
SOL,1h,225428,2023,24281,False,67.75525038290691,2.0,0.05903601532567147,1.9409639846743285
SOL,1h,226396,2023,24281,False,31.911524688801787,-1.0,0.25069312977099195,-1.250693129770992
SOL,1h,227007,2023,24281,False,41.53385492127985,2.0,0.09630697674418374,1.9036930232558162
SOL,1h,230323,2023,24282,False,385.89105753284883,2.0,0.010365619834710738,1.9896343801652892
SOL,1h,231585,2023,24282,False,184.87849393314653,-1.0,0.04327166361974401,-1.043271663619744
SOL,1h,232302,2023,24282,False,91.75481075570178,-1.0,0.08718888888888987,-1.0871888888888899
SOL,1h,232853,2023,24282,False,68.77579092159556,-1.0,0.11632000000000006,-1.11632
SOL,1h,234331,2023,24282,False,113.03331034689396,-1.0,0.07077559681697698,-1.070775596816977
SOL,1h,234467,2023,24282,False,109.86407651988364,-1.0,0.07281725067385542,-1.0728172506738554
SOL,1h,235094,2023,24282,False,93.48612786489817,-1.0,0.08557419354838645,-1.0855741935483865
SOL,1h,235749,2023,24282,False,69.36220605650544,-1.0,0.11533658536585263,-1.1153365853658526
SOL,1h,237593,2023,24283,False,73.44005917472359,-1.0,0.10893237410071994,-1.10893237410072
SOL,1h,240102,2023,24283,False,397.1490502957491,-1.0,0.020143570767807595,-1.0201435707678077
SOL,1h,242558,2023,24283,False,105.40742084366167,-1.0,0.07589598470363346,-1.0758959847036333
SOL,1h,244831,2023,24283,False,106.75288232782255,2.0,0.03746971428571439,1.9625302857142857
SOL,1h,245413,2023,24284,False,61.25702777544717,-1.0,0.1305972602739719,-1.130597260273972
SOL,1h,249702,2023,24284,False,101.34257254222527,2.0,0.039470085470085785,1.9605299145299142
SOL,1h,253618,2023,24284,False,200.74349442379093,-1.0,0.03985185185185203,-1.039851851851852
SOL,1h,253869,2023,24284,False,75.86893641234775,2.0,0.05272249999999994,1.9472775
SOL,1h,257826,2023,24285,False,107.58457864942353,2.0,0.03718004987531206,1.962819950124688
SOL,1h,258495,2023,24285,False,78.731864022963,-1.0,0.1016107023411349,-1.101610702341135
SOL,1h,259353,2023,24285,False,61.260720626108935,-1.0,0.1305893877551034,-1.1305893877551034
SOL,1h,261506,2023,24285,False,35.093232767651465,2.0,0.1139820895522385,1.8860179104477615
SOL,1h,261678,2023,24285,False,45.707680991909086,-1.0,0.17502528735632233,-1.1750252873563223
SOL,1h,261788,2023,24285,False,60.162176301333204,-1.0,0.13297391304348008,-1.1329739130434802
SOL,1h,262899,2023,24286,False,66.8764752163645,-1.0,0.11962352941176572,-1.1196235294117658
SOL,1h,263168,2023,24286,False,167.08687662920462,-1.0,0.047879283887467816,-1.0478792838874678
SOL,1h,268599,2023,24286,False,120.23000522739113,2.0,0.03326956521739142,1.9667304347826087
SOL,1h,269078,2023,24286,False,95.18790553670759,-1.0,0.08404429065744005,-1.0840442906574401
SOL,1h,269467,2023,24286,False,185.04617995496122,-1.0,0.04323245149911842,-1.0432324514991185
SOL,1h,271819,2023,24287,False,214.88961953968982,-1.0,0.03722841530054648,-1.0372284153005464
SOL,1h,273614,2023,24287,False,126.03102848419556,2.0,0.031738215962441384,1.9682617840375587
SOL,1h,274083,2023,24287,False,107.17175914787559,-1.0,0.07464653061224459,-1.0746465306122446
SOL,1h,274711,2023,24287,False,224.29261559696295,-1.0,0.035667692307692386,-1.0356676923076924
SOL,1h,275822,2023,24287,False,175.3810850680217,2.0,0.022807476635514013,1.977192523364486
SOL,1h,276917,2023,24287,False,112.81360498400433,2.0,0.03545671641791036,1.9645432835820897
SOL,1h,278635,2023,24287,False,131.0195227765731,2.0,0.03052980132450321,1.9694701986754968
SOL,1h,279775,2023,24287,False,97.11961484186949,2.0,0.041186324786324724,1.9588136752136753
SOL,1h,281798,2023,24288,False,145.3253673502339,2.0,0.027524444444444487,1.9724755555555555
SOL,1h,284130,2023,24288,False,130.78979695064484,2.0,0.03058342541436508,1.969416574585635
SOL,1h,289154,2024,24289,False,82.36268824016754,-1.0,0.09713136094674568,-1.0971313609467457
SOL,1h,290763,2024,24289,False,138.57053552823487,2.0,0.028866165413533873,1.9711338345864662
SOL,1h,292106,2024,24289,False,167.42770167427756,2.0,0.023890909090909015,1.976109090909091
SOL,1h,292837,2024,24289,False,104.10027618440662,-1.0,0.07684897959183642,-1.0768489795918363
SOL,1h,297008,2024,24289,False,98.95806063144745,2.0,0.040421164021163705,1.9595788359788362
SOL,1h,298550,2024,24290,False,82.54599701640959,-1.0,0.0969156626506026,-1.0969156626506027
SOL,1h,300298,2024,24290,False,77.0656521314986,2.0,0.05190379746835495,1.948096202531645
SOL,1h,302684,2024,24290,False,81.74140811994772,2.0,0.04893480662983419,1.9510651933701657
SOL,1h,302933,2024,24290,False,77.21115169448368,-1.0,0.10361197604790497,-1.103611976047905
SOL,1h,304146,2024,24290,False,93.06834706737837,-1.0,0.08595833333333262,-1.0859583333333327
SOL,1h,306733,2024,24291,False,206.2815044590935,-1.0,0.03878195488721789,-1.038781954887218
SOL,1h,307867,2024,24291,False,261.96572779200335,2.0,0.015269172932330816,1.9847308270676691
SOL,1h,309493,2024,24291,False,145.42461242968886,2.0,0.027505660377358434,1.9724943396226415
SOL,1h,312416,2024,24291,False,208.02251935256825,-1.0,0.03845737483085257,-1.0384573748308525
SOL,1h,314883,2024,24291,False,110.01944529730865,-1.0,0.07271441860465097,-1.0727144186046509
SOL,1h,318124,2024,24292,False,89.74091410512649,-1.0,0.0891455149501647,-1.0891455149501648
SOL,1h,319109,2024,24292,False,158.54331432775436,2.0,0.025229698375870056,1.97477030162413
SOL,1h,319443,2024,24292,False,283.3869532479969,2.0,0.014114975845410672,1.9858850241545893
SOL,1h,320585,2024,24292,False,172.9287268168577,-1.0,0.046261833688699384,-1.0462618336886993
SOL,1h,323736,2024,24292,False,87.98298995527448,-1.0,0.09092666666666753,-1.0909266666666675
SOL,1h,325569,2024,24293,False,164.30147179875567,2.0,0.024345490981963886,1.9756545090180362
SOL,1h,326312,2024,24293,False,94.74710881984011,-1.0,0.084435294117648,-1.084435294117648
SOL,1h,327537,2024,24293,False,60.11315417255971,-1.0,0.13308235294117737,-1.1330823529411773
SOL,1h,330136,2024,24293,False,80.09344234940752,-1.0,0.09988333333333348,-1.0998833333333335
SOL,1h,330636,2024,24293,False,89.84700175101173,-1.0,0.08904025559105444,-1.0890402555910543
SOL,1h,332784,2024,24293,False,61.38590485184701,-1.0,0.13032307692307793,-1.1303230769230779
SOL,1h,336312,2024,24294,False,166.76842003791646,-1.0,0.04797071290944125,-1.0479707129094413
SOL,1h,337927,2024,24294,False,160.97454861866427,2.0,0.02484864864864866,1.9751513513513514
SOL,1h,338365,2024,24294,False,116.57261657261607,-1.0,0.06862675159235698,-1.0686267515923569
SOL,1h,340772,2024,24294,False,246.96932856299327,-1.0,0.03239268635724326,-1.0323926863572432
SOL,1h,342182,2024,24295,False,70.17543859649138,-1.0,0.11399999999999975,-1.1139999999999997
SOL,1h,342861,2024,24295,False,127.65632166335546,-1.0,0.06266826347305329,-1.0626682634730533
SOL,1h,343758,2024,24295,False,216.2400706090025,2.0,0.018497959183673484,1.9815020408163264
SOL,1h,346368,2024,24295,False,77.43573468740075,-1.0,0.10331147540983616,-1.103311475409836
SOL,1h,346732,2024,24295,False,68.51037083595246,-1.0,0.11677064220183447,-1.1167706422018344
SOL,1h,347407,2024,24295,False,77.13129784323526,2.0,0.05185962264150877,1.9481403773584913
SOL,1h,347684,2024,24295,False,92.32994048612251,-1.0,0.0866457831325303,-1.0866457831325302
SOL,1h,348006,2024,24295,False,83.13371847259371,2.0,0.04811525423728833,1.9518847457627118
SOL,1h,349817,2024,24295,False,57.78171947647166,-1.0,0.13845209302325362,-1.1384520930232536
SOL,1h,349799,2024,24295,False,67.48772353667165,-1.0,0.11854007782101199,-1.118540077821012
SOL,1h,350757,2024,24296,False,119.7103010714072,-1.0,0.066828,-1.066828
SOL,1h,351590,2024,24296,False,201.7618641659565,-1.0,0.039650704225352065,-1.039650704225352
SOL,1h,354799,2024,24296,False,77.21339288805852,2.0,0.05180448430493231,1.9481955156950677
SOL,1h,354791,2024,24296,False,90.93472437614493,-1.0,0.08797519379845016,-1.08797519379845
SOL,1h,356188,2024,24296,False,80.27243979567025,2.0,0.04983030303030297,1.950169696969697
SOL,1h,359071,2024,24296,False,73.04601899196493,-1.0,0.10952000000000002,-1.10952
SOL,1h,359831,2024,24297,False,97.0947432299174,-1.0,0.08239374999999993,-1.08239375
SOL,1h,360466,2024,24297,False,102.30179028133095,-1.0,0.07819999999999921,-1.0781999999999992
SOL,1h,360761,2024,24297,False,86.51711201286454,-1.0,0.09246725663716619,-1.0924672566371663
SOL,1h,365067,2024,24297,False,90.07157779375991,2.0,0.04440912547528524,1.9555908745247148
SOL,1h,366395,2024,24297,False,114.46962407511825,-1.0,0.06988753623188429,-1.0698875362318843
SOL,1h,368995,2024,24298,False,78.90470185552145,-1.0,0.10138812785388138,-1.1013881278538813
SOL,1h,369902,2024,24298,False,64.31085838071951,-1.0,0.12439578947368571,-1.1243957894736858
SOL,1h,371777,2024,24298,False,40.24007638794185,-1.0,0.19880677966101581,-1.1988067796610158
SOL,1h,371800,2024,24298,False,36.762203009053856,2.0,0.108807407407409,1.891192592592591
SOL,1h,373461,2024,24298,False,30.878095850755216,2.0,0.1295416666666694,1.8704583333333307
SOL,1h,373990,2024,24298,False,67.4171202375064,2.0,0.05933211009174293,1.940667889908257
SOL,1h,373981,2024,24298,False,77.16749886518419,-1.0,0.10367058823529365,-1.1036705882352937
SOL,1h,377159,2024,24299,False,59.22288025422538,2.0,0.06754146341463377,1.9324585365853661
SOL,1h,377619,2024,24299,False,41.66156108320101,2.0,0.09601176470588138,1.9039882352941186
SOL,1h,382387,2024,24299,False,78.47094927192968,-1.0,0.10194855643044615,-1.101948556430446
SOL,1h,386643,2024,24300,False,93.81185988467196,-1.0,0.0852770642201832,-1.0852770642201832
SOL,1h,387053,2024,24300,False,105.0979024028606,2.0,0.03805975103734446,1.9619402489626556
SOL,1h,389992,2024,24300,False,83.96154019771522,-1.0,0.09528172043010828,-1.0952817204301082
SOL,1h,390416,2024,24300,False,85.80858085808667,-1.0,0.0932307692307683,-1.0932307692307683
SOL,1h,392042,2024,24300,False,130.1976262916975,-1.0,0.06144505263157895,-1.0614450526315788
SOL,1h,393229,2024,24300,False,77.91937039063949,-1.0,0.10267023411371207,-1.102670234113712
SOL,1h,394196,2024,24300,False,63.926940639269105,-1.0,0.12514285714285772,-1.1251428571428577
SOL,1h,394245,2024,24300,False,68.57625151658928,-1.0,0.11665846153846307,-1.1166584615384632
SOL,1h,394374,2024,24300,False,79.15976821192059,-1.0,0.10106143790849666,-1.1010614379084966
SOL,1h,395529,2025,24301,False,54.769087955441094,-1.0,0.14606779661017216,-1.1460677966101722
SOL,1h,397709,2025,24301,False,57.635363790186304,-1.0,0.1388036697247702,-1.13880366972477
SOL,1h,399056,2025,24301,False,267.0594484956779,2.0,0.014977938517179018,1.985022061482821
SOL,1h,402563,2025,24301,False,96.54394376586441,-1.0,0.08286382022471932,-1.0828638202247194
SOL,1h,403846,2025,24302,False,71.32936274394477,-1.0,0.11215577557755665,-1.1121557755775566
SOL,1h,405509,2025,24302,False,112.05714137832977,-1.0,0.07139214780600395,-1.071392147806004
SOL,1h,406859,2025,24302,False,73.08254481113845,-1.0,0.10946526315789604,-1.109465263157896
SOL,1h,408503,2025,24302,False,98.30468566046714,2.0,0.04068982035928105,1.9593101796407189
SOL,1h,411404,2025,24302,False,125.13034410844682,-1.0,0.06393333333333306,-1.063933333333333
SOL,1h,411676,2025,24303,False,143.68932038834927,-1.0,0.055675675675675766,-1.0556756756756758
SOL,1h,412063,2025,24303,False,138.90566493537764,2.0,0.028796521739130648,1.9712034782608694
SOL,1h,412292,2025,24303,False,183.91980975888612,2.0,0.0217486088379707,1.9782513911620292
SOL,1h,416948,2025,24303,False,57.78120184899846,2.0,0.06922666666666667,1.9307733333333332
SOL,1h,420613,2025,24304,False,67.42453939631513,-1.0,0.11865116279069775,-1.1186511627906977
SOL,1h,421013,2025,24304,False,70.49345417925451,-1.0,0.11348571428571472,-1.1134857142857146
SOL,1h,421516,2025,24304,False,129.48164608350075,-1.0,0.061784818481848164,-1.0617848184818481
SOL,1h,423226,2025,24304,False,402.5864741574031,-1.0,0.019871507150715062,-1.019871507150715
SOL,1h,423299,2025,24304,False,95.63148206348471,-1.0,0.08365446009389692,-1.0836544600938969
SOL,1h,425129,2025,24304,False,101.02562132677737,2.0,0.03959391634980996,1.96040608365019
SOL,1h,426281,2025,24304,False,100.8795548375517,-1.0,0.07930249110320278,-1.0793024911032028
SOL,1h,426475,2025,24304,False,82.65067290813309,-1.0,0.09679292035398268,-1.0967929203539826
SOL,1h,428430,2025,24304,False,73.33967132962,-1.0,0.10908148148148308,-1.1090814814814831
SOL,1h,429072,2025,24304,False,81.8016907964556,-1.0,0.09779748953974718,-1.097797489539747
SOL,1h,430325,2025,24305,False,41.16638078902191,-1.0,0.1943333333333352,-1.1943333333333352
SOL,1h,430440,2025,24305,False,50.240880935993786,2.0,0.07961643835616551,1.9203835616438345
SOL,1h,431570,2025,24305,False,96.14250324407193,2.0,0.04160490797546024,1.9583950920245399
SOL,1h,434302,2025,24305,False,76.03686635944662,2.0,0.05260606060606087,1.9473939393939392
SOL,1h,435592,2025,24305,False,73.47558495784064,-1.0,0.10887970479704652,-1.1088797047970465
SOL,1h,435633,2025,24305,False,187.04166552226107,2.0,0.021385609397944188,1.978614390602056
SOL,1h,436079,2025,24305,False,75.90132827324439,2.0,0.052700000000000274,1.9472999999999998
SOL,1h,437100,2025,24305,False,51.931380557825584,2.0,0.07702471910112231,1.9229752808988776
SOL,1h,437502,2025,24305,False,56.99042075906376,2.0,0.07018723404255336,1.9298127659574467
SOL,1h,439542,2025,24306,False,59.368321063880316,-1.0,0.13475199999999998,-1.134752
SOL,1h,440377,2025,24306,False,39.59611958028076,-1.0,0.2020400000000019,-1.202040000000002
SOL,1h,440706,2025,24306,False,73.86741907871743,2.0,0.05415107296137376,1.9458489270386263
SOL,1h,441789,2025,24306,False,218.1439279351958,2.0,0.01833651771956854,1.9816634822804315
SOL,1h,442327,2025,24306,False,68.64682048019326,-1.0,0.11653853658536521,-1.1165385365853653
SOL,1h,442640,2025,24306,False,70.30617203952565,-1.0,0.11378801843318187,-1.1137880184331819
SOL,1h,443762,2025,24306,False,84.27865296397727,-1.0,0.09492320675105466,-1.0949232067510546
SOL,1h,444096,2025,24306,False,75.89713359369252,-1.0,0.10540582524271833,-1.1054058252427184
SOL,1h,444302,2025,24306,False,86.82406702208579,2.0,0.046070175438597046,1.953929824561403
SOL,1h,444697,2025,24306,False,86.08020155364194,2.0,0.046468292682927216,1.9535317073170728
SOL,1h,446693,2025,24307,False,128.3464056524269,-1.0,0.062331313131313446,-1.0623313131313135
SOL,1h,449759,2025,24307,True,87.42392882518429,2.0,0.04575406360423963,1.9542459363957603
SOL,1h,449783,2025,24307,True,69.09987519405747,2.0,0.05788722466960398,1.942112775330396
SOL,1h,450621,2025,24307,True,56.20036652412875,-1.0,0.14234782608695845,-1.1423478260869584
SOL,1h,451317,2025,24307,True,94.45585215605664,-1.0,0.08469565217391381,-1.0846956521739137
SOL,1h,456704,2025,24308,True,47.68045101508476,-1.0,0.1677836477987388,-1.1677836477987389
SOL,1h,457513,2025,24308,True,81.54794960979804,-1.0,0.09810179211469462,-1.0981017921146947
SOL,1h,458688,2025,24308,True,56.2248995983944,-1.0,0.14228571428571218,-1.1422857142857121
SOL,1h,462096,2025,24308,True,138.664946791357,2.0,0.028846511627907107,1.971153488372093
SOL,1h,462520,2025,24308,True,83.01558955548042,2.0,0.04818372093023259,1.9518162790697675
SOL,1h,463023,2025,24308,True,101.75953834660042,-1.0,0.07861670886075972,-1.0786167088607597
SOL,1h,464562,2025,24309,True,49.920917358640736,2.0,0.0801267326732658,1.9198732673267342
SOL,1h,464664,2025,24309,True,73.18894697535468,-1.0,0.10930612244897968,-1.1093061224489797
SOL,1h,466508,2025,24309,True,27.864769560822932,-1.0,0.28710088495573893,-1.287100884955739
SOL,1h,466992,2025,24309,True,65.49815498155056,-1.0,0.12214084507042115,-1.1221408450704211
SOL,1h,471250,2025,24309,True,97.09657556955486,-1.0,0.08239219512195074,-1.0823921951219508
SOL,1h,472680,2025,24309,True,52.56967281979879,-1.0,0.1521789954337901,-1.1521789954337902
SOL,1h,473964,2025,24310,True,57.47250145295684,-1.0,0.13919700374531752,-1.1391970037453176
SOL,1h,475521,2025,24310,True,60.68419765710134,2.0,0.06591501831501788,1.934084981684982
SOL,1h,476406,2025,24310,True,119.17659804983646,-1.0,0.06712727272727331,-1.0671272727272734
SOL,1h,476986,2025,24310,True,87.1028407403737,-1.0,0.09184545454545502,-1.091845454545455
SOL,1h,478848,2025,24310,True,86.82761541719537,-1.0,0.09213658536585444,-1.0921365853658545
SOL,1h,479200,2025,24310,True,131.23498191228188,-1.0,0.060959356136820596,-1.0609593561368207
SOL,1h,480384,2025,24310,True,35.214914552045926,-1.0,0.227176470588233,-1.227176470588233
SOL,1h,481381,2025,24310,True,89.33556672250239,-1.0,0.089549999999999,-1.089549999999999
SOL,1h,483153,2025,24311,True,105.2696191265386,-1.0,0.07599533527696777,-1.0759953352769678
SOL,1h,484268,2025,24311,True,86.8692570640067,-1.0,0.09209241877256379,-1.0920924187725638
SOL,1h,486805,2025,24311,True,73.09063945482127,-1.0,0.10945314009661872,-1.1094531400966188
SOL,1h,487705,2025,24311,True,111.78717985000596,-1.0,0.07156455696202603,-1.071564556962026
SOL,1h,487851,2025,24311,True,192.392746572312,2.0,0.02079080459770127,1.9792091954022988
SOL,1h,489131,2025,24311,True,73.85524372230428,-1.0,0.10832,-1.10832
SOL,1h,489601,2025,24311,True,91.70443765152362,-1.0,0.08723678160919494,-1.087236781609195
SOL,1h,492200,2025,24312,True,69.98764923836987,2.0,0.05715294117647045,1.9428470588235296
SOL,1h,492741,2025,24312,True,103.51035103510318,-1.0,0.07728695652173938,-1.0772869565217393
SOL,1h,492788,2025,24312,True,94.1886005733209,-1.0,0.08493596837944756,-1.0849359683794475
SOL,1h,493531,2025,24312,True,207.63415083901884,2.0,0.01926465364120783,1.9807353463587922
SOL,1h,493300,2025,24312,True,144.86563445452904,-1.0,0.05522358722358731,-1.0552235872235873
SOL,1h,495201,2025,24312,True,88.81963381379157,-1.0,0.09007017543859533,-1.0900701754385953
SOL,1h,495812,2025,24312,True,56.82947184358013,-1.0,0.1407720279720273,-1.1407720279720273
SOL,1h,496022,2025,24312,True,87.63154735704845,-1.0,0.09129132420091333,-1.0912913242009132
SOL,1h,495911,2025,24312,True,88.7463022374066,2.0,0.045072300469483656,1.9549276995305163
SOL,1h,497873,2025,24312,True,40.726561863647476,2.0,0.09821599999999998,1.901784
SOL,1h,497979,2025,24312,True,39.980417754568776,-1.0,0.20009795918367554,-1.2000979591836756
SOL,1h,497971,2025,24312,True,42.64480602823671,-1.0,0.18759611650485414,-1.187596116504854
SOL,1h,498132,2025,24312,True,52.57969109431487,-1.0,0.15214999999999987,-1.1521499999999998
SOL,1h,498280,2025,24312,True,67.88341937319686,-1.0,0.11784910179640606,-1.117849101796406
SOL,1h,498801,2025,24312,True,26.227656054553755,-1.0,0.3050215384615358,-1.3050215384615358
SOL,1h,500103,2026,24313,True,35.44856063262144,-1.0,0.2256791208791147,-1.2256791208791147
SOL,1h,500345,2026,24313,True,42.68409921169059,2.0,0.09371171171171055,1.9062882882882894
SOL,1h,501316,2026,24313,True,60.26459365973675,-1.0,0.13274792899408303,-1.132747928994083
SOL,1h,501375,2026,24313,True,68.8818301866593,-1.0,0.11614093264248664,-1.1161409326424867
SOL,1h,505636,2026,24313,True,65.400186857677,-1.0,0.12232380952380903,-1.122323809523809
SOL,1h,505673,2026,24313,True,90.54011863877588,-1.0,0.08835862068965543,-1.0883586206896554
SOL,1h,505900,2026,24313,True,84.19010669253103,-1.0,0.09502304147465493,-1.095023041474655
SOL,1h,507055,2026,24313,True,99.4884601441978,-1.0,0.0804113360323887,-1.0804113360323888
SOL,1h,506883,2026,24313,True,85.2700217354954,-1.0,0.09381960784313761,-1.0938196078431377
SOL,1h,507951,2026,24313,True,58.12737841341592,2.0,0.0688143884892079,1.9311856115107922
SOL,1h,508174,2026,24313,True,91.0965967686492,-1.0,0.08781886792452812,-1.0878188679245282
SOL,1h,508599,2026,24313,True,80.73376964601474,-1.0,0.09909112426035348,-1.0990911242603534
SOL,1h,512106,2026,24314,True,86.97844447245653,2.0,0.0459884057971016,1.9540115942028984
SOL,1h,515058,2026,24314,True,179.17554191204016,2.0,0.02232447552447564,1.9776755244755244
SOL,1h,516549,2026,24314,True,103.86218048386014,-1.0,0.07702514970059939,-1.0770251497005994
SOL,1h,516778,2026,24315,True,100.2097413190398,-1.0,0.07983255813953492,-1.079832558139535
SOL,1h,517351,2026,24315,True,95.73336485049076,-1.0,0.0835654320987652,-1.083565432098765
SOL,1h,517172,2026,24315,True,144.56172556218345,-1.0,0.05533968253968294,-1.055339682539683
SOL,1h,519715,2026,24315,True,67.23751508534083,2.0,0.05949059829059749,1.9405094017094024
SOL,1h,520205,2026,24315,True,143.56771422111802,2.0,0.027861417322834425,1.9721385826771656
SOL,1h,521897,2026,24315,True,56.46001205942011,2.0,0.0708466019417475,1.9291533980582525
SOL,1h,522761,2026,24315,True,114.3855299487238,2.0,0.03496945812807879,1.9650305418719212
SOL,1h,523576,2026,24315,True,62.809917355371155,-1.0,0.1273684210526331,-1.1273684210526331
SOL,1h,525476,2026,24315,True,79.72525450754394,-1.0,0.1003446153846145,-1.1003446153846146
SOL,1h,526937,2026,24316,True,32.093637908249384,-1.0,0.24927058823529855,-1.2492705882352986
SOL,1h,527117,2026,24316,True,74.45695649498367,2.0,0.05372231404958768,1.9462776859504123
SOL,1h,527539,2026,24316,True,70.57949479940656,2.0,0.05667368421052558,1.9433263157894745
SOL,1h,527687,2026,24316,True,106.9645828381276,-1.0,0.07479111111111064,-1.0747911111111106
SOL,1h,529546,2026,24316,True,104.11152285159591,-1.0,0.07684067796610247,-1.0768406779661024
SOL,1h,530237,2026,24316,True,105.50327915597344,2.0,0.03791351351351363,1.9620864864864864
SOL,1h,530998,2026,24316,True,38.15673613149432,-1.0,0.20966153846153662,-1.2096615384615366
SOL,1h,531082,2026,24316,True,46.953937592867284,-1.0,0.17037974683544474,-1.1703797468354447
SOL,1h,535224,2026,24317,True,47.46084480303817,-1.0,0.1685599999999976,-1.1685599999999976
SOL,1h,537075,2026,24317,True,58.11214072561569,-1.0,0.1376648648648667,-1.1376648648648666
SOL,1h,538488,2026,24317,True,56.10799400033439,2.0,0.07129108910890952,1.9287089108910904
SOL,1h,538759,2026,24317,True,70.34944066428318,2.0,0.05685901639344267,1.9431409836065574
SOL,1h,540823,2026,24317,True,50.572574550950684,-1.0,0.1581885057471256,-1.1581885057471255
SOL,1h,540735,2026,24317,True,108.7544312924354,-1.0,0.07356022099447504,-1.073560220994475
SOL,1h,541034,2026,24317,True,46.2285680847324,-1.0,0.17305316455696376,-1.1730531645569637
SOL,1h,541399,2026,24317,True,33.953869570307,-1.0,0.2356137931034547,-1.2356137931034548
SOL,1h,542187,2026,24317,True,65.70463616825258,-1.0,0.12175700934579517,-1.1217570093457951
SOL,1h,542530,2026,24317,True,37.26556295436406,-1.0,0.21467540983607075,-1.2146754098360708
SOL,1h,543746,2026,24318,True,66.20745001003203,2.0,0.06041616161616107,1.9395838383838389
SOL,1h,546414,2026,24318,True,64.21394575810186,2.0,0.06229176470588277,1.9377082352941173
SOL,1h,546969,2026,24318,True,43.043700299117496,-1.0,0.18585762711864295,-1.185857627118643
SOL,1h,547457,2026,24318,True,65.84251545283458,-1.0,0.12150204081632779,-1.1215020408163279
SOL,1h,547992,2026,24318,True,71.77524095973827,-1.0,0.11145904761904643,-1.1114590476190465
SOL,1h,548308,2026,24318,True,108.75787063537567,2.0,0.0367789473684208,1.9632210526315792
SOL,1h,549031,2026,24318,True,51.51452709664125,2.0,0.077648,1.922352
SOL,1h,549674,2026,24318,True,66.94982362680922,2.0,0.05974623655913934,1.9402537634408608
SOL,1h,550244,2026,24318,True,62.921348314606995,-1.0,0.12714285714285664,-1.1271428571428566
SOL,1h,550485,2026,24318,True,102.63081815553743,-1.0,0.07794929577464701,-1.077949295774647
SOL,1h,552268,2026,24319,True,106.68651532067975,2.0,0.03749302325581398,1.962506976744186
TRX,4h,1073,2021,24258,False,107.80620859851894,-1.0,0.07420722891566289,-1.0742072289156628
TRX,4h,1513,2021,24258,False,125.42022239462278,-1.0,0.06378556701030845,-1.0637855670103085
TRX,4h,2489,2021,24258,False,211.24384153337343,-1.0,0.03787092651757196,-1.0378709265175718
TRX,4h,3708,2021,24258,False,55.82693649686134,-1.0,0.14329999999999588,-1.143299999999996
TRX,4h,3676,2021,24258,False,72.4689674965926,-1.0,0.11039207920791959,-1.1103920792079196
TRX,4h,3296,2021,24258,False,92.1489126428309,-1.0,0.08681599999999992,-1.086816
TRX,4h,4503,2021,24258,False,118.00477810757928,2.0,0.033896932515337576,1.9661030674846625
TRX,4h,4658,2021,24258,False,101.15200899129142,-1.0,0.07908888888888753,-1.0790888888888874
TRX,4h,5708,2021,24258,False,141.43530644316417,-1.0,0.05656296296296288,-1.056562962962963
TRX,4h,5782,2021,24258,False,85.79169175195682,-1.0,0.09324912280701736,-1.0932491228070174
TRX,4h,6637,2021,24258,False,228.03330998521412,-1.0,0.035082593856655096,-1.035082593856655
TRX,4h,6273,2021,24258,False,327.91559737667603,-1.0,0.024396521739130376,-1.0243965217391304
TRX,4h,6574,2021,24258,False,207.3216286888308,2.0,0.019293693693693693,1.9807063063063064
TRX,4h,7051,2021,24258,False,443.1630971993418,2.0,0.009026022304832699,1.9909739776951674
TRX,4h,7763,2021,24258,False,154.37392795883437,-1.0,0.05182222222222197,-1.051822222222222
TRX,4h,8973,2021,24259,False,131.7138575597448,2.0,0.03036886227544902,1.969631137724551
TRX,4h,10009,2021,24259,False,98.94914474188951,-1.0,0.08084961240309993,-1.0808496124031
TRX,4h,12134,2021,24259,False,50.30098128143806,2.0,0.07952131147540992,1.9204786885245901
TRX,4h,12493,2021,24259,False,61.77076183939589,-1.0,0.12951111111111138,-1.1295111111111114
TRX,4h,12799,2021,24259,False,66.03207272103533,-1.0,0.12115324675324785,-1.121153246753248
TRX,4h,14596,2021,24259,False,95.30791788856298,-1.0,0.0839384615384616,-1.0839384615384615
TRX,4h,14452,2021,24259,False,273.9726027397256,-1.0,0.02920000000000005,-1.0292000000000001
TRX,4h,16091,2021,24259,False,236.71131328447535,-1.0,0.033796441281138706,-1.0337964412811387
TRX,4h,16285,2021,24259,False,175.6711965528668,2.0,0.022769811320754754,1.9772301886792452
TRX,4h,17224,2021,24259,False,55.15898767034393,-1.0,0.14503529411764707,-1.1450352941176472
TRX,4h,17705,2021,24260,False,72.92546250096004,2.0,0.05485052631578911,1.945149473684211
TRX,4h,18832,2021,24260,False,77.38355964374199,-1.0,0.10338113207547386,-1.1033811320754738
TRX,4h,19452,2021,24260,False,122.04268084816346,2.0,0.032775418994413164,1.9672245810055868
TRX,4h,22666,2021,24260,False,118.98603207449494,2.0,0.033617391304348015,1.966382608695652
TRX,4h,23835,2021,24260,False,91.41193595342158,2.0,0.043757961783439055,1.9562420382165608
TRX,4h,23899,2021,24260,False,60.19990913221135,-1.0,0.13289056603773866,-1.1328905660377386
TRX,4h,24085,2021,24260,False,80.4410192945934,2.0,0.04972587412587458,1.9502741258741254
TRX,4h,24777,2021,24260,False,171.61041027389447,2.0,0.023308609271523218,1.9766913907284769
TRX,4h,28624,2021,24261,False,432.1663019693649,-1.0,0.018511392405063314,-1.0185113924050633
TRX,4h,28822,2021,24261,False,130.2555647155818,2.0,0.030708860759493528,1.9692911392405064
TRX,4h,29988,2021,24261,False,508.68252170630353,-1.0,0.015726901669758837,-1.0157269016697588
TRX,4h,31246,2021,24261,False,111.65321823982083,2.0,0.0358252100840333,1.9641747899159667
TRX,4h,31232,2021,24261,False,158.90115809318556,-1.0,0.050345762711864576,-1.0503457627118646
TRX,4h,32871,2021,24261,False,261.9692863595304,2.0,0.015268965517241374,1.9847310344827587
TRX,4h,33231,2021,24261,False,120.50762503999064,-1.0,0.06638584070796506,-1.0663858407079652
TRX,4h,36138,2021,24262,False,100.85507564130567,2.0,0.039660869565217804,1.9603391304347821
TRX,4h,35706,2021,24262,False,61.6758826031473,-1.0,0.12971034482758684,-1.129710344827587
TRX,4h,36169,2021,24262,False,59.4632238710023,2.0,0.06726846846846847,1.9327315315315314
TRX,4h,37981,2021,24262,False,72.15298450981315,-1.0,0.1108755244755255,-1.1108755244755255
TRX,4h,41070,2021,24262,False,82.48232521602449,-1.0,0.09699047619047695,-1.096990476190477
TRX,4h,41230,2021,24262,False,74.52441655226482,2.0,0.05367368421052655,1.9463263157894735
TRX,4h,41572,2021,24262,False,40.29249365766329,2.0,0.09927407407407345,1.9007259259259266
TRX,4h,42034,2021,24262,False,35.75925459581911,-1.0,0.22371830985915858,-1.2237183098591586
TRX,4h,42506,2021,24262,False,64.928676832267,2.0,0.06160606060606116,1.938393939393939
TRX,4h,43412,2021,24262,False,123.69267900241302,-1.0,0.0646764227642279,-1.0646764227642278
TRX,4h,43021,2021,24262,False,237.92131900240054,-1.0,0.03362456140350871,-1.0336245614035087
TRX,4h,43661,2021,24262,False,65.82227984441946,-1.0,0.12153939393939507,-1.1215393939393952
TRX,4h,44670,2021,24263,False,192.49869933311348,-1.0,0.04155872235872217,-1.0415587223587222
TRX,4h,45743,2021,24263,False,49.06771344455352,-1.0,0.16303999999999988,-1.1630399999999999
TRX,4h,47689,2021,24263,False,88.29140600736588,-1.0,0.09060904522612977,-1.0906090452261297
TRX,4h,47029,2021,24263,False,128.75536480686773,2.0,0.03106666666666648,1.9689333333333334
TRX,4h,48349,2021,24263,False,177.04216073781285,-1.0,0.045186976744186064,-1.0451869767441861
TRX,4h,50023,2021,24263,False,86.67736757624412,2.0,0.04614814814814807,1.953851851851852
TRX,4h,52135,2021,24263,False,178.90772128060297,-1.0,0.044715789473684125,-1.044715789473684
TRX,4h,51971,2021,24263,False,63.00238974581764,2.0,0.0634896551724141,1.936510344827586
TRX,4h,54608,2021,24264,False,115.77580610257536,2.0,0.03454953271028033,1.9654504672897197
TRX,4h,53802,2021,24264,False,373.6212969913959,2.0,0.010706027820710968,1.989293972179289
TRX,4h,54038,2021,24264,False,86.23253047873962,-1.0,0.09277241379310303,-1.092772413793103
TRX,4h,58411,2021,24264,False,67.8426051560377,-1.0,0.1179200000000005,-1.1179200000000005
TRX,4h,59569,2021,24264,False,119.0843462701294,-1.0,0.06717927461139941,-1.0671792746113995
TRX,4h,60038,2021,24264,False,49.38881343375695,2.0,0.08099000000000049,1.9190099999999994
TRX,4h,60846,2021,24264,False,125.72715331206504,2.0,0.03181492537313459,1.9681850746268654
TRX,4h,61697,2022,24265,False,119.67824210319786,-1.0,0.06684590163934431,-1.0668459016393443
TRX,4h,64941,2022,24265,False,68.86338393187607,-1.0,0.11617204301075439,-1.1161720430107545
TRX,4h,65279,2022,24265,False,76.09432682890159,-1.0,0.10513267326732562,-1.1051326732673257
TRX,4h,67364,2022,24265,False,66.79931779420296,-1.0,0.11976170212765651,-1.1197617021276565
TRX,4h,67832,2022,24265,False,224.39191503939682,2.0,0.017825954198473302,1.9821740458015267
TRX,4h,68476,2022,24265,False,117.29934423201193,-1.0,0.06820157480314998,-1.06820157480315
TRX,4h,69355,2022,24265,False,60.746828658209765,-1.0,0.1316941176470588,-1.1316941176470587
TRX,4h,70401,2022,24265,False,65.70983918381435,-1.0,0.12174736842105315,-1.121747368421053
TRX,4h,74466,2022,24266,False,52.98318359824896,-1.0,0.15099130434782693,-1.1509913043478268
TRX,4h,75553,2022,24266,False,58.79125186172303,2.0,0.06803733333333327,1.9319626666666667
TRX,4h,77410,2022,24266,False,213.08852017181877,-1.0,0.0375430830039525,-1.0375430830039525
TRX,4h,79401,2022,24267,False,50.46257359125343,-1.0,0.15853333333333247,-1.1585333333333325
TRX,4h,80198,2022,24267,False,99.02651896609605,-1.0,0.08078644067796607,-1.0807864406779661
TRX,4h,81238,2022,24267,False,58.20328975115952,-1.0,0.13744927536231963,-1.1374492753623195
TRX,4h,81098,2022,24267,False,81.77952240758923,-1.0,0.0978239999999999,-1.097824
TRX,4h,81445,2022,24267,False,113.15061604224323,-1.0,0.07070222222222201,-1.070702222222222
TRX,4h,84242,2022,24267,False,53.3705558748664,2.0,0.07494769230769255,1.9250523076923074
TRX,4h,86081,2022,24267,False,39.05950830971759,-1.0,0.2048156862745168,-1.2048156862745167
TRX,4h,91122,2022,24268,False,163.63636363636442,-1.0,0.048888888888888656,-1.0488888888888888
TRX,4h,91590,2022,24268,False,40.59315715350876,2.0,0.09853877551020322,1.9014612244897968
TRX,4h,92441,2022,24268,False,34.76245654692963,-1.0,0.23013333333333127,-1.2301333333333313
TRX,4h,92132,2022,24268,False,23.53323054451015,-1.0,0.33994482758620853,-1.3399448275862085
TRX,4h,92893,2022,24268,False,58.09262546393516,-1.0,0.13771111111110876,-1.1377111111111087
TRX,4h,93244,2022,24268,False,50.68790731354135,-1.0,0.15782857142857007,-1.15782857142857
TRX,4h,94473,2022,24268,False,93.23826686515683,-1.0,0.08580168067226915,-1.0858016806722692
TRX,4h,93635,2022,24268,False,408.28402366863884,-1.0,0.019594202898550735,-1.0195942028985507
TRX,4h,94411,2022,24268,False,55.68096313017235,2.0,0.07183783783783876,1.9281621621621612
TRX,4h,94705,2022,24268,False,121.97004786166421,-1.0,0.06558987341772159,-1.0655898734177216
TRX,4h,95409,2022,24268,False,106.68340131785378,-1.0,0.07498823529411765,-1.0749882352941176
TRX,4h,95796,2022,24268,False,42.63896426079502,-1.0,0.1876218181818199,-1.1876218181818199
TRX,4h,96688,2022,24269,False,172.88161873013271,2.0,0.02313721973094189,1.9768627802690582
TRX,4h,96760,2022,24269,False,134.29221398693755,-1.0,0.05957158469945362,-1.0595715846994536
TRX,4h,97249,2022,24269,False,214.0999132928712,2.0,0.0186828660436136,1.9813171339563864
TRX,4h,97448,2022,24269,False,216.42454788022616,-1.0,0.03696438356164369,-1.0369643835616438
TRX,4h,97734,2022,24269,False,205.89872008903723,-1.0,0.038854054054054066,-1.038854054054054
TRX,4h,100239,2022,24269,False,114.27354673859043,-1.0,0.07000745341614904,-1.070007453416149
TRX,4h,103558,2022,24269,False,138.4643049811189,-1.0,0.05777662337662322,-1.0577766233766233
TRX,4h,104679,2022,24269,False,103.97553516819615,2.0,0.03847058823529396,1.961529411764706
TRX,4h,105343,2022,24270,False,195.50965945350183,-1.0,0.04091869436201767,-1.0409186943620177
TRX,4h,106606,2022,24270,False,107.55272486931358,-1.0,0.07438212290502852,-1.0743821229050285
TRX,4h,108463,2022,24270,False,68.53661632186811,2.0,0.05836296296296309,1.9416370370370368
TRX,4h,111684,2022,24270,False,68.6646740447535,2.0,0.05825411764705858,1.9417458823529414
TRX,4h,112904,2022,24270,False,126.60124353884164,-1.0,0.06319053254437881,-1.063190532544379
TRX,4h,114533,2022,24271,False,37.58221108675291,-1.0,0.212866666666663,-1.212866666666663
TRX,4h,115010,2022,24271,False,64.84893146646957,-1.0,0.12336363636363748,-1.1233636363636375
TRX,4h,115145,2022,24271,False,73.75719132615436,-1.0,0.10846399999999992,-1.108464
TRX,4h,115222,2022,24271,False,59.092923622395865,-1.0,0.1353800000000008,-1.1353800000000007
TRX,4h,118151,2022,24271,False,42.918454935621355,-1.0,0.18640000000000417,-1.1864000000000041
TRX,4h,118526,2022,24271,False,87.36509801042484,-1.0,0.0915697478991599,-1.09156974789916
TRX,4h,118862,2022,24271,False,44.87550665894683,-1.0,0.17827096774193277,-1.1782709677419327
TRX,4h,121333,2022,24271,False,70.85783205186164,-1.0,0.1129021276595749,-1.112902127659575
TRX,4h,125431,2022,24272,False,57.339449541284054,-1.0,0.13952000000000084,-1.1395200000000008
TRX,4h,127186,2022,24272,False,63.18207926478976,-1.0,0.126618181818183,-1.126618181818183
TRX,4h,128069,2022,24272,False,55.789071455864004,2.0,0.07169863013698821,1.9283013698630118
TRX,4h,131203,2022,24272,False,78.30853563038377,-1.0,0.10215999999999992,-1.10216
TRX,4h,130427,2022,24272,False,50.20320344250693,-1.0,0.15935238095237603,-1.159352380952376
TRX,4h,130902,2022,24272,False,34.66344216041917,-1.0,0.23079069767441868,-1.2307906976744187
TRX,4h,131794,2022,24273,False,68.93235011221653,2.0,0.05802790697674328,1.9419720930232567
TRX,4h,133969,2022,24273,False,161.2643122077086,-1.0,0.04960799999999995,-1.0496079999999999
TRX,4h,135227,2022,24273,False,76.94773966014769,-1.0,0.10396666666666639,-1.1039666666666663
TRX,4h,137593,2022,24273,False,23.629104538417547,2.0,0.1692827586206905,1.8307172413793096
TRX,4h,137147,2022,24273,False,33.046926635822665,2.0,0.12104000000000074,1.8789599999999993
TRX,4h,139300,2022,24273,False,56.71392827356131,-1.0,0.14105882352941174,-1.1410588235294117
TRX,4h,139664,2022,24273,False,71.75037543801098,-1.0,0.11149767441860471,-1.1114976744186047
TRX,4h,140622,2022,24274,False,27.158258579540526,2.0,0.14728484848484985,1.85271515151515
TRX,4h,140821,2022,24274,False,31.157756641522248,-1.0,0.2567578947368385,-1.2567578947368385
TRX,4h,143513,2022,24274,False,41.28294696729062,-1.0,0.19378461538461814,-1.193784615384618
TRX,4h,143508,2022,24274,False,68.28954768217159,-1.0,0.11714823529411907,-1.117148235294119
TRX,4h,143609,2022,24274,False,77.19523962688989,-1.0,0.10363333333333305,-1.103633333333333
TRX,4h,143938,2022,24274,False,57.424118129613795,-1.0,0.13931428571428728,-1.1393142857142873
TRX,4h,144425,2022,24274,False,84.61047254150745,-1.0,0.09455094339622594,-1.094550943396226
TRX,4h,144952,2022,24274,False,28.61230329041482,2.0,0.13980000000000029,1.8601999999999996
TRX,4h,146564,2022,24274,False,34.73063565140132,2.0,0.11517209302325587,1.8848279069767442
TRX,4h,151317,2022,24275,False,52.08333333333347,2.0,0.0767999999999998,1.9232000000000002
TRX,4h,151553,2022,24275,False,134.44676409185809,-1.0,0.05950310559006209,-1.059503105590062
TRX,4h,155105,2022,24275,False,57.38741367571182,2.0,0.06970169491525503,1.9302983050847449
TRX,4h,159449,2022,24276,False,22.607385079124924,-1.0,0.3538666666666811,-1.353866666666681
TRX,4h,160976,2022,24276,False,32.53090435914019,-1.0,0.24592000000000752,-1.2459200000000075
TRX,4h,162416,2022,24276,False,63.23228566114935,-1.0,0.1265176470588235,-1.1265176470588236
TRX,4h,161854,2022,24276,False,81.8418922564986,-1.0,0.0977494505494497,-1.0977494505494496
TRX,4h,162581,2022,24276,False,94.72511144130823,-1.0,0.08445490196078373,-1.0844549019607836
TRX,4h,162802,2022,24276,False,73.07372120987874,2.0,0.05473924050632918,1.9452607594936708
TRX,4h,163350,2022,24276,False,87.91208791208815,-1.0,0.09099999999999975,-1.0909999999999997
TRX,4h,164219,2022,24276,False,27.144408251900884,-1.0,0.2947199999999916,-1.2947199999999917
TRX,4h,169056,2023,24277,False,44.25594689286321,2.0,0.0903833333333344,1.9096166666666656
TRX,4h,168384,2023,24277,False,162.2137404580146,-1.0,0.04931764705882373,-1.0493176470588237
TRX,4h,169226,2023,24277,False,43.8837081733414,2.0,0.09114999999999844,1.9088500000000015
TRX,4h,170025,2023,24277,False,69.77992485238765,2.0,0.05732307692307772,1.9426769230769223
TRX,4h,170673,2023,24277,False,199.77444820364073,-1.0,0.040045161290322644,-1.0400451612903225
TRX,4h,170974,2023,24277,False,57.655349135169644,-1.0,0.13875555555555585,-1.138755555555556
TRX,4h,171273,2023,24277,False,39.28485528742006,-1.0,0.2036408163265346,-1.2036408163265346
TRX,4h,172420,2023,24277,False,77.97750964458724,-1.0,0.10259368421052563,-1.1025936842105257
TRX,4h,172839,2023,24277,False,64.516129032258,-1.0,0.12400000000000014,-1.124
TRX,4h,173882,2023,24277,False,88.43760235833587,-1.0,0.09045925925925946,-1.0904592592592595
TRX,4h,176987,2023,24278,False,31.785409721683365,-1.0,0.25168780487805265,-1.2516878048780526
TRX,4h,178153,2023,24278,False,57.151565952905045,-1.0,0.13997866666667172,-1.1399786666666718
TRX,4h,178937,2023,24278,False,87.73973134560075,-1.0,0.09117876106194754,-1.0911787610619474
TRX,4h,179108,2023,24278,False,34.33208489388233,-1.0,0.23301818181818396,-1.233018181818184
TRX,4h,181067,2023,24278,False,29.038883773637917,-1.0,0.2754926829268335,-1.2754926829268336
TRX,4h,182715,2023,24278,False,57.39193606974304,2.0,0.06969620253164442,1.9303037974683557
TRX,4h,187204,2023,24279,False,66.60032151879427,-1.0,0.12011954022988373,-1.1201195402298838
TRX,4h,187181,2023,24279,False,475.10945354305204,-1.0,0.016838225255972686,-1.0168382252559727
TRX,4h,186833,2023,24279,False,73.36692300892754,-1.0,0.10904096385542204,-1.109040963855422
TRX,4h,187316,2023,24279,False,68.40365844285618,2.0,0.058476404494381906,1.941523595505618
TRX,4h,190225,2023,24279,False,500.0392495486292,0.0,0.01599874411302986,-0.01599874411302986
TRX,4h,195991,2023,24280,False,137.973325157136,-1.0,0.057982222222222345,-1.0579822222222224
TRX,4h,196598,2023,24280,False,62.27217496962447,2.0,0.06423414634146224,1.9357658536585378
TRX,4h,197783,2023,24280,False,21.09386771131554,-1.0,0.3792571428571395,-1.3792571428571394
TRX,4h,198579,2023,24280,False,35.75503993914022,-1.0,0.2237446808510647,-1.2237446808510648
TRX,4h,198762,2023,24280,False,32.97293152365508,-1.0,0.24262325581396146,-1.2426232558139614
TRX,4h,200166,2023,24280,False,64.59457405578064,-1.0,0.12384941176470333,-1.1238494117647033
TRX,4h,201335,2023,24281,False,24.691358024691134,2.0,0.16200000000000148,1.8379999999999985
TRX,4h,202776,2023,24281,False,28.35270768358263,-1.0,0.28216000000001146,-1.2821600000000115
TRX,4h,204599,2023,24281,False,44.11764705882275,-1.0,0.18133333333333654,-1.1813333333333365
TRX,4h,204676,2023,24281,False,29.359953024076002,-1.0,0.2724799999999922,-1.2724799999999923
TRX,4h,208664,2023,24281,False,87.04827222368688,2.0,0.045951515151515576,1.9540484848484845
TRX,4h,208967,2023,24281,False,33.29199033879564,2.0,0.12014901960784068,1.8798509803921593
TRX,4h,209670,2023,24281,False,29.689252490596967,2.0,0.1347288888888954,1.8652711111111047
TRX,4h,211582,2023,24282,False,358.0610773186175,-1.0,0.022342556917688293,-1.0223425569176883
TRX,4h,212423,2023,24282,False,28.89616644191909,2.0,0.13842666666666484,1.861573333333335
TRX,4h,213042,2023,24282,False,135.48573075814303,-1.0,0.059046808510638524,-1.0590468085106386
TRX,4h,215305,2023,24282,False,49.91443240159771,-1.0,0.1602742857142843,-1.1602742857142843
TRX,4h,215926,2023,24282,False,33.77164618811513,-1.0,0.2368851063829796,-1.2368851063829795
TRX,4h,216767,2023,24282,False,36.3786121216283,-1.0,0.21990943396226303,-1.219909433962263
TRX,4h,219492,2023,24283,False,23.55712603062421,-1.0,0.3396000000000008,-1.3396000000000008
TRX,4h,220160,2023,24283,False,25.37905902258095,2.0,0.1576102564102558,1.8423897435897443
TRX,4h,220490,2023,24283,False,36.8193269168668,-1.0,0.21727719298245046,-1.2172771929824504
TRX,4h,221315,2023,24283,False,30.116702221107296,-1.0,0.26563333333332884,-1.2656333333333287
TRX,4h,222523,2023,24283,False,44.92817819401306,-1.0,0.17806197183098885,-1.1780619718309888
TRX,4h,222847,2023,24283,False,64.04971780074723,2.0,0.062451485148515895,1.9375485148514842
TRX,4h,222840,2023,24283,False,46.75518982607074,-1.0,0.17110399999999984,-1.171104
TRX,4h,222915,2023,24283,False,96.72619047619082,-1.0,0.08270769230769201,-1.082707692307692
TRX,4h,223229,2023,24283,False,32.45132301547633,-1.0,0.24652307692308034,-1.2465230769230804
TRX,4h,223322,2023,24283,False,23.655378486055245,2.0,0.16909473684210907,1.830905263157891
TRX,4h,225208,2023,24283,False,329.2894280762558,-1.0,0.024294736842105317,-1.0242947368421054
TRX,4h,226404,2023,24283,False,42.98080997639013,-1.0,0.18612957746479175,-1.1861295774647918
TRX,4h,227310,2023,24283,False,21.731256791017696,-1.0,0.3681333333333342,-1.368133333333334
TRX,4h,228552,2023,24284,False,34.31531239883475,-1.0,0.23313207547169693,-1.233132075471697
TRX,4h,229105,2023,24284,False,29.173419773096008,-1.0,0.2742222222222186,-1.2742222222222186
TRX,4h,229363,2023,24284,False,24.033777200390336,-1.0,0.33286486486485656,-1.3328648648648564
TRX,4h,233114,2023,24284,False,70.56588410910472,-1.0,0.11336923076923237,-1.1133692307692324
TRX,4h,233710,2023,24284,False,34.166275875930225,-1.0,0.23414901960783832,-1.2341490196078384
TRX,4h,233691,2023,24284,False,39.87240829346022,-1.0,0.20064000000000357,-1.2006400000000035
TRX,4h,234603,2023,24284,False,37.05389065852011,-1.0,0.2159017543859593,-1.2159017543859594
TRX,4h,234866,2023,24284,False,32.37922548892634,2.0,0.12353599999999988,1.8764640000000001
TRX,4h,236045,2023,24284,False,20.21783082240949,-1.0,0.3956903225806392,-1.3956903225806392
TRX,4h,236170,2023,24284,False,56.011462810993855,-1.0,0.14282790697674425,-1.1428279069767442
TRX,4h,236585,2023,24284,False,18.982784578122974,-1.0,0.421434482758643,-1.421434482758643
TRX,4h,236511,2023,24284,False,13.813063211207522,-1.0,0.579161904761938,-1.5791619047619379
TRX,4h,238874,2023,24285,False,21.642266072565683,-1.0,0.36964705882352195,-1.369647058823522
TRX,4h,238986,2023,24285,False,16.47655259822625,-1.0,0.4855384615384425,-1.4855384615384426
TRX,4h,239126,2023,24285,False,11.412629977175593,2.0,0.3504888888888627,1.6495111111111374
TRX,4h,239945,2023,24285,False,34.54010489957866,-1.0,0.23161481481480936,-1.2316148148148094
TRX,4h,240267,2023,24285,False,97.83760204399502,2.0,0.04088407643312133,1.9591159235668787
TRX,4h,242704,2023,24285,False,34.52791999047489,2.0,0.11584827586206951,1.8841517241379304
TRX,4h,245398,2023,24286,False,18.140589569161833,-1.0,0.4409999999999797,-1.4409999999999796
TRX,4h,245787,2023,24286,False,41.39165454748802,-1.0,0.19327567567567808,-1.1932756756756782
TRX,4h,246223,2023,24286,False,33.745781777277244,-1.0,0.23706666666667087,-1.2370666666666708
TRX,4h,245988,2023,24286,False,22.701475595912807,-1.0,0.35240000000001437,-1.3524000000000145
TRX,4h,246414,2023,24286,False,32.85374419395022,2.0,0.12175172413793163,1.8782482758620684
TRX,4h,247230,2023,24286,False,36.41743484693306,-1.0,0.21967499999999943,-1.2196749999999994
TRX,4h,247027,2023,24286,False,39.02662993572005,-1.0,0.2049882352941218,-1.2049882352941217
TRX,4h,247337,2023,24286,False,18.81092173516485,2.0,0.2126424242424262,1.7873575757575737
TRX,4h,249610,2023,24286,False,18.63932898415581,-1.0,0.4292000000000175,-1.4292000000000176
TRX,4h,250140,2023,24286,False,22.170428059803392,-1.0,0.36084102564102427,-1.3608410256410242
TRX,4h,252187,2023,24286,False,41.412380122058124,2.0,0.09658947368420917,1.9034105263157908
TRX,4h,253935,2023,24286,False,20.054887059319796,-1.0,0.39890526315790364,-1.3989052631579035
TRX,4h,256803,2023,24287,False,36.881725862679154,-1.0,0.21690958904109336,-1.2169095890410935
TRX,4h,256996,2023,24287,False,29.195610590959284,2.0,0.13700689655172482,1.8629931034482752
TRX,4h,258275,2023,24287,False,170.8857660480827,-1.0,0.04681489971346714,-1.0468148997134672
TRX,4h,257479,2023,24287,False,57.30792526673723,-1.0,0.1395967479674818,-1.1395967479674818
TRX,4h,258418,2023,24287,False,106.07521697203508,2.0,0.03770909090909078,1.9622909090909093
TRX,4h,258538,2023,24287,False,29.52136669409086,-1.0,0.2709901639344265,-1.2709901639344265
TRX,4h,259061,2023,24287,False,29.670703828007174,2.0,0.13481311475409846,1.8651868852459015
TRX,4h,259389,2023,24287,False,26.28248807553844,-1.0,0.304385185185178,-1.304385185185178
TRX,4h,261022,2023,24287,False,68.0867619881327,-1.0,0.11749714285714416,-1.117497142857144
TRX,4h,260479,2023,24287,False,36.695427948030876,-1.0,0.21801081081081358,-1.2180108108108136
TRX,4h,260438,2023,24287,False,88.57620084020861,-1.0,0.09031771428571421,-1.0903177142857141
TRX,4h,261972,2023,24287,False,56.420890196267756,-1.0,0.14179145299145246,-1.1417914529914523
TRX,4h,261684,2023,24287,False,84.9700515392115,-1.0,0.09415081967213125,-1.0941508196721312
TRX,4h,262249,2023,24287,False,46.33016337478559,-1.0,0.17267368421053023,-1.1726736842105303
TRX,4h,263435,2023,24288,False,28.840983526421624,2.0,0.13869152542372712,1.861308474576273
TRX,4h,264873,2023,24288,False,34.060925881505796,2.0,0.11743661971831179,1.8825633802816881
TRX,4h,266965,2023,24288,False,132.95615275813245,2.0,0.03008510638297884,1.9699148936170212
TRX,4h,266259,2023,24288,False,23.53393208779685,-1.0,0.3399346938775384,-1.3399346938775385
TRX,4h,267268,2023,24288,False,71.22232916265683,2.0,0.05616216216216182,1.9438378378378383
TRX,4h,268485,2023,24288,False,83.10794197196935,-1.0,0.09626035502958598,-1.096260355029586
TRX,4h,268145,2023,24288,False,73.64935000741531,-1.0,0.10862281879194492,-1.108622818791945
TRX,4h,268307,2023,24288,False,40.348692403485806,-1.0,0.19827160493827709,-1.1982716049382771
TRX,4h,268657,2023,24288,False,21.434138737334173,2.0,0.18661818181818354,1.8133818181818164
TRX,4h,270156,2023,24288,False,30.900879486569238,2.0,0.12944615384615704,1.870553846153843
TRX,4h,269636,2023,24288,False,17.96010965119536,2.0,0.22271578947368922,1.7772842105263107
TRX,4h,271395,2023,24288,False,24.99174800773342,-1.0,0.3201056603773569,-1.3201056603773569
TRX,4h,271916,2024,24289,False,29.413137868247432,-1.0,0.27198730158730516,-1.271987301587305
TRX,4h,272798,2024,24289,False,67.03962272874413,2.0,0.059666206896551444,1.9403337931034486
TRX,4h,272710,2024,24289,False,39.123261843035465,-1.0,0.20448192771084403,-1.204481927710844
TRX,4h,273042,2024,24289,False,48.036168409154804,-1.0,0.16654117647058936,-1.1665411764705893
TRX,4h,273963,2024,24289,False,28.117122357959918,-1.0,0.28452413793103587,-1.284524137931036
TRX,4h,274430,2024,24289,False,33.56194367430304,2.0,0.11918260869565284,1.880817391304347
TRX,4h,276167,2024,24289,False,79.17766356438345,2.0,0.050519298245614346,1.9494807017543856
TRX,4h,275899,2024,24289,False,133.16537700197907,2.0,0.030037837837837932,1.9699621621621621
TRX,4h,276003,2024,24289,False,34.021119604117565,-1.0,0.23514805194805413,-1.2351480519480542
TRX,4h,276292,2024,24289,False,105.69290088455426,2.0,0.03784549356223178,1.9621545064377681
TRX,4h,276589,2024,24289,False,32.17799025466481,-1.0,0.24861714285715056,-1.2486171428571506
TRX,4h,278117,2024,24289,False,25.02160957190278,2.0,0.15986181818181963,1.8401381818181803
TRX,4h,278623,2024,24289,False,83.92511297611435,-1.0,0.0953230769230761,-1.0953230769230762
TRX,4h,279565,2024,24289,False,26.588673225205593,-1.0,0.3008800000000053,-1.3008800000000054
TRX,4h,280121,2024,24289,False,48.6863458923637,2.0,0.08215855855855857,1.9178414414414415
TRX,4h,279871,2024,24289,False,22.22222222222224,2.0,0.17999999999999985,1.82
TRX,4h,280082,2024,24289,False,25.311958790355476,-1.0,0.3160561403508689,-1.3160561403508688
TRX,4h,281338,2024,24290,False,31.82248215360758,2.0,0.1256972972972989,1.874302702702701
TRX,4h,282161,2024,24290,False,45.85987261146487,2.0,0.08722222222222241,1.9127777777777777
TRX,4h,283006,2024,24290,False,38.21448898284399,2.0,0.1046723404255323,1.8953276595744677
TRX,4h,283563,2024,24290,False,14.975513012505825,-1.0,0.5342054054054323,-1.5342054054054324
TRX,4h,283970,2024,24290,False,14.520813165537238,2.0,0.2754666666666673,1.7245333333333326
TRX,4h,290667,2024,24291,False,106.44094888654732,2.0,0.037579522184300496,1.9624204778156995
TRX,4h,293974,2024,24291,False,22.639710847202405,-1.0,0.35336140350876266,-1.3533614035087627
TRX,4h,295357,2024,24291,False,29.298509961493647,-1.0,0.27305142857142617,-1.273051428571426
TRX,4h,296267,2024,24291,False,37.304153195722954,-1.0,0.21445333333333047,-1.2144533333333305
TRX,4h,295507,2024,24291,False,78.62759113652653,2.0,0.050872727272726986,1.949127272727273
TRX,4h,296748,2024,24291,False,24.604862588098218,2.0,0.16256949152542174,1.8374305084745783
TRX,4h,297932,2024,24291,False,31.60270880361145,2.0,0.12657142857142972,1.8734285714285703
TRX,4h,299158,2024,24292,False,94.63194037350357,-1.0,0.08453805309734468,-1.0845380530973447
TRX,4h,298754,2024,24292,False,21.60742278523843,-1.0,0.37024313725491453,-1.3702431372549144
TRX,4h,299185,2024,24292,False,45.1724574661213,-1.0,0.17709906542055823,-1.1770990654205582
TRX,4h,300464,2024,24292,False,36.44105965688088,-1.0,0.2195325842696625,-1.2195325842696625
TRX,4h,300782,2024,24292,False,24.232965047028674,-1.0,0.33012881355931806,-1.3301288135593181
TRX,4h,301251,2024,24292,False,66.40544442153022,-1.0,0.12047204968944097,-1.120472049689441
TRX,4h,300990,2024,24292,False,37.57515030060054,-1.0,0.2129066666666704,-1.2129066666666704
TRX,4h,301412,2024,24292,False,22.485009993337147,2.0,0.17789629629630127,1.8221037037036987
TRX,4h,301408,2024,24292,False,27.719167597534394,-1.0,0.2886089552238789,-1.2886089552238789
TRX,4h,302100,2024,24292,False,65.80117375066607,-1.0,0.12157837837837993,-1.12157837837838
TRX,4h,302857,2024,24292,False,38.648211396728364,-1.0,0.2069953488372094,-1.2069953488372094
TRX,4h,304007,2024,24292,False,24.45430667512058,-1.0,0.32714074074073307,-1.3271407407407332
TRX,4h,306443,2024,24292,False,30.501817574061274,2.0,0.13113972602739574,1.8688602739726043
TRX,4h,307897,2024,24293,False,23.10421651951387,-1.0,0.346257142857157,-1.346257142857157
TRX,4h,307581,2024,24293,False,30.934549006838598,-1.0,0.25861052631578585,-1.2586105263157858
TRX,4h,307685,2024,24293,False,15.850436903068541,-1.0,0.5047179487179468,-1.5047179487179467
TRX,4h,308251,2024,24293,False,31.59752144117497,2.0,0.12659220779220898,1.873407792207791
TRX,4h,308538,2024,24293,False,41.61811220243054,2.0,0.0961119999999999,1.903888
TRX,4h,311190,2024,24293,False,51.772202309837645,2.0,0.07726153846153708,1.9227384615384628
TRX,4h,311460,2024,24293,False,16.438795557515483,-1.0,0.48665365853659287,-1.4866536585365928
TRX,4h,312425,2024,24293,False,17.11770459732653,-1.0,0.4673523809523768,-1.4673523809523767
TRX,4h,312247,2024,24293,False,31.618281115262715,-1.0,0.25301818181818414,-1.253018181818184
TRX,4h,312530,2024,24293,False,18.65066493674944,-1.0,0.42893913043479365,-1.4289391304347936
TRX,4h,313896,2024,24293,False,15.3907040147746,-1.0,0.5197942857143018,-1.5197942857143016
TRX,4h,314489,2024,24293,False,20.882392144666024,2.0,0.19154893617021349,1.8084510638297866
TRX,4h,316533,2024,24294,False,38.97867122147777,2.0,0.10262022471910091,1.8973797752808992
TRX,4h,317773,2024,24294,False,60.39232973330439,-1.0,0.13246715328467054,-1.1324671532846706
TRX,4h,318579,2024,24294,False,18.83722921483105,-1.0,0.4246909090908862,-1.4246909090908861
TRX,4h,320180,2024,24294,False,11.621400593983568,-1.0,0.6883851851851336,-1.6883851851851337
TRX,4h,319936,2024,24294,False,13.419332496428929,2.0,0.2980774193548342,1.7019225806451659
TRX,4h,320559,2024,24294,False,22.837936829405038,-1.0,0.3502943396226397,-1.3502943396226397
TRX,4h,320716,2024,24294,False,66.41939101181686,2.0,0.060223376623377185,1.9397766233766227
TRX,4h,321108,2024,24294,False,20.28047464940661,2.0,0.19723404255319224,1.8027659574468078
TRX,4h,322386,2024,24294,False,31.86201622838696,2.0,0.12554133333333323,1.8744586666666667
TRX,4h,323042,2024,24294,False,54.09802725239071,-1.0,0.14787969924811747,-1.1478796992481175
TRX,4h,325278,2024,24295,False,101.48876515420828,-1.0,0.07882645914396837,-1.0788264591439685
TRX,4h,325353,2024,24295,False,27.8857861042374,-1.0,0.2868845070422582,-1.286884507042258
TRX,4h,325574,2024,24295,False,137.73004910375698,-1.0,0.058084637681159276,-1.0580846376811592
TRX,4h,326291,2024,24295,False,91.44874057436132,-1.0,0.08748070175438687,-1.0874807017543868
TRX,4h,326185,2024,24295,False,29.34616739053774,-1.0,0.2726080000000098,-1.2726080000000097
TRX,4h,326174,2024,24295,False,36.510525906936856,-1.0,0.21911489361702213,-1.2191148936170222
TRX,4h,326628,2024,24295,False,65.46134663341704,-1.0,0.12220952380952273,-1.1222095238095227
TRX,4h,326409,2024,24295,False,68.08680071670274,-1.0,0.11749707602339254,-1.1174970760233927
TRX,4h,328115,2024,24295,False,47.781075798160714,-1.0,0.16743030303030457,-1.1674303030303046
TRX,4h,328987,2024,24295,False,57.40528128588021,2.0,0.06967999999999769,1.9303200000000023
TRX,4h,330206,2024,24295,False,11.534025374857036,2.0,0.3467999999999636,1.6532000000000364
TRX,4h,330441,2024,24295,False,44.03982088005511,-1.0,0.18165378151260975,-1.1816537815126098
TRX,4h,331269,2024,24295,False,31.788275301248316,-1.0,0.251665116279078,-1.251665116279078
TRX,4h,332474,2024,24295,False,19.593613933236025,-1.0,0.40829629629630776,-1.4082962962963077
TRX,4h,332544,2024,24295,False,43.31210191082688,-1.0,0.18470588235294605,-1.184705882352946
TRX,4h,332736,2024,24295,False,21.88503063904251,-1.0,0.3655466666666731,-1.3655466666666731
TRX,4h,334153,2024,24296,False,26.362384418650556,-1.0,0.3034626865671624,-1.3034626865671624
TRX,4h,333878,2024,24296,False,104.73297089862534,-1.0,0.07638473282442715,-1.0763847328244271
TRX,4h,334254,2024,24296,False,31.106036146002,-1.0,0.2571848101265781,-1.2571848101265781
TRX,4h,334973,2024,24296,False,154.1433573469634,-1.0,0.05189973890339426,-1.0518997389033942
TRX,4h,336336,2024,24296,False,19.141372709871106,-1.0,0.4179428571428653,-1.4179428571428652
TRX,4h,337110,2024,24296,False,31.540887760596487,-1.0,0.25363902439024777,-1.2536390243902478
TRX,4h,337404,2024,24296,False,22.526822190828128,2.0,0.17756610169492143,1.8224338983050785
TRX,4h,338090,2024,24296,False,21.915976375319616,-1.0,0.365030508474589,-1.365030508474589
TRX,4h,338276,2024,24296,False,34.66656726432275,-1.0,0.23076989247312166,-1.2307698924731216
TRX,4h,341416,2024,24296,False,103.72406898275398,-1.0,0.07712771084337375,-1.0771277108433737
TRX,4h,343267,2024,24297,False,30.859076882237325,2.0,0.129621505376346,1.870378494623654
TRX,4h,345078,2024,24297,False,30.589086603297105,2.0,0.13076559139784358,1.8692344086021564
TRX,4h,345147,2024,24297,False,18.665880734844922,-1.0,0.42858947368424105,-1.428589473684241
TRX,4h,346617,2024,24297,False,47.41235392320642,2.0,0.08436619718309668,1.9156338028169033
TRX,4h,346470,2024,24297,False,38.797611416618345,2.0,0.10309913043478401,1.896900869565216
TRX,4h,347246,2024,24297,False,17.418101426945146,2.0,0.22964615384614484,1.770353846153855
TRX,4h,347718,2024,24297,False,18.769139583128023,2.0,0.21311578947367862,1.7868842105263214
TRX,4h,350485,2024,24297,False,16.297574537436823,-1.0,0.490870588235284,-1.490870588235284
TRX,4h,350659,2024,24297,False,22.758598583198513,-1.0,0.3515154929577247,-1.3515154929577247
TRX,4h,351580,2024,24298,False,43.65130311978521,-1.0,0.18327058823529033,-1.1832705882352903
TRX,4h,351953,2024,24298,False,59.6919127085999,-1.0,0.13402150537634605,-1.134021505376346
TRX,4h,352653,2024,24298,False,36.25862345580042,-1.0,0.220637168141589,-1.220637168141589
TRX,4h,352616,2024,24298,False,12.904058326342213,2.0,0.3099800000000342,1.6900199999999659
TRX,4h,353593,2024,24298,False,63.37695096957313,2.0,0.06311442786069614,1.936885572139304
TRX,4h,353957,2024,24298,False,16.31321370310015,-1.0,0.4903999999999808,-1.4903999999999809
TRX,4h,353931,2024,24298,False,18.42080614443097,-1.0,0.4342915254237439,-1.4342915254237438
TRX,4h,354594,2024,24298,False,71.04520212204928,-1.0,0.11260436681222637,-1.1126043668122263
TRX,4h,354235,2024,24298,False,15.990159901599643,-1.0,0.5003076923076727,-1.5003076923076728
TRX,4h,354741,2024,24298,False,31.950863914135162,2.0,0.12519223300971175,1.8748077669902883
TRX,4h,355255,2024,24298,False,32.846372821972516,-1.0,0.2435580952380963,-1.2435580952380962
TRX,4h,358278,2024,24298,False,19.630938358853065,-1.0,0.40752000000001015,-1.40752000000001
TRX,4h,358161,2024,24298,False,18.87251917691493,-1.0,0.423896774193542,-1.423896774193542
TRX,4h,358484,2024,24298,False,12.732674467957056,-1.0,0.6283047619047148,-1.6283047619047148
TRX,4h,359026,2024,24298,False,14.84173860366471,-1.0,0.5390204081632759,-1.539020408163276
TRX,4h,359798,2024,24299,False,22.410135357218405,-1.0,0.35698133333331983,-1.3569813333333198
TRX,4h,360537,2024,24299,False,43.59409057883256,2.0,0.09175555555555574,1.9082444444444442
TRX,4h,361159,2024,24299,False,23.32887492612438,-1.0,0.34292266666667914,-1.3429226666666791
TRX,4h,361518,2024,24299,False,51.180247526287566,-1.0,0.15631030303030446,-1.1563103030303044
TRX,4h,362555,2024,24299,False,71.90282409815389,2.0,0.05563063829787321,1.9443693617021267
TRX,4h,363197,2024,24299,False,145.27778540631138,-1.0,0.055066918714555595,-1.0550669187145556
TRX,4h,363530,2024,24299,False,110.01642036124859,-1.0,0.07271641791044733,-1.0727164179104474
TRX,4h,364344,2024,24299,False,133.21013321013393,2.0,0.030027745664739723,1.9699722543352602
TRX,4h,364568,2024,24299,False,46.56548113468657,2.0,0.08590054054054228,1.9140994594594578
TRX,4h,364742,2024,24299,False,59.58883702453107,-1.0,0.1342533333333326,-1.1342533333333327
TRX,4h,365621,2024,24299,False,44.89225857941002,-1.0,0.17820444444444206,-1.1782044444444422
TRX,4h,366488,2024,24299,False,81.46890152354315,-1.0,0.09819697885196271,-1.0981969788519628
TRX,4h,366244,2024,24299,False,129.9189474920705,-1.0,0.06157685352622083,-1.0615768535262209
TRX,4h,366733,2024,24299,False,132.18989860703056,2.0,0.030259498207885448,1.9697405017921146
TRX,4h,367943,2024,24299,False,212.41271546462195,-1.0,0.03766252873563224,-1.0376625287356323
TRX,4h,367200,2024,24299,False,127.29699209526794,-1.0,0.06284516129032233,-1.0628451612903222
TRX,4h,367585,2024,24299,False,40.473540422948254,2.0,0.0988300000000006,1.9011699999999994
TRX,4h,368070,2024,24299,False,32.297034096793304,2.0,0.12385038167938617,1.8761496183206139
TRX,4h,368578,2024,24300,False,30.66521791621377,-1.0,0.2608818897637809,-1.2608818897637808
TRX,4h,369414,2024,24300,False,807.5831335578665,-1.0,0.009906100892369329,-1.0099061008923693
TRX,4h,371059,2024,24300,False,386.70673248908867,2.0,0.010343755781683641,1.9896562442183163
TRX,4h,372678,2024,24300,False,132.11892434763078,2.0,0.03027575360419387,1.9697242463958062
TRX,4h,373054,2024,24300,False,210.91060089624088,-1.0,0.03793076292042647,-1.0379307629204264
TRX,4h,373618,2024,24300,False,95.91058414832106,2.0,0.04170551181102384,1.9582944881889761
TRX,4h,374515,2024,24300,False,76.8580741217644,-1.0,0.10408795811518504,-1.104087958115185
TRX,4h,375221,2024,24300,False,66.07409738063457,2.0,0.06053809523809471,1.9394619047619053
TRX,4h,376865,2024,24300,False,38.61912136598042,-1.0,0.20715126903553013,-1.2071512690355302
TRX,4h,377203,2024,24300,False,44.587613678772655,-1.0,0.17942202643171848,-1.1794220264317186
TRX,4h,378730,2025,24301,False,41.46350827350443,2.0,0.09647037037037307,1.903529629629627
TRX,4h,378442,2025,24301,False,80.77118596200583,-1.0,0.09904522144522108,-1.099045221445221
TRX,4h,378912,2025,24301,False,40.68226775650281,-1.0,0.19664587155963667,-1.1966458715596366
TRX,4h,379189,2025,24301,False,40.30739094402227,-1.0,0.19847476635513736,-1.1984747663551374
TRX,4h,382606,2025,24301,False,111.81374586989351,2.0,0.03577377690802346,1.9642262230919765
TRX,4h,381607,2025,24301,False,40.70440035991168,2.0,0.09826947368421272,1.9017305263157873
TRX,4h,382362,2025,24301,False,102.76905509563323,2.0,0.03892222222222187,1.9610777777777781
TRX,4h,382832,2025,24301,False,215.07204488460107,-1.0,0.03719683794466396,-1.0371968379446639
TRX,4h,382964,2025,24301,False,184.4074445178756,2.0,0.021691098265895978,1.978308901734104
TRX,4h,384153,2025,24301,False,60.333006856022955,-1.0,0.1325974025974038,-1.1325974025974037
TRX,4h,385794,2025,24301,False,79.12282111012931,-1.0,0.1011086294416244,-1.1011086294416244
TRX,4h,384953,2025,24301,False,54.96638672633331,2.0,0.07277174721189521,1.9272282527881048
TRX,4h,384922,2025,24301,False,44.59262346322214,-1.0,0.17940186915887596,-1.179401869158876
TRX,4h,385317,2025,24301,False,49.568875744574356,-1.0,0.16139159663865593,-1.1613915966386559
TRX,4h,386529,2025,24302,False,44.743647633511756,-1.0,0.17879633027523265,-1.1787963302752327
TRX,4h,386443,2025,24302,False,35.66276646898549,-1.0,0.2243235955056175,-1.2243235955056175
TRX,4h,388008,2025,24302,False,47.842727905359155,-1.0,0.16721454545454276,-1.1672145454545428
TRX,4h,388102,2025,24302,False,44.12947544618543,-1.0,0.18128472906404156,-1.1812847290640416
TRX,4h,389802,2025,24302,False,38.48034526011392,2.0,0.10394917127071947,1.8960508287292805
TRX,4h,389321,2025,24302,False,74.99171362280435,-1.0,0.10667845303867368,-1.1066784530386737
TRX,4h,389164,2025,24302,False,38.34856396866826,2.0,0.10430638297872381,1.8956936170212761
TRX,4h,391281,2025,24302,False,41.55213194400067,-1.0,0.19252923076923004,-1.1925292307692301
TRX,4h,390825,2025,24302,False,35.68464730290455,-1.0,0.224186046511628,-1.2241860465116279
TRX,4h,391395,2025,24302,False,49.43429788818341,-1.0,0.16183096234309602,-1.161830962343096
TRX,4h,392200,2025,24302,False,84.09028641277992,-1.0,0.09513583959899763,-1.0951358395989976
TRX,4h,391728,2025,24302,False,39.038166036795396,-1.0,0.20492765957446887,-1.204927659574469
TRX,4h,391848,2025,24302,False,23.80508807882557,2.0,0.16803130434782837,1.8319686956521717
TRX,4h,392176,2025,24302,False,29.507106641176478,-1.0,0.2711211267605678,-1.2711211267605678
TRX,4h,392155,2025,24302,False,66.74196529417753,-1.0,0.1198646153846163,-1.1198646153846163
TRX,4h,392835,2025,24302,False,54.18129426327656,2.0,0.07382621722846426,1.9261737827715357
TRX,4h,392583,2025,24302,False,104.21650406673216,-1.0,0.07676327345309358,-1.0767632734530936
TRX,4h,394297,2025,24303,False,74.22488017983635,2.0,0.05389028571428567,1.9461097142857144
TRX,4h,394100,2025,24302,False,106.44257703081179,-1.0,0.07515789473684248,-1.0751578947368425
TRX,4h,395161,2025,24303,False,59.50282087447064,2.0,0.0672237037037042,1.9327762962962958
TRX,4h,394407,2025,24303,False,35.31134269227403,-1.0,0.22655609756097905,-1.226556097560979
TRX,4h,395071,2025,24303,False,112.80184546358811,-1.0,0.07092082551594744,-1.0709208255159475
TRX,4h,394875,2025,24303,False,72.23728603067482,-1.0,0.11074613180515783,-1.110746131805158
TRX,4h,395259,2025,24303,False,183.3252278349864,-1.0,0.04363829296424446,-1.0436382929642445
TRX,4h,395923,2025,24303,False,65.56144819810481,-1.0,0.1220229299363045,-1.1220229299363045
TRX,4h,396147,2025,24303,False,38.21656050955358,-1.0,0.2093333333333364,-1.2093333333333365
TRX,4h,398317,2025,24303,False,28.297052204718998,-1.0,0.28271496062992274,-1.2827149606299226
TRX,4h,399057,2025,24303,False,72.91211445131923,-1.0,0.10972113564668749,-1.1097211356466874
TRX,4h,399531,2025,24303,False,70.00515375365026,2.0,0.05713865030674872,1.9428613496932512
TRX,4h,401813,2025,24303,False,31.73514023501118,2.0,0.12604324324324484,1.8739567567567552
TRX,4h,401745,2025,24303,False,27.416186343716795,2.0,0.14589921259842598,1.854100787401574
TRX,4h,403278,2025,24304,False,70.95814743998321,-1.0,0.11274251497005956,-1.1127425149700596
TRX,4h,404859,2025,24304,False,20.830676359307503,-1.0,0.38404897959184425,-1.3840489795918443
TRX,4h,405362,2025,24304,False,104.76855673376109,2.0,0.03817939393939386,1.961820606060606
TRX,4h,405422,2025,24304,False,64.62526023594688,-1.0,0.12379060402684636,-1.1237906040268464
TRX,4h,406382,2025,24304,False,41.10954239681052,2.0,0.097301010101011,1.902698989898989
TRX,4h,406655,2025,24304,False,81.50903510376676,2.0,0.04907431421446368,1.9509256857855364
TRX,4h,406751,2025,24304,False,35.46813913183636,2.0,0.11277727272727377,1.8872227272727262
TRX,4h,407353,2025,24304,False,59.01062191194321,-1.0,0.13556881355932418,-1.1355688135593243
TRX,4h,407669,2025,24304,False,41.80323042804085,2.0,0.09568638497652737,1.9043136150234727
TRX,4h,407455,2025,24304,False,43.373108672623076,-1.0,0.1844460829493083,-1.1844460829493082
TRX,4h,408000,2025,24304,False,54.851218581101655,-1.0,0.1458490842490837,-1.1458490842490836
TRX,4h,408396,2025,24304,False,24.368081942838558,2.0,0.1641491525423709,1.8358508474576292
TRX,4h,409955,2025,24304,False,36.54925982644121,-1.0,0.21888268156425092,-1.2188826815642508
TRX,4h,410977,2025,24304,False,33.36267065108419,-1.0,0.23978895705521178,-1.2397889570552119
TRX,4h,410918,2025,24304,False,42.77125448896443,-1.0,0.1870415094339613,-1.1870415094339613
TRX,4h,411051,2025,24304,False,39.18861296676162,-1.0,0.2041409326424825,-1.2041409326424826
TRX,4h,412295,2025,24305,False,38.80615209573472,-1.0,0.20615287958115538,-1.2061528795811554
TRX,4h,412970,2025,24305,False,22.737423362702703,2.0,0.17592142857142704,1.824078571428573
TRX,4h,413682,2025,24305,False,21.30725055297379,2.0,0.18772952380952462,1.8122704761904753
TRX,4h,414619,2025,24305,False,50.65542709098772,2.0,0.07896488549618119,1.9210351145038187
TRX,4h,415463,2025,24305,False,123.59550561797639,-1.0,0.06472727272727333,-1.0647272727272734
TRX,4h,417372,2025,24305,False,66.37742425928037,-1.0,0.12052290502793203,-1.120522905027932
TRX,4h,417545,2025,24305,False,54.160329413508975,-1.0,0.1477095890410998,-1.1477095890410998
TRX,4h,418393,2025,24305,False,78.0556377626517,-1.0,0.10249099526066348,-1.1024909952606634
TRX,4h,423037,2025,24306,False,49.261083743842455,2.0,0.08119999999999986,1.9188
TRX,4h,423849,2025,24306,False,37.89074834228065,-1.0,0.21113333333332837,-1.2111333333333283
TRX,4h,423841,2025,24306,False,46.12930077691446,-1.0,0.17342556390977473,-1.1734255639097748
TRX,4h,424543,2025,24306,False,31.499253965037475,2.0,0.12698713450292476,1.8730128654970752
TRX,4h,425373,2025,24306,False,69.34711781729456,-1.0,0.11536167979002684,-1.1153616797900268
TRX,4h,426049,2025,24306,False,21.75489485134117,2.0,0.1838666666666699,1.81613333333333
TRX,4h,425896,2025,24306,False,35.485116475757735,-1.0,0.22544663212435379,-1.2254466321243538
TRX,4h,427252,2025,24306,False,70.56545457930626,-1.0,0.11336992084432837,-1.1133699208443284
TRX,4h,434779,2025,24307,True,117.39062743266373,-1.0,0.06814854111405844,-1.0681485411140583
TRX,4h,435250,2025,24307,True,47.199695894576514,-1.0,0.1694926174496654,-1.1694926174496654
TRX,4h,437912,2025,24307,True,53.11696509676624,-1.0,0.15061101449275083,-1.1506110144927508
TRX,4h,437872,2025,24307,True,67.2753483901976,-1.0,0.11891428571428468,-1.1189142857142846
TRX,4h,438931,2025,24308,True,40.59581693293062,-1.0,0.1970646387832767,-1.1970646387832766
TRX,4h,441484,2025,24308,True,22.00813280669297,2.0,0.18175099337748207,1.8182490066225179
TRX,4h,442713,2025,24308,True,86.10363439072094,2.0,0.04645564648117879,1.9535443535188213
TRX,4h,442994,2025,24308,True,27.46041005648574,-1.0,0.29132849740932837,-1.2913284974093284
TRX,4h,444702,2025,24308,True,61.86873906273675,-1.0,0.12930601336302913,-1.129306013363029
TRX,4h,445409,2025,24308,True,33.390157652263106,2.0,0.11979578059071816,1.8802042194092818
TRX,4h,445708,2025,24308,True,68.16749727902828,-1.0,0.11735798319327763,-1.1173579831932776
TRX,4h,445913,2025,24308,True,25.13970493169225,2.0,0.15911085714285447,1.8408891428571454
TRX,4h,447118,2025,24308,True,15.766423357663792,-1.0,0.5074074074074216,-1.5074074074074217
TRX,4h,446965,2025,24308,True,15.485583659022126,-1.0,0.5166095238095262,-1.5166095238095263
TRX,4h,447269,2025,24309,True,26.914535319812305,-1.0,0.29723715846994564,-1.2972371584699456
TRX,4h,448506,2025,24309,True,18.547369982936022,-1.0,0.43132800000000926,-1.4313280000000093
TRX,4h,449409,2025,24309,True,52.19003753495525,2.0,0.07664297994269358,1.9233570200573065
TRX,4h,449159,2025,24309,True,41.142267227375406,-1.0,0.1944472324723254,-1.1944472324723254
TRX,4h,451416,2025,24309,True,22.694210066918906,2.0,0.17625641025640962,1.8237435897435903
TRX,4h,451033,2025,24309,True,25.932575304209678,-1.0,0.3084923076923003,-1.3084923076923003
TRX,4h,451656,2025,24309,True,30.682358364183248,2.0,0.13036807511737303,1.869631924882627
TRX,4h,452146,2025,24309,True,28.346731403817465,-1.0,0.28221948717948614,-1.282219487179486
TRX,4h,453449,2025,24309,True,21.085307640495458,2.0,0.189705555555556,1.810294444444444
TRX,4h,456003,2025,24310,True,34.62583206471432,-1.0,0.23104137931034596,-1.231041379310346
TRX,4h,458155,2025,24310,True,58.2433342113733,2.0,0.06867738693467365,1.9313226130653263
TRX,4h,458236,2025,24310,True,39.62583781394963,-1.0,0.20188847583643343,-1.2018884758364334
TRX,4h,459702,2025,24310,True,100.73748627020213,-1.0,0.07941433021806876,-1.0794143302180688
TRX,4h,459844,2025,24310,True,121.19869624378975,-1.0,0.06600731070496084,-1.0660073107049608
TRX,4h,460897,2025,24310,True,73.63393869695086,-1.0,0.10864555314533617,-1.108645553145336
TRX,4h,462424,2025,24310,True,38.91173679215466,-1.0,0.20559349593495785,-1.205593495934958
TRX,4h,463377,2025,24310,True,40.136663681294614,2.0,0.09965950413223233,1.9003404958677677
TRX,4h,463348,2025,24310,True,39.96507254164509,2.0,0.10008739495798115,1.8999126050420188
TRX,4h,464593,2025,24310,True,38.5667442532171,-1.0,0.2074325991189331,-1.2074325991189332
TRX,4h,465516,2025,24311,True,13.214515637176886,-1.0,0.6053948717948696,-1.6053948717948696
TRX,4h,466768,2025,24311,True,70.77299261274703,-1.0,0.11303746958637309,-1.1130374695863732
TRX,4h,465734,2025,24311,True,49.195539137589584,2.0,0.08130818505338137,1.9186918149466186
TRX,4h,466595,2025,24311,True,24.370145694899843,-1.0,0.32827050359712173,-1.3282705035971216
TRX,4h,467168,2025,24311,True,87.63590479318306,2.0,0.04564339250493079,1.9543566074950691
TRX,4h,468463,2025,24311,True,36.44093531734067,2.0,0.10976666666666408,1.8902333333333359
TRX,4h,468752,2025,24311,True,42.89371513825884,-1.0,0.18650750988142872,-1.1865075098814288
TRX,4h,469313,2025,24311,True,19.808014627457027,-1.0,0.40387692307692163,-1.4038769230769217
TRX,4h,469590,2025,24311,True,47.57535596560834,2.0,0.08407714285714546,1.9159228571428546
TRX,4h,470272,2025,24311,True,38.08658583458471,-1.0,0.21004770642202225,-1.2100477064220223
TRX,4h,472050,2025,24311,True,26.145689592562945,2.0,0.15298888888888923,1.8470111111111107
TRX,4h,471954,2025,24311,True,26.113474918282037,-1.0,0.3063552447552356,-1.3063552447552356
TRX,4h,473474,2025,24312,True,13.451708366963114,-1.0,0.5947199999999775,-1.5947199999999775
TRX,4h,473930,2025,24312,True,45.54954182519588,-1.0,0.17563294117647466,-1.1756329411764748
TRX,4h,474081,2025,24312,True,57.671362508259065,-1.0,0.13871702786377427,-1.1387170278637742
TRX,4h,474740,2025,24312,True,32.99403299403287,-1.0,0.24246808510638387,-1.2424680851063838
TRX,4h,475118,2025,24312,True,15.687094750052497,-1.0,0.5099733333333266,-1.5099733333333267
TRX,4h,475973,2025,24312,True,26.60517914153859,-1.0,0.30069333333334425,-1.3006933333333444
TRX,4h,476113,2025,24312,True,16.34509469494938,-1.0,0.48944347826091167,-1.4894434782609116
TRX,4h,476521,2025,24312,True,26.67425401002855,2.0,0.14995733333333877,1.8500426666666612
TRX,4h,477520,2025,24312,True,13.438692683976214,-1.0,0.5952959999999774,-1.5952959999999774
TRX,4h,477505,2025,24312,True,16.910124487300354,-1.0,0.4730893617021014,-1.4730893617021015
TRX,4h,477409,2025,24312,True,26.086956521739072,-1.0,0.30666666666666736,-1.3066666666666673
TRX,4h,477718,2025,24312,True,51.833916240694975,-1.0,0.15433910034602352,-1.1543391003460235
TRX,4h,480335,2025,24312,True,13.35588994746734,-1.0,0.5989866666666439,-1.598986666666644
TRX,4h,479676,2025,24312,True,18.62982881647968,-1.0,0.4294188679245037,-1.4294188679245037
TRX,4h,479574,2025,24312,True,13.238573021181418,-1.0,0.6042947368421189,-1.6042947368421188
TRX,4h,480699,2025,24312,True,14.13617249709148,-1.0,0.5659240506329419,-1.565924050632942
TRX,4h,481057,2025,24312,True,19.90567221993177,2.0,0.20094774774773774,1.7990522522522623
TRX,4h,481681,2025,24312,True,37.30282790962041,2.0,0.10723047619047667,1.8927695238095232
TRX,4h,481303,2025,24312,True,12.186291305345517,2.0,0.3282376811594353,1.6717623188405648
TRX,4h,481761,2025,24312,True,28.424639395490907,-1.0,0.28144596273291916,-1.281445962732919
TRX,4h,482242,2025,24312,True,16.438937302248373,-1.0,0.4866494623655405,-1.4866494623655404
TRX,4h,482393,2025,24312,True,19.496601268158283,2.0,0.2051639639639537,1.7948360360360462
TRX,4h,483032,2026,24313,True,23.27277779707541,2.0,0.17187462686567062,1.8281253731343294
TRX,4h,483661,2026,24313,True,33.499692349765375,-1.0,0.23880816326529727,-1.2388081632652972
TRX,4h,483333,2026,24313,True,16.823859291357557,-1.0,0.47551515151518253,-1.4755151515151825
TRX,4h,484106,2026,24313,True,18.912610110578186,-1.0,0.42299819819821943,-1.4229981981982194
TRX,4h,484799,2026,24313,True,25.249940287304003,-1.0,0.31683243243242454,-1.3168324324324245
TRX,4h,486969,2026,24313,True,32.943608294038526,-1.0,0.24283921568626954,-1.2428392156862695
TRX,4h,487866,2026,24313,True,41.66266064160394,-1.0,0.1920184615384663,-1.1920184615384664
TRX,4h,488771,2026,24313,True,45.872303178642625,-1.0,0.17439717314487635,-1.1743971731448763
TRX,4h,488689,2026,24313,True,32.12588100311361,-1.0,0.2490204081632702,-1.24902040816327
TRX,4h,488517,2026,24313,True,63.04582882807885,-1.0,0.12689182058047627,-1.1268918205804763
TRX,4h,488897,2026,24313,True,51.0330476143295,-1.0,0.15676116504854182,-1.1567611650485419
TRX,4h,489536,2026,24313,True,17.02428910951094,-1.0,0.46991683168318904,-1.469916831683189
TRX,4h,489614,2026,24313,True,21.416164988785912,-1.0,0.3735496062992146,-1.3735496062992145
TRX,4h,490084,2026,24313,True,13.752355727601104,-1.0,0.5817185185185347,-1.5817185185185347
TRX,4h,492347,2026,24314,True,34.3968270681963,-1.0,0.23257959183673924,-1.2325795918367393
TRX,4h,493092,2026,24314,True,54.12103431310072,-1.0,0.1478168350168336,-1.1478168350168336
TRX,4h,493362,2026,24314,True,18.63005769891612,2.0,0.21470679611650997,1.78529320388349
TRX,4h,493627,2026,24314,True,22.86928492968133,2.0,0.17490708661417415,1.8250929133858258
TRX,4h,494084,2026,24314,True,16.02131374772835,-1.0,0.4993348314606419,-1.4993348314606418
TRX,4h,494429,2026,24314,True,17.69847576392366,-1.0,0.452016326530621,-1.452016326530621
TRX,4h,494376,2026,24314,True,22.14879634000216,-1.0,0.3611934426229511,-1.361193442622951
TRX,4h,494698,2026,24314,True,13.388818527229292,2.0,0.2987567567567717,1.7012432432432283
TRX,4h,494856,2026,24314,True,15.637076046516478,-1.0,0.5116045977011275,-1.5116045977011274
TRX,4h,495515,2026,24314,True,32.861837405342776,2.0,0.1217217391304379,1.878278260869562
TRX,4h,496077,2026,24314,True,22.573363431153094,-1.0,0.3543999999999709,-1.354399999999971
TRX,4h,496049,2026,24314,True,19.443560646233074,-1.0,0.4114472727272765,-1.4114472727272764
TRX,4h,496710,2026,24314,True,39.09497779900465,-1.0,0.20462986425339977,-1.2046298642533997
TRX,4h,497872,2026,24314,True,62.72147413182118,-1.0,0.12754802259887052,-1.1275480225988705
TRX,4h,497434,2026,24314,True,17.886602413822615,-1.0,0.4472621359223408,-1.4472621359223408
TRX,4h,498256,2026,24314,True,55.2544335104981,-1.0,0.14478476190476253,-1.1447847619047624
TRX,4h,498192,2026,24314,True,23.166569402444576,-1.0,0.3453251908396858,-1.3453251908396857
TRX,4h,499020,2026,24314,True,16.128746388755363,-1.0,0.49600879120880953,-1.4960087912088096
TRX,4h,498996,2026,24314,True,15.015280255790023,-1.0,0.5327905882352832,-1.5327905882352832
TRX,4h,498429,2026,24314,True,31.783939452472968,2.0,0.1258497237569076,1.8741502762430924
TRX,4h,499315,2026,24314,True,28.98241496417241,-1.0,0.27602944785275724,-1.2760294478527572
TRX,4h,499499,2026,24315,True,21.54136476117451,2.0,0.18568925619835733,1.8143107438016426
TRX,4h,500800,2026,24315,True,23.617501443293037,2.0,0.16936592592591673,1.8306340740740832
TRX,4h,501166,2026,24315,True,29.22946893928713,-1.0,0.2736963855421696,-1.2736963855421695
TRX,4h,501768,2026,24315,True,16.860475222054657,2.0,0.2372412371133956,1.7627587628866044
TRX,4h,502419,2026,24315,True,11.783461565121195,-1.0,0.6789176470588096,-1.6789176470588096
TRX,4h,502317,2026,24315,True,36.82052176947814,-1.0,0.21727014218010046,-1.2172701421801004
TRX,4h,502221,2026,24315,True,16.30577715437865,-1.0,0.4906236559139857,-1.4906236559139856
TRX,4h,502692,2026,24315,True,20.234862766123108,-1.0,0.39535726495726353,-1.3953572649572634
TRX,4h,503952,2026,24315,True,24.860056484753706,-1.0,0.321801360544224,-1.321801360544224
TRX,4h,504046,2026,24315,True,25.286581254215392,-1.0,0.3163733333333213,-1.3163733333333214
TRX,4h,504442,2026,24315,True,43.29869437783,2.0,0.09238153846154074,1.9076184615384593
TRX,4h,505704,2026,24315,True,52.24894143964201,-1.0,0.15311314984709504,-1.153113149847095
TRX,4h,506512,2026,24315,True,43.90376295161056,-1.0,0.18221672727272525,-1.1822167272727253
TRX,4h,507054,2026,24315,True,23.33646647003528,-1.0,0.34281111111111184,-1.3428111111111118
TRX,4h,506713,2026,24315,True,20.44660538051605,2.0,0.19563149606299313,1.804368503937007
TRX,4h,506711,2026,24315,True,38.2455073530589,-1.0,0.20917489539748924,-1.2091748953974892
TRX,4h,506937,2026,24315,True,21.368202838462892,-1.0,0.3743880597014903,-1.3743880597014904
TRX,4h,508204,2026,24315,True,29.726706089179686,-1.0,0.26911827956989637,-1.2691182795698963
TRX,4h,509288,2026,24316,True,41.593143433326304,-1.0,0.1923393939393876,-1.1923393939393876
TRX,4h,510313,2026,24316,True,21.426870883262637,-1.0,0.37336296296297333,-1.3733629629629733
TRX,4h,511184,2026,24316,True,12.710069199265284,-1.0,0.6294222222222399,-1.6294222222222399
TRX,4h,512030,2026,24316,True,21.671681816055788,-1.0,0.3691453237410066,-1.3691453237410065
TRX,4h,512458,2026,24316,True,12.098275220250699,-1.0,0.6612512820512795,-1.6612512820512795
TRX,4h,512677,2026,24316,True,50.79267354163414,-1.0,0.15750303030303173,-1.1575030303030318
TRX,4h,513985,2026,24316,True,27.60736196319055,2.0,0.14488888888888699,1.855111111111113
TRX,4h,516062,2026,24316,True,29.11877394636035,2.0,0.13736842105263067,1.8626315789473693
TRX,4h,520965,2026,24317,True,31.20567375886653,-1.0,0.2563636363636258,-1.2563636363636257
TRX,4h,521581,2026,24317,True,16.97792869269919,2.0,0.23560000000000417,1.7643999999999957
TRX,4h,521852,2026,24317,True,19.712756969867037,-1.0,0.4058285714285839,-1.4058285714285839
TRX,4h,523174,2026,24317,True,19.31034482758714,-1.0,0.4142857142856943,-1.4142857142856942
TRX,4h,524708,2026,24317,True,21.721422753189454,-1.0,0.3683000000000149,-1.368300000000015
TRX,4h,525502,2026,24317,True,40.183696900115166,2.0,0.09954285714285627,1.9004571428571437
TRX,4h,525625,2026,24317,True,39.04555314533675,2.0,0.10244444444444308,1.897555555555557
TRX,4h,527846,2026,24318,True,39.93855606758905,-1.0,0.2003076923076887,-1.2003076923076887
TRX,4h,529919,2026,24318,True,17.933163877929488,-1.0,0.4461008695652235,-1.4461008695652235
TRX,4h,529776,2026,24318,True,46.17704341270424,-1.0,0.1732462585033982,-1.1732462585033983
TRX,4h,529642,2026,24318,True,12.817875397591147,-1.0,0.6241283950617459,-1.6241283950617458
TRX,4h,530975,2026,24318,True,20.13908555964723,2.0,0.19861874999999088,1.801381250000009
TRX,4h,530729,2026,24318,True,13.782733993233805,2.0,0.2902181818181845,1.7097818181818156
TRX,4h,532126,2026,24318,True,25.82409235910732,2.0,0.15489411764705566,1.8451058823529443
TRX,4h,532787,2026,24318,True,20.727283811382147,-1.0,0.38596470588234494,-1.385964705882345
TRX,4h,533408,2026,24318,True,21.80685358255558,-1.0,0.366857142857125,-1.366857142857125
TRX,4h,534712,2026,24319,True,22.62585632581228,2.0,0.1767888888888893,1.8232111111111107
TRX,1h,1075,2021,24258,False,100.77519379844999,-1.0,0.07938461538461508,-1.0793846153846152
TRX,1h,2114,2021,24258,False,103.31163317294008,-1.0,0.07743561643835674,-1.0774356164383567
TRX,1h,3559,2021,24258,False,61.25009224411464,-1.0,0.13061204819277147,-1.1306120481927715
TRX,1h,3787,2021,24258,False,85.07018290089368,2.0,0.04701999999999975,1.9529800000000002
TRX,1h,3967,2021,24258,False,60.35087719298244,-1.0,0.13255813953488377,-1.1325581395348838
TRX,1h,4810,2021,24258,False,51.639916259594614,-1.0,0.15491891891892084,-1.1549189189189208
TRX,1h,5679,2021,24258,False,136.34297833661537,-1.0,0.05867555555555568,-1.0586755555555556
TRX,1h,6353,2021,24258,False,155.11119416931368,-1.0,0.05157590361445799,-1.051575903614458
TRX,1h,9813,2021,24259,False,60.25003765627526,-1.0,0.1327799999999962,-1.1327799999999961
TRX,1h,10009,2021,24259,False,115.93090211132527,-1.0,0.06900662251655576,-1.0690066225165558
TRX,1h,10191,2021,24259,False,76.40586797066021,-1.0,0.10470399999999991,-1.104704
TRX,1h,10234,2021,24259,False,61.06870229007596,2.0,0.0655000000000004,1.9344999999999997
TRX,1h,12496,2021,24259,False,77.53258924767778,-1.0,0.10318241758241825,-1.1031824175824183
TRX,1h,12986,2021,24259,False,76.81802663024907,2.0,0.05207111111111122,1.9479288888888888
TRX,1h,13580,2021,24259,False,80.4384336603914,-1.0,0.09945494505494419,-1.0994549450549442
TRX,1h,14298,2021,24259,False,92.41053873377864,2.0,0.043285106382978895,1.9567148936170211
TRX,1h,15497,2021,24259,False,42.0241638942387,-1.0,0.19036666666666888,-1.1903666666666688
TRX,1h,15546,2021,24259,False,45.58204768583508,-1.0,0.1755076923076901,-1.1755076923076901
TRX,1h,16100,2021,24259,False,124.4035446489425,-1.0,0.06430684931506897,-1.064306849315069
TRX,1h,16086,2021,24259,False,104.84273589615668,-1.0,0.07630476190476124,-1.0763047619047612
TRX,1h,17180,2021,24259,False,140.36233066753707,-1.0,0.05699534883720933,-1.0569953488372092
TRX,1h,17966,2021,24260,False,88.30194576853889,2.0,0.045299115044248106,1.954700884955752
TRX,1h,20061,2021,24260,False,66.5635715726478,2.0,0.06009292929292985,1.9399070707070702
TRX,1h,19928,2021,24260,False,77.27975270479062,-1.0,0.10352000000000096,-1.103520000000001
TRX,1h,20801,2021,24260,False,197.79962546816444,-1.0,0.04044497041420125,-1.0404449704142014
TRX,1h,22299,2021,24260,False,115.19353605939841,2.0,0.034724170616113735,1.9652758293838863
TRX,1h,23891,2021,24260,False,59.969158718373144,-1.0,0.13340190476190536,-1.1334019047619053
TRX,1h,24628,2021,24260,False,100.25949516395418,-1.0,0.07979294117647025,-1.0797929411764702
TRX,1h,25666,2021,24260,False,67.99662826636633,-1.0,0.11765289256198455,-1.1176528925619846
TRX,1h,26298,2021,24260,False,56.44511001036797,-1.0,0.1417306122448967,-1.1417306122448967
TRX,1h,26332,2021,24260,False,59.273752661564316,2.0,0.06748349514563086,1.932516504854369
TRX,1h,28239,2021,24261,False,59.43041886559222,-1.0,0.13461119999999988,-1.1346112
TRX,1h,28624,2021,24261,False,535.3037766830876,-1.0,0.014944785276073605,-1.0149447852760736
TRX,1h,30001,2021,24261,False,242.25405739850606,-1.0,0.033023182711198355,-1.0330231827111984
TRX,1h,29852,2021,24261,False,139.53488372093074,2.0,0.028666666666666563,1.9713333333333334
TRX,1h,29939,2021,24261,False,143.2384341637011,-1.0,0.05585093167701862,-1.0558509316770186
TRX,1h,32092,2021,24261,False,140.0900217468262,2.0,0.028553068592057817,1.9714469314079421
TRX,1h,33809,2021,24261,False,132.1126434117497,-1.0,0.06055438596491291,-1.060554385964913
TRX,1h,35312,2021,24262,False,61.75514626218713,2.0,0.06477192982456285,1.9352280701754372
TRX,1h,37787,2021,24262,False,82.08405013516858,-1.0,0.0974610778443111,-1.097461077844311
TRX,1h,38061,2021,24262,False,59.808011257978414,-1.0,0.13376134453781552,-1.1337613445378154
TRX,1h,38465,2021,24262,False,72.82073249089741,-1.0,0.10985882352941176,-1.1098588235294118
TRX,1h,39270,2021,24262,False,63.516653756776726,-1.0,0.12595121951219704,-1.125951219512197
TRX,1h,39303,2021,24262,False,72.8192945308059,-1.0,0.10986099290780182,-1.1098609929078018
TRX,1h,40033,2021,24262,False,81.45712117379207,2.0,0.04910559006211179,1.9508944099378882
TRX,1h,40485,2021,24262,False,58.262179809140854,-1.0,0.13731034482758686,-1.1373103448275867
TRX,1h,40921,2021,24262,False,75.97666781040124,2.0,0.05264774193548402,1.947352258064516
TRX,1h,42506,2021,24262,False,57.79214418650145,2.0,0.06921355932203468,1.9307864406779653
TRX,1h,43020,2021,24262,False,254.50744708648995,-1.0,0.03143326488706375,-1.0314332648870637
TRX,1h,44790,2021,24263,False,117.0712983398905,-1.0,0.06833442622950825,-1.0683344262295082
TRX,1h,44861,2021,24263,False,131.08702853627346,-1.0,0.061028158844765465,-1.0610281588447654
TRX,1h,45210,2021,24263,False,70.94937014334799,-1.0,0.11275646258503194,-1.112756462585032
TRX,1h,45745,2021,24263,False,60.25571939450395,-1.0,0.13276747967479577,-1.1327674796747957
TRX,1h,46516,2021,24263,False,85.93396653098202,2.0,0.046547368421052324,1.9534526315789478
TRX,1h,46764,2021,24263,False,82.47872572550743,-1.0,0.09699470899470886,-1.0969947089947087
TRX,1h,48341,2021,24263,False,101.34722617933248,-1.0,0.07893654618473833,-1.0789365461847384
TRX,1h,48849,2021,24263,False,107.99136069114407,-1.0,0.07408000000000044,-1.0740800000000004
TRX,1h,49757,2021,24263,False,60.43610694773356,-1.0,0.13237120000000283,-1.1323712000000028
TRX,1h,52611,2021,24263,False,59.52991891614463,-1.0,0.1343862068965524,-1.1343862068965525
TRX,1h,53173,2021,24264,False,57.86266577909734,2.0,0.0691292035398235,1.9308707964601766
TRX,1h,53717,2021,24264,False,151.9865964576361,-1.0,0.05263622047244065,-1.0526362204724407
TRX,1h,56957,2021,24264,False,55.33408698756554,-1.0,0.14457634408601933,-1.1445763440860193
TRX,1h,57262,2021,24264,False,82.04829793424467,-1.0,0.09750354609929114,-1.0975035460992912
TRX,1h,58553,2021,24264,False,55.90181841547143,2.0,0.07155402298850723,1.9284459770114928
TRX,1h,58965,2021,24264,False,38.35271927066957,2.0,0.10429508196721321,1.8957049180327867
TRX,1h,61515,2021,24264,False,69.68641114982563,-1.0,0.11480000000000025,-1.1148000000000002
TRX,1h,61604,2021,24264,False,58.12011490413586,-1.0,0.13764597701149273,-1.1376459770114926
TRX,1h,63462,2022,24265,False,124.90072918922687,2.0,0.03202543352601191,1.967974566473988
TRX,1h,64219,2022,24265,False,55.3407626411954,2.0,0.07227945205479368,1.9277205479452064
TRX,1h,64420,2022,24265,False,48.03967147063239,-1.0,0.16652903225806945,-1.1665290322580695
TRX,1h,64420,2022,24265,False,78.6287152067936,-1.0,0.10174399999999989,-1.1017439999999998
TRX,1h,65539,2022,24265,False,57.52708255509847,-1.0,0.13906493506493633,-1.1390649350649364
TRX,1h,66317,2022,24265,False,48.710601719196724,-1.0,0.16423529411765037,-1.1642352941176504
TRX,1h,66387,2022,24265,False,54.351662313829365,-1.0,0.14718961038960646,-1.1471896103896064
TRX,1h,66948,2022,24265,False,71.99584353892962,-1.0,0.11111752577319602,-1.111117525773196
TRX,1h,67350,2022,24265,False,52.99229845262494,-1.0,0.15096533333333317,-1.1509653333333332
TRX,1h,68247,2022,24265,False,107.29991204925233,-1.0,0.07455737704918039,-1.0745573770491803
TRX,1h,69210,2022,24265,False,70.21966150522172,-1.0,0.1139282051282047,-1.1139282051282047
TRX,1h,70262,2022,24265,False,50.79580088046083,2.0,0.07874666666666623,1.9212533333333337
TRX,1h,70405,2022,24265,False,104.30135333160958,-1.0,0.07670082644628082,-1.0767008264462807
TRX,1h,73333,2022,24266,False,36.85329553508099,-1.0,0.2170769230769261,-1.217076923076926
TRX,1h,73848,2022,24266,False,54.77308294209752,2.0,0.07302857142857078,1.9269714285714292
TRX,1h,75109,2022,24266,False,36.96718219539724,-1.0,0.21640816326531034,-1.2164081632653103
TRX,1h,75557,2022,24266,False,57.12497065497931,2.0,0.07002191780822105,1.929978082191779
TRX,1h,76537,2022,24266,False,69.17631917632025,-1.0,0.11564651162790518,-1.1156465116279053
TRX,1h,77359,2022,24266,False,182.74543136421582,-1.0,0.04377674418604653,-1.0437767441860466
TRX,1h,77737,2022,24266,False,158.83918605649563,-1.0,0.05036540540540528,-1.0503654054054052
TRX,1h,78453,2022,24266,False,111.8454499237419,-1.0,0.07152727272727262,-1.0715272727272727
TRX,1h,79628,2022,24267,False,58.05637358014272,2.0,0.06889855072463806,1.931101449275362
TRX,1h,80198,2022,24267,False,54.534776407416544,-1.0,0.14669538461538512,-1.1466953846153851
TRX,1h,80494,2022,24267,False,62.44725738396663,-1.0,0.12810810810810733,-1.1281081081081072
TRX,1h,80608,2022,24267,False,45.98092643051761,-1.0,0.17398518518518555,-1.1739851851851855
TRX,1h,81444,2022,24267,False,110.7382550335572,-1.0,0.07224242424242415,-1.0722424242424242
TRX,1h,83020,2022,24267,False,47.98940923382518,-1.0,0.16670344827585887,-1.166703448275859
TRX,1h,84745,2022,24267,False,48.370470224407214,-1.0,0.1653901639344264,-1.1653901639344264
TRX,1h,85154,2022,24267,False,36.52187427150503,2.0,0.10952340425531958,1.8904765957446805
TRX,1h,87293,2022,24267,False,85.56221788048194,2.0,0.04674960629921284,1.9532503937007872
TRX,1h,92133,2022,24268,False,27.579493835171405,-1.0,0.2900705882353,-1.2900705882353
TRX,1h,92169,2022,24268,False,29.17814880855886,2.0,0.1370888888888892,1.8629111111111107
TRX,1h,92655,2022,24268,False,48.53969559851973,-1.0,0.16481355932203187,-1.164813559322032
TRX,1h,92550,2022,24268,False,86.84034736138938,-1.0,0.092123076923077,-1.092123076923077
TRX,1h,93619,2022,24268,False,233.9688041594449,-1.0,0.03419259259259267,-1.0341925925925928
TRX,1h,94665,2022,24268,False,173.8050900062067,-1.0,0.04602857142857159,-1.0460285714285715
TRX,1h,94601,2022,24268,False,53.17882371616826,-1.0,0.15043582089552152,-1.1504358208955214
TRX,1h,95135,2022,24268,False,59.04117137684017,2.0,0.06774933333333327,1.9322506666666668
TRX,1h,95800,2022,24268,False,65.2680652680637,-1.0,0.12257142857143152,-1.1225714285714314
TRX,1h,95783,2022,24268,False,183.36111532050143,-1.0,0.0436297520661161,-1.0436297520661162
TRX,1h,96220,2022,24269,False,62.47528667457375,-1.0,0.12805063291139482,-1.1280506329113948
TRX,1h,97231,2022,24269,False,132.32764324467394,2.0,0.03022799999999997,1.969772
TRX,1h,99272,2022,24269,False,382.3728813559326,-1.0,0.020921985815602815,-1.020921985815603
TRX,1h,101106,2022,24269,False,123.83470154445553,-1.0,0.0646022471910111,-1.064602247191011
TRX,1h,101287,2022,24269,False,69.94983395746617,-1.0,0.1143676767676746,-1.1143676767676747
TRX,1h,102073,2022,24269,False,114.4640998959426,-1.0,0.06989090909090856,-1.0698909090909086
TRX,1h,102186,2022,24269,False,105.23457125398843,2.0,0.03801032258064527,1.9619896774193548
TRX,1h,102802,2022,24269,False,169.88416988417012,-1.0,0.047090909090909024,-1.047090909090909
TRX,1h,102762,2022,24269,False,94.52736318407919,-1.0,0.0846315789473688,-1.0846315789473688
TRX,1h,102881,2022,24269,False,125.34198638416999,-1.0,0.0638253807106599,-1.06382538071066
TRX,1h,102984,2022,24269,False,135.93455003146605,2.0,0.029425925925925987,1.970574074074074
TRX,1h,103462,2022,24269,False,101.0101010101013,-1.0,0.07919999999999977,-1.0791999999999997
TRX,1h,104234,2022,24269,False,100.38418639236646,-1.0,0.07969382716049334,-1.0796938271604932
TRX,1h,105343,2022,24270,False,90.88243916739933,-1.0,0.08802580645161316,-1.088025806451613
TRX,1h,105313,2022,24270,False,74.72477325879902,2.0,0.05352977099236619,1.946470229007634
TRX,1h,106082,2022,24270,False,123.56520102866459,-1.0,0.06474314720812184,-1.064743147208122
TRX,1h,106943,2022,24270,False,101.62349733548164,-1.0,0.07872195121951206,-1.078721951219512
TRX,1h,107230,2022,24270,False,91.72052939366078,2.0,0.04361073825503299,1.956389261744967
TRX,1h,108201,2022,24270,False,52.41776962390219,-1.0,0.15262000000000092,-1.1526200000000009
TRX,1h,108679,2022,24270,False,321.7483684929423,2.0,0.012432075471698133,1.9875679245283018
TRX,1h,115014,2022,24271,False,50.948829653695356,-1.0,0.15702028985507333,-1.1570202898550734
TRX,1h,115147,2022,24271,False,55.956412899426496,-1.0,0.14296842105262958,-1.1429684210526296
TRX,1h,117032,2022,24271,False,52.9506561276952,-1.0,0.15108405797101535,-1.1510840579710153
TRX,1h,117394,2022,24271,False,86.22016936104556,-1.0,0.09278571428571579,-1.0927857142857158
TRX,1h,117773,2022,24271,False,56.97151424287936,2.0,0.07021052631578849,1.9297894736842116
TRX,1h,118528,2022,24271,False,82.99669482188705,-1.0,0.09638938053097412,-1.0963893805309741
TRX,1h,118939,2022,24271,False,55.24058729466571,-1.0,0.14482105263157688,-1.144821052631577
TRX,1h,120069,2022,24271,False,35.02496460242926,-1.0,0.22840851063829876,-1.2284085106382987
TRX,1h,121075,2022,24271,False,59.37500000000083,-1.0,0.13473684210526127,-1.1347368421052613
TRX,1h,122705,2022,24272,False,39.63392664120451,-1.0,0.20184727272727457,-1.2018472727272747
TRX,1h,122968,2022,24272,False,134.70908569790916,-1.0,0.059387234042552556,-1.0593872340425525
TRX,1h,122990,2022,24272,False,49.73710387949454,2.0,0.08042285714285644,1.9195771428571435
TRX,1h,126501,2022,24272,False,31.971580817051937,-1.0,0.2502222222222189,-1.2502222222222188
TRX,1h,126579,2022,24272,False,59.77076154981996,-1.0,0.1338447058823546,-1.1338447058823546
TRX,1h,127232,2022,24272,False,55.54353314578323,2.0,0.07201558441558507,1.927984415584415
TRX,1h,130796,2022,24272,False,34.80935805067593,-1.0,0.2298232558139536,-1.2298232558139537
TRX,1h,131242,2022,24272,False,148.64970036578686,-1.0,0.05381780104712055,-1.0538178010471206
TRX,1h,132535,2022,24273,False,19.849146486701088,2.0,0.20151999999999984,1.79848
TRX,1h,133744,2022,24273,False,50.505050505050136,2.0,0.07920000000000058,1.9207999999999994
TRX,1h,134787,2022,24273,False,29.461932082494904,2.0,0.13576842105262468,1.8642315789473753
TRX,1h,137741,2022,24273,False,57.2294226561185,-1.0,0.13978823529411763,-1.1397882352941175
TRX,1h,138139,2022,24273,False,34.35274403016285,-1.0,0.2328780487804914,-1.2328780487804913
TRX,1h,139301,2022,24273,False,34.28953750940935,-1.0,0.2333073170731664,-1.2333073170731663
TRX,1h,139465,2022,24273,False,40.60226695990596,2.0,0.09851666666666496,1.901483333333335
TRX,1h,140060,2022,24273,False,80.93822266270192,2.0,0.04942040816326557,1.9505795918367343
TRX,1h,140517,2022,24274,False,23.132848645075065,-1.0,0.34582857142858553,-1.3458285714285856
TRX,1h,140668,2022,24274,False,35.24301286779771,2.0,0.11349767441860469,1.8865023255813953
TRX,1h,142382,2022,24274,False,19.22460749759614,2.0,0.20806666666667517,1.7919333333333247
TRX,1h,142555,2022,24274,False,14.492753623188374,-1.0,0.5520000000000012,-1.5520000000000012
TRX,1h,143045,2022,24274,False,47.39336492890912,2.0,0.08440000000000147,1.9155999999999986
TRX,1h,143610,2022,24274,False,33.805537669027984,-1.0,0.23664761904761697,-1.236647619047617
TRX,1h,143553,2022,24274,False,30.90087948657012,-1.0,0.2588923076923067,-1.2588923076923066
TRX,1h,144017,2022,24274,False,44.85767881902037,-1.0,0.17834181818181533,-1.1783418181818153
TRX,1h,144425,2022,24274,False,117.2342292048807,-1.0,0.06823945578231297,-1.068239455782313
TRX,1h,146208,2022,24274,False,71.33592736705624,-1.0,0.1121454545454538,-1.1121454545454539
TRX,1h,147412,2022,24274,False,36.13587087448855,2.0,0.11069333333333187,1.889306666666668
TRX,1h,148183,2022,24274,False,34.771613718984014,-1.0,0.23007272727271488,-1.2300727272727148
TRX,1h,150402,2022,24275,False,42.121684867393526,-1.0,0.1899259259259312,-1.1899259259259312
TRX,1h,150774,2022,24275,False,52.64787860018475,-1.0,0.15195294117647368,-1.1519529411764737
TRX,1h,151393,2022,24275,False,57.74705164701116,-1.0,0.1385352112676052,-1.1385352112676053
TRX,1h,151286,2022,24275,False,35.48147536925487,-1.0,0.22546976744186056,-1.2254697674418606
TRX,1h,153010,2022,24275,False,293.9375382731163,-1.0,0.02721666666666673,-1.0272166666666667
TRX,1h,155399,2022,24275,False,119.00039666798816,-1.0,0.06722666666666709,-1.067226666666667
TRX,1h,157014,2022,24275,False,81.40855736463458,-1.0,0.0982697674418605,-1.0982697674418604
TRX,1h,159449,2022,24276,False,24.523674778343363,-1.0,0.32621538461538924,-1.3262153846153892
TRX,1h,159672,2022,24276,False,33.059412487012665,-1.0,0.2419885714285693,-1.2419885714285692
TRX,1h,161245,2022,24276,False,39.25967470555278,2.0,0.1018857142857134,1.8981142857142865
TRX,1h,161100,2022,24276,False,44.27696655676044,2.0,0.09034042553191257,1.9096595744680873
TRX,1h,161815,2022,24276,False,54.47887827096539,-1.0,0.14684590163934438,-1.1468459016393444
TRX,1h,161796,2022,24276,False,24.68265162200304,0.0,0.32411428571428286,-0.32411428571428286
TRX,1h,162213,2022,24276,False,27.900279002790455,-1.0,0.28673548387096337,-1.2867354838709635
TRX,1h,162598,2022,24276,False,104.75572448317476,-1.0,0.07636814159291994,-1.07636814159292
TRX,1h,162800,2022,24276,False,39.57662218131614,2.0,0.1010697674418605,1.8989302325581394
TRX,1h,164219,2022,24276,False,31.65415573844651,-1.0,0.2527314285714264,-1.2527314285714264
TRX,1h,164727,2022,24276,False,15.552099533437335,-1.0,0.5143999999999894,-1.5143999999999895
TRX,1h,165757,2022,24276,False,50.12996658002218,-1.0,0.15958518518518552,-1.1595851851851855
TRX,1h,166365,2022,24276,False,31.371101679275977,-1.0,0.2550117647058876,-1.2550117647058876
TRX,1h,166205,2022,24276,False,35.460992907801916,2.0,0.11279999999999842,1.8872000000000015
TRX,1h,168380,2023,24277,False,75.08663842895676,-1.0,0.10654358974358935,-1.1065435897435894
TRX,1h,170005,2023,24277,False,67.79661016949248,2.0,0.05899999999999917,1.9410000000000007
TRX,1h,170697,2023,24277,False,232.105177730888,-1.0,0.03446713286713284,-1.0344671328671329
TRX,1h,170565,2023,24277,False,43.77736085053196,-1.0,0.18274285714285554,-1.1827428571428555
TRX,1h,170607,2023,24277,False,61.30208737487276,-1.0,0.13050126582278723,-1.1305012658227873
TRX,1h,171273,2023,24277,False,45.728038507821985,-1.0,0.17494736842105232,-1.1749473684210523
TRX,1h,173090,2023,24277,False,39.65363761430803,-1.0,0.20174693877550842,-1.2017469387755084
TRX,1h,173377,2023,24277,False,49.44178628389229,2.0,0.08090322580645039,1.9190967741935496
TRX,1h,173760,2023,24277,False,68.29589401793774,-1.0,0.11713734939759074,-1.1171373493975907
TRX,1h,176718,2023,24278,False,26.521060842432078,2.0,0.1508235294117739,1.849176470588226
TRX,1h,177313,2023,24278,False,54.02865867982117,2.0,0.07403478260869606,1.925965217391304
TRX,1h,178166,2023,24278,False,56.497175141242984,2.0,0.07079999999999995,1.9292
TRX,1h,178082,2023,24278,False,110.34482758620665,-1.0,0.07250000000000016,-1.0725000000000002
TRX,1h,178709,2023,24278,False,39.25879396984928,-1.0,0.20377599999999982,-1.2037759999999997
TRX,1h,179173,2023,24278,False,46.62729250854751,-1.0,0.17157333333333638,-1.1715733333333365
TRX,1h,179295,2023,24278,False,57.36434108527059,-1.0,0.13945945945946123,-1.1394594594594611
TRX,1h,181067,2023,24278,False,30.425245878441498,-1.0,0.2629395348837126,-1.2629395348837127
TRX,1h,181346,2023,24278,False,63.157894736842934,-1.0,0.126666666666665,-1.126666666666665
TRX,1h,182694,2023,24278,False,45.82151429194789,2.0,0.08729523809523926,1.9127047619047608
TRX,1h,186492,2023,24279,False,81.98889182755887,-1.0,0.09757419354838706,-1.0975741935483871
TRX,1h,187309,2023,24279,False,95.04829066380644,2.0,0.0420838709677413,1.9579161290322586
TRX,1h,187295,2023,24279,False,97.81790820165712,-1.0,0.08178461538461393,-1.081784615384614
TRX,1h,187399,2023,24279,False,89.02521134136487,-1.0,0.08986218487394776,-1.0898621848739478
TRX,1h,187706,2023,24279,False,80.50089445438265,-1.0,0.099377777777778,-1.099377777777778
TRX,1h,190225,2023,24279,False,470.57886774424696,-1.0,0.01700033840947547,-1.0170003384094755
TRX,1h,191453,2023,24279,False,55.909914166471076,-1.0,0.1430873239436587,-1.1430873239436588
TRX,1h,195991,2023,24280,False,146.6410748560457,-1.0,0.05455497382198967,-1.0545549738219897
TRX,1h,195891,2023,24280,False,29.085763697823225,-1.0,0.27504864864864176,-1.2750486486486419
TRX,1h,195917,2023,24280,False,29.869517371481802,2.0,0.1339157894736872,1.8660842105263127
TRX,1h,196603,2023,24280,False,51.01652326201202,2.0,0.07840597014925328,1.9215940298507468
TRX,1h,198027,2023,24280,False,34.03675970047697,2.0,0.11751999999999843,1.8824800000000015
TRX,1h,198586,2023,24280,False,53.15917375455485,2.0,0.07524571428571662,1.9247542857142834
TRX,1h,198729,2023,24280,False,48.40568574721625,-1.0,0.16526984126983615,-1.1652698412698361
TRX,1h,199862,2023,24280,False,23.604660016752053,2.0,0.16945806451612647,1.8305419354838735
TRX,1h,200044,2023,24280,False,33.8269563256392,-1.0,0.2364977777777892,-1.2364977777777892
TRX,1h,200166,2023,24280,False,109.38924339106629,-1.0,0.07313333333333351,-1.0731333333333335
TRX,1h,201041,2023,24280,False,21.435434991500657,-1.0,0.37321379310343233,-1.3732137931034323
TRX,1h,203421,2023,24281,False,45.86154182135979,2.0,0.08721904761904492,1.9127809523809551
TRX,1h,203576,2023,24281,False,30.16702229416479,-1.0,0.2651902439024431,-1.2651902439024432
TRX,1h,204133,2023,24281,False,20.900900900901803,-1.0,0.3827586206896387,-1.3827586206896387
TRX,1h,204492,2023,24281,False,30.93239063190278,2.0,0.12931428571429313,1.870685714285707
TRX,1h,204660,2023,24281,False,38.734195717313646,-1.0,0.20653584905660274,-1.2065358490566027
TRX,1h,206445,2023,24281,False,27.02318304650771,-1.0,0.29604210526316455,-1.2960421052631645
TRX,1h,208748,2023,24281,False,29.456045035018537,2.0,0.13579555555556214,1.864204444444438
TRX,1h,208857,2023,24281,False,31.72085646312321,-1.0,0.2522000000000103,-1.2522000000000104
TRX,1h,210051,2023,24281,False,25.676476397392946,2.0,0.1557846153846148,1.8442153846153853
TRX,1h,213044,2023,24282,False,138.5996409335738,-1.0,0.05772020725388556,-1.0577202072538856
TRX,1h,214298,2023,24282,False,64.9305313132714,-1.0,0.12320860215053946,-1.1232086021505394
TRX,1h,214435,2023,24282,False,57.827926657264825,2.0,0.06917073170731579,1.9308292682926842
TRX,1h,214849,2023,24282,False,36.198452693591484,2.0,0.11050196078431147,1.8894980392156886
TRX,1h,216897,2023,24282,False,39.31847968545128,-1.0,0.20346666666667124,-1.2034666666666713
TRX,1h,218800,2023,24282,False,59.86448259982858,-1.0,0.1336351648351657,-1.1336351648351657
TRX,1h,219075,2023,24283,False,34.5254380822098,2.0,0.11585660377358432,1.8841433962264156
TRX,1h,219338,2023,24283,False,25.042836430738056,2.0,0.15972631578946558,1.8402736842105345
TRX,1h,221501,2023,24283,False,28.534370946822047,-1.0,0.2803636363636389,-1.280363636363639
TRX,1h,221523,2023,24283,False,25.300032435939112,2.0,0.15810256410256354,1.8418974358974365
TRX,1h,222589,2023,24283,False,45.1202175659794,2.0,0.08865205479452289,1.9113479452054771
TRX,1h,223033,2023,24283,False,44.12846285854366,2.0,0.09064444444444465,1.9093555555555553
TRX,1h,222915,2023,24283,False,55.1390867975963,-1.0,0.1450876404494379,-1.145087640449438
TRX,1h,223229,2023,24283,False,45.49703957619076,-1.0,0.17583561643836082,-1.1758356164383608
TRX,1h,225022,2023,24283,False,185.32417296922756,-1.0,0.043167601246106045,-1.043167601246106
TRX,1h,226201,2023,24283,False,32.681753715237264,-1.0,0.2447849056603761,-1.2447849056603761
TRX,1h,227005,2023,24283,False,36.799620132954026,-1.0,0.21739354838709346,-1.2173935483870935
TRX,1h,228520,2023,24284,False,34.42676193569358,-1.0,0.2323773584905649,-1.2323773584905648
TRX,1h,229105,2023,24284,False,40.20230839061143,-1.0,0.19899354838709374,-1.1989935483870937
TRX,1h,229065,2023,24284,False,32.675467259181836,-1.0,0.24483199999999977,-1.2448319999999997
TRX,1h,229340,2023,24284,False,37.62324857291108,-1.0,0.2126344827586217,-1.2126344827586217
TRX,1h,229504,2023,24284,False,15.594541910332554,2.0,0.25649999999998074,1.7435000000000191
TRX,1h,231015,2023,24284,False,12.282629775680117,2.0,0.32566315789474415,1.6743368421052558
TRX,1h,232460,2023,24284,False,50.51176392396722,2.0,0.0791894736842094,1.9208105263157906
TRX,1h,232778,2023,24284,False,35.19425850527986,-1.0,0.22730980392156397,-1.227309803921564
TRX,1h,233690,2023,24284,False,25.884383088869814,-1.0,0.3090666666666655,-1.3090666666666655
TRX,1h,234607,2023,24284,False,20.16522474468254,-1.0,0.3967225806451553,-1.3967225806451553
TRX,1h,234834,2023,24284,False,27.276269645408732,-1.0,0.29329523809523556,-1.2932952380952356
TRX,1h,236235,2023,24284,False,62.046894389654916,-1.0,0.12893473684210438,-1.1289347368421043
TRX,1h,236572,2023,24284,False,19.666972597351165,-1.0,0.40677333333334054,-1.4067733333333405
TRX,1h,236917,2023,24285,False,63.70263348000255,2.0,0.06279175257731967,1.9372082474226804
TRX,1h,237178,2023,24285,False,40.36458333333214,-1.0,0.19819354838710262,-1.1981935483871027
TRX,1h,238332,2023,24285,False,20.562909651714886,-1.0,0.3890500000000157,-1.3890500000000157
TRX,1h,238350,2023,24285,False,17.32212741387005,2.0,0.23091851851852496,1.769081481481475
TRX,1h,238920,2023,24285,False,17.7958561077922,-1.0,0.44954285714285314,-1.4495428571428532
TRX,1h,239126,2023,24285,False,15.214910612399532,-1.0,0.5258000000000215,-1.5258000000000216
TRX,1h,240064,2023,24285,False,34.8167373551937,2.0,0.1148872727272738,1.8851127272727262
TRX,1h,240236,2023,24285,False,69.0255581120577,2.0,0.05794954954954956,1.9420504504504503
TRX,1h,242704,2023,24285,False,23.781212841853964,2.0,0.16820000000000687,1.8317999999999932
TRX,1h,244398,2023,24285,False,19.948368927480594,-1.0,0.4010352941176715,-1.4010352941176716
TRX,1h,244422,2023,24285,False,15.201122544434648,2.0,0.2631384615384512,1.736861538461549
TRX,1h,244651,2023,24285,False,20.51462399624975,-1.0,0.3899657142856954,-1.3899657142856954
TRX,1h,245733,2023,24286,False,57.51940581895366,-1.0,0.13908349514563065,-1.1390834951456306
TRX,1h,246252,2023,24286,False,157.4094895435123,-1.0,0.0508228571428572,-1.0508228571428573
TRX,1h,246847,2023,24286,False,21.396396396397478,2.0,0.18694736842104318,1.8130526315789568
TRX,1h,247209,2023,24286,False,18.81092173516485,-1.0,0.4252848484848524,-1.4252848484848524
TRX,1h,247010,2023,24286,False,67.33812949640152,-1.0,0.1188034188034212,-1.1188034188034213
TRX,1h,247442,2023,24286,False,17.618641659562645,-1.0,0.4540645161290253,-1.4540645161290253
TRX,1h,247897,2023,24286,False,24.85980227785084,2.0,0.1609023255814006,1.8390976744185994
TRX,1h,248346,2023,24286,False,23.201856148492546,-1.0,0.3447999999999901,-1.34479999999999
TRX,1h,248688,2023,24286,False,21.613411998363304,2.0,0.18507027027027959,1.8149297297297204
TRX,1h,251022,2023,24286,False,35.67704045227573,-1.0,0.22423384615384215,-1.2242338461538422
TRX,1h,254483,2023,24287,False,51.100430053123354,-1.0,0.15655445544554716,-1.1565544554455471
TRX,1h,255852,2023,24287,False,45.18381597864139,-1.0,0.1770545454545415,-1.1770545454545416
TRX,1h,255934,2023,24287,False,28.054067839836517,-1.0,0.285163636363639,-1.285163636363639
TRX,1h,256578,2023,24287,False,18.36172600224417,2.0,0.21784444444444495,1.782155555555555
TRX,1h,256898,2023,24287,False,72.02216066481928,-1.0,0.1110769230769241,-1.1110769230769242
TRX,1h,257451,2023,24287,False,28.352312340227723,-1.0,0.2821639344262298,-1.28216393442623
TRX,1h,258211,2023,24287,False,26.492572618032792,-1.0,0.3019714285714409,-1.301971428571441
TRX,1h,258420,2023,24287,False,56.86198920586037,-1.0,0.1406915254237271,-1.140691525423727
TRX,1h,258555,2023,24287,False,27.981474334233752,-1.0,0.28590344827586345,-1.2859034482758633
TRX,1h,259117,2023,24287,False,26.2748151031536,-1.0,0.30447407407406685,-1.3044740740740668
TRX,1h,259276,2023,24287,False,35.61496804410307,-1.0,0.2246246575342525,-1.2246246575342525
TRX,1h,259235,2023,24287,False,18.86336154776307,-1.0,0.42410256410256253,-1.4241025641025624
TRX,1h,259307,2023,24287,False,26.88303436140549,-1.0,0.2975854545454573,-1.2975854545454573
TRX,1h,259570,2023,24287,False,24.36647173489281,-1.0,0.3283199999999997,-1.3283199999999997
TRX,1h,259766,2023,24287,False,21.27865364155121,-1.0,0.3759636363636399,-1.3759636363636398
TRX,1h,259804,2023,24287,False,15.506881178522338,2.0,0.2579500000000105,1.7420499999999894
TRX,1h,259947,2023,24287,False,29.8392530561175,-1.0,0.2681032258064475,-1.2681032258064475
TRX,1h,259928,2023,24287,False,16.744008037123344,-1.0,0.47778285714287183,-1.4777828571428717
TRX,1h,260094,2023,24287,False,25.653675382338072,-1.0,0.3118461538461582,-1.311846153846158
TRX,1h,260479,2023,24287,False,60.037334140557824,-1.0,0.1332504201680676,-1.1332504201680675
TRX,1h,261612,2023,24287,False,44.3499953802083,-1.0,0.18038333333333542,-1.1803833333333353
TRX,1h,262281,2023,24287,False,51.86872848901971,-1.0,0.15423551401869337,-1.1542355140186933
TRX,1h,262846,2023,24287,False,24.672246141938487,2.0,0.1621254901960751,1.8378745098039249
TRX,1h,263100,2023,24288,False,17.83562304169724,-1.0,0.44854054054052933,-1.4485405405405294
TRX,1h,263146,2023,24288,False,25.642266195752224,-1.0,0.31198490566037573,-1.3119849056603758
TRX,1h,263505,2023,24288,False,12.144765606023816,2.0,0.32935999999999965,1.6706400000000003
TRX,1h,264782,2023,24288,False,53.40389704113543,-1.0,0.1498018018018018,-1.149801801801802
TRX,1h,264869,2023,24288,False,37.028131762442555,-1.0,0.21605194805195002,-1.21605194805195
TRX,1h,265939,2023,24288,False,118.69295881212523,2.0,0.033700398406374336,1.9662996015936256
TRX,1h,265987,2023,24288,False,28.11264115881294,-1.0,0.28456949152542027,-1.2845694915254202
TRX,1h,266209,2023,24288,False,28.541527923127646,2.0,0.14014666666666914,1.859853333333331
TRX,1h,266085,2023,24288,False,33.32528374788679,-1.0,0.24005797101449414,-1.240057971014494
TRX,1h,267268,2023,24288,False,18.8670117555997,2.0,0.21201025641025564,1.7879897435897443
TRX,1h,267728,2023,24288,False,32.154340836012565,2.0,0.12440000000000115,1.8755999999999988
TRX,1h,268151,2023,24288,False,46.33737552992331,2.0,0.08632340425531693,1.913676595744683
TRX,1h,268306,2023,24288,False,17.903322060871254,2.0,0.22342222222222274,1.7765777777777774
TRX,1h,269069,2023,24288,False,23.434884499497368,-1.0,0.3413714285714352,-1.3413714285714353
TRX,1h,269363,2023,24288,False,22.439723084268234,-1.0,0.3565106382978737,-1.3565106382978738
TRX,1h,269744,2023,24288,False,22.079203269601077,-1.0,0.3623319148936185,-1.3623319148936184
TRX,1h,269856,2023,24288,False,25.297479621475347,-1.0,0.31623703703702954,-1.3162370370370295
TRX,1h,270322,2023,24288,False,48.86843478673318,2.0,0.08185242718446799,1.918147572815532
TRX,1h,270557,2023,24288,False,25.90425021586936,-1.0,0.30882962962962235,-1.3088296296296225
TRX,1h,271465,2023,24288,False,38.20934949761674,-1.0,0.20937283950617872,-1.2093728395061787
TRX,1h,271914,2024,24289,False,23.79730297233029,-1.0,0.336172549019601,-1.336172549019601
TRX,1h,272334,2024,24289,False,29.787819073370223,-1.0,0.26856615384614907,-1.268566153846149
TRX,1h,272799,2024,24289,False,84.00258469491314,2.0,0.04761758241758273,1.9523824175824174
TRX,1h,272692,2024,24289,False,75.21642461800502,-1.0,0.10635974842767242,-1.1063597484276724
TRX,1h,273405,2024,24289,False,34.06657582246478,-1.0,0.2348342857142836,-1.2348342857142836
TRX,1h,273974,2024,24289,False,28.993911278630975,-1.0,0.2759200000000049,-1.2759200000000048
TRX,1h,273938,2024,24289,False,20.11677542809585,-1.0,0.397678048780467,-1.397678048780467
TRX,1h,276273,2024,24289,False,145.3752498637111,2.0,0.027514999999999925,1.972485
TRX,1h,276779,2024,24289,False,21.614164175672485,2.0,0.18506382978723476,1.8149361702127653
TRX,1h,277816,2024,24289,False,52.919625491881334,-1.0,0.151172649572649,-1.151172649572649
TRX,1h,278038,2024,24289,False,19.800156559376802,-1.0,0.4040372093023387,-1.4040372093023388
TRX,1h,279420,2024,24289,False,33.03198887343579,-1.0,0.2421894736842071,-1.2421894736842072
TRX,1h,279871,2024,24289,False,24.452051749432933,2.0,0.16358545454545606,1.836414545454544
TRX,1h,280104,2024,24289,False,33.60749977889727,-1.0,0.23804210526316325,-1.2380421052631632
TRX,1h,280132,2024,24289,False,19.042557902662136,-1.0,0.4201116279069634,-1.4201116279069634
TRX,1h,281288,2024,24290,False,42.44372990353777,-1.0,0.18848484848484495,-1.188484848484845
TRX,1h,281909,2024,24290,False,22.004062288422165,2.0,0.18178461538461796,1.8182153846153821
TRX,1h,282369,2024,24290,False,77.78097864109532,-1.0,0.1028529100529114,-1.1028529100529114
TRX,1h,285570,2024,24290,False,29.41609060155786,2.0,0.1359800000000055,1.8640199999999945
TRX,1h,286552,2024,24290,False,30.54587271355221,2.0,0.13095058823529143,1.8690494117647085
TRX,1h,289490,2024,24291,False,14.518927724068343,2.0,0.2755024390244131,1.7244975609755868
TRX,1h,289853,2024,24291,False,16.363118952758978,2.0,0.24445217391306454,1.7555478260869355
TRX,1h,290601,2024,24291,False,77.0326019495455,-1.0,0.10385213270142177,-1.1038521327014217
TRX,1h,291379,2024,24291,False,14.268466688618206,-1.0,0.5606769230769211,-1.560676923076921
TRX,1h,292224,2024,24291,False,26.013195098964147,-1.0,0.3075362318840473,-1.3075362318840473
TRX,1h,294478,2024,24291,False,41.16955133591029,-1.0,0.19431836734693708,-1.194318367346937
TRX,1h,294523,2024,24291,False,51.624915368991154,-1.0,0.15496393442622963,-1.1549639344262297
TRX,1h,294628,2024,24291,False,81.25082348807548,-1.0,0.09846054054054104,-1.098460540540541
TRX,1h,295506,2024,24291,False,97.75006320047258,2.0,0.04092068965517213,1.9590793103448279
TRX,1h,295935,2024,24291,False,71.63503833103,-1.0,0.11167719298245501,-1.111677192982455
TRX,1h,296243,2024,24291,False,30.458547169024424,-1.0,0.26265205479451753,-1.2626520547945175
TRX,1h,297932,2024,24291,False,15.564839845989654,2.0,0.2569894736842163,1.7430105263157838
TRX,1h,298369,2024,24292,False,20.332793891862337,-1.0,0.39345306122449747,-1.3934530612244975
TRX,1h,298446,2024,24292,False,29.255882976467934,2.0,0.13672463768116017,1.8632753623188398
TRX,1h,298704,2024,24292,False,31.976124493711392,-1.0,0.25018666666666645,-1.2501866666666666
TRX,1h,300307,2024,24292,False,21.236625010209618,2.0,0.1883538461538488,1.8116461538461512
TRX,1h,300715,2024,24292,False,36.19016285573366,-1.0,0.2210545454545405,-1.2210545454545405
TRX,1h,300782,2024,24292,False,26.703915204798964,-1.0,0.2995815384615331,-1.299581538461533
TRX,1h,300880,2024,24292,False,79.23531631241366,-1.0,0.1009650793650792,-1.1009650793650791
TRX,1h,301282,2024,24292,False,54.874778231629236,-1.0,0.14578646616541377,-1.1457864661654138
TRX,1h,301578,2024,24292,False,34.16257883672052,-1.0,0.2341743589743581,-1.2341743589743581
TRX,1h,301808,2024,24292,False,83.05193027288438,-1.0,0.09632527472527534,-1.0963252747252754
TRX,1h,301829,2024,24292,False,49.45054945054934,2.0,0.08088888888888907,1.919111111111111
TRX,1h,302125,2024,24292,False,68.59448554135861,2.0,0.058313725490195936,1.941686274509804
TRX,1h,302247,2024,24292,False,43.859649122807056,-1.0,0.18239999999999984,-1.1824
TRX,1h,302909,2024,24292,False,70.2892673695596,2.0,0.056907692307692104,1.943092307692308
TRX,1h,302924,2024,24292,False,23.62347810285266,-1.0,0.3386461538461586,-1.3386461538461587
TRX,1h,303147,2024,24292,False,51.92776067276284,-1.0,0.15406017699115152,-1.1540601769911516
TRX,1h,303304,2024,24292,False,91.9220055710311,-1.0,0.0870303030303026,-1.0870303030303026
TRX,1h,304505,2024,24292,False,21.44388849177897,-1.0,0.3730666666666818,-1.3730666666666818
TRX,1h,306116,2024,24292,False,16.12036539494901,-1.0,0.49626666666666486,-1.4962666666666649
TRX,1h,306266,2024,24292,False,34.84028040129276,2.0,0.11480963855421723,1.8851903614457828
TRX,1h,306604,2024,24292,False,53.69577984730277,2.0,0.0744937499999998,1.9255062500000002
TRX,1h,306867,2024,24293,False,69.96522686329452,-1.0,0.11434251497006147,-1.1143425149700614
TRX,1h,307686,2024,24293,False,18.284506927796755,-1.0,0.4375288888888831,-1.437528888888883
TRX,1h,307963,2024,24293,False,14.413375612569164,-1.0,0.555039999999973,-1.5550399999999729
TRX,1h,308287,2024,24293,False,14.862521674510742,-1.0,0.5382666666666679,-1.5382666666666678
TRX,1h,308538,2024,24293,False,38.716123392032564,2.0,0.10331612903225648,1.8966838709677436
TRX,1h,308593,2024,24293,False,22.675736961451776,2.0,0.1763999999999959,1.823600000000004
TRX,1h,309477,2024,24293,False,54.83153210425907,-1.0,0.14590144927536314,-1.1459014492753632
TRX,1h,309616,2024,24293,False,19.279952783788726,-1.0,0.41493877551021213,-1.414938775510212
TRX,1h,310374,2024,24293,False,25.27845801406231,2.0,0.1582374999999927,1.8417625000000073
TRX,1h,311190,2024,24293,False,59.232756907175165,2.0,0.06753020134228227,1.9324697986577177
TRX,1h,312097,2024,24293,False,21.883645072049834,-1.0,0.365569811320772,-1.365569811320772
TRX,1h,312271,2024,24293,False,12.325390304026076,-1.0,0.6490666666666781,-1.6490666666666782
TRX,1h,312568,2024,24293,False,16.204829039052978,-1.0,0.4936800000000201,-1.49368000000002
TRX,1h,313314,2024,24293,False,18.27835320741595,-1.0,0.4376761904761866,-1.4376761904761866
TRX,1h,314367,2024,24293,False,24.63385139069266,-1.0,0.3247563636363666,-1.3247563636363666
TRX,1h,315263,2024,24293,False,17.434842862890672,-1.0,0.45885128205128034,-1.4588512820512802
TRX,1h,315459,2024,24293,False,25.899794587835903,2.0,0.15444137931034557,1.8455586206896544
TRX,1h,315735,2024,24294,False,27.318733485601662,-1.0,0.2928393442622953,-1.2928393442622954
TRX,1h,316383,2024,24294,False,24.13233293844039,2.0,0.1657527272727288,1.8342472727272712
TRX,1h,316636,2024,24294,False,27.72033264399136,-1.0,0.28859682539682924,-1.2885968253968292
TRX,1h,317163,2024,24294,False,13.114180800839076,-1.0,0.6100266666666775,-1.6100266666666774
TRX,1h,317478,2024,24294,False,16.627286251859257,-1.0,0.48113684210527397,-1.481136842105274
TRX,1h,317789,2024,24294,False,67.716119954269,-1.0,0.11814025974026084,-1.1181402597402608
TRX,1h,318009,2024,24294,False,26.20545073375216,-1.0,0.3052800000000054,-1.3052800000000053
TRX,1h,318423,2024,24294,False,31.64015734564813,-1.0,0.2528432432432369,-1.252843243243237
TRX,1h,318624,2024,24294,False,32.918643922876015,-1.0,0.24302337662337886,-1.243023376623379
TRX,1h,319554,2024,24294,False,22.737998198121016,2.0,0.17591698113207455,1.8240830188679253
TRX,1h,319916,2024,24294,False,19.05751905751888,2.0,0.20989090909091104,1.7901090909090889
TRX,1h,320298,2024,24294,False,22.25455790464747,2.0,0.17973846153846404,1.820261538461536
TRX,1h,320282,2024,24294,False,22.099447513813022,-1.0,0.3619999999999858,-1.3619999999999859
TRX,1h,320687,2024,24294,False,75.89227633461996,-1.0,0.10541257142857133,-1.1054125714285714
TRX,1h,321108,2024,24294,False,15.5480694480435,2.0,0.2572666666666672,1.7427333333333328
TRX,1h,322450,2024,24294,False,20.55972810808503,-1.0,0.3891102040816402,-1.38911020408164
TRX,1h,323042,2024,24294,False,44.29273842903034,-1.0,0.18061651376146665,-1.1806165137614666
TRX,1h,323020,2024,24294,False,12.929292929292403,-1.0,0.6187500000000252,-1.6187500000000252
TRX,1h,325604,2024,24295,False,38.02579481751424,2.0,0.10519175257732276,1.8948082474226773
TRX,1h,325574,2024,24295,False,40.385461233956214,-1.0,0.19809108910890874,-1.1980910891089087
TRX,1h,326409,2024,24295,False,40.50833995234175,-1.0,0.1974901960784381,-1.197490196078438
TRX,1h,326333,2024,24295,False,38.74717468517987,-1.0,0.2064666666666631,-1.206466666666663
TRX,1h,330441,2024,24295,False,69.51634373613344,-1.0,0.11508085106383023,-1.1150808510638301
TRX,1h,332544,2024,24295,False,87.84029038112644,2.0,0.045537190082644,1.954462809917356
TRX,1h,332736,2024,24295,False,22.612882048287766,-1.0,0.3537806451613166,-1.3537806451613166
TRX,1h,333018,2024,24295,False,47.42213285784851,2.0,0.08434879999999804,1.9156512000000019
TRX,1h,333454,2024,24296,False,33.227786247606325,-1.0,0.24076235294117154,-1.2407623529411715
TRX,1h,333860,2024,24296,False,79.64601769911542,-1.0,0.10044444444444398,-1.100444444444444
TRX,1h,336755,2024,24296,False,24.55834587657488,-1.0,0.3257548387096725,-1.3257548387096725
TRX,1h,337110,2024,24296,False,17.275135321893583,2.0,0.23154666666666363,1.7684533333333363
TRX,1h,338289,2024,24296,False,25.678240482303167,-1.0,0.3115478260869708,-1.3115478260869708
TRX,1h,339701,2024,24296,False,64.84012459474879,-1.0,0.12338039215686357,-1.1233803921568635
TRX,1h,340347,2024,24296,False,43.58028830037004,-1.0,0.18356923076922535,-1.1835692307692254
TRX,1h,343482,2024,24297,False,21.667388912963233,-1.0,0.3692184615384706,-1.3692184615384706
TRX,1h,344315,2024,24297,False,20.079660291648818,-1.0,0.39841311475409874,-1.3984131147540988
TRX,1h,344974,2024,24297,False,15.66375146847606,-1.0,0.5107333333333542,-1.5107333333333544
TRX,1h,345997,2024,24297,False,17.188500556097026,2.0,0.23271372549021668,1.7672862745097833
TRX,1h,346454,2024,24297,False,12.129380053907395,2.0,0.32977777777780387,1.670222222222196
TRX,1h,347556,2024,24297,False,19.22057264050984,2.0,0.20811034482757726,1.7918896551724228
TRX,1h,349696,2024,24297,False,15.550084229622279,-1.0,0.5144666666666876,-1.5144666666666877
TRX,1h,352338,2024,24298,False,10.372099053545538,-1.0,0.7713000000000315,-1.7713000000000316
TRX,1h,354252,2024,24298,False,20.991541643514662,2.0,0.19055294117646668,1.8094470588235334
TRX,1h,354233,2024,24298,False,21.51330751736365,-1.0,0.3718628571428686,-1.3718628571428686
TRX,1h,356007,2024,24298,False,11.976047904191345,2.0,0.33400000000000757,1.6659999999999924
TRX,1h,357886,2024,24298,False,25.00677894609977,-1.0,0.31991325301204915,-1.3199132530120492
TRX,1h,358036,2024,24298,False,33.20437444786243,-1.0,0.24093211009174756,-1.2409321100917476
TRX,1h,358376,2024,24298,False,15.095706780991499,-1.0,0.5299519999999995,-1.5299519999999995
TRX,1h,360523,2024,24299,False,29.45016243130737,-1.0,0.27164536082475044,-1.2716453608247504
TRX,1h,361178,2024,24299,False,16.502163963009465,2.0,0.2423924528302001,1.7576075471697998
TRX,1h,362622,2024,24299,False,35.628019323671936,2.0,0.11227118644067659,1.8877288135593233
TRX,1h,362688,2024,24299,False,36.76135500531639,-1.0,0.21761983471074578,-1.2176198347107459
TRX,1h,363456,2024,24299,False,77.51067175915482,-1.0,0.10321159420289912,-1.103211594202899
TRX,1h,363926,2024,24299,False,54.810054810054176,-1.0,0.14595862068965687,-1.1459586206896568
TRX,1h,364344,2024,24299,False,51.6882248566362,-1.0,0.15477412935323293,-1.154774129353233
TRX,1h,364425,2024,24299,False,121.87104930467738,-1.0,0.06564315352697109,-1.065643153526971
TRX,1h,365107,2024,24299,False,44.34152830467616,2.0,0.09020888888888769,1.9097911111111123
TRX,1h,366236,2024,24299,False,48.61939271626481,-1.0,0.16454339622641426,-1.1645433962264142
TRX,1h,366386,2024,24299,False,67.53631233231644,2.0,0.05922739726027329,1.9407726027397267
TRX,1h,366697,2024,24299,False,62.74303981677996,-1.0,0.12750418250950737,-1.1275041825095073
TRX,1h,368578,2024,24300,False,30.66521791621377,-1.0,0.2608818897637809,-1.2608818897637808
TRX,1h,368687,2024,24300,False,33.8446028659903,0.0,0.23637446808510268,-0.23637446808510268
TRX,1h,369414,2024,24300,False,646.8823433782138,-1.0,0.012367009367146424,-1.0123670093671464
TRX,1h,369232,2024,24300,False,290.36556245959923,-1.0,0.02755147660154465,-1.0275514766015446
TRX,1h,373134,2024,24300,False,192.58437483748992,-1.0,0.041540234023402504,-1.0415402340234026
TRX,1h,373618,2024,24300,False,86.00852540646589,2.0,0.04650701754385956,1.9534929824561404
TRX,1h,373719,2024,24300,False,69.89506113411036,-1.0,0.11445730027548141,-1.1144573002754814
TRX,1h,374013,2024,24300,False,114.81527043096719,-1.0,0.06967714285714294,-1.069677142857143
TRX,1h,374523,2024,24300,False,59.250035148326106,-1.0,0.13502101694915217,-1.1350210169491521
TRX,1h,374766,2024,24300,False,74.8980047496301,2.0,0.05340596205962021,1.9465940379403799
TRX,1h,375755,2024,24300,False,47.221069685653944,2.0,0.08470794979079486,1.9152920502092052
TRX,1h,376015,2024,24300,False,74.81392189503032,-1.0,0.10693196930946375,-1.1069319693094637
TRX,1h,376660,2024,24300,False,29.602399148689777,-1.0,0.2702483660130664,-1.2702483660130663
TRX,1h,376924,2024,24300,False,59.77462028417437,2.0,0.06691803278688531,1.9330819672131148
TRX,1h,376964,2024,24300,False,43.59197907584964,2.0,0.09176000000000084,1.9082399999999993
TRX,1h,377092,2024,24300,False,41.90026556506275,-1.0,0.19092957746479186,-1.1909295774647919
TRX,1h,379768,2025,24301,False,42.37113826154935,-1.0,0.1888077669902907,-1.1888077669902908
TRX,1h,380347,2025,24301,False,50.868486352357685,-1.0,0.1572682926829257,-1.1572682926829256
TRX,1h,380434,2025,24301,False,27.100271002709572,-1.0,0.29520000000000496,-1.295200000000005
TRX,1h,380741,2025,24301,False,32.271163257891715,-1.0,0.24789933774834252,-1.2478993377483425
TRX,1h,382633,2025,24301,False,106.3516751439743,-1.0,0.07522213438735163,-1.0752221343873516
TRX,1h,382726,2025,24301,False,58.32517348546053,-1.0,0.1371620437956222,-1.1371620437956222
TRX,1h,382721,2025,24301,False,76.3262738519601,-1.0,0.10481318681318748,-1.1048131868131874
TRX,1h,382834,2025,24301,False,127.1956390066623,-1.0,0.06289523809523825,-1.0628952380952383
TRX,1h,382900,2025,24301,False,138.06956337879228,2.0,0.028970903522205292,1.9710290964777948
TRX,1h,384170,2025,24301,False,47.43814341672782,2.0,0.08432033195020665,1.9156796680497934
TRX,1h,384808,2025,24301,False,24.625487379438425,2.0,0.16243333333332866,1.8375666666666715
TRX,1h,384886,2025,24301,False,45.32102391942919,2.0,0.08825925925925947,1.9117407407407405
TRX,1h,385258,2025,24301,False,35.41670931684667,-1.0,0.22588208092485426,-1.2258820809248543
TRX,1h,385333,2025,24301,False,34.45556062933278,-1.0,0.23218313253012124,-1.2321831325301211
TRX,1h,385380,2025,24301,False,28.756439166683954,2.0,0.13909928057553933,1.8609007194244607
TRX,1h,386227,2025,24302,False,39.13587977457737,-1.0,0.20441599999999982,-1.2044159999999997
TRX,1h,386737,2025,24302,False,44.40612200905381,2.0,0.09007766990291236,1.9099223300970876
TRX,1h,386826,2025,24302,False,210.89136751335533,-1.0,0.037934222222222425,-1.0379342222222223
TRX,1h,387133,2025,24302,False,70.33419944449369,-1.0,0.11374267515923653,-1.1137426751592365
TRX,1h,387219,2025,24302,False,75.42693435394669,-1.0,0.10606290801186993,-1.10606290801187
TRX,1h,388228,2025,24302,False,56.83905686066914,2.0,0.07037414448669144,1.9296258555133086
TRX,1h,388791,2025,24302,False,33.205619412516086,2.0,0.12046153846153802,1.879538461538462
TRX,1h,388842,2025,24302,False,49.4641384995879,-1.0,0.161733333333333,-1.161733333333333
TRX,1h,390072,2025,24302,False,41.11701216378228,2.0,0.09728333333333448,1.9027166666666655
TRX,1h,392155,2025,24302,False,27.70310479981978,-1.0,0.28877629629629253,-1.2887762962962925
TRX,1h,392901,2025,24302,False,26.050747676970595,-1.0,0.30709291338582834,-1.3070929133858282
TRX,1h,393670,2025,24302,False,49.978079789566074,-1.0,0.1600701754385962,-1.1600701754385963
TRX,1h,393693,2025,24302,False,50.87545424512672,-1.0,0.1572467532467547,-1.1572467532467547
TRX,1h,394116,2025,24302,False,100.37306804050506,-1.0,0.07970265486725621,-1.0797026548672561
TRX,1h,394723,2025,24303,False,52.59459574558754,-1.0,0.15210688259109142,-1.1521068825910914
TRX,1h,394928,2025,24303,False,40.077247336835505,-1.0,0.19961450777202203,-1.199614507772022
TRX,1h,395259,2025,24303,False,80.42328042327979,-1.0,0.0994736842105271,-1.099473684210527
TRX,1h,395108,2025,24303,False,75.88696949387095,2.0,0.052709971509971316,1.9472900284900287
TRX,1h,398317,2025,24303,False,27.355825901296818,2.0,0.14622113821138105,1.8537788617886188
TRX,1h,398550,2025,24303,False,38.12230718909949,-1.0,0.2098508875739683,-1.2098508875739684
TRX,1h,398628,2025,24303,False,32.42262781997476,-1.0,0.24674125874126104,-1.246741258741261
TRX,1h,398785,2025,24303,False,32.11125742139678,-1.0,0.24913381294963985,-1.2491338129496399
TRX,1h,399495,2025,24303,False,77.41908557834867,-1.0,0.10333369272237067,-1.1033336927223707
TRX,1h,400645,2025,24303,False,35.37859281123677,-1.0,0.22612544378698635,-1.2261254437869864
TRX,1h,400962,2025,24303,False,55.38165181796363,-1.0,0.14445217391304163,-1.1444521739130415
TRX,1h,403215,2025,24304,False,54.08386179982601,-1.0,0.14791843137254923,-1.1479184313725492
TRX,1h,403779,2025,24304,False,54.586775981818924,-1.0,0.14655564202334534,-1.1465556420233454
TRX,1h,404251,2025,24304,False,36.72481428929104,-1.0,0.21783636363636563,-1.2178363636363656
TRX,1h,404944,2025,24304,False,37.45802118315603,2.0,0.10678620689655395,1.893213793103446
TRX,1h,405031,2025,24304,False,58.25242718446605,-1.0,0.13733333333333325,-1.1373333333333333
TRX,1h,405425,2025,24304,False,36.9131888652447,2.0,0.10836235294117778,1.8916376470588223
TRX,1h,406183,2025,24304,False,34.02074845646626,-1.0,0.23515061728394912,-1.235150617283949
TRX,1h,406382,2025,24304,False,32.00332502078109,2.0,0.12498701298701412,1.875012987012986
TRX,1h,406595,2025,24304,False,30.211480362537586,-1.0,0.2648000000000016,-1.2648000000000015
TRX,1h,407453,2025,24304,False,66.21191814526686,-1.0,0.12082416918428872,-1.1208241691842886
TRX,1h,407769,2025,24304,False,25.445292620866116,-1.0,0.3143999999999879,-1.314399999999988
TRX,1h,409423,2025,24304,False,39.040260268401326,-1.0,0.2049166666666691,-1.204916666666669
TRX,1h,410795,2025,24304,False,51.86138136206423,-1.0,0.154257364341087,-1.154257364341087
TRX,1h,411661,2025,24304,False,30.022670179522727,-1.0,0.26646530612245417,-1.2664653061224542
TRX,1h,412030,2025,24305,False,21.424529064595966,-1.0,0.37340377358492327,-1.3734037735849234
TRX,1h,412308,2025,24305,False,22.924147444870876,-1.0,0.3489769911504363,-1.3489769911504363
TRX,1h,412719,2025,24305,False,21.078232671260345,-1.0,0.3795384615384669,-1.379538461538467
TRX,1h,413086,2025,24305,False,29.020556227327628,-1.0,0.2756666666666673,-1.2756666666666674
TRX,1h,414742,2025,24305,False,41.67697489866263,2.0,0.09597625570776146,1.9040237442922385
TRX,1h,415181,2025,24305,False,43.097151205259834,2.0,0.09281355932203278,1.9071864406779673
TRX,1h,417681,2025,24305,False,42.70515038839577,-1.0,0.18733103448275953,-1.1873310344827595
TRX,1h,417919,2025,24305,False,59.19348871624086,-1.0,0.13515000000000083,-1.1351500000000008
TRX,1h,418051,2025,24305,False,41.29900845992894,2.0,0.09685462555066103,1.903145374449339
TRX,1h,418384,2025,24305,False,111.26771011052604,-1.0,0.0718986666666666,-1.0718986666666666
TRX,1h,418861,2025,24305,False,24.002067870462092,2.0,0.16665230769231182,1.8333476923076881
TRX,1h,419036,2025,24305,False,27.78442232321952,-1.0,0.28793112582781244,-1.2879311258278126
TRX,1h,419473,2025,24305,False,27.717893440099118,-1.0,0.28862222222221634,-1.2886222222222163
TRX,1h,420602,2025,24305,False,45.11278195488595,2.0,0.08866666666666916,1.9113333333333309
TRX,1h,422199,2025,24306,False,52.75672462475972,-1.0,0.15163943661971482,-1.151639436619715
TRX,1h,422420,2025,24306,False,39.52569169960519,2.0,0.10119999999999886,1.8988000000000012
TRX,1h,422795,2025,24306,False,23.32883127817338,-1.0,0.3429233082706915,-1.3429233082706915
TRX,1h,424113,2025,24306,False,47.46576463527745,-1.0,0.1685425287356321,-1.1685425287356321
TRX,1h,424267,2025,24306,False,45.7026551947446,-1.0,0.17504453441295745,-1.1750445344129574
TRX,1h,424592,2025,24306,False,31.11021114445022,2.0,0.12857514792899644,1.8714248520710035
TRX,1h,424729,2025,24306,False,22.3895786688386,-1.0,0.3573090909090778,-1.357309090909078
TRX,1h,425103,2025,24306,False,16.316204374208418,-1.0,0.49031011235958,-1.4903101123595799
TRX,1h,425182,2025,24306,False,24.57543190404592,2.0,0.16276417910447666,1.8372358208955233
TRX,1h,425375,2025,24306,False,96.18719085947905,2.0,0.0415855787476281,1.958414421252372
TRX,1h,425476,2025,24306,False,38.69063686587819,-1.0,0.20676837209302468,-1.2067683720930247
TRX,1h,427259,2025,24306,False,65.4952965842261,-1.0,0.12214617563739259,-1.1221461756373925
TRX,1h,427302,2025,24306,False,30.21937024324643,-1.0,0.2647308641975383,-1.2647308641975383
TRX,1h,427296,2025,24306,False,29.965595057527754,-1.0,0.2669728395061621,-1.2669728395061621
TRX,1h,428093,2025,24306,False,28.867192527625356,-1.0,0.2771312101910898,-1.2771312101910899
TRX,1h,432373,2025,24307,True,17.941166514335162,2.0,0.22295094339623692,1.777049056603763
TRX,1h,432535,2025,24307,True,23.588823548954732,-1.0,0.3391436619718365,-1.3391436619718364
TRX,1h,432634,2025,24307,True,40.395047072594885,2.0,0.09902204081632845,1.9009779591836715
TRX,1h,433193,2025,24307,True,17.70731626590788,-1.0,0.45179065420560094,-1.451790654205601
TRX,1h,433234,2025,24307,True,19.556498392390697,2.0,0.20453559322032686,1.7954644067796732
TRX,1h,434257,2025,24307,True,51.37830658374133,2.0,0.07785386996903866,1.9221461300309612
TRX,1h,434280,2025,24307,True,30.09343143897144,2.0,0.13291937172774324,1.8670806282722567
TRX,1h,435251,2025,24307,True,26.91406497371976,2.0,0.14862117647058518,1.8513788235294149
TRX,1h,436134,2025,24307,True,62.59933184132992,-1.0,0.127796891191707,-1.1277968911917071
TRX,1h,437346,2025,24307,True,22.969369036057152,-1.0,0.34828993288590804,-1.348289932885908
TRX,1h,437608,2025,24307,True,107.79980888676548,2.0,0.037105817174515214,1.962894182825485
TRX,1h,437999,2025,24307,True,51.131767327563296,-1.0,0.15645850746268822,-1.1564585074626883
TRX,1h,438931,2025,24308,True,42.286560898820376,-1.0,0.18918540145985643,-1.1891854014598564
TRX,1h,442255,2025,24308,True,77.27932914965304,2.0,0.05176028368794346,1.9482397163120566
TRX,1h,443289,2025,24308,True,32.61522616084383,2.0,0.12264210526316065,1.8773578947368394
TRX,1h,443628,2025,24308,True,42.644533485975714,-1.0,0.1875973154362427,-1.1875973154362427
TRX,1h,444703,2025,24308,True,37.020665266880535,-1.0,0.21609552238805843,-1.2160955223880585
TRX,1h,445687,2025,24308,True,46.92949095136261,-1.0,0.17046850152905224,-1.1704685015290521
TRX,1h,447269,2025,24309,True,18.840707704084,-1.0,0.4246124999999805,-1.4246124999999805
TRX,1h,447354,2025,24309,True,16.370474153822645,-1.0,0.48868468468470916,-1.488684684684709
TRX,1h,447388,2025,24309,True,32.14201462609047,-1.0,0.24889541284404124,-1.2488954128440413
TRX,1h,447590,2025,24309,True,23.128029108907388,-1.0,0.3459006369426839,-1.3459006369426838
TRX,1h,448336,2025,24309,True,18.14126394052043,2.0,0.2204918032786887,1.7795081967213113
TRX,1h,449017,2025,24309,True,51.50823514897307,-1.0,0.1553149700598798,-1.1553149700598797
TRX,1h,449000,2025,24309,True,109.00001582003233,-1.0,0.07339448476052182,-1.073394484760522
TRX,1h,449744,2025,24309,True,22.328073831496663,-1.0,0.3582933333333463,-1.3582933333333462
TRX,1h,452490,2025,24309,True,21.35618971176298,-1.0,0.374598657718123,-1.374598657718123
TRX,1h,453449,2025,24309,True,31.808387446680722,-1.0,0.2515059907834095,-1.2515059907834094
TRX,1h,453448,2025,24309,True,32.188682044055554,-1.0,0.24853456221198097,-1.248534562211981
TRX,1h,453734,2025,24309,True,61.37691340678824,-1.0,0.1303421686746992,-1.1303421686746993
TRX,1h,453790,2025,24309,True,29.038757852316607,2.0,0.1377469387755129,1.8622530612244872
TRX,1h,454335,2025,24309,True,21.6756480115603,-1.0,0.36907777777777856,-1.3690777777777785
TRX,1h,456712,2025,24310,True,16.629711751663407,-1.0,0.48106666666665404,-1.481066666666654
TRX,1h,459249,2025,24310,True,27.376569432643628,-1.0,0.2922206896551785,-1.2922206896551784
TRX,1h,459123,2025,24310,True,37.63398173878497,-1.0,0.21257383966244875,-1.2125738396624488
TRX,1h,459109,2025,24310,True,33.11841031630508,-1.0,0.2415574879227034,-1.2415574879227034
TRX,1h,459478,2025,24310,True,26.466558724623784,-1.0,0.30226823529411145,-1.3022682352941115
TRX,1h,459844,2025,24310,True,50.95480737178035,-1.0,0.15700186915887623,-1.1570018691588762
TRX,1h,460647,2025,24310,True,60.90173335702715,2.0,0.06567957559681607,1.934320424403184
TRX,1h,461742,2025,24310,True,36.15985473443693,-1.0,0.22123982683982357,-1.2212398268398235
TRX,1h,462120,2025,24310,True,47.87217507538269,2.0,0.08355584415584492,1.9164441558441552
TRX,1h,462404,2025,24310,True,31.65198409604703,-1.0,0.25274876847290934,-1.2527487684729093
TRX,1h,462792,2025,24310,True,33.851739194427,2.0,0.11816231884057878,1.8818376811594213
TRX,1h,462904,2025,24310,True,39.24739333299737,-1.0,0.2038351931330424,-1.2038351931330424
TRX,1h,463181,2025,24310,True,22.516802952578296,-1.0,0.3552902255639252,-1.3552902255639252
TRX,1h,464064,2025,24310,True,23.313933010181017,2.0,0.17157122302158243,1.8284287769784175
TRX,1h,463952,2025,24310,True,30.438311688312094,-1.0,0.26282666666666316,-1.2628266666666632
TRX,1h,464593,2025,24310,True,44.51391484589955,-1.0,0.1797190839694687,-1.1797190839694687
TRX,1h,465427,2025,24311,True,13.29630564672149,-1.0,0.6016708860759818,-1.6016708860759818
TRX,1h,465474,2025,24311,True,26.657611002631125,2.0,0.15005095541401656,1.8499490445859834
TRX,1h,466595,2025,24311,True,32.63272395522797,-1.0,0.24515268817203192,-1.2451526881720318
TRX,1h,472322,2025,24311,True,15.217942679081705,2.0,0.2628476190476341,1.737152380952366
TRX,1h,473587,2025,24312,True,16.42747540391872,-1.0,0.4869890109889695,-1.4869890109889696
TRX,1h,474169,2025,24312,True,23.127812539218915,2.0,0.17295193798449432,1.8270480620155056
TRX,1h,474007,2025,24312,True,31.330105383081452,-1.0,0.25534545454545693,-1.255345454545457
TRX,1h,474789,2025,24312,True,18.303414290743415,2.0,0.21853846153845297,1.781461538461547
TRX,1h,475407,2025,24312,True,10.656324790804105,-1.0,0.7507278688524598,-1.7507278688524597
TRX,1h,475350,2025,24312,True,11.411316514809071,-1.0,0.7010584615384189,-1.7010584615384188
TRX,1h,475465,2025,24312,True,13.64256480218286,2.0,0.2931999999999989,1.7068000000000012
TRX,1h,475973,2025,24312,True,23.602903334574567,-1.0,0.33894135338347336,-1.3389413533834733
TRX,1h,476495,2025,24312,True,19.839496684481496,2.0,0.201618018018008,1.798381981981992
TRX,1h,477732,2025,24312,True,18.363819674490674,2.0,0.21781960784315646,1.7821803921568435
TRX,1h,477689,2025,24312,True,23.469552286938267,2.0,0.17043358778625523,1.8295664122137447
TRX,1h,477603,2025,24312,True,16.594992951588775,2.0,0.24103655913978844,1.7589634408602115
TRX,1h,478510,2025,24312,True,15.291895295493703,-1.0,0.5231529411764598,-1.52315294117646
TRX,1h,478686,2025,24312,True,14.570179698884541,2.0,0.27453333333330343,1.7254666666666965
TRX,1h,479303,2025,24312,True,12.376675271401444,2.0,0.323188571428607,1.6768114285713929
TRX,1h,480010,2025,24312,True,11.823042580600674,2.0,0.3383223880596714,1.6616776119403287
TRX,1h,480302,2025,24312,True,12.58664397525197,2.0,0.3177971830985967,1.6822028169014032
TRX,1h,480539,2025,24312,True,12.726523149724647,2.0,0.3143042253521178,1.6856957746478822
TRX,1h,481774,2025,24312,True,17.09220982890216,-1.0,0.4680494845360697,-1.4680494845360696
TRX,1h,482090,2025,24312,True,11.015719256526717,2.0,0.36311746031744907,1.636882539682551
TRX,1h,482390,2025,24312,True,12.304014624200837,2.0,0.32509714285712704,1.674902857142873
TRX,1h,482542,2026,24313,True,10.728670172538111,-1.0,0.7456655737704926,-1.7456655737704927
TRX,1h,484357,2026,24313,True,18.33997947268412,-1.0,0.4362055045871418,-1.4362055045871418
TRX,1h,485497,2026,24313,True,34.032239321347284,-1.0,0.23507121951219553,-1.2350712195121956
TRX,1h,486178,2026,24313,True,18.592559685406727,-1.0,0.43027964601771257,-1.4302796460177125
TRX,1h,486974,2026,24313,True,19.80708223965063,2.0,0.20194796747966423,1.7980520325203357
TRX,1h,487003,2026,24313,True,22.469004089682077,2.0,0.1780230215827335,1.8219769784172666
TRX,1h,487582,2026,24313,True,25.662421084119533,-1.0,0.3117398773006096,-1.3117398773006097
TRX,1h,487623,2026,24313,True,26.54603144683677,-1.0,0.30136331360947294,-1.3013633136094729
TRX,1h,487935,2026,24313,True,28.428147059763052,-1.0,0.28141123595505557,-1.2814112359550556
TRX,1h,487958,2026,24313,True,23.30402918628681,-1.0,0.3432882758620804,-1.3432882758620803
TRX,1h,488343,2026,24313,True,39.37401982048164,2.0,0.10158983050847334,1.8984101694915267
TRX,1h,488727,2026,24313,True,29.139246308483184,2.0,0.13727191011235926,1.8627280898876408
TRX,1h,489193,2026,24313,True,23.664638269101893,-1.0,0.33805714285712646,-1.3380571428571264
TRX,1h,489588,2026,24313,True,16.58262546955871,-1.0,0.482432653061234,-1.482432653061234
TRX,1h,490319,2026,24313,True,15.38093447721933,2.0,0.26006222222221875,1.7399377777777811
TRX,1h,490652,2026,24313,True,33.042852984984975,-1.0,0.24210984455958706,-1.242109844559587
TRX,1h,490723,2026,24313,True,17.162568607793954,-1.0,0.4661306930692763,-1.4661306930692763
TRX,1h,490699,2026,24313,True,21.8885734806243,-1.0,0.3654875000000149,-1.3654875000000148
TRX,1h,490779,2026,24313,True,14.89190530802344,-1.0,0.5372045977011264,-1.5372045977011264
TRX,1h,490771,2026,24313,True,21.433674684449336,-1.0,0.373244444444433,-1.373244444444433
TRX,1h,490978,2026,24313,True,24.685473024735714,-1.0,0.32407724137932126,-1.3240772413793214
TRX,1h,491277,2026,24313,True,17.5063898322888,2.0,0.2284879999999998,1.7715120000000002
TRX,1h,491573,2026,24314,True,23.133543638275285,-1.0,0.345818181818185,-1.345818181818185
TRX,1h,492346,2026,24314,True,35.44605881939901,-1.0,0.22569504950496044,-1.2256950495049606
TRX,1h,493625,2026,24314,True,15.10628349458605,-1.0,0.5295809523809827,-1.5295809523809827
TRX,1h,493787,2026,24314,True,17.62843574615018,-1.0,0.45381224489796806,-1.453812244897968
TRX,1h,494389,2026,24314,True,16.21572378609925,2.0,0.2466741573033549,1.7533258426966452
TRX,1h,494989,2026,24314,True,13.94799899860525,-1.0,0.5735589743589723,-1.5735589743589724
TRX,1h,495921,2026,24314,True,13.200274565711467,2.0,0.3030239999999885,1.6969760000000114
TRX,1h,496482,2026,24314,True,14.697447662748116,-1.0,0.5443121951219227,-1.5443121951219227
TRX,1h,496614,2026,24314,True,15.03974790517711,2.0,0.26596190476191994,1.73403809523808
TRX,1h,496921,2026,24314,True,14.781966001479304,-1.0,0.5411999999999595,-1.5411999999999595
TRX,1h,497225,2026,24314,True,20.113686051595703,2.0,0.19886956521739402,1.801130434782606
TRX,1h,497434,2026,24314,True,10.936930368210325,-1.0,0.7314666666666442,-1.7314666666666443
TRX,1h,497515,2026,24314,True,22.19832818840741,2.0,0.1801937500000073,1.8198062499999927
TRX,1h,497779,2026,24314,True,30.14970889936172,2.0,0.13267126436781887,1.867328735632181
TRX,1h,498430,2026,24314,True,14.22774938082903,2.0,0.2811407407407486,1.7188592592592515
TRX,1h,498633,2026,24314,True,20.97902097902255,-1.0,0.38133333333330477,-1.3813333333333047
TRX,1h,499327,2026,24314,True,19.340300573110316,-1.0,0.41364403669727645,-1.4136440366972765
TRX,1h,499499,2026,24315,True,16.197646891297175,2.0,0.2469494505494596,1.7530505494505404
TRX,1h,500289,2026,24315,True,14.481611928556976,-1.0,0.5524246913580402,-1.5524246913580402
TRX,1h,500800,2026,24315,True,33.558220016080554,2.0,0.1191958333333313,1.8808041666666686
TRX,1h,502897,2026,24315,True,13.471967943625046,-1.0,0.5938256410256388,-1.5938256410256388
TRX,1h,503412,2026,24315,True,13.102197137673905,2.0,0.3052923076923066,1.6947076923076934
TRX,1h,503826,2026,24315,True,14.975853539518711,-1.0,0.5341932584269318,-1.5341932584269318
TRX,1h,503923,2026,24315,True,18.670838169249553,-1.0,0.42847567567565437,-1.4284756756756543
TRX,1h,504817,2026,24315,True,30.717120228469266,-1.0,0.2604410810810785,-1.2604410810810784
TRX,1h,505695,2026,24315,True,27.242777496197796,-1.0,0.29365581395349794,-1.293655813953498
TRX,1h,506712,2026,24315,True,21.15927160810445,-1.0,0.3780848484848519,-1.378084848484852
TRX,1h,506936,2026,24315,True,33.51099479781685,-1.0,0.2387276190476201,-1.2387276190476202
TRX,1h,507010,2026,24315,True,44.00492855199831,-1.0,0.18179781818181617,-1.181797818181816
TRX,1h,507730,2026,24315,True,38.423844562325534,-1.0,0.2082040485829983,-1.2082040485829983
TRX,1h,507968,2026,24315,True,56.073019532100815,2.0,0.07133555555555682,1.9286644444444432
TRX,1h,508244,2026,24315,True,29.957294920007534,-1.0,0.26704680851063933,-1.2670468085106394
TRX,1h,509319,2026,24316,True,16.579034626497965,-1.0,0.4825371428571449,-1.482537142857145
TRX,1h,511184,2026,24316,True,10.353915662650508,-1.0,0.7726545454545526,-1.7726545454545526
TRX,1h,511863,2026,24316,True,12.462223883852431,-1.0,0.6419399999999815,-1.6419399999999815
TRX,1h,511928,2026,24316,True,14.325755216443973,-1.0,0.5584347826086763,-1.5584347826086762
TRX,1h,512043,2026,24316,True,12.929355868837096,2.0,0.3093734939759046,1.6906265060240955
TRX,1h,513634,2026,24316,True,37.74724445115426,-1.0,0.21193600000000454,-1.2119360000000046
TRX,1h,513729,2026,24316,True,28.532812734643368,-1.0,0.28037894736843555,-1.2803789473684355
TRX,1h,514856,2026,24316,True,24.235080278704118,2.0,0.16504999999999528,1.8349500000000047
TRX,1h,520965,2026,24317,True,15.64055168491383,2.0,0.25574545454545694,1.744254545454543
TRX,1h,523199,2026,24317,True,28.97750793431752,-1.0,0.2760761904761917,-1.2760761904761917
TRX,1h,523943,2026,24317,True,27.30748225013656,-1.0,0.2929599999999998,-1.2929599999999999
TRX,1h,524062,2026,24317,True,27.218290691344606,2.0,0.14695999999999987,1.85304
TRX,1h,524327,2026,24317,True,34.74078033137274,-1.0,0.23027692307692876,-1.2302769230769288
TRX,1h,525223,2026,24317,True,30.474531998258463,-1.0,0.26251428571428687,-1.2625142857142868
TRX,1h,525624,2026,24317,True,43.377674956622364,2.0,0.09221333333333324,1.9077866666666667
TRX,1h,526382,2026,24318,True,33.96839462413187,2.0,0.11775652173913204,1.882243478260868
TRX,1h,526890,2026,24318,True,30.487804878048806,-1.0,0.2623999999999998,-1.2623999999999997
TRX,1h,529125,2026,24318,True,29.79367481876903,-1.0,0.26851336898395173,-1.2685133689839518
TRX,1h,529241,2026,24318,True,23.714408492622926,2.0,0.16867382550335672,1.8313261744966434
TRX,1h,529722,2026,24318,True,13.278113243338227,-1.0,0.602495238095193,-1.6024952380951931
TRX,1h,531265,2026,24318,True,12.759865554587996,-1.0,0.6269658536585037,-1.6269658536585037
TRX,1h,532126,2026,24318,True,11.555069026333134,2.0,0.34616842105263934,1.6538315789473605
TRX,1h,532126,2026,24318,True,11.3765642775886,2.0,0.3515999999999867,1.6484000000000134
TRX,1h,532617,2026,24318,True,16.173647535408428,-1.0,0.4946317757009275,-1.4946317757009275
TRX,1h,532673,2026,24318,True,23.500871806535535,-1.0,0.3404129032257952,-1.3404129032257952
TRX,1h,532866,2026,24318,True,28.172427372693537,2.0,0.1419827956989268,1.8580172043010732
TRX,1h,532787,2026,24318,True,17.532358635829805,-1.0,0.4562991304347888,-1.4562991304347888
TRX,1h,532758,2026,24318,True,12.101159566808471,-1.0,0.6610936708861116,-1.6610936708861117
TRX,1h,532943,2026,24318,True,17.060167555217213,-1.0,0.46892857142856725,-1.4689285714285671
TRX,1h,533168,2026,24318,True,17.06008250876252,-1.0,0.46893090909091345,-1.4689309090909135
TRX,1h,533408,2026,24318,True,21.96295892459246,-1.0,0.3642496453900938,-1.3642496453900939
TRX,1h,533738,2026,24318,True,11.043536420338592,-1.0,0.7244056338028287,-1.7244056338028289
TRX,1h,534137,2026,24318,True,13.633265167007371,-1.0,0.5868000000000054,-1.5868000000000055
TRX,1h,534308,2026,24318,True,21.54499469181365,2.0,0.1856579710144863,1.8143420289855137
TRX,1h,534628,2026,24319,True,14.719615074151825,2.0,0.27174623655914376,1.7282537634408563
XRP,4h,1729,2021,24258,False,182.14159402500704,2.0,0.021960936607652738,1.9780390633923473
XRP,4h,2497,2021,24258,False,294.05716635821517,-1.0,0.027205594405594398,-1.0272055944055944
XRP,4h,4453,2021,24258,False,136.0472101487679,-1.0,0.058803116883117144,-1.0588031168831171
XRP,4h,4623,2021,24258,False,110.34402059442942,2.0,0.036250265111347005,1.963749734888653
XRP,4h,5723,2021,24258,False,94.09863413616938,-1.0,0.08501717451523541,-1.0850171745152355
XRP,4h,5790,2021,24258,False,119.25088396230278,-1.0,0.06708545659526462,-1.0670854565952645
XRP,4h,6272,2021,24258,False,324.89693856863016,2.0,0.012311596463858501,1.9876884035361415
XRP,4h,8392,2021,24258,False,208.33031089962032,-1.0,0.03840055710306426,-1.0384005571030643
XRP,4h,9810,2021,24259,False,96.08397254743676,-1.0,0.08326050420168038,-1.0832605042016803
XRP,4h,10014,2021,24259,False,82.52919310629711,2.0,0.048467697907188106,1.951532302092812
XRP,4h,11127,2021,24259,False,74.5186529260776,2.0,0.05367783558792983,1.94632216441207
XRP,4h,14599,2021,24259,False,92.3519423363492,-1.0,0.08662514071294465,-1.0866251407129446
XRP,4h,14116,2021,24259,False,55.23003664300528,2.0,0.07242435897435871,1.9275756410256413
XRP,4h,14453,2021,24259,False,204.0104300561892,-1.0,0.039213681368136986,-1.039213681368137
XRP,4h,15714,2021,24259,False,145.33930717954345,2.0,0.027521804511278152,1.9724781954887218
XRP,4h,16093,2021,24259,False,297.1262346961608,2.0,0.01346229155459925,1.9865377084454008
XRP,4h,16278,2021,24259,False,137.43704359028,2.0,0.02910423489553942,1.9708957651044605
XRP,4h,17097,2021,24259,False,129.21499307407666,-1.0,0.06191231999999986,-1.0619123199999998
XRP,4h,17201,2021,24259,False,127.06990546325854,-1.0,0.0629574718800208,-1.0629574718800208
XRP,4h,17850,2021,24260,False,98.22592645683524,-1.0,0.08144489228631047,-1.0814448922863105
XRP,4h,18827,2021,24260,False,106.42160833496216,-1.0,0.07517270341207388,-1.075172703412074
XRP,4h,20802,2021,24260,False,220.17979544786456,2.0,0.018166971187631713,1.9818330288123682
XRP,4h,23898,2021,24260,False,83.37100709081203,-1.0,0.0959566194430875,-1.0959566194430874
XRP,4h,29107,2021,24261,False,377.5975145269753,2.0,0.010593290067099323,1.9894067099329007
XRP,4h,29912,2021,24261,False,65.94894216433212,-1.0,0.12130596393897469,-1.1213059639389746
XRP,4h,32873,2021,24261,False,213.9766579868381,2.0,0.018693627789279913,1.98130637221072
XRP,4h,33376,2021,24261,False,163.8553458789725,2.0,0.024411776,1.975588224
XRP,4h,36867,2021,24262,False,71.10038999619961,-1.0,0.11251696369636803,-1.112516963696368
XRP,4h,38342,2021,24262,False,135.4310795084898,-1.0,0.05907063599458721,-1.0590706359945872
XRP,4h,37741,2021,24262,False,114.41205889062367,2.0,0.03496134969325169,1.9650386503067483
XRP,4h,40921,2021,24262,False,66.46445413687069,2.0,0.06018254497001922,1.9398174550299807
XRP,4h,42505,2021,24262,False,42.83549174600058,-1.0,0.18676101694915026,-1.1867610169491503
XRP,4h,43449,2021,24262,False,92.73187555033608,-1.0,0.08627022749752855,-1.0862702274975287
XRP,4h,43007,2021,24262,False,204.06809849080454,-1.0,0.039202599814299174,-1.039202599814299
XRP,4h,43136,2021,24262,False,183.43410796241025,2.0,0.021806195393169133,1.9781938046068308
XRP,4h,43899,2021,24262,False,82.7494922293971,-1.0,0.0966773303916174,-1.0966773303916173
XRP,4h,44789,2021,24263,False,152.8012131826835,-1.0,0.05235560525580052,-1.0523556052558005
XRP,4h,46244,2021,24263,False,127.26797805863121,2.0,0.031429744237448605,1.9685702557625513
XRP,4h,46897,2021,24263,False,108.07877988601952,-1.0,0.07402008061561062,-1.0740200806156106
XRP,4h,47030,2021,24263,False,283.57078390923203,2.0,0.014105825518613219,1.9858941744813867
XRP,4h,48261,2021,24263,False,76.78055782744485,-1.0,0.10419304347825976,-1.1041930434782599
XRP,4h,48980,2021,24263,False,139.60412848629446,2.0,0.028652447770501983,1.971347552229498
XRP,4h,52590,2021,24263,False,82.91306113065053,2.0,0.0482433038348082,1.9517566961651918
XRP,4h,52143,2021,24263,False,188.8236795100787,-1.0,0.042367567567567654,-1.0423675675675677
XRP,4h,53813,2021,24264,False,532.4717863204597,2.0,0.007512135107929762,1.9924878648920703
XRP,4h,54679,2021,24264,False,128.14978353910493,2.0,0.031213474494706416,1.9687865255052936
XRP,4h,58286,2021,24264,False,92.35005513000772,-1.0,0.08662691092861648,-1.0866269109286164
XRP,4h,60466,2021,24264,False,60.61258545513175,-1.0,0.13198579040852781,-1.1319857904085278
XRP,4h,63462,2022,24265,False,142.1646130326273,-1.0,0.05627279411764706,-1.056272794117647
XRP,4h,65513,2022,24265,False,100.49918567853628,2.0,0.03980131752305616,1.960198682476944
XRP,4h,68081,2022,24265,False,149.30908270046172,2.0,0.026790064794816604,1.9732099352051833
XRP,4h,70452,2022,24265,False,56.58089721137057,-1.0,0.14139047619047493,-1.141390476190475
XRP,4h,71498,2022,24266,False,59.65630843201932,2.0,0.06705074626865581,1.9329492537313442
XRP,4h,72681,2022,24266,False,171.00423996814104,-1.0,0.04678246575342483,-1.0467824657534248
XRP,4h,73928,2022,24266,False,99.26474969314991,-1.0,0.08059255702280853,-1.0805925570228085
XRP,4h,73918,2022,24266,False,123.35065226329782,-1.0,0.06485575757575744,-1.0648557575757573
XRP,4h,74323,2022,24266,False,154.48878200056987,2.0,0.025891847603441168,1.974108152396559
XRP,4h,75046,2022,24266,False,65.15741242548044,2.0,0.06138979206049258,1.9386102079395073
XRP,4h,76040,2022,24266,False,99.44778835821131,-1.0,0.08044422236102396,-1.080444222361024
XRP,4h,76998,2022,24266,False,224.412278000206,2.0,0.017824336688014586,1.9821756633119854
XRP,4h,77411,2022,24266,False,298.4797234509173,-1.0,0.026802490660024814,-1.0268024906600248
XRP,4h,77847,2022,24266,False,175.2403238887939,2.0,0.02282579666160836,1.9771742033383917
XRP,4h,79410,2022,24267,False,140.05867322797286,-1.0,0.057118918918919334,-1.0571189189189194
XRP,4h,80041,2022,24267,False,65.10977184675079,2.0,0.06143471074380081,1.938565289256199
XRP,4h,81278,2022,24267,False,111.16033395808518,-1.0,0.07196811771919047,-1.0719681177191904
XRP,4h,81379,2022,24267,False,91.69385261857776,2.0,0.0436234260614934,1.9563765739385066
XRP,4h,82354,2022,24267,False,384.3769778351963,2.0,0.010406450517738919,1.9895935494822612
XRP,4h,82420,2022,24267,False,115.40800351916833,2.0,0.03465964125560523,1.9653403587443947
XRP,4h,84211,2022,24267,False,52.34233505318273,2.0,0.07641997621878689,1.923580023781213
XRP,4h,85018,2022,24267,False,89.47881769220953,-1.0,0.08940663507109034,-1.0894066350710903
XRP,4h,87953,2022,24268,False,234.24213514106123,2.0,0.01707634707816845,1.9829236529218315
XRP,4h,91611,2022,24268,False,50.58300758410915,-1.0,0.15815587846763846,-1.1581558784676385
XRP,4h,90998,2022,24268,False,147.13385457604156,2.0,0.027186129334583052,1.972813870665417
XRP,4h,92452,2022,24268,False,225.84079328838413,-1.0,0.035423184109101655,-1.0354231841091017
XRP,4h,93194,2022,24268,False,38.634130798438285,2.0,0.10353539518900455,1.8964646048109954
XRP,4h,94705,2022,24268,False,125.94787762572933,-1.0,0.06351833910034635,-1.0635183391003464
XRP,4h,94870,2022,24268,False,76.65659320409792,-1.0,0.10436153846153882,-1.1043615384615388
XRP,4h,96559,2022,24269,False,72.04519487114365,2.0,0.05552070484581512,1.944479295154185
XRP,4h,96378,2022,24269,False,72.46195120728092,-1.0,0.11040276816609054,-1.1104027681660906
XRP,4h,97064,2022,24269,False,58.114277751822044,-1.0,0.13765980253878624,-1.1376598025387863
XRP,4h,97508,2022,24269,False,136.99717433406224,-1.0,0.05839536500579431,-1.0583953650057942
XRP,4h,100068,2022,24269,False,460.17506265209005,-1.0,0.017384688239936864,-1.0173846882399369
XRP,4h,100139,2022,24269,False,129.49399205323303,-1.0,0.06177892791127577,-1.0617789279112757
XRP,4h,102147,2022,24269,False,154.99796684765676,-1.0,0.05161358024691369,-1.0516135802469138
XRP,4h,103589,2022,24269,False,92.26401703335733,2.0,0.04335384615384599,1.956646153846154
XRP,4h,105364,2022,24270,False,85.34832546839816,-1.0,0.09373353204172884,-1.0937335320417287
XRP,4h,104997,2022,24269,False,138.8668368406267,2.0,0.028804573438874253,1.9711954265611258
XRP,4h,105674,2022,24270,False,59.278286857510146,-1.0,0.13495666666666592,-1.134956666666666
XRP,4h,106513,2022,24270,False,101.65756923231028,-1.0,0.0786955665024629,-1.078695566502463
XRP,4h,107024,2022,24270,False,50.64060363599538,-1.0,0.15797599999999987,-1.157976
XRP,4h,107178,2022,24270,False,70.0002508969556,-1.0,0.11428530465949986,-1.1142853046594998
XRP,4h,108390,2022,24270,False,95.69513857337527,2.0,0.041799406528190114,1.9582005934718099
XRP,4h,109795,2022,24270,False,104.76104217613057,-1.0,0.0763642651296836,-1.0763642651296836
XRP,4h,110287,2022,24270,False,96.85809570920264,2.0,0.041297528830312874,1.9587024711696872
XRP,4h,112774,2022,24270,False,379.61310586051826,-1.0,0.02107408800300865,-1.0210740880030087
XRP,4h,112876,2022,24270,False,61.46230219428734,2.0,0.06508054298642564,1.9349194570135744
XRP,4h,114708,2022,24271,False,87.73041109773847,2.0,0.045594223826714894,1.9544057761732851
XRP,4h,115136,2022,24271,False,111.66754797971888,-1.0,0.0716412256267413,-1.0716412256267414
XRP,4h,115239,2022,24271,False,81.12324492979693,2.0,0.04930769230769247,1.9506923076923075
XRP,4h,117788,2022,24271,False,107.48149599770822,-1.0,0.07443141654978994,-1.07443141654979
XRP,4h,117312,2022,24271,False,80.36523968854439,2.0,0.04977276264591515,1.9502272373540848
XRP,4h,119996,2022,24271,False,84.97322856546762,-1.0,0.09414729950900241,-1.0941472995090025
XRP,4h,121477,2022,24271,False,142.73147754036432,-1.0,0.05604930417495053,-1.0560493041749506
XRP,4h,122033,2022,24271,False,87.88466869975065,2.0,0.04551419558359613,1.954485804416404
XRP,4h,122507,2022,24271,False,241.4536897836458,-1.0,0.033132647536545774,-1.0331326475365459
XRP,4h,124333,2022,24272,False,33.722508094745635,2.0,0.1186151394422305,1.8813848605577694
XRP,4h,125431,2022,24272,False,58.20659317078419,-1.0,0.13744147465437753,-1.1374414746543775
XRP,4h,130924,2022,24272,False,132.88834951456295,-1.0,0.060200913242009206,-1.0602009132420092
XRP,4h,132949,2022,24273,False,53.12590382536941,-1.0,0.15058567335243583,-1.1505856733524358
XRP,4h,133556,2022,24273,False,83.25709057639557,-1.0,0.09608791208791172,-1.0960879120879117
XRP,4h,133720,2022,24273,False,102.98349235196166,2.0,0.038841176470588074,1.961158823529412
XRP,4h,136184,2022,24273,False,172.6496464930099,-1.0,0.0463366138448705,-1.0463366138448704
XRP,4h,136112,2022,24273,False,68.60650558180134,-1.0,0.11660701754385944,-1.1166070175438594
XRP,4h,136783,2022,24273,False,195.20510282634982,-1.0,0.04098253521126763,-1.0409825352112676
XRP,4h,137015,2022,24273,False,130.3331937710179,-1.0,0.06138113989637346,-1.0613811398963735
XRP,4h,137456,2022,24273,False,232.54628626766382,-1.0,0.03440175342465755,-1.0344017534246575
XRP,4h,138153,2022,24273,False,273.0069628110329,2.0,0.014651640964808206,1.9853483590351917
XRP,4h,138054,2022,24273,False,217.2278716416738,-1.0,0.03682768670309639,-1.0368276867030963
XRP,4h,139924,2022,24273,False,172.5246580567818,-1.0,0.046370183196462376,-1.0463701831964625
XRP,4h,139568,2022,24273,False,111.36010244214728,2.0,0.03591950718685843,1.9640804928131417
XRP,4h,140667,2022,24274,False,320.457452740453,-1.0,0.024964312521323737,-1.0249643125213237
XRP,4h,141083,2022,24274,False,97.47877650270813,2.0,0.041034573304157884,1.958965426695842
XRP,4h,143114,2022,24274,False,119.16327946862437,-1.0,0.06713477537437526,-1.0671347753743752
XRP,4h,142931,2022,24274,False,61.06709735376023,-1.0,0.1310034428794968,-1.1310034428794968
XRP,4h,144156,2022,24274,False,177.22217296647605,2.0,0.02257053918843808,1.977429460811562
XRP,4h,143912,2022,24274,False,117.06921131773086,-1.0,0.06833564444444455,-1.0683356444444445
XRP,4h,144888,2022,24274,False,159.27189988623397,2.0,0.025114285714285776,1.9748857142857141
XRP,4h,150902,2022,24275,False,195.07273185907698,-1.0,0.04101034482758616,-1.0410103448275863
XRP,4h,151395,2022,24275,False,150.7214919323582,2.0,0.026539015429830982,1.973460984570169
XRP,4h,153697,2022,24275,False,176.70482827277272,2.0,0.022636619718309835,1.9773633802816901
XRP,4h,155617,2022,24275,False,154.11609118644444,-1.0,0.05190892098555673,-1.0519089209855568
XRP,4h,155223,2022,24275,False,104.71633629528367,2.0,0.03819843342036553,1.9618015665796344
XRP,4h,156977,2022,24275,False,65.74579161838798,-1.0,0.12168079207920794,-1.121680792079208
XRP,4h,157218,2022,24275,False,125.14133004419739,-1.0,0.0639277207392199,-1.06392772073922
XRP,4h,158374,2022,24276,False,41.098853558294905,-1.0,0.19465263157895007,-1.19465263157895
XRP,4h,161797,2022,24276,False,46.07074772294056,2.0,0.08682298850574617,1.913177011494254
XRP,4h,163422,2022,24276,False,65.7837791049945,2.0,0.060805263157894626,1.9391947368421054
XRP,4h,163848,2022,24276,False,69.71765794954939,-1.0,0.11474854771784121,-1.1147485477178412
XRP,4h,164911,2022,24276,False,37.59724672470207,-1.0,0.21278153846153464,-1.2127815384615346
XRP,4h,165894,2022,24276,False,59.2201037411845,-1.0,0.13508926014319722,-1.1350892601431972
XRP,4h,165346,2022,24276,False,109.51839631796405,2.0,0.03652354430379738,1.9634764556962025
XRP,4h,168776,2023,24277,False,30.49993369579655,-1.0,0.262295652173911,-1.262295652173911
XRP,4h,170609,2023,24277,False,105.38472643279894,2.0,0.03795616438356173,1.9620438356164382
XRP,4h,170608,2023,24277,False,146.83969893404222,-1.0,0.05448117953165688,-1.0544811795316569
XRP,4h,171170,2023,24277,False,69.35808515275478,-1.0,0.11534343807763346,-1.1153434380776335
XRP,4h,171297,2023,24277,False,75.04136895981146,-1.0,0.10660786324786284,-1.1066078632478629
XRP,4h,172639,2023,24277,False,96.5801338809135,2.0,0.04141638491547478,1.9585836150845253
XRP,4h,173904,2023,24277,False,86.74101610904627,-1.0,0.09222857142857098,-1.0922285714285709
XRP,4h,175609,2023,24277,False,70.15902712815625,-1.0,0.11402666666666814,-1.114026666666668
XRP,4h,177704,2023,24278,False,100.83805433159317,2.0,0.03966756425948587,1.960332435740514
XRP,4h,177486,2023,24278,False,40.4440020662985,2.0,0.09890218068535685,1.901097819314643
XRP,4h,179662,2023,24278,False,48.948656543592534,-1.0,0.16343655913978736,-1.1634365591397873
XRP,4h,180259,2023,24278,False,50.583756993587144,-1.0,0.15815353535353682,-1.1581535353535368
XRP,4h,180512,2023,24278,False,64.70476069408159,-1.0,0.12363850687622965,-1.1236385068762296
XRP,4h,181214,2023,24278,False,38.269060936120724,-1.0,0.20904615384615047,-1.2090461538461506
XRP,4h,184056,2023,24279,False,35.44598455189948,-1.0,0.22569552238805837,-1.2256955223880583
XRP,4h,184582,2023,24279,False,103.88600688998703,-1.0,0.07700748387096851,-1.0770074838709685
XRP,4h,184843,2023,24279,False,44.79013007912042,-1.0,0.17861077844311324,-1.1786107784431132
XRP,4h,190030,2023,24279,False,402.1650351696306,2.0,0.009946165504698403,1.9900538344953016
XRP,4h,189932,2023,24279,False,265.63838903170426,-1.0,0.030116129032258174,-1.0301161290322582
XRP,4h,190400,2023,24279,False,134.04390893819243,-1.0,0.059681936041486194,-1.0596819360414862
XRP,4h,191954,2023,24279,False,134.01835667531992,-1.0,0.059693315143247355,-1.0596933151432473
XRP,4h,193130,2023,24280,False,68.35872687796818,2.0,0.058514840499307025,1.941485159500693
XRP,4h,193975,2023,24280,False,57.30743233314633,-1.0,0.13959794871795086,-1.1395979487179508
XRP,4h,195866,2023,24280,False,47.512714323658095,-1.0,0.16837598343684915,-1.1683759834368492
XRP,4h,196238,2023,24280,False,39.42771260710913,2.0,0.10145148514851375,1.8985485148514862
XRP,4h,196597,2023,24280,False,51.79548019329356,-1.0,0.15445363128491343,-1.1544536312849134
XRP,4h,199308,2023,24280,False,63.5009137936374,2.0,0.06299121951219523,1.9370087804878047
XRP,4h,198791,2023,24280,False,104.70685383980202,-1.0,0.07640378548895883,-1.0764037854889588
XRP,4h,199015,2023,24280,False,128.3496661174222,-1.0,0.06232972972972992,-1.0623297297297298
XRP,4h,200107,2023,24280,False,53.47245571981724,-1.0,0.14960973630831673,-1.1496097363083166
XRP,4h,200165,2023,24280,False,117.65712574337923,2.0,0.03399709090909088,1.966002909090909
XRP,4h,201465,2023,24281,False,31.147979662830807,2.0,0.1284192439862557,1.8715807560137443
XRP,4h,204541,2023,24281,False,51.105019122077074,2.0,0.0782701986754961,1.9217298013245039
XRP,4h,206423,2023,24281,False,90.60122267669465,-1.0,0.08829902912621333,-1.0882990291262133
XRP,4h,207317,2023,24281,False,45.59484485839656,2.0,0.08772921615201804,1.912270783847982
XRP,4h,211428,2023,24282,False,44.11195178856444,2.0,0.09067837259100736,1.9093216274089926
XRP,4h,211915,2023,24282,False,179.0374577832351,-1.0,0.04468338692390164,-1.0446833869239016
XRP,4h,212089,2023,24282,False,80.8474510863257,2.0,0.049475894988067814,1.9505241050119322
XRP,4h,213354,2023,24282,False,60.152512669919744,2.0,0.06649763779527477,1.9335023622047252
XRP,4h,213100,2023,24282,False,240.45373087299978,-1.0,0.03327043407043392,-1.033270434070434
XRP,4h,213950,2023,24282,False,64.67514353678403,2.0,0.06184756277695769,1.9381524372230423
XRP,4h,215254,2023,24282,False,83.15582500409651,-1.0,0.0962049261083742,-1.0962049261083742
XRP,4h,214778,2023,24282,False,91.21886177485314,-1.0,0.0877011600928067,-1.0877011600928066
XRP,4h,218350,2023,24282,False,49.788372762455765,2.0,0.08034004282655137,1.9196599571734487
XRP,4h,219315,2023,24283,False,39.84063745019947,2.0,0.10039999999999932,1.8996000000000006
XRP,4h,220429,2023,24283,False,85.86313685278998,2.0,0.04658576598311207,1.9534142340168879
XRP,4h,221090,2023,24283,False,30.124954918642096,-1.0,0.2655605633802756,-1.2655605633802756
XRP,4h,222840,2023,24283,False,843.1405751700404,2.0,0.00474416736401673,1.9952558326359833
XRP,4h,223322,2023,24283,False,260.6059793178366,-1.0,0.03069768399382407,-1.030697683993824
XRP,4h,223606,2023,24283,False,146.19782928749942,-1.0,0.05472037470726001,-1.05472037470726
XRP,4h,226050,2023,24283,False,128.82072977260714,-1.0,0.062101806239737246,-1.0621018062397372
XRP,4h,228588,2023,24284,False,69.47064698701594,2.0,0.05757827476038333,1.9424217252396168
XRP,4h,230044,2023,24284,False,97.6392176404634,-1.0,0.0819342902711324,-1.0819342902711324
XRP,4h,232182,2023,24284,False,84.60676529336197,2.0,0.04727754318618099,1.952722456813819
XRP,4h,233401,2023,24284,False,479.95639279742,0.0,0.016668180943214646,-0.016668180943214646
XRP,4h,233754,2023,24284,False,75.14241882371309,2.0,0.05323224967490266,1.9467677503250973
XRP,4h,234750,2023,24284,False,42.9250492149611,2.0,0.09318568232662247,1.9068143176733776
XRP,4h,236324,2023,24284,False,139.05654459219193,-1.0,0.05753055365686976,-1.0575305536568698
XRP,4h,240284,2023,24285,False,60.99807589962006,0.0,0.1311516778523473,-0.1311516778523473
XRP,4h,241348,2023,24285,False,29.824278574883863,-1.0,0.2682378378378312,-1.2682378378378312
XRP,4h,245062,2023,24285,False,138.1228764209339,-1.0,0.05791944250871046,-1.0579194425087104
XRP,4h,245644,2023,24286,False,47.31379731379804,2.0,0.08454193548386967,1.9154580645161303
XRP,4h,247941,2023,24286,False,83.36539694754461,2.0,0.04798153846153807,1.952018461538462
XRP,4h,252072,2023,24286,False,65.49874468459538,-1.0,0.1221397454031133,-1.1221397454031132
XRP,4h,253802,2023,24286,False,36.803125993910555,2.0,0.10868641975308944,1.8913135802469105
XRP,4h,256039,2023,24287,False,112.44236967235636,-1.0,0.07114755784061688,-1.0711475578406169
XRP,4h,256686,2023,24287,False,90.0977899332623,2.0,0.044396205533597445,1.9556037944664026
XRP,4h,258475,2023,24287,False,96.19144443575489,-1.0,0.0831674796747969,-1.083167479674797
XRP,4h,265531,2023,24288,False,67.98563898861744,2.0,0.058835955056180375,1.9411640449438197
XRP,4h,266997,2023,24288,False,222.08417456126693,2.0,0.01801118881118884,1.981988811188811
XRP,4h,266850,2023,24288,False,48.41833440929636,-1.0,0.16522666666666655,-1.1652266666666666
XRP,4h,268116,2023,24288,False,60.39830231798768,-1.0,0.13245405405405675,-1.1324540540540569
XRP,4h,268075,2023,24288,False,47.91804362194339,-1.0,0.16695172413793022,-1.1669517241379301
XRP,4h,270210,2023,24288,False,122.4097927834234,-1.0,0.06535424836601268,-1.0653542483660128
XRP,4h,270295,2023,24288,False,51.61597713015127,2.0,0.07749538461538522,1.9225046153846148
XRP,4h,272338,2024,24289,False,29.65456439849352,2.0,0.13488648648648516,1.8651135135135148
XRP,4h,273894,2024,24289,False,61.89821182943685,2.0,0.06462222222222137,1.9353777777777785
XRP,4h,274826,2024,24289,False,109.06612133605933,2.0,0.03667500000000022,1.9633249999999998
XRP,4h,278483,2024,24289,False,71.62214479287722,2.0,0.05584864864864809,1.944151351351352
XRP,4h,279876,2024,24289,False,69.4378388661644,-1.0,0.11521095890411175,-1.1152109589041117
XRP,4h,280304,2024,24289,False,67.78384485030949,-1.0,0.11802222222222428,-1.1180222222222242
XRP,4h,281500,2024,24290,False,65.42235905329919,-1.0,0.12228235294117795,-1.1222823529411778
XRP,4h,281742,2024,24290,False,66.3544106167049,-1.0,0.12056470588235439,-1.1205647058823545
XRP,4h,284418,2024,24290,False,35.40331068797279,-1.0,0.22596756756756534,-1.2259675675675654
XRP,4h,288035,2024,24290,False,27.844811583440617,-1.0,0.287306666666677,-1.287306666666677
XRP,4h,289816,2024,24291,False,129.12716574043836,-1.0,0.06195443037974669,-1.0619544303797468
XRP,4h,290686,2024,24291,False,300.7580079876105,-1.0,0.026599457994579995,-1.02659945799458
XRP,4h,293122,2024,24291,False,362.95560479865424,-1.0,0.022041263157894793,-1.0220412631578948
XRP,4h,292331,2024,24291,False,113.04656949875594,-1.0,0.07076729559748417,-1.070767295597484
XRP,4h,295654,2024,24291,False,58.33000399520465,-1.0,0.13715068493150945,-1.1371506849315094
XRP,4h,297387,2024,24291,False,58.62581099038412,-1.0,0.1364586666666696,-1.1364586666666696
XRP,4h,299101,2024,24292,False,57.67963085036169,-1.0,0.13869714285714493,-1.1386971428571449
XRP,4h,299186,2024,24292,False,121.92002728280313,-1.0,0.06561678321678331,-1.0656167832167833
XRP,4h,302192,2024,24292,False,431.34227540287526,2.0,0.009273378076062648,1.9907266219239375
XRP,4h,302780,2024,24292,False,105.84627559600509,2.0,0.037790654205606934,1.962209345794393
XRP,4h,304458,2024,24292,False,69.39371804236715,-1.0,0.11528421052631502,-1.115284210526315
XRP,4h,306929,2024,24293,False,89.03838543727636,-1.0,0.08984888888888994,-1.08984888888889
XRP,4h,310308,2024,24293,False,60.855908912445855,2.0,0.06572903225806469,1.9342709677419354
XRP,4h,312162,2024,24293,False,64.15951041358377,2.0,0.062344615384613736,1.9376553846153863
XRP,4h,311190,2024,24293,False,44.72967716841635,2.0,0.08942608695652295,1.9105739130434771
XRP,4h,313021,2024,24293,False,106.0678451982789,2.0,0.037711711711712094,1.962288288288288
XRP,4h,317433,2024,24294,False,28.642352491883628,-1.0,0.2793066666666768,-1.2793066666666768
XRP,4h,318106,2024,24294,False,27.16571083610057,2.0,0.1472444444444425,1.8527555555555575
XRP,4h,318966,2024,24294,False,61.02522375915384,-1.0,0.1310933333333332,-1.1310933333333333
XRP,4h,320259,2024,24294,False,36.9533976596175,2.0,0.10824444444444634,1.8917555555555536
XRP,4h,320794,2024,24294,False,82.84749923289348,-1.0,0.09656296296296302,-1.096562962962963
XRP,4h,325590,2024,24295,False,288.7139107611548,-1.0,0.027709090909090912,-1.027709090909091
XRP,4h,326315,2024,24295,False,58.622374206155676,-1.0,0.1364666666666659,-1.1364666666666658
XRP,4h,326300,2024,24295,False,46.41199571581595,-1.0,0.17236923076923014,-1.1723692307692302
XRP,4h,326066,2024,24295,False,78.97111913357409,-1.0,0.10130285714285703,-1.1013028571428571
XRP,4h,326401,2024,24295,False,73.16497521831596,-1.0,0.10934193548386931,-1.1093419354838694
XRP,4h,328015,2024,24295,False,114.41647597254014,-1.0,0.06991999999999994,-1.06992
XRP,4h,329376,2024,24295,False,241.29641171756657,-1.0,0.03315424354243555,-1.0331542435424355
XRP,4h,329089,2024,24295,False,122.50377580130849,2.0,0.03265205479452067,1.9673479452054794
XRP,4h,329816,2024,24295,False,143.48413234301066,-1.0,0.055755294117647375,-1.0557552941176473
XRP,4h,331170,2024,24295,False,101.30718954248339,-1.0,0.07896774193548409,-1.0789677419354842
XRP,4h,333476,2024,24296,False,100.80645161290333,2.0,0.03967999999999996,1.96032
XRP,4h,334659,2024,24296,False,414.67304625199216,-1.0,0.01929230769230776,-1.0192923076923077
XRP,4h,336330,2024,24296,False,354.394129228565,0.0,0.022573737373737458,-0.022573737373737458
XRP,4h,336876,2024,24296,False,85.16129032258081,2.0,0.04696969696969688,1.9530303030303031
XRP,4h,338868,2024,24296,False,60.96528365791783,2.0,0.06561111111111025,1.9343888888888898
XRP,4h,341126,2024,24296,False,190.2712010331469,2.0,0.02102262443438913,1.9789773755656108
XRP,4h,341863,2024,24296,False,47.551954913700676,-1.0,0.16823703703704174,-1.1682370370370418
XRP,4h,342662,2024,24297,False,42.61363636363759,-1.0,0.18773333333332792,-1.187733333333328
XRP,4h,342885,2024,24297,False,35.561877667140855,-1.0,0.2249599999999998,-1.2249599999999998
XRP,4h,343961,2024,24297,False,67.87330316742172,2.0,0.05893333333333255,1.9410666666666674
XRP,4h,345238,2024,24297,False,40.033516432361694,-1.0,0.1998325581395363,-1.1998325581395364
XRP,4h,346666,2024,24297,False,89.30893956472708,-1.0,0.08957669902912643,-1.0895766990291265
XRP,4h,348320,2024,24297,False,54.98688774215525,-1.0,0.14548923076922693,-1.1454892307692268
XRP,4h,350475,2024,24297,False,138.3352872215713,-1.0,0.05783050847457612,-1.057830508474576
XRP,4h,352623,2024,24298,False,46.54626698938647,-1.0,0.17187200000000363,-1.1718720000000036
XRP,4h,358678,2024,24298,False,22.134539505343,-1.0,0.3614260869564917,-1.3614260869564916
XRP,4h,364837,2024,24299,False,195.360753991856,2.0,0.02047494145199065,1.9795250585480093
XRP,4h,366488,2024,24299,False,369.0444452907804,2.0,0.01083880288957686,1.989161197110423
XRP,4h,369520,2024,24300,False,297.5169300225737,2.0,0.013444613050075856,1.9865553869499242
XRP,4h,369013,2024,24300,False,252.17753615999763,2.0,0.015861841070023554,1.9841381589299765
XRP,4h,370272,2024,24300,False,162.64919260472763,2.0,0.02459280575539564,1.9754071942446043
XRP,4h,371196,2024,24300,False,212.98544993444943,-1.0,0.03756125126135218,-1.0375612512613521
XRP,4h,373444,2024,24300,False,127.32695670060605,2.0,0.031415185783521996,1.968584814216478
XRP,4h,375217,2024,24300,False,99.20504566060075,2.0,0.040320529801324397,1.9596794701986755
XRP,4h,375949,2024,24300,False,94.04105253639537,-1.0,0.08506923076923106,-1.0850692307692311
XRP,4h,379442,2025,24301,False,129.43281069135992,2.0,0.030904065040650575,1.9690959349593493
XRP,4h,380817,2025,24301,False,158.7173050449434,-1.0,0.050404081632652906,-1.050404081632653
XRP,4h,381447,2025,24301,False,188.91410998022863,2.0,0.021173643410852858,1.978826356589147
XRP,4h,384925,2025,24301,False,188.75112558010665,-1.0,0.04238385321100918,-1.0423838532110092
XRP,4h,390907,2025,24302,False,154.7846844627999,2.0,0.025842350061199615,1.9741576499388005
XRP,4h,392014,2025,24302,False,57.94357129331684,2.0,0.06903267973856068,1.9309673202614392
XRP,4h,394153,2025,24302,False,227.58144079308047,-1.0,0.035152251308900394,-1.0351522513089004
XRP,4h,394739,2025,24303,False,70.59669949188284,2.0,0.05665987261146559,1.9433401273885345
XRP,4h,395072,2025,24303,False,633.3524637205875,-1.0,0.012631197411003227,-1.0126311974110032
XRP,4h,394877,2025,24303,False,232.49936820823862,-1.0,0.0344086956521739,-1.0344086956521739
XRP,4h,395311,2025,24303,False,266.3827393627708,2.0,0.015015987933634987,1.984984012066365
XRP,4h,397845,2025,24303,False,119.14669937360426,-1.0,0.06714411764705853,-1.0671441176470586
XRP,4h,398785,2025,24303,False,96.40404385104372,2.0,0.04149203539822976,1.9585079646017702
XRP,4h,399576,2025,24303,False,69.89989644459783,-1.0,0.11444938271604943,-1.1144493827160495
XRP,4h,399944,2025,24303,False,215.530705316423,2.0,0.018558840579710238,1.9814411594202899
XRP,4h,404160,2025,24304,False,144.2170395049976,2.0,0.027735973597359742,1.9722640264026403
XRP,4h,405978,2025,24304,False,425.99574260726763,2.0,0.009389765201685748,1.9906102347983143
XRP,4h,406892,2025,24304,False,99.93560235647683,2.0,0.04002577565632454,1.9599742243436755
XRP,4h,409929,2025,24304,False,74.5899903527138,2.0,0.053626498422713206,1.9463735015772867
XRP,4h,410146,2025,24304,False,56.21601695696244,2.0,0.0711540983606558,1.9288459016393442
XRP,4h,411703,2025,24304,False,70.7284346501111,-1.0,0.11310868167202445,-1.1131086816720244
XRP,4h,411143,2025,24304,False,89.28571428571416,-1.0,0.08960000000000012,-1.0896000000000001
XRP,4h,419207,2025,24305,False,40.292172114369315,-1.0,0.19854973262032147,-1.1985497326203214
XRP,4h,419896,2025,24305,False,42.17370293897918,-1.0,0.18969166666667,-1.18969166666667
XRP,4h,421724,2025,24306,False,54.78221823080372,2.0,0.07301639344262302,1.9269836065573769
XRP,4h,422341,2025,24306,False,100.79427748618167,-1.0,0.07936958525345603,-1.079369585253456
XRP,4h,423056,2025,24306,False,49.557522123892284,-1.0,0.1614285714285764,-1.1614285714285764
XRP,4h,423426,2025,24306,False,54.58012757282764,-1.0,0.14657349397590538,-1.1465734939759054
XRP,4h,424322,2025,24306,False,90.47563670194194,-1.0,0.08842159383033434,-1.0884215938303343
XRP,4h,425376,2025,24306,False,90.40615301578836,-1.0,0.08848955223880497,-1.088489552238805
XRP,4h,425360,2025,24306,False,89.69301628578395,-1.0,0.08919312039311998,-1.08919312039312
XRP,4h,427314,2025,24306,False,66.60137120470264,-1.0,0.12011764705882105,-1.120117647058821
XRP,4h,428163,2025,24306,False,162.41741992415817,2.0,0.02462790014684278,1.9753720998531572
XRP,4h,428514,2025,24306,False,78.11773458569874,-1.0,0.10240952380952155,-1.1024095238095215
XRP,4h,429304,2025,24306,False,47.369272361763024,2.0,0.08444292682926753,1.9155570731707325
XRP,4h,429471,2025,24307,False,77.15561972657183,-1.0,0.10368654970760165,-1.1036865497076016
XRP,4h,430170,2025,24307,False,59.50142670707046,-1.0,0.13445055762082042,-1.1344505576208204
XRP,4h,431073,2025,24307,True,57.41243491032148,2.0,0.06967131782945664,1.9303286821705434
XRP,4h,439095,2025,24308,True,110.29982911293976,-1.0,0.07252957746478943,-1.0725295774647894
XRP,4h,440265,2025,24308,True,41.96682307844873,2.0,0.09531338582677049,1.9046866141732295
XRP,4h,441019,2025,24308,True,262.0464429825237,2.0,0.015264469742360773,1.9847355302576393
XRP,4h,441804,2025,24308,True,59.61389961389923,-1.0,0.13419689119171072,-1.1341968911917106
XRP,4h,442763,2025,24308,True,147.61086721384558,2.0,0.027098275862068838,1.9729017241379312
XRP,4h,443441,2025,24308,True,128.7779237844945,-1.0,0.062122448979591634,-1.0621224489795917
XRP,4h,444045,2025,24308,True,92.85521339816418,2.0,0.043077818181817704,1.9569221818181823
XRP,4h,445338,2025,24308,True,238.02247801432904,-1.0,0.033610271041369454,-1.0336102710413695
XRP,4h,446068,2025,24308,True,102.62104236062034,-1.0,0.07795672131147549,-1.0779567213114756
XRP,4h,446550,2025,24308,True,86.7295241039388,2.0,0.04612039603960355,1.9538796039603965
XRP,4h,447358,2025,24309,True,33.900737206508154,-1.0,0.23598306878306427,-1.2359830687830642
XRP,4h,449954,2025,24309,True,44.72436724233228,-1.0,0.17887340823970074,-1.1788734082397008
XRP,4h,454075,2025,24309,True,98.15950920245376,-1.0,0.08150000000000018,-1.0815000000000001
XRP,4h,453468,2025,24309,True,92.33253756494872,-1.0,0.08664334600760458,-1.0866433460076046
XRP,4h,454189,2025,24309,True,75.5424775867703,-1.0,0.10590068337129882,-1.1059006833712988
XRP,4h,455419,2025,24309,True,78.46045075960157,2.0,0.05098109890109829,1.9490189010989016
XRP,4h,456495,2025,24310,True,53.33554872476497,2.0,0.07499688473520297,1.925003115264797
XRP,4h,457040,2025,24310,True,42.61339711306809,-1.0,0.18773438735178122,-1.1877343873517812
XRP,4h,457233,2025,24310,True,53.21997590038762,-1.0,0.15031949685534776,-1.1503194968553478
XRP,4h,459309,2025,24310,True,348.3369024931723,-1.0,0.022966271855611987,-1.022966271855612
XRP,4h,459729,2025,24310,True,154.4306900355447,-1.0,0.051803174603174226,-1.0518031746031742
XRP,4h,459844,2025,24310,True,146.54932101469453,2.0,0.027294565217391348,1.9727054347826087
XRP,4h,461842,2025,24310,True,57.56212250192636,-1.0,0.13898028169013876,-1.1389802816901389
XRP,4h,461920,2025,24310,True,82.61091279959155,-1.0,0.0968395061728401,-1.0968395061728402
XRP,4h,462632,2025,24310,True,77.88289022997837,-1.0,0.10271832460733041,-1.1027183246073304
XRP,4h,464672,2025,24310,True,138.76964239362593,-1.0,0.05764949640287797,-1.057649496402878
XRP,4h,465445,2025,24311,True,53.18390219052563,-1.0,0.15042145593869471,-1.1504214559386947
XRP,4h,466762,2025,24311,True,85.32686583618015,-1.0,0.09375710594315365,-1.0937571059431537
XRP,4h,467019,2025,24311,True,201.29784134551656,2.0,0.019871052631579005,1.980128947368421
XRP,4h,467923,2025,24311,True,93.74030005173147,-1.0,0.08534216335540984,-1.08534216335541
XRP,4h,468333,2025,24311,True,87.53262397109121,-1.0,0.09139449541284292,-1.091394495412843
XRP,4h,468478,2025,24311,True,116.05335976541441,-1.0,0.068933807829182,-1.068933807829182
XRP,4h,471220,2025,24311,True,72.8196443691787,2.0,0.0549302325581395,1.9450697674418604
XRP,4h,471924,2025,24311,True,270.9331112190828,-1.0,0.029527583262169144,-1.029527583262169
XRP,4h,472389,2025,24311,True,72.43075801749181,-1.0,0.11045031446541018,-1.11045031446541
XRP,4h,473979,2025,24312,True,79.02232840209446,2.0,0.05061860465116314,1.9493813953488368
XRP,4h,473940,2025,24312,True,214.73924520225452,-1.0,0.03725448504983387,-1.037254485049834
XRP,4h,474566,2025,24312,True,223.0527803732714,-1.0,0.03586595059076272,-1.0358659505907628
XRP,4h,474989,2025,24312,True,45.45010262926442,2.0,0.08800860215053682,1.9119913978494631
XRP,4h,476037,2025,24312,True,107.31101073110146,-1.0,0.07454966592427589,-1.074549665924276
XRP,4h,478259,2025,24312,True,135.9987729434018,-1.0,0.05882406015037603,-1.058824060150376
XRP,4h,478525,2025,24312,True,54.142566621768445,-1.0,0.14775804878048646,-1.1477580487804864
XRP,4h,478698,2025,24312,True,126.66450146151396,-1.0,0.06315897435897412,-1.0631589743589742
XRP,4h,481363,2025,24312,True,30.34127218537676,2.0,0.13183362831858564,1.8681663716814143
XRP,4h,481651,2025,24312,True,55.03123753821539,-1.0,0.14537198067633048,-1.1453719806763305
XRP,4h,482034,2025,24312,True,34.75630787190605,2.0,0.11508702290076239,1.8849129770992377
XRP,4h,484055,2026,24313,True,239.2043025270597,-1.0,0.033444214487300075,-1.0334442144873002
XRP,4h,486550,2026,24313,True,58.78603300517173,-1.0,0.1360867469879486,-1.1360867469879485
XRP,4h,487785,2026,24313,True,135.32269257460035,2.0,0.029558974358974494,1.9704410256410254
XRP,4h,489437,2026,24313,True,28.301886792453207,2.0,0.14133333333333145,1.8586666666666685
XRP,4h,489612,2026,24313,True,115.79484699497571,-1.0,0.06908770301624144,-1.0690877030162413
XRP,4h,490637,2026,24313,True,77.674092453746,-1.0,0.10299444444444465,-1.1029944444444446
XRP,4h,491331,2026,24314,True,90.43112513144062,2.0,0.04423255813953487,1.9557674418604651
XRP,4h,493143,2026,24314,True,178.10984030310544,-1.0,0.04491610337972166,-1.0449161033797216
XRP,4h,496112,2026,24314,True,89.7328881469109,2.0,0.04457674418604682,1.9554232558139533
XRP,4h,497200,2026,24314,True,64.8562411126138,-1.0,0.12334973262032127,-1.1233497326203212
XRP,4h,497800,2026,24314,True,77.22694757820582,-1.0,0.10359078341013798,-1.103590783410138
XRP,4h,498714,2026,24314,True,186.75360572663874,-1.0,0.042837191650853736,-1.0428371916508536
XRP,4h,499269,2026,24314,True,172.71872060206982,-1.0,0.046318082788670965,-1.046318082788671
XRP,4h,500005,2026,24315,True,76.15230460921894,-1.0,0.10505263157894666,-1.1050526315789466
XRP,4h,501929,2026,24315,True,96.13640486123697,-1.0,0.08321509433962274,-1.0832150943396228
XRP,4h,503060,2026,24315,True,64.37768240343432,-1.0,0.12426666666666504,-1.124266666666665
XRP,4h,504617,2026,24315,True,56.29790409007647,2.0,0.07105060240963877,1.9289493975903613
XRP,4h,507332,2026,24315,True,38.141084984262086,-1.0,0.20974757281553447,-1.2097475728155345
XRP,4h,507917,2026,24315,True,53.39606437399641,-1.0,0.14982377622377646,-1.1498237762237764
XRP,4h,509046,2026,24316,True,82.29679455863959,2.0,0.04860456621004659,1.9513954337899535
XRP,4h,509704,2026,24316,True,23.729332516840955,2.0,0.1685677419354783,1.8314322580645217
XRP,4h,510036,2026,24316,True,71.42314413798401,-1.0,0.11200851063829698,-1.1120085106382969
XRP,4h,510616,2026,24316,True,159.94020926756417,2.0,0.025009345794392422,1.9749906542056075
XRP,4h,511952,2026,24316,True,71.21285559822488,-1.0,0.11233926701570743,-1.1123392670157075
XRP,4h,514431,2026,24316,True,75.80978635423776,-1.0,0.1055272727272737,-1.1055272727272738
XRP,4h,516501,2026,24316,True,49.8575498575507,2.0,0.08022857142857007,1.91977142857143
XRP,4h,516679,2026,24316,True,61.66122597025718,2.0,0.06487058823529449,1.9351294117647055
XRP,4h,519183,2026,24317,True,35.71428571428654,-1.0,0.22399999999999481,-1.2239999999999949
XRP,4h,520853,2026,24317,True,45.15456755817958,-1.0,0.17716923076923213,-1.177169230769232
XRP,4h,521154,2026,24317,True,82.70158511371474,-1.0,0.09673333333333325,-1.0967333333333333
XRP,4h,521688,2026,24317,True,45.66210045662066,2.0,0.08760000000000066,1.9123999999999994
XRP,4h,528591,2026,24318,True,68.08896958692748,2.0,0.058746666666666184,1.9412533333333337
XRP,4h,530948,2026,24318,True,168.46652267818638,-1.0,0.04748717948717931,-1.0474871794871794
XRP,4h,530382,2026,24318,True,153.336096145878,-1.0,0.052172972972972465,-1.0521729729729725
XRP,4h,530189,2026,24318,True,96.38554216867477,-1.0,0.08299999999999993,-1.083
XRP,4h,532761,2026,24318,True,52.07364701506255,-1.0,0.1536285714285762,-1.153628571428576
XRP,4h,533403,2026,24318,True,95.53537646613695,-1.0,0.08373861386138615,-1.083738613861386
XRP,4h,535671,2026,24319,True,62.72982911529291,0.0,0.12753103448275901,-0.12753103448275901
XRP,1h,1089,2021,24258,False,118.68221812973137,-1.0,0.06740689655172447,-1.0674068965517245
XRP,1h,1809,2021,24258,False,71.43156834773835,-1.0,0.11199530102790042,-1.1119953010279005
XRP,1h,4777,2021,24258,False,58.13953488372111,2.0,0.06879999999999979,1.9312000000000002
XRP,1h,5725,2021,24258,False,96.62801116475791,-1.0,0.08279172781854537,-1.0827917278185453
XRP,1h,5658,2021,24258,False,111.20311505587595,-1.0,0.07194043076923033,-1.0719404307692304
XRP,1h,7333,2021,24258,False,155.87986813987825,-1.0,0.05132157279489888,-1.0513215727948988
XRP,1h,8333,2021,24258,False,173.1340712347641,-1.0,0.0462069651741295,-1.0462069651741295
XRP,1h,9353,2021,24259,False,123.05957526780678,2.0,0.032504581551618825,1.9674954184483813
XRP,1h,10014,2021,24259,False,167.56419789249026,-1.0,0.04774289556252838,-1.0477428955625283
XRP,1h,10191,2021,24259,False,74.60178775455297,-1.0,0.10723603603603665,-1.1072360360360367
XRP,1h,10415,2021,24259,False,56.872462383567886,-1.0,0.14066561679790102,-1.140665616797901
XRP,1h,10974,2021,24259,False,92.63445146760169,-1.0,0.08636095829636287,-1.086360958296363
XRP,1h,12543,2021,24259,False,71.24109486314185,-1.0,0.11229473684210567,-1.1122947368421057
XRP,1h,14116,2021,24259,False,64.40524809752132,2.0,0.062106740027509384,1.9378932599724905
XRP,1h,15222,2021,24259,False,73.747936158503,-1.0,0.10847761194029855,-1.1084776119402986
XRP,1h,16091,2021,24259,False,165.14400620675363,-1.0,0.04844256951102617,-1.0484425695110262
XRP,1h,16279,2021,24259,False,214.60488272492546,-1.0,0.03727780979827088,-1.0372778097982709
XRP,1h,17097,2021,24259,False,121.30193753773628,-1.0,0.06595113122171894,-1.065951131221719
XRP,1h,17201,2021,24259,False,129.2277588292034,-1.0,0.06190620399579451,-1.0619062039957945
XRP,1h,17960,2021,24260,False,131.10383128672072,-1.0,0.06102033725089395,-1.061020337250894
XRP,1h,19450,2021,24260,False,139.99716396168745,2.0,0.028572007366482556,1.9714279926335174
XRP,1h,20338,2021,24260,False,81.90410369265732,-1.0,0.0976752035529228,-1.0976752035529227
XRP,1h,20702,2021,24260,False,191.39900711765162,2.0,0.020898749999999886,1.97910125
XRP,1h,21432,2021,24260,False,218.29205332203856,-1.0,0.036648150394178035,-1.036648150394178
XRP,1h,24065,2021,24260,False,139.2801747333106,-1.0,0.057438181818181624,-1.0574381818181817
XRP,1h,26420,2021,24260,False,105.28747630924835,2.0,0.037991223080048736,1.9620087769199512
XRP,1h,27031,2021,24261,False,83.3621693038468,2.0,0.04798339622641535,1.9520166037735847
XRP,1h,28080,2021,24261,False,157.37879831951398,-1.0,0.0508327683615821,-1.0508327683615821
XRP,1h,29126,2021,24261,False,214.1545091666951,-1.0,0.03735620618556718,-1.0373562061855672
XRP,1h,29967,2021,24261,False,90.09172152150798,-1.0,0.08879839195979984,-1.0887983919597999
XRP,1h,31869,2021,24261,False,47.89831538120093,2.0,0.08351024390243826,1.9164897560975618
XRP,1h,33376,2021,24261,False,232.3135654716201,2.0,0.01721810774105935,1.9827818922589406
XRP,1h,34100,2021,24261,False,70.51238298252181,2.0,0.05672762472077417,1.9432723752792258
XRP,1h,34748,2021,24261,False,63.74047226622665,-1.0,0.1255089539748964,-1.1255089539748964
XRP,1h,36704,2021,24262,False,112.82366559238325,-1.0,0.07090710940825948,-1.0709071094082594
XRP,1h,39269,2021,24262,False,71.3644564125806,-1.0,0.11210062266500649,-1.1121006226650065
XRP,1h,39336,2021,24262,False,73.95759764401667,-1.0,0.1081700900900912,-1.1081700900900913
XRP,1h,40034,2021,24262,False,86.15811474362387,-1.0,0.09285254237288242,-1.0928525423728823
XRP,1h,41364,2021,24262,False,57.830767037352835,-1.0,0.13833466872111186,-1.1383346687211118
XRP,1h,42636,2021,24262,False,66.68037219446376,2.0,0.05998766756032154,1.9400123324396785
XRP,1h,43007,2021,24262,False,211.27528358859968,-1.0,0.03786529055418424,-1.0378652905541843
XRP,1h,44789,2021,24263,False,167.87941344570908,-1.0,0.047653252032519994,-1.04765325203252
XRP,1h,45744,2021,24263,False,54.7476252074277,-1.0,0.1461250596658689,-1.146125059665869
XRP,1h,45902,2021,24263,False,43.487246611439296,2.0,0.09198099009900991,1.9080190099009902
XRP,1h,49020,2021,24263,False,77.30884547642312,-1.0,0.10348104347826227,-1.1034810434782623
XRP,1h,49718,2021,24263,False,76.03003931945611,-1.0,0.10522156862745168,-1.1052215686274516
XRP,1h,49757,2021,24263,False,52.55627225538271,-1.0,0.15221779735682558,-1.1522177973568255
XRP,1h,49855,2021,24263,False,65.8664090558228,-1.0,0.12145796491227989,-1.1214579649122798
XRP,1h,53860,2021,24264,False,267.64046770316895,2.0,0.014945422993492396,1.9850545770065076
XRP,1h,53670,2021,24264,False,259.74025974025994,-1.0,0.030799999999999977,-1.0308
XRP,1h,53707,2021,24264,False,155.7320987004797,2.0,0.02568513513513498,1.974314864864865
XRP,1h,54679,2021,24264,False,111.77117168298982,2.0,0.035787403314917116,1.964212596685083
XRP,1h,55120,2021,24264,False,161.71991639295308,2.0,0.02473412112259971,1.9752658788774002
XRP,1h,55230,2021,24264,False,154.15932846915598,-1.0,0.051894362017804396,-1.0518943620178045
XRP,1h,56172,2021,24264,False,64.79222012525702,-1.0,0.1234716141001854,-1.1234716141001855
XRP,1h,56145,2021,24264,False,66.03281487101758,-1.0,0.12115188509874164,-1.1211518850987416
XRP,1h,58286,2021,24264,False,104.74905211747317,-1.0,0.07637300613496932,-1.0763730061349692
XRP,1h,58248,2021,24264,False,87.71232176333521,-1.0,0.09120725388601097,-1.091207253886011
XRP,1h,62142,2022,24265,False,39.337437598123586,-1.0,0.2033686098654683,-1.2033686098654683
XRP,1h,63936,2022,24265,False,87.64094746244204,2.0,0.045640766283524876,1.954359233716475
XRP,1h,65226,2022,24265,False,53.689647027279115,2.0,0.07450225921521973,1.9254977407847802
XRP,1h,65444,2022,24265,False,52.23595362466546,-1.0,0.1531512195121954,-1.1531512195121953
XRP,1h,65554,2022,24265,False,88.50705980066509,-1.0,0.09038826979472075,-1.0903882697947207
XRP,1h,66950,2022,24265,False,78.13721956626702,-1.0,0.10238398607484771,-1.1023839860748477
XRP,1h,69210,2022,24265,False,114.52265771547171,-1.0,0.06985517241379233,-1.0698551724137924
XRP,1h,70454,2022,24265,False,81.6021872405379,-1.0,0.09803658787255892,-1.0980365878725589
XRP,1h,73987,2022,24266,False,138.8431365372187,-1.0,0.05761898066783803,-1.057618980667838
XRP,1h,76046,2022,24266,False,204.2815606533504,-1.0,0.03916163541346429,-1.0391616354134643
XRP,1h,77379,2022,24266,False,156.88640820636542,-1.0,0.05099230769230787,-1.0509923076923078
XRP,1h,79480,2022,24267,False,76.11999471388908,2.0,0.052548611111111226,1.9474513888888887
XRP,1h,79547,2022,24267,False,90.57995396977097,2.0,0.04415988112927183,1.9558401188707282
XRP,1h,80426,2022,24267,False,92.83828675502491,-1.0,0.0861713445995598,-1.0861713445995598
XRP,1h,81277,2022,24267,False,74.52960821047631,-1.0,0.10733989071038044,-1.1073398907103804
XRP,1h,81572,2022,24267,False,94.09133221271938,2.0,0.04251188612099675,1.9574881138790032
XRP,1h,81894,2022,24267,False,84.60453787975966,2.0,0.04727878787878751,1.9527212121212125
XRP,1h,82420,2022,24267,False,136.7632903296655,2.0,0.02924761454889006,1.97075238545111
XRP,1h,87086,2022,24267,False,64.05972763094233,2.0,0.06244172661870494,1.937558273381295
XRP,1h,87493,2022,24267,False,47.88439164778604,2.0,0.08353452685422061,1.9164654731457793
XRP,1h,88497,2022,24268,False,41.89644059299593,2.0,0.09547350427350391,1.904526495726496
XRP,1h,89023,2022,24268,False,42.301132340354364,-1.0,0.189120232896654,-1.189120232896654
XRP,1h,90407,2022,24268,False,28.89682134965213,-1.0,0.27684705882352373,-1.2768470588235237
XRP,1h,90522,2022,24268,False,65.53079947575459,2.0,0.06103999999999908,1.938960000000001
XRP,1h,91664,2022,24268,False,79.78205876629679,-1.0,0.10027317073170752,-1.1002731707317075
XRP,1h,92475,2022,24268,False,79.96416762175643,2.0,0.05002240527182942,1.9499775947281706
XRP,1h,92596,2022,24268,False,125.1869086812809,-1.0,0.06390444563470744,-1.0639044456347075
XRP,1h,93495,2022,24268,False,45.19973573526411,-1.0,0.1769921852387851,-1.176992185238785
XRP,1h,94719,2022,24268,False,114.56058506431769,-1.0,0.06983204559848018,-1.0698320455984802
XRP,1h,94606,2022,24268,False,112.42893181219256,-1.0,0.071156061620897,-1.071156061620897
XRP,1h,95779,2022,24268,False,82.97892750935357,2.0,0.048205009633911104,1.951794990366089
XRP,1h,96377,2022,24269,False,120.15887114343667,-1.0,0.06657852161785208,-1.066578521617852
XRP,1h,96421,2022,24269,False,75.34137755144673,-1.0,0.106183351831299,-1.106183351831299
XRP,1h,97510,2022,24269,False,139.28506161755044,-1.0,0.05743616657159141,-1.0574361665715915
XRP,1h,97648,2022,24269,False,72.42458503334447,2.0,0.05522986425339392,1.944770135746606
XRP,1h,99847,2022,24269,False,188.73643347594373,-1.0,0.042387152563310874,-1.0423871525633108
XRP,1h,102839,2022,24269,False,64.46738242928717,-1.0,0.1240937618147444,-1.1240937618147444
XRP,1h,107059,2022,24270,False,114.67571625014246,-1.0,0.06976193619361903,-1.069761936193619
XRP,1h,107123,2022,24270,False,86.32609589297049,2.0,0.04633593073593079,1.9536640692640692
XRP,1h,107106,2022,24270,False,67.5617891045929,-1.0,0.11841012658227776,-1.1184101265822777
XRP,1h,108467,2022,24270,False,94.99415961833506,-1.0,0.08421570370370328,-1.0842157037037032
XRP,1h,108528,2022,24270,False,97.8612356044691,-1.0,0.08174840579710255,-1.0817484057971025
XRP,1h,112830,2022,24270,False,81.24614781195602,2.0,0.04923310344827657,1.9507668965517235
XRP,1h,112972,2022,24270,False,105.7744819062406,-1.0,0.07563260869565183,-1.0756326086956518
XRP,1h,114609,2022,24271,False,47.405267949642294,2.0,0.08437880794702232,1.9156211920529778
XRP,1h,115885,2022,24271,False,102.72147066026956,-1.0,0.07788050490883623,-1.0778805049088362
XRP,1h,116592,2022,24271,False,60.12696862409875,2.0,0.06652588832487406,1.933474111675126
XRP,1h,117393,2022,24271,False,127.73195545428233,-1.0,0.06263115577889473,-1.0626311557788948
XRP,1h,117874,2022,24271,False,64.64239117542284,2.0,0.061878899082569945,1.93812110091743
XRP,1h,118388,2022,24271,False,99.81877283318393,2.0,0.04007262247838648,1.9599273775216135
XRP,1h,121251,2022,24271,False,60.42028942792291,2.0,0.06620292682926841,1.9337970731707317
XRP,1h,122034,2022,24271,False,120.43166268009122,2.0,0.033213856812933026,1.966786143187067
XRP,1h,122507,2022,24271,False,255.76978117763392,-1.0,0.03127812817904373,-1.0312781281790437
XRP,1h,123558,2022,24272,False,50.54578695488501,-1.0,0.1582723404255325,-1.1582723404255324
XRP,1h,124889,2022,24272,False,30.158165751386274,-1.0,0.26526812227074076,-1.2652681222707407
XRP,1h,126988,2022,24272,False,109.67125179244694,2.0,0.03647263922518189,1.963527360774818
XRP,1h,127386,2022,24272,False,79.7021655917358,-1.0,0.10037368421052674,-1.1003736842105267
XRP,1h,127542,2022,24272,False,78.64947981417208,2.0,0.05085856905158104,1.949141430948419
XRP,1h,129118,2022,24272,False,58.679343385575415,-1.0,0.13633417721518956,-1.1363341772151896
XRP,1h,130022,2022,24272,False,154.66021193656053,-1.0,0.05172629663330275,-1.0517262966333027
XRP,1h,130177,2022,24272,False,111.70993187001517,2.0,0.03580702210663211,1.964192977893368
XRP,1h,131271,2022,24272,False,61.36847099153803,-1.0,0.13036009975062118,-1.1303600997506211
XRP,1h,133557,2022,24273,False,110.15762887225235,-1.0,0.07262320441989037,-1.0726232044198905
XRP,1h,133886,2022,24273,False,53.88328732340205,2.0,0.0742345205479466,1.9257654794520533
XRP,1h,135886,2022,24273,False,61.604758436512995,2.0,0.0649300492610845,1.9350699507389155
XRP,1h,136235,2022,24273,False,82.95431791527255,-1.0,0.09643862068965474,-1.0964386206896548
XRP,1h,136630,2022,24273,False,122.37346372406418,2.0,0.03268682505399591,1.967313174946004
XRP,1h,137029,2022,24273,False,166.6082304206112,-1.0,0.04801683554169912,-1.0480168355416992
XRP,1h,137016,2022,24273,False,114.96722896744402,-1.0,0.06958504672897187,-1.0695850467289718
XRP,1h,136869,2022,24273,False,161.762615493958,-1.0,0.049455184534270884,-1.0494551845342708
XRP,1h,137295,2022,24273,False,138.52535927700143,2.0,0.028875579322638126,1.971124420677362
XRP,1h,138049,2022,24273,False,274.80856687526807,-1.0,0.029111173974540223,-1.0291111739745402
XRP,1h,139621,2022,24273,False,107.66163486186224,-1.0,0.07430687830687864,-1.0743068783068785
XRP,1h,143912,2022,24274,False,104.79041916167641,-1.0,0.07634285714285731,-1.0763428571428573
XRP,1h,143862,2022,24274,False,85.64296780857255,2.0,0.04670552763819115,1.9532944723618089
XRP,1h,144195,2022,24274,False,106.73251566294591,-1.0,0.07495372848948356,-1.0749537284894837
XRP,1h,146005,2022,24274,False,68.21192052980216,2.0,0.05864077669902841,1.9413592233009715
XRP,1h,146004,2022,24274,False,87.02308982629171,-1.0,0.0919296248382922,-1.0919296248382921
XRP,1h,146919,2022,24274,False,45.93647268848106,-1.0,0.17415355450236963,-1.1741535545023696
XRP,1h,150183,2022,24275,False,94.19940753800184,2.0,0.042463112078346396,1.9575368879216537
XRP,1h,151394,2022,24275,False,91.0255696061502,-1.0,0.08788739290085668,-1.0878873929008566
XRP,1h,152350,2022,24275,False,167.07125517635362,2.0,0.023941880341880252,1.9760581196581197
XRP,1h,154741,2022,24275,False,39.43502242383566,-1.0,0.20286535947712736,-1.2028653594771272
XRP,1h,156226,2022,24275,False,157.18277266964475,-1.0,0.05089616288175432,-1.0508961628817544
XRP,1h,157164,2022,24275,False,216.48378633373312,-1.0,0.03695426865671657,-1.0369542686567166
XRP,1h,157583,2022,24275,False,56.308550926848326,-1.0,0.14207433628318683,-1.1420743362831869
XRP,1h,157837,2022,24276,False,62.22574807248957,-1.0,0.12856414342629421,-1.1285641434262943
XRP,1h,158374,2022,24276,False,59.224352034642195,-1.0,0.1350795698924751,-1.1350795698924752
XRP,1h,159236,2022,24276,False,62.14376696730699,2.0,0.06436687370600412,1.9356331262939959
XRP,1h,159712,2022,24276,False,45.308121415289776,-1.0,0.17656878612716667,-1.1765687861271668
XRP,1h,161077,2022,24276,False,89.14261493834209,-1.0,0.08974383358098051,-1.0897438335809806
XRP,1h,161471,2022,24276,False,50.50893521011132,2.0,0.07919390862944276,1.9208060913705571
XRP,1h,162040,2022,24276,False,50.92181542800458,2.0,0.07855179487179458,1.9214482051282054
XRP,1h,162999,2022,24276,False,43.03916137554832,2.0,0.09293861386138684,1.9070613861386132
XRP,1h,165329,2022,24276,False,36.516543100587675,-1.0,0.21907878787878068,-1.2190787878787808
XRP,1h,165488,2022,24276,False,56.58407954732753,2.0,0.07069126213592211,1.9293087378640779
XRP,1h,166254,2022,24276,False,64.03556550028654,2.0,0.06246528735632235,1.9375347126436777
XRP,1h,167111,2023,24277,False,108.64828311668734,-1.0,0.07363208852005575,-1.0736320885200556
XRP,1h,168959,2023,24277,False,27.474936427673587,-1.0,0.2911744680851075,-1.2911744680851074
XRP,1h,170608,2023,24277,False,85.85839140646165,-1.0,0.09317668161434858,-1.0931766816143487
XRP,1h,171155,2023,24277,False,73.82626303278705,-1.0,0.10836252129472018,-1.1083625212947201
XRP,1h,171300,2023,24277,False,66.3898287706342,-1.0,0.12050038610038698,-1.120500386100387
XRP,1h,171885,2023,24277,False,121.02404965089117,-1.0,0.06610256410256464,-1.0661025641025645
XRP,1h,177623,2023,24278,False,52.197423925696995,2.0,0.07663213429256581,1.9233678657074342
XRP,1h,178184,2023,24278,False,43.868444800963324,-1.0,0.18236342857142557,-1.1823634285714255
XRP,1h,179189,2023,24278,False,27.749105191898018,-1.0,0.2882975845410605,-1.2882975845410605
XRP,1h,180259,2023,24278,False,57.90691431566201,-1.0,0.1381527593819008,-1.1381527593819007
XRP,1h,180166,2023,24278,False,40.879154154785894,-1.0,0.19569876543209752,-1.1956987654320974
XRP,1h,180530,2023,24278,False,44.96278290658665,-1.0,0.17792492997198514,-1.1779249299719852
XRP,1h,181348,2023,24278,False,76.16947708651719,2.0,0.05251447368421074,1.9474855263157893
XRP,1h,183148,2023,24278,False,27.981487129842805,-1.0,0.2859033175355374,-1.2859033175355374
XRP,1h,183357,2023,24278,False,40.023934578817325,-1.0,0.1998803986710992,-1.199880398671099
XRP,1h,184055,2023,24279,False,42.03124586957191,-1.0,0.19033459119496426,-1.1903345911949643
XRP,1h,184272,2023,24279,False,36.91394190980359,2.0,0.10836014234875527,1.8916398576512448
XRP,1h,184490,2023,24279,False,169.8579787305931,-1.0,0.04709817024661863,-1.0470981702466187
XRP,1h,186318,2023,24279,False,78.39406081235038,2.0,0.05102427350427331,1.9489757264957266
XRP,1h,187554,2023,24279,False,103.32856851133327,2.0,0.03871146245059296,1.9612885375494071
XRP,1h,187720,2023,24279,False,72.13572800666262,2.0,0.05545102420856626,1.9445489757914338
XRP,1h,189760,2023,24279,False,138.16944333760523,-1.0,0.05789992205767728,-1.0578999220576772
XRP,1h,190895,2023,24279,False,101.7564040171657,-1.0,0.07861913043478273,-1.0786191304347827
XRP,1h,191405,2023,24279,False,86.66610298469587,-1.0,0.092308292682927,-1.092308292682927
XRP,1h,191458,2023,24279,False,127.38853503184725,-1.0,0.06279999999999994,-1.0628
XRP,1h,192813,2023,24280,False,86.98807375366381,2.0,0.04598331503841957,1.9540166849615805
XRP,1h,193698,2023,24280,False,113.77650475394954,-1.0,0.07031328671328599,-1.070313286713286
XRP,1h,193975,2023,24280,False,55.78033546765043,2.0,0.07170985915493074,1.9282901408450692
XRP,1h,195658,2023,24280,False,56.28734448816918,-1.0,0.14212786324786542,-1.1421278632478655
XRP,1h,196510,2023,24280,False,78.47480570622507,-1.0,0.10194354644149688,-1.1019435464414968
XRP,1h,196634,2023,24280,False,63.32037414835089,-1.0,0.1263416413373854,-1.1263416413373855
XRP,1h,197742,2023,24280,False,32.019751943367375,2.0,0.12492289156626545,1.8750771084337345
XRP,1h,197866,2023,24280,False,51.65799369468712,2.0,0.07743235294117488,1.922567647058825
XRP,1h,198433,2023,24280,False,72.64379382999456,2.0,0.05506320346320353,1.9449367965367965
XRP,1h,198722,2023,24280,False,79.51382342829905,-1.0,0.10061143654114352,-1.1006114365411435
XRP,1h,199327,2023,24280,False,98.57192986187171,-1.0,0.08115900755124054,-1.0811590075512405
XRP,1h,200165,2023,24280,False,220.79917482352258,-1.0,0.03623201946472007,-1.03623201946472
XRP,1h,200553,2023,24280,False,62.18694286442066,-1.0,0.12864436860068068,-1.1286443686006806
XRP,1h,201465,2023,24281,False,55.43071161048649,2.0,0.07216216216216269,1.9278378378378374
XRP,1h,202184,2023,24281,False,60.26909335736917,-1.0,0.1327380180180167,-1.1327380180180167
XRP,1h,203608,2023,24281,False,82.10180623973734,-1.0,0.09743999999999992,-1.09744
XRP,1h,204133,2023,24281,False,55.529522024368305,-1.0,0.14406751054852082,-1.1440675105485207
XRP,1h,204201,2023,24281,False,56.34495765342558,-1.0,0.14198253638253694,-1.1419825363825369
XRP,1h,204673,2023,24281,False,97.86214305107978,-1.0,0.08174764776839546,-1.0817476477683954
XRP,1h,205993,2023,24281,False,52.05218508428065,-1.0,0.1536919148936158,-1.1536919148936158
XRP,1h,206421,2023,24281,False,194.35365345383505,2.0,0.020581038374717885,1.9794189616252822
XRP,1h,206440,2023,24281,False,55.64440160361003,-1.0,0.1437700787401582,-1.1437700787401581
XRP,1h,207318,2023,24281,False,51.736081045978075,2.0,0.07731548117154802,1.922684518828452
XRP,1h,209425,2023,24281,False,35.53675083631235,-1.0,0.2251190615835761,-1.225119061583576
XRP,1h,209922,2023,24281,False,80.94802591893622,2.0,0.04941442307692247,1.9505855769230775
XRP,1h,210540,2023,24282,False,62.34413965087461,-1.0,0.12831999999999633,-1.1283199999999964
XRP,1h,213928,2023,24282,False,105.35455861070952,-1.0,0.07593406593406564,-1.0759340659340657
XRP,1h,216342,2023,24282,False,71.49973627146451,-1.0,0.11188852459016403,-1.111888524590164
XRP,1h,217679,2023,24282,False,54.46577629382306,2.0,0.0734406130268199,1.92655938697318
XRP,1h,218800,2023,24282,False,126.65460432339815,-1.0,0.06316390977443591,-1.0631639097744359
XRP,1h,219315,2023,24283,False,82.01615183986429,2.0,0.048770881226053615,1.9512291187739463
XRP,1h,220391,2023,24283,False,39.313572542901774,2.0,0.1017460317460316,1.8982539682539683
XRP,1h,222847,2023,24283,False,841.1118407945519,2.0,0.004755610141240457,1.9952443898587595
XRP,1h,222590,2023,24283,False,134.99912338231624,2.0,0.029629822029821912,1.970370177970178
XRP,1h,223437,2023,24283,False,92.73447820343495,-1.0,0.08626780626780596,-1.086267806267806
XRP,1h,225271,2023,24283,False,75.9521042246663,-1.0,0.10532953736654882,-1.1053295373665488
XRP,1h,227529,2023,24283,False,56.48525263609557,2.0,0.0708149439601496,1.9291850560398505
XRP,1h,228588,2023,24284,False,43.06874007313561,2.0,0.09287478559176669,1.9071252144082333
XRP,1h,229032,2023,24284,False,62.65353316316327,-1.0,0.1276863346104725,-1.1276863346104724
XRP,1h,229793,2023,24284,False,51.05691841345535,-1.0,0.1566878740157516,-1.1566878740157516
XRP,1h,231511,2023,24284,False,30.311903951627585,-1.0,0.26392271540469975,-1.2639227154046997
XRP,1h,232181,2023,24284,False,71.24183006535998,-1.0,0.11229357798165059,-1.1122935779816505
XRP,1h,233794,2023,24284,False,104.23584442583561,-1.0,0.07674903047091487,-1.0767490304709149
XRP,1h,236324,2023,24284,False,130.6953295919325,-1.0,0.06121106259097586,-1.0612110625909759
XRP,1h,236683,2023,24284,False,27.456689758947643,2.0,0.14568398576512567,1.8543160142348742
XRP,1h,238933,2023,24285,False,26.895109074608275,-1.0,0.2974518518518601,-1.29745185185186
XRP,1h,239414,2023,24285,False,15.18845677285229,2.0,0.26335789473684806,1.736642105263152
XRP,1h,240266,2023,24285,False,46.34543639325338,2.0,0.08630839002267524,1.9136916099773247
XRP,1h,241662,2023,24285,False,35.16288093121048,-1.0,0.22751264367815838,-1.2275126436781583
XRP,1h,241712,2023,24285,False,33.378988484756405,-1.0,0.23967173252279525,-1.2396717325227953
XRP,1h,243856,2023,24285,False,34.02608997569609,-1.0,0.2351137026239037,-1.2351137026239036
XRP,1h,244337,2023,24285,False,32.17426059152679,-1.0,0.24864596273291917,-1.2486459627329192
XRP,1h,245062,2023,24285,False,100.77197321764949,-1.0,0.07938715244487102,-1.079387152444871
XRP,1h,245733,2023,24286,False,39.75646762824853,2.0,0.10061256038647265,1.8993874396135273
XRP,1h,246248,2023,24286,False,113.91749611645007,2.0,0.035113131313130985,1.964886868686869
XRP,1h,247646,2023,24286,False,16.660727871568028,2.0,0.2400855491329467,1.7599144508670532
XRP,1h,247941,2023,24286,False,51.703645007923946,2.0,0.07736398467432948,1.9226360153256705
XRP,1h,251620,2023,24286,False,33.18552149363658,-1.0,0.2410689855072497,-1.2410689855072496
XRP,1h,252187,2023,24286,False,107.150510750768,-1.0,0.07466133333333327,-1.0746613333333332
XRP,1h,253267,2023,24286,False,55.3940657050399,-1.0,0.1444198019801991,-1.1444198019801992
XRP,1h,253935,2023,24286,False,54.06257940715176,2.0,0.07398833063209066,1.9260116693679092
XRP,1h,254199,2023,24286,False,155.98305200574183,2.0,0.025643811610076443,1.9743561883899237
XRP,1h,255624,2023,24287,False,43.39622641509409,-1.0,0.18434782608695757,-1.1843478260869575
XRP,1h,255809,2023,24287,False,98.5129695050454,2.0,0.040603790750568504,1.9593962092494315
XRP,1h,256935,2023,24287,False,129.04426821549458,2.0,0.030997114829775234,1.9690028851702248
XRP,1h,258010,2023,24287,False,59.08195727920034,-1.0,0.1354051282051277,-1.1354051282051276
XRP,1h,258473,2023,24287,False,175.87939698492443,-1.0,0.04548571428571434,-1.0454857142857144
XRP,1h,259118,2023,24287,False,62.29753301769301,-1.0,0.12841599999999895,-1.128415999999999
XRP,1h,259264,2023,24287,False,57.5335612440601,-1.0,0.13904927536231626,-1.1390492753623163
XRP,1h,260297,2023,24287,False,65.42526421741343,-1.0,0.12227692307692263,-1.1222769230769227
XRP,1h,260385,2023,24287,False,94.1555687505292,-1.0,0.08496576576576663,-1.0849657657657665
XRP,1h,261677,2023,24287,False,56.02689290859706,-1.0,0.14278857142856904,-1.142788571428569
XRP,1h,261753,2023,24287,False,33.13666855249327,2.0,0.12071219512195144,1.8792878048780486
XRP,1h,263675,2023,24288,False,42.49859674444778,-1.0,0.18824150943395931,-1.1882415094339593
XRP,1h,264108,2023,24288,False,87.39869696488259,2.0,0.04576727272727222,1.9542327272727278
XRP,1h,264518,2023,24288,False,67.38328252847717,-1.0,0.11872380952381004,-1.1187238095238101
XRP,1h,264783,2023,24288,False,64.344005021971,-1.0,0.12433170731707341,-1.1243317073170733
XRP,1h,265352,2023,24288,False,61.66495375128604,-1.0,0.12973333333333048,-1.1297333333333306
XRP,1h,266850,2023,24288,False,46.796837179280516,-1.0,0.17095172413793022,-1.1709517241379301
XRP,1h,266894,2023,24288,False,45.421945971789114,-1.0,0.17612631578947938,-1.1761263157894795
XRP,1h,269502,2023,24288,False,35.495321071313,-1.0,0.22538181818182026,-1.2253818181818203
XRP,1h,269681,2023,24288,False,41.278834479966676,-1.0,0.1938039215686319,-1.193803921568632
XRP,1h,270211,2023,24288,False,64.42261233693033,-1.0,0.12417999999999987,-1.12418
XRP,1h,270296,2023,24288,False,79.31472081218283,2.0,0.05043199999999994,1.949568
XRP,1h,271486,2023,24288,False,53.9853921879973,2.0,0.0740941176470573,1.9259058823529427
XRP,1h,272698,2024,24289,False,338.0903839619441,2.0,0.011831155778894455,1.9881688442211056
XRP,1h,273894,2024,24289,False,65.27765358132757,-1.0,0.12255342465753656,-1.1225534246575366
XRP,1h,273922,2024,24289,False,54.60567540954251,-1.0,0.14650491803278703,-1.146504918032787
XRP,1h,274826,2024,24289,False,119.31140276120685,2.0,0.033525714285714256,1.9664742857142858
XRP,1h,275847,2024,24289,False,30.169812947158324,-1.0,0.2651657142857266,-1.2651657142857267
XRP,1h,279449,2024,24289,False,44.47809217374777,2.0,0.08993191489361843,1.9100680851063816
XRP,1h,281731,2024,24290,False,73.98753894081047,-1.0,0.10812631578947296,-1.108126315789473
XRP,1h,284680,2024,24290,False,31.306327672897073,2.0,0.12776969696969387,1.8722303030303062
XRP,1h,284898,2024,24290,False,45.545636728000495,-1.0,0.17564800000000372,-1.1756480000000038
XRP,1h,288883,2024,24290,False,126.75691989307715,-1.0,0.06311292517006735,-1.0631129251700673
XRP,1h,289418,2024,24291,False,86.55126498002633,-1.0,0.09243076923076955,-1.0924307692307695
XRP,1h,290596,2024,24291,False,283.41438873050333,-1.0,0.028227218934911386,-1.0282272189349113
XRP,1h,291375,2024,24291,False,65.1387213510253,-1.0,0.12281481481481488,-1.122814814814815
XRP,1h,292198,2024,24291,False,77.17929969940745,2.0,0.05182736842105229,1.9481726315789478
XRP,1h,292331,2024,24291,False,150.16291259385102,-1.0,0.053275471698113495,-1.0532754716981134
XRP,1h,294060,2024,24291,False,64.44150693985483,2.0,0.06207179487179464,1.9379282051282054
XRP,1h,294350,2024,24291,False,160.7458607940847,-1.0,0.04976799999999995,-1.049768
XRP,1h,296293,2024,24291,False,61.25333752159595,2.0,0.06530256410256387,1.934697435897436
XRP,1h,297404,2024,24291,False,82.15206185567,2.0,0.04869019607843143,1.9513098039215686
XRP,1h,298292,2024,24292,False,49.40711462450597,-1.0,0.16191999999999987,-1.1619199999999998
XRP,1h,299185,2024,24292,False,126.15069894306106,-1.0,0.06341621621621654,-1.0634162162162166
XRP,1h,300560,2024,24292,False,107.70102842335483,-1.0,0.07427969924811981,-1.0742796992481198
XRP,1h,300861,2024,24292,False,64.18696510862434,-1.0,0.12463589743589697,-1.124635897435897
XRP,1h,301804,2024,24292,False,94.48142581060802,-1.0,0.08467272727272698,-1.084672727272727
XRP,1h,301829,2024,24292,False,141.05578114981824,2.0,0.028357575757575776,1.9716424242424242
XRP,1h,302125,2024,24292,False,129.29292929292964,2.0,0.030937499999999916,1.9690625000000002
XRP,1h,303313,2024,24292,False,142.22858896960926,-1.0,0.05624748201438884,-1.0562474820143888
XRP,1h,308287,2024,24293,False,35.34226190476215,-1.0,0.22635789473684056,-1.2263578947368405
XRP,1h,308442,2024,24293,False,113.04670126019263,-1.0,0.07076721311475416,-1.070767213114754
XRP,1h,309783,2024,24293,False,80.82002759708246,2.0,0.04949268292682935,1.9505073170731706
XRP,1h,310303,2024,24293,False,39.97601439136411,2.0,0.10006000000000267,1.8999399999999973
XRP,1h,315229,2024,24293,False,50.66437243093261,-1.0,0.157901886792457,-1.157901886792457
XRP,1h,316200,2024,24294,False,25.25252525252679,2.0,0.15839999999999035,1.8416000000000097
XRP,1h,318447,2024,24294,False,27.972027972027114,-1.0,0.2860000000000088,-1.286000000000009
XRP,1h,319032,2024,24294,False,66.57789613848152,2.0,0.06008000000000045,1.9399199999999996
XRP,1h,325562,2024,24295,False,152.0866285436179,-1.0,0.052601600000000186,-1.0526016000000002
XRP,1h,326070,2024,24295,False,44.15260953243535,-1.0,0.1811897435897429,-1.181189743589743
XRP,1h,326204,2024,24295,False,60.52141527001842,-1.0,0.13218461538461582,-1.1321846153846158
XRP,1h,326333,2024,24295,False,84.41871683550417,-1.0,0.0947657142857142,-1.0947657142857141
XRP,1h,326478,2024,24295,False,79.62529274004717,-1.0,0.1004705882352937,-1.1004705882352936
XRP,1h,329521,2024,24295,False,139.11182450508346,2.0,0.028753846153846043,1.9712461538461539
XRP,1h,332808,2024,24295,False,78.67629167004478,-1.0,0.101682474226806,-1.101682474226806
XRP,1h,334321,2024,24296,False,124.65116279069632,2.0,0.03208955223880632,1.9679104477611937
XRP,1h,334661,2024,24296,False,234.10716034871226,-1.0,0.03417238493723845,-1.0341723849372384
XRP,1h,336426,2024,24296,False,75.37465638024452,-1.0,0.10613647058823313,-1.106136470588233
XRP,1h,338434,2024,24296,False,48.43681197710313,-1.0,0.16516363636363454,-1.1651636363636346
XRP,1h,338868,2024,24296,False,75.17526818143347,-1.0,0.10641797752809098,-1.106417977528091
XRP,1h,340023,2024,24296,False,57.318156131428964,-1.0,0.13957183098591341,-1.1395718309859135
XRP,1h,341130,2024,24296,False,109.70174837161592,2.0,0.036462499999999586,1.9635375000000004
XRP,1h,342534,2024,24297,False,52.507695093246674,-1.0,0.15235862068965444,-1.1523586206896543
XRP,1h,342964,2024,24297,False,45.83112991362678,2.0,0.08727692307692149,1.9127230769230785
XRP,1h,343726,2024,24297,False,48.201705598812296,-1.0,0.1659692307692349,-1.1659692307692349
XRP,1h,346526,2024,24297,False,40.083652840710506,2.0,0.09979130434782744,1.9002086956521727
XRP,1h,347753,2024,24297,False,44.44444444444335,-1.0,0.18000000000000443,-1.1800000000000044
XRP,1h,348161,2024,24297,False,120.2590194264568,-1.0,0.06652307692307702,-1.066523076923077
XRP,1h,350065,2024,24297,False,31.03054058468092,2.0,0.12890526315789386,1.8710947368421063
XRP,1h,350502,2024,24297,False,60.47278724573799,2.0,0.0661454545454561,1.933854545454544
XRP,1h,350449,2024,24297,False,61.01799644705351,-1.0,0.13110886075949338,-1.1311088607594935
XRP,1h,352140,2024,24298,False,64.58966565349466,2.0,0.06192941176470663,1.9380705882352933
XRP,1h,352661,2024,24298,False,38.100548276182444,-1.0,0.20997073170731745,-1.2099707317073174
XRP,1h,353545,2024,24298,False,34.777704671492025,2.0,0.11501621621621508,1.8849837837837848
XRP,1h,355480,2024,24298,False,56.98778833107166,2.0,0.0701904761904765,1.9298095238095234
XRP,1h,358016,2024,24298,False,39.24646781789642,-1.0,0.20383999999999983,-1.2038399999999998
XRP,1h,359777,2024,24299,False,35.06038176860194,-1.0,0.22817777777777476,-1.2281777777777747
XRP,1h,360343,2024,24299,False,34.67062902426782,-1.0,0.23074285714286794,-1.230742857142868
XRP,1h,360493,2024,24299,False,29.031935128641646,2.0,0.13777931034482693,1.8622206896551732
XRP,1h,362481,2024,24299,False,145.17076445414006,2.0,0.027553757225433732,1.9724462427745664
XRP,1h,362883,2024,24299,False,89.35958960781187,-1.0,0.08952592592592475,-1.0895259259259247
XRP,1h,363001,2024,24299,False,231.7854600110759,-1.0,0.03451467576791797,-1.034514675767918
XRP,1h,364217,2024,24299,False,213.82259622016824,2.0,0.018707096774193552,1.9812929032258064
XRP,1h,366099,2024,24299,False,254.98744880433324,2.0,0.015687046632124366,1.9843129533678756
XRP,1h,368744,2024,24300,False,217.94153880613666,2.0,0.018353545734840753,1.9816464542651593
XRP,1h,369012,2024,24300,False,285.8384528771512,2.0,0.013993918451969567,1.9860060815480305
XRP,1h,372698,2024,24300,False,83.54477381026005,-1.0,0.09575703703703758,-1.0957570370370375
XRP,1h,375407,2024,24300,False,105.4485415520094,-1.0,0.0758663883089766,-1.0758663883089765
XRP,1h,381447,2025,24301,False,177.64686510912986,2.0,0.02251658084449038,1.9774834191555095
XRP,1h,383488,2025,24301,False,82.41715277669137,-1.0,0.09706717267552226,-1.0970671726755223
XRP,1h,384877,2025,24301,False,48.4732689381879,2.0,0.08251970802919681,1.9174802919708032
XRP,1h,386731,2025,24302,False,115.13714866237625,-1.0,0.06948235294117708,-1.069482352941177
XRP,1h,394167,2025,24302,False,154.65121711909606,-1.0,0.05172930513595146,-1.0517293051359515
XRP,1h,394784,2025,24303,False,141.20433633962023,2.0,0.028327741935483666,1.9716722580645163
XRP,1h,396111,2025,24303,False,145.3894430344866,2.0,0.027512313937754024,1.972487686062246
XRP,1h,403332,2025,24304,False,123.22053675612696,-1.0,0.06492424242424193,-1.064924242424242
XRP,1h,403784,2025,24304,False,104.30310968806128,2.0,0.03834976744186033,1.9616502325581398
XRP,1h,405979,2025,24304,False,355.6290706089124,2.0,0.011247674418604619,1.9887523255813955
XRP,1h,408940,2025,24304,False,30.207099876753315,-1.0,0.2648384000000151,-1.264838400000015
XRP,1h,409161,2025,24304,False,56.194552715273666,-1.0,0.14236255319148758,-1.1423625531914876
XRP,1h,409263,2025,24304,False,54.545887621179816,2.0,0.07333275109170331,1.9266672489082968
XRP,1h,410506,2025,24304,False,54.88026124818477,-1.0,0.14577190082644895,-1.1457719008264489
XRP,1h,411770,2025,24304,False,77.56144992424755,2.0,0.05157201166180759,1.9484279883381923
XRP,1h,415229,2025,24305,False,143.06407127408343,-1.0,0.05591900138696269,-1.0559190013869626
XRP,1h,417020,2025,24305,False,55.56707443499836,-1.0,0.14397014925373292,-1.1439701492537329
XRP,1h,419915,2025,24305,False,40.33225053958099,-1.0,0.1983524324324281,-1.1983524324324282
XRP,1h,420224,2025,24305,False,85.25418377012909,2.0,0.04691851851851872,1.9530814814814812
XRP,1h,422317,2025,24306,False,52.27781926810891,-1.0,0.15302857142857618,-1.1530285714285762
XRP,1h,423130,2025,24306,False,58.130400628436846,2.0,0.06881081081081071,1.9311891891891892
XRP,1h,424326,2025,24306,False,139.51113071334123,-1.0,0.05734309484192986,-1.0573430948419298
XRP,1h,425376,2025,24306,False,74.99887726231714,-1.0,0.10666826347305289,-1.106668263473053
XRP,1h,428537,2025,24306,False,49.87296508892521,2.0,0.08020377358490441,1.9197962264150956
XRP,1h,429132,2025,24306,False,28.890557110033694,-1.0,0.2769070866141795,-1.2769070866141794
XRP,1h,429431,2025,24307,False,39.07127138815355,-1.0,0.2047540229885022,-1.204754022988502
XRP,1h,429395,2025,24306,False,98.04572516211802,-1.0,0.08159458239277692,-1.0815945823927768
XRP,1h,431357,2025,24307,True,43.178646196790034,-1.0,0.18527676767676732,-1.1852767676767673
XRP,1h,432481,2025,24307,True,76.90043417470065,2.0,0.052015311004784334,1.9479846889952157
XRP,1h,439263,2025,24308,True,55.751469353484296,2.0,0.07174698795180745,1.9282530120481924
XRP,1h,440264,2025,24308,True,96.18235119733818,2.0,0.041587671232876856,1.9584123287671231
XRP,1h,445603,2025,24308,True,91.81226447413552,-1.0,0.08713432835820845,-1.0871343283582084
XRP,1h,447053,2025,24308,True,32.19757279835709,-1.0,0.2484659340659432,-1.2484659340659432
XRP,1h,447358,2025,24309,True,38.033728022964354,-1.0,0.21033962264150616,-1.2103396226415062
XRP,1h,447408,2025,24309,True,95.80968220109335,-1.0,0.08349886792452701,-1.083498867924527
XRP,1h,448647,2025,24309,True,64.17582417582453,-1.0,0.12465753424657465,-1.1246575342465746
XRP,1h,449206,2025,24309,True,39.163577872578855,2.0,0.10213571428571336,1.8978642857142867
XRP,1h,449238,2025,24309,True,18.978635975833328,-1.0,0.42152660550457344,-1.4215266055045734
XRP,1h,449742,2025,24309,True,42.64320730642722,-1.0,0.18760314960629693,-1.1876031496062969
XRP,1h,449954,2025,24309,True,41.73021166769964,-1.0,0.19170763052209067,-1.1917076305220906
XRP,1h,450088,2025,24309,True,31.522468142187446,-1.0,0.2537872340425452,-1.2537872340425453
XRP,1h,451438,2025,24309,True,47.53882337242113,-1.0,0.1682835087719287,-1.1682835087719288
XRP,1h,453493,2025,24309,True,76.28269880525282,2.0,0.05243652968036522,1.9475634703196347
XRP,1h,456495,2025,24310,True,63.43196838364682,2.0,0.0630596858638747,1.9369403141361252
XRP,1h,457233,2025,24310,True,54.604535861445854,-1.0,0.1465079754601209,-1.1465079754601208
XRP,1h,458776,2025,24310,True,106.77505633595173,-1.0,0.07492386587771209,-1.074923865877712
XRP,1h,459249,2025,24310,True,104.87859942942741,-1.0,0.07627866927592968,-1.0762786692759296
XRP,1h,461637,2025,24310,True,58.209554395824796,-1.0,0.1374344827586211,-1.1374344827586211
XRP,1h,461920,2025,24310,True,86.4529809966556,-1.0,0.09253584905660427,-1.0925358490566042
XRP,1h,463636,2025,24310,True,61.84631097157372,-1.0,0.12935290519877607,-1.129352905198776
XRP,1h,464691,2025,24310,True,60.827009569851015,2.0,0.06576026058632027,1.9342397394136797
XRP,1h,470574,2025,24311,True,162.0618959289266,2.0,0.024681927710843446,1.9753180722891566
XRP,1h,471976,2025,24311,True,149.1219920096618,2.0,0.026823676012461228,1.9731763239875388
XRP,1h,475454,2025,24312,True,68.53612626092094,-1.0,0.11672676056337856,-1.1167267605633786
XRP,1h,475505,2025,24312,True,73.18018803916031,-1.0,0.10931920529801079,-1.1093192052980108
XRP,1h,476037,2025,24312,True,101.5167801265984,-1.0,0.07880470588235215,-1.0788047058823522
XRP,1h,476012,2025,24312,True,51.638343817482486,-1.0,0.15492363636363468,-1.1549236363636346
XRP,1h,476864,2025,24312,True,68.2195926670136,-1.0,0.11726836363636427,-1.1172683636363643
XRP,1h,478839,2025,24312,True,75.65337001375505,-1.0,0.1057454545454547,-1.1057454545454548
XRP,1h,480698,2025,24312,True,34.46604555980377,-1.0,0.2321125000000014,-1.2321125000000013
XRP,1h,480850,2025,24312,True,52.746896048041044,-1.0,0.15166769230769003,-1.15166769230769
XRP,1h,480921,2025,24312,True,65.75401530667236,-1.0,0.1216655737704919,-1.121665573770492
XRP,1h,481606,2025,24312,True,33.63110877561724,-1.0,0.23787500000000145,-1.2378750000000014
XRP,1h,482828,2026,24313,True,43.95953604152426,2.0,0.0909927710843352,1.9090072289156648
XRP,1h,484054,2026,24313,True,112.22866871261951,-1.0,0.07128303393213506,-1.071283033932135
XRP,1h,484131,2026,24313,True,99.30980765485971,2.0,0.04027799564270187,1.959722004357298
XRP,1h,485594,2026,24313,True,24.28877185388152,-1.0,0.32937029702971754,-1.3293702970297177
XRP,1h,487786,2026,24313,True,160.92749610659322,2.0,0.024855913978494563,1.9751440860215055
XRP,1h,487634,2026,24313,True,59.56152578887303,-1.0,0.13431489361702212,-1.1343148936170222
XRP,1h,487848,2026,24313,True,60.15339114742488,-1.0,0.13299333333333568,-1.1329933333333357
XRP,1h,488359,2026,24313,True,75.05081565643387,-1.0,0.10659444444444469,-1.1065944444444447
XRP,1h,488393,2026,24313,True,93.72633997336975,-1.0,0.08535487465181103,-1.0853548746518111
XRP,1h,488612,2026,24313,True,86.78531644257941,-1.0,0.09218149253731321,-1.0921814925373132
XRP,1h,489613,2026,24313,True,58.23582839130154,-1.0,0.13737247706422134,-1.1373724770642213
XRP,1h,490940,2026,24313,True,100.3570123408211,2.0,0.03985770308123217,1.9601422969187678
XRP,1h,495478,2026,24314,True,74.72252618414961,-1.0,0.10706276150627501,-1.107062761506275
XRP,1h,497006,2026,24314,True,55.48683512988255,2.0,0.07208917197452107,1.9279108280254789
XRP,1h,497756,2026,24314,True,80.66274253324532,-1.0,0.09917837837837937,-1.0991783783783793
XRP,1h,497738,2026,24314,True,73.90983000739105,-1.0,0.1082399999999999,-1.10824
XRP,1h,497871,2026,24314,True,67.79161447203504,-1.0,0.11800869565217552,-1.1180086956521755
XRP,1h,498288,2026,24314,True,97.82728172058751,2.0,0.04088838951310869,1.9591116104868913
XRP,1h,499269,2026,24314,True,89.9550224887557,-1.0,0.08893333333333325,-1.0889333333333333
XRP,1h,500049,2026,24315,True,68.42260153031096,-1.0,0.11692043010752858,-1.1169204301075286
XRP,1h,499892,2026,24315,True,67.39953144710738,2.0,0.05934759358288788,1.940652406417112
XRP,1h,500404,2026,24315,True,73.89784074114034,2.0,0.05412878048780556,1.9458712195121945
XRP,1h,502195,2026,24315,True,63.48193070184781,-1.0,0.12602011173184338,-1.1260201117318434
XRP,1h,502434,2026,24315,True,48.881435758376014,-1.0,0.1636613138686126,-1.1636613138686127
XRP,1h,505919,2026,24315,True,50.57375047957852,-1.0,0.15818482758620736,-1.1581848275862074
XRP,1h,509704,2026,24316,True,22.979701263884444,2.0,0.17406666666666004,1.82593333333334
XRP,1h,510035,2026,24316,True,50.7960576194081,-1.0,0.15749253731343452,-1.1574925373134346
XRP,1h,510301,2026,24316,True,46.68323168436098,-1.0,0.17136774193548437,-1.1713677419354844
XRP,1h,510511,2026,24316,True,98.65139479031939,-1.0,0.08109363295880168,-1.0810936329588017
XRP,1h,510928,2026,24316,True,45.17116511740853,2.0,0.08855206611570085,1.9114479338842991
XRP,1h,511446,2026,24316,True,23.908485673299555,2.0,0.16730461538461666,1.8326953846153833
XRP,1h,512074,2026,24316,True,63.895417156287834,2.0,0.06260229885057363,1.9373977011494263
XRP,1h,513208,2026,24316,True,74.77906186267927,-1.0,0.10698181818181701,-1.106981818181817
XRP,1h,517945,2026,24317,True,43.04160688665714,-1.0,0.18586666666666649,-1.1858666666666664
XRP,1h,519801,2026,24317,True,89.1632373113863,-1.0,0.08972307692307609,-1.0897230769230761
XRP,1h,519821,2026,24317,True,37.42769649540701,-1.0,0.21374545454545218,-1.2137454545454522
XRP,1h,524823,2026,24317,True,58.072009291520246,-1.0,0.13776000000000294,-1.137760000000003
XRP,1h,526551,2026,24318,True,88.21170809943962,2.0,0.04534545454545405,1.9546545454545459
