,C1_ret,C1_G_eff,C1_E_end,C2_ret,C2_G_eff,C2_E_end,C3_ret,C3_G_eff,C3_E_end,C4_ret,C4_G_eff,C4_E_end,C5_ret,C5_G_eff,C5_E_end,C6_ret,C6_G_eff,C6_E_end,C7_ret,C7_G_eff,C7_E_end
2021-05-03 00:00:00+00:00,0.10017159403867447,0.75,1.1001715940386745,0.10017159403867447,0.75,1.1001715940386745,0.10017159403867447,0.75,1.1001715940386745,0.10017159403867447,0.75,1.1001715940386745,0.10017159403867447,0.75,1.1001715940386745,0.10017159403867447,0.75,1.1001715940386745,0.10017159403867447,0.75,1.1001715940386745
2021-05-10 00:00:00+00:00,-0.006846579775172181,0.75,1.0926391814537104,-0.006242161269414408,0.6817118384658413,1.0933041455246564,-0.006242161269414408,0.6817118384658413,1.0933041455246564,-0.006242161269414408,0.6817118384658413,1.0933041455246564,-0.006242161269414408,0.6817118384658413,1.0933041455246564,-0.006242161269414408,0.6817118384658413,1.0933041455246564,-0.006242161269414408,0.6817118384658413,1.0933041455246564
2021-05-17 00:00:00+00:00,-0.0052962747407724435,0.75,1.0868522641561988,-0.005299511509904217,0.75,1.0875101676216223,-0.004844504324567149,0.6859939231640697,1.088007628863595,-0.004844504324567149,0.6859939231640697,1.088007628863595,-0.004844504324567149,0.6859939231640697,1.088007628863595,-0.004844504324567149,0.6859939231640697,1.088007628863595,-0.004844504324567149,0.6859939231640697,1.088007628863595
2021-05-24 00:00:00+00:00,-0.10800668692801572,0.75,0.9694649519244752,-0.10858230236602158,0.7539958094707098,0.9694258097748085,-0.09927032342380927,0.6893334018102079,0.980000759658734,-0.09927032342380927,0.6893334018102079,0.980000759658734,-0.09927032342380927,0.6893334018102079,0.980000759658734,-0.09927032342380927,0.6893334018102079,0.980000759658734,-0.09927032342380927,0.6893334018102079,0.980000759658734
2021-05-31 00:00:00+00:00,-0.0837445965191434,0.75,0.8882775006861092,-0.0837481018122626,0.7500000000000001,0.8882382383583528,-0.08538976205069203,0.7653055292132352,0.8963187279819773,-0.08538976205069203,0.7653055292132352,0.8963187279819773,-0.08538976205069203,0.7653055292132352,0.8963187279819773,-0.08538976205069203,0.7653055292132352,0.8963187279819773,-0.08369202205507678,0.75,0.8979825144673833
2021-06-07 00:00:00+00:00,0.08342992659566471,0.7500000000000001,0.9623864273649317,0.09109852672687059,0.8185521923429916,0.9691554332552698,0.08341820310111675,0.75,0.9710880256761125,0.09312446056273845,0.8367559179407,0.9797879260175788,0.09312446056273845,0.8367559179407,0.9797879260175788,0.09312446056273845,0.8367559179407,0.9797879260175788,0.08342995683694704,0.75,0.9729011568897302
2021-06-14 00:00:00+00:00,0.06690853905797613,0.75,1.0267782972291444,0.0669329810534115,0.75,1.0340238955071555,0.061779378512852416,0.6922534602549978,1.0310812403836556,0.06831366408968938,0.7654717720889163,1.046720829274677,0.06831366408968938,0.7654717720889163,1.046720829274677,0.06831366408968938,0.7654717720889163,1.046720829274677,0.06177870829094262,0.6922459502500842,1.0330057336571414
2021-06-21 00:00:00+00:00,-0.011896906084983434,0.75,1.0145628122569101,-0.011155379744257022,0.7029494947841101,1.0224889662881371,-0.010346443359369219,0.6519748586797576,1.020413216731118,-0.01137078983473605,0.7165234311040805,1.0348187867093541,-0.01137078983473605,0.7165234311040805,1.0348187867093541,-0.01137078983473605,0.7165234311040805,1.0348187867093541,-0.010346337645453858,0.6519681971814403,1.0223179075470348
2021-06-28 00:00:00+00:00,-0.10578714641251666,0.75,0.9072351074919938,-0.10578478695986368,0.75,0.9143251888205353,-0.09292158037342711,0.6587910024725013,0.9255948079985301,-0.1022270638501618,0.7247645767863797,0.9290323005270701,-0.1022270638501618,0.7247645767863797,0.9290323005270701,-0.1022270638501618,0.7247645767863797,0.9290323005270701,-0.0929206210292918,0.6587842009600636,0.9273234926883982
2021-07-05 00:00:00+00:00,0.0117025339266411,0.7499999999999999,0.9178520571168586,0.013150662945245082,0.838724268009447,0.9263491712010617,0.011770112211310694,0.75,0.9364891627508795,0.011723421749211604,0.75,0.9399237380047893,0.01265781917434927,0.8072916297684168,0.9407918233942714,0.01265781917434927,0.8072916297684168,0.9407918233942714,0.01177011561093762,0.7500000000000001,0.938238197406079
2021-07-12 00:00:00+00:00,0.07223625443820186,0.75,0.984154251851379,0.07222775807809616,0.75,0.9932572950344168,0.07139739849795726,0.7412751087900891,1.0033520526928223,0.07140069344740378,0.7413093182159339,1.0070349446860072,0.07678399417763664,0.7972008061189182,1.0130295772841453,0.07678399417763664,0.7972008061189182,1.0130295772841453,0.07139739825805638,0.7412751062993467,1.0052259636472018
2021-07-19 00:00:00+00:00,-0.07297466157583661,0.75,0.9123359283841038,-0.06804064222851908,0.6994782538966627,0.9256754307821135,-0.06730123235846425,0.6918768981792542,0.9358252230572006,-0.0673041312866817,0.6919067000326947,0.9392573325585839,-0.07201671788346575,0.7403535067660043,0.9400745120092665,-0.07201671788346575,0.7403535067660043,0.9400745120092665,-0.06730123214739654,0.6918768960094146,0.937573017707191
2021-07-26 00:00:00+00:00,-0.0023015358367391883,0.75,0.9102361545497831,-0.0022683735150689594,0.75,0.9235756531513772,-0.002243309217585088,0.7418010210614574,0.9337258777082678,-0.002243412818486139,0.7418352790467494,0.9371501906188648,-0.002412685418638937,0.7978090996180599,0.9378064079417077,-0.002412685418638937,0.7978090996180599,0.9378064079417077,-0.0022433092100420443,0.7418010185671797,0.9354697515214816
2021-08-02 00:00:00+00:00,-0.01446067214575057,0.75,0.89707352794363,-0.014492560304382705,0.7517051480489753,0.9101906773024212,-0.014456034470831835,0.75,0.9202279042338093,-0.014334431412481584,0.7435032637993431,0.9237166754882447,-0.015418625466804767,0.7997386173187875,0.923346722177285,-0.015418625466804767,0.7997386173187875,0.923346722177285,-0.014456034469538692,0.7499999999999999,0.9219465685482763
2021-08-09 00:00:00+00:00,0.12690827945131233,0.75,1.010919585916275,0.12690723865689382,0.75,1.0257004628101194,0.12877640237963836,0.7610010575198464,1.0387315431103936,0.12764515090691372,0.7543159541068281,1.0416246299261742,0.13745086566023532,0.8122625899742979,1.0502615284450936,0.13745086566023532,0.8122625899742979,1.0502615284450936,0.12690828157522838,0.75,1.0389492232669164
2021-08-16 00:00:00+00:00,0.07589070834533902,0.75,1.0876389893716378,0.06729651229472161,0.6655383640040228,1.0947265266163222,0.06817055046344192,0.6741822879319025,1.1095424441879698,0.06763948603371171,0.6689302512409743,1.1120795845344358,0.07220765950892308,0.7141078480808213,1.1260984552863782,0.07220765950892308,0.7141078480808213,1.1260984552863782,0.06729645001390633,0.6655377480691029,1.1088668177374854
2021-08-23 00:00:00+00:00,-0.010565717684039166,0.75,1.0761473028677835,-0.010578678042061836,0.75,1.0831457671471436,-0.008892093019976295,0.6311560336871282,1.0996762895646386,-0.008827210190242468,0.626550684937717,1.1022630242934728,-0.009383225629984527,0.6660163651581135,1.1155320193988492,-0.009383225629984527,0.6660163651581135,1.1155320193988492,-0.008785265419132689,0.6235734673908372,1.0991251284291925
2021-08-30 00:00:00+00:00,0.15230213394738032,0.75,1.2400468335362647,0.15392828144805074,0.7580188372288621,1.249872533641834,0.12931658279537744,0.6368186846680555,1.2418826695122378,0.12836459663666544,0.632130634919846,1.2437545727944153,0.1365267164622644,0.6723249417835345,1.267831943115893,0.1365267164622644,0.6723249417835345,1.267831943115893,0.12774923293925808,0.6291002803287763,1.2395375204902852
2021-09-06 00:00:00+00:00,-0.053783830450393026,0.75,1.1733523648908035,-0.05378489634250813,0.75,1.1826482689785598,-0.05380365777924924,0.75,1.1750648393598209,-0.04020523157663285,0.5602184230204031,1.1937491321707199,-0.042454600156945035,0.5915610535547472,1.2140066449047051,-0.042454600156945035,0.5915610535547472,1.2140066449047051,-0.053806244857375,0.75,1.1728426611528815
2021-09-13 00:00:00+00:00,-0.010445689770953859,0.75,1.1610958900951391,-0.01102361379331946,0.79263160892376,1.1696112112080024,-0.011023832372512397,0.7926473254374751,1.162111121543885,-0.008117674077211048,0.5836856393171022,1.1840586657858043,-0.008591970984594325,0.6177890402394561,1.2035759350365791,-0.008591970984594325,0.6177890402394561,1.2035759350365791,-0.010445696547725302,0.75,1.1605915026162519
2021-09-20 00:00:00+00:00,0.03488617604465726,0.75,1.2016020857217262,0.03488416767920303,0.75,1.210412124819258,0.037280176978733745,0.801482736777169,1.2054348298239959,0.0273717553413676,0.5884625868034048,1.2164684298955197,0.028984883603262065,0.6231430673937544,1.2384614434213017,0.028984883603262065,0.6231430673937544,1.2384614434213017,0.03488617604491206,0.75,1.2010801020927513
2021-09-27 00:00:00+00:00,-0.05179474208190653,0.75,1.1393654156066886,-0.05003994641445578,0.7247187882697299,1.1498431669538949,-0.05335134954510796,0.7726771942288848,1.141123254864208,-0.0395492771410996,0.5727844704158473,1.1683579828281836,-0.04181442108748757,0.6055901085851276,1.1866758951254657,-0.04181442108748757,0.6055901085851276,1.1866758951254657,-0.05003984930376402,0.7247173818345135,1.1409782347822806
2021-10-04 00:00:00+00:00,-0.01175661110282942,0.75,1.1259703395113871,-0.011738992440037283,0.75,1.1363451667097946,-0.011772861629455376,0.75,1.127688968682538,-0.011720500361181229,0.75,1.154664242668457,-0.00988578901132417,0.6320175568415869,1.174944667601431,-0.00988578901132417,0.6320175568415869,1.174944667601431,-0.011738991497416635,0.75,1.1275843009854338
2021-10-11 00:00:00+00:00,-0.010885493296325963,0.75,1.1137135969287741,-0.011013544941028457,0.7589088249588698,1.1238299781477157,-0.011013922404695752,0.7589348347958248,1.1152686898848372,-0.011013338862341595,0.7588946247231663,1.1419475340917202,-0.009263633701531814,0.638327932098346,1.1640604105812034,-0.009263633701531814,0.638327932098346,1.1640604105812034,-0.010885491079170792,0.75,1.1153099921360439
2021-10-18 00:00:00+00:00,-0.007948092908345408,0.75,1.1048616977870966,-0.007950897779806647,0.75,1.1148945208695809,-0.008129956405443638,0.767386773169908,1.1062016040557172,-0.008129520865336793,0.7673456625291478,1.1326640477862018,-0.006825895757919916,0.6442964584849448,1.1561146555626547,-0.006825895757919916,0.6442964584849448,1.1561146555626547,-0.00794809290782188,0.75,1.1064454046975245
2021-10-25 00:00:00+00:00,0.08362448861158443,0.75,1.1972551922510695,0.08429741328063357,0.7560109659103662,1.208877245059638,0.08626719730538628,0.773676731267015,1.2016305160923266,0.0862625378982494,0.7736349439481277,1.2303705231343436,0.07233467092745892,0.6487245848769143,1.2397418287271917,0.07233467092745892,0.6487245848769143,1.2397418287271917,0.08362448861158461,0.75,1.198971335841993
2021-11-01 00:00:00+00:00,0.03166744502503865,0.75,1.2351692052326224,0.03166779167225593,0.75,1.2471597178135172,0.031667668043617404,0.75,1.2396833523870192,0.030069131485393176,0.7121988625742283,1.2673666961702221,0.025541689279967743,0.6049646649173755,1.2714069293039207,0.025541689279967743,0.6049646649173755,1.2714069293039207,0.03166744502503865,0.75,1.2369396947063664
2021-11-08 00:00:00+00:00,0.020700335711183317,0.75,1.2607376224410531,0.020060206467649305,0.726978205633721,1.2721779992509916,0.020060208871539715,0.7269782927502687,1.2645516593704735,0.019078705775445425,0.6914088004435337,1.291546412476052,0.016277612171187214,0.5898976816263032,1.29210239821089,0.016277612171187214,0.5898976816263032,1.29210239821089,0.02006021320801393,0.7269784499032994,1.2617529687076317
2021-11-15 00:00:00+00:00,-0.03742294640326362,0.75,1.2135571059678636,-0.03742386537772943,0.75,1.2245681810705134,-0.03556079196468666,0.7126817480259343,1.2195832008830008,-0.03385345233577832,0.6784645744485668,1.2478231075618487,-0.028962771554501,0.5804493521863963,1.254679531626485,-0.028962771554501,0.5804493521863963,1.254679531626485,-0.035560799500791544,0.71268189905869,1.2168840243678911
2021-11-22 00:00:00+00:00,0.02804144993710754,0.75,1.2475870068006825,0.02913331594327443,0.7791591470261325,1.2602439127837215,0.02763023152021427,0.7389597416697302,1.253280567081562,0.02625716994404789,0.702237746529073,1.2805874109572102,0.0223507548681003,0.5977622022953931,1.2827225662758914,0.0223507548681003,0.5977622022953931,1.2827225662758914,0.027630237591563002,0.7389599040455789,1.2505068190825532
2021-11-29 00:00:00+00:00,0.09289922079783272,0.75,1.3634868676099663,0.09290097137315814,0.75,1.3773217964484388,0.08907201430417946,0.7190910884127627,1.3649127916798012,0.08475890405587651,0.6842707335894758,1.3891285964576956,0.07242456498842602,0.584693853307238,1.3756231901392604,0.07242456498842602,0.584693853307238,1.3756231901392604,0.08907203335023535,0.7190912421742911,1.361892004176571
2021-12-06 00:00:00+00:00,0.0016939230391393976,0.75,1.3657965094285747,0.0015691815372757135,0.686246988194799,1.3794830643823133,0.0016853536177667125,0.75,1.3672131523911948,0.00144240586661743,0.6308044405360591,1.3911322836947122,0.0012466786243810271,0.5452074415262469,1.3773381501656097,0.0012466786243810271,0.5452074415262469,1.3773381501656097,0.001685353660545139,0.75,1.3641872738510772
2021-12-13 00:00:00+00:00,0.03176035514262359,0.75,1.4091746916205818,0.03173635857734099,0.75,1.4232628335649193,0.031707091892681706,0.7487381115149984,1.4105635054509453,0.026674435407065482,0.6298958750305569,1.4282399519388103,0.02305935514157728,0.5445285893735107,1.4090986797203215,0.02305935514157728,0.5445285893735107,1.4090986797203215,0.03170709189132761,0.7487381114830224,1.4074416851000529
2021-12-20 00:00:00+00:00,-0.12118154182946743,0.7500000000000001,1.2384087297829356,-0.11744575331146724,0.7269298922780753,1.256106657916674,-0.11725147472644441,0.7257274059650278,1.245172854241519,-0.09912445354816382,0.6135303006554458,1.28666644716722,-0.08599330593084961,0.5322551293205812,1.2879256258683756,-0.08599330593084961,0.5322551293205812,1.2879256258683756,-0.11725147472159089,0.725727405934987,1.2424170719374308
2021-12-27 00:00:00+00:00,0.03412090386002028,0.75,1.280664354991269,0.034141199029559574,0.75,1.2989916453269619,0.03747923964293489,0.8221224790379928,1.2918409860425142,0.031047416389455313,0.6810378004729726,1.326614116106762,0.026547567113426453,0.5823317627478041,1.3221169178582182,0.026547567113426453,0.5823317627478041,1.3221169178582182,0.03414225188621186,0.75,1.2848359885552483
2022-01-03 00:00:00+00:00,0.0018046772316297635,0.75,1.2829755407940817,0.001746012084808875,0.7252394554087989,1.3012597004377686,0.0017999352748360614,0.75,1.2941662162027712,0.0018002427549483344,0.75,1.3290023435578955,0.0017875904979328813,0.75,1.3244803214977379,0.0013657060177623235,0.5672720694134774,1.3239225408891224,0.0018046764404365328,0.75,1.287154701793619
2022-01-10 00:00:00+00:00,-0.02487672318496321,0.75,1.2510593134126688,-0.024879279618926626,0.75,1.2688852964937367,-0.024831898217752068,0.7486524740034479,1.2620296124451706,-0.024831890596157938,0.7486522442213647,1.2960007027606282,-0.024832204214997884,0.7486616994598793,1.29159055567556,-0.01879006759004849,0.5664983991407183,1.299045946861827,-0.024831780697696124,0.7486489309122246,1.2551923585146714
2022-01-17 00:00:00+00:00,0.007791383575123991,0.75,1.2608067963986982,0.00800020253260818,0.7691355381176834,1.2790366358563352,0.007985440543194725,0.7677163277133318,1.2721074748791026,0.007985438029831317,0.7677160860798091,1.3063498360591412,0.007985541451550074,0.7677260289930028,1.301904605596338,0.006005302026180864,0.5773467842394753,1.306847110118618,0.007792145111499136,0.75,1.2649729995150625
2022-01-24 00:00:00+00:00,-0.003170868975602792,0.75,1.2568089432437684,-0.0031696901899486716,0.75,1.2749824859790764,-0.0032196883143308127,0.7616343419599553,1.2680116853076615,-0.0032196873089838265,0.7616341041397946,1.3021437980708885,-0.003219728677734012,0.761643890136994,1.2977128260020254,-0.0024260726105137286,0.5739003393686389,1.3036766041386303,-0.0031459919541613666,0.7442010772142129,1.2609934046363567
2022-01-31 00:00:00+00:00,-0.12102009767842921,0.75,1.104709802169284,-0.1214048975581768,0.7523848268045887,1.120193367880317,-0.12329436977213172,0.764094488054188,1.1116729837039547,-0.12329433114913708,0.7640942486951859,1.1415968494277413,-0.12329592043631638,0.7641040980141441,1.1377101286580924,-0.09282983315124824,0.5752960493569206,1.1826565224932553,-0.12046334354294416,0.7465497166160685,1.1090899229282605
2022-02-07 00:00:00+00:00,0.04206574912759299,0.75,1.1511802475661301,0.042063596880782976,0.75,1.1673127301353614,0.04205300173574426,0.75,1.1584221696172372,0.04896663563983168,0.8715516231310769,1.1974970064012493,0.048967355596750105,0.8715644375630395,1.1934207850941174,0.035629504440530944,0.6341655296660974,1.2247939883130516,0.04206885961560779,0.75,1.1557480711970147
2022-02-14 00:00:00+00:00,0.055256361409714315,0.75,1.2147902793733687,0.05303233953491552,0.7197257463411838,1.2292180551833292,0.0530328787448484,0.7197330642018471,1.2198566320738924,0.06122167238434808,0.8308668679432897,1.2708097758083843,0.06122253050718448,0.8308785139144895,1.26648502551745,0.04512029860864409,0.6123478782199113,1.2800570587998086,0.05303207170699078,0.7197221115278846,1.217039785783951
2022-02-21 00:00:00+00:00,0.015587046782382014,0.75,1.2337252722887442,0.015585237207411127,0.75,1.248375710152994,0.01420670276244216,0.6834858423981267,1.23718677265856,0.01627380476691666,0.7829343195342983,1.291490685995779,0.01627401971170052,0.7829446605486148,1.2870958277872946,0.01217855342255773,0.5859113817185664,1.2956463020743243,0.01420649745702866,0.6834759651348487,1.2343296584057935
2022-02-28 00:00:00+00:00,-0.0018476901582499064,0.75,1.231445730245152,-0.0018188815275458424,0.7384904511435201,1.2461050626343597,-0.0016598260443925188,0.6739117780788516,1.2351332578315233,-0.0018974665443569107,0.7703970286962822,1.2890401256267534,-0.0018974912048134712,0.770407041174508,1.2846535747743162,-0.0014257202946879998,0.5788616837783993,1.2937990728467195,-0.001659802393730967,0.6739021755910286,1.2322809150841183
2022-03-07 00:00:00+00:00,0.017294943186143847,0.75,1.2527435141865613,0.017293610006049044,0.75,1.2676547176141215,0.01728024498499485,0.75,1.256476663115967,0.0177989391659227,0.7718616102786595,1.3119836724052174,0.01779917092991164,0.7718716608622387,1.3075193433374463,0.013367466529401007,0.5796881569483509,1.311093888648768,0.017280242960855653,0.75,1.2535750286927974
2022-03-14 00:00:00+00:00,-0.10489679798236702,0.75,1.121334730855213,-0.10311029950873314,0.7372502811607559,1.136946460007271,-0.10311165417115838,0.7372599671500183,1.1269192759546223,-0.10606315673988628,0.7583635436987126,1.172830542518731,-0.10606451366004446,0.7583732458310204,1.1688379400852595,-0.08000452883214088,0.5720414125131501,1.2062004398327237,-0.10311165437632541,0.7372599686169857,1.1243168335994334
2022-03-21 00:00:00+00:00,-0.028094719555884703,0.75,1.0898311460635624,-0.02808382715116417,0.75,1.1050166521442988,-0.03072753933728123,0.8220197871661429,1.0922918195727862,-0.0317114515649419,0.8483412999659166,1.1356383835757637,-0.03171190540172245,0.8483534409580625,1.1317718618993318,-0.023242738308058796,0.621787204872857,1.1781650386626263,-0.02808383540932898,0.75,1.092741704696689
2022-03-28 00:00:00+00:00,0.07365133397729477,0.75,1.1700986637811477,0.07579532589977019,0.7716714887063095,1.1887717494182488,0.08330026218642465,0.8480791733256352,1.1832800145272862,0.08605493578843847,0.8761244789448357,1.233365671753262,0.08605620769369031,0.8761374282000508,1.2291678563088153,0.06252664155775356,0.6365831402121298,1.2518317417309615,0.07365134010346497,0.75,1.1732235956345447
2022-04-04 00:00:00+00:00,-0.13004032792747228,0.75,1.0179386498355503,-0.13004044961860445,0.75,1.0341833366300046,-0.13006185141848994,0.75,1.0293804250913696,-0.1300770064661116,0.75,1.0729331572935328,-0.13988068323898867,0.8067146267324272,1.057231016752935,-0.10388506541452758,0.5991220505105126,1.1217851193532586,-0.13004032792754072,0.75,1.0206572145259
2022-04-11 00:00:00+00:00,-0.0393960625832775,0.75,0.9778358750806919,-0.04533772286571597,0.8621090482553994,0.9872958191215321,-0.045338838242566175,0.8621302574475245,0.982709512508088,-0.04533962809667715,0.8621452767368234,1.0242867669692504,-0.04932405010402174,0.9379101375961507,1.0050841011110874,-0.03516001800978962,0.6685772409179367,1.082343134353684,-0.03939606258327748,0.75,0.980447339026364
2022-04-18 00:00:00+00:00,-8.425470562152082e-05,0.7499999999999999,0.9777534878068908,-0.00014569890302597289,0.75,0.987151971203724,-9.00874282732483e-05,0.9030746111640601,0.9826209827353666,-9.008907223530583e-05,0.9030910909373451,1.0241944899247113,-9.841680890348018e-05,0.9865718573177071,1.0049851839411765,-6.912527200772853e-05,0.6929410611061518,1.0822683170901162,-8.425470562152297e-05,0.75,0.9803647317244369
2022-04-25 00:00:00+00:00,0.07487958657311973,0.75,1.0509672647442967,0.0748904927636346,0.7501092901007173,1.0610802687597642,0.09017058825976336,0.903155974163102,1.0712244947850014,0.09017223388761818,0.9031724569060562,1.116548395016612,0.09850847835581214,0.9866689621284038,1.1039847451813578,0.06918763130969208,0.6929889641567974,1.1571478983911079,0.07487958657311973,0.75,1.0537740375268303
2022-05-02 00:00:00+00:00,0.05194275978659832,0.75,1.105557404920488,0.051942793740920555,0.75,1.116195742302513,0.0519839150398093,0.75,1.1269109379104676,0.057396714338211655,0.8284676758692434,1.1806346042901692,0.06222709361238827,0.8981896649584319,1.1726825072664069,0.044903878713337134,0.6481453244160024,1.2091083272738552,0.05194275978659832,0.75,1.1085099692274403
2022-05-09 00:00:00+00:00,0.1701084135560581,0.75,1.2936220211666647,0.1617225985014755,0.7129665267565064,1.2967098181839587,0.16171627688075962,0.7129386574048695,1.3091507791655532,0.177721177498736,0.7834974940202579,1.3904583763603722,0.19180161041202035,0.8455721665918884,1.3976049006621094,0.14070114169361064,0.6202918159458923,1.3792312493525385,0.16172260372151348,0.7129665497694458,1.2877810877021565
2022-05-16 00:00:00+00:00,0.0338248144615813,0.75,1.337378546016043,0.03381299870759413,0.75,1.3405554655903376,0.02771614463779237,0.6136943000567484,1.3454353915135842,0.030045252396354603,0.6652656919053312,1.4322350492247449,0.0320425772880788,0.7094907065107622,1.4423877637097728,0.024558673446756593,0.543781182707452,1.4131033392129497,0.027717078028662877,0.6137149673127625,1.3234746165938336
2022-05-23 00:00:00+00:00,0.05625915760498828,0.75,1.4126183364138896,0.054425403483100376,0.7254696941686758,1.4135157376965672,0.04479827517176155,0.5971437767702272,1.4057085764084363,0.048453059477888694,0.6458606457897069,1.5016312192511483,0.05157407873339147,0.6874626319924771,1.516777583799421,0.03981710892571579,0.5307467466729817,1.4693690287936845,0.044799743146051056,0.5971633443028628,1.3827659394775556
2022-05-30 00:00:00+00:00,-0.0062689171326717075,0.75,1.4037627491228182,-0.006279245913524793,0.75,1.404639924776933,-0.004764666729968253,0.5715397804155627,1.399010843522392,-0.00513541915107611,0.616012934438223,1.4939197135299522,-0.005449984779747851,0.6537462703726187,1.5085111690534514,-0.004255165410172507,0.5104231716492156,1.463116620527583,-0.004764816166447825,0.5715577058860228,1.3761773139747195
2022-06-06 00:00:00+00:00,0.14704941884550127,0.75,1.610185245578292,0.1479793084604721,0.7547391929933808,1.6124975694813932,0.1469824928101866,0.75,1.604640944771795,0.12140314907806338,0.6191927487383011,1.6752862712222867,0.12888034386648556,0.6573287017926802,1.7029286072474945,0.100504708872428,0.5126043881106064,1.6101667305201184,0.1469825032571777,0.75,1.5784513005084628
2022-06-13 00:00:00+00:00,0.0316241141517317,0.7500000000000001,1.661105927589894,0.031625528203370085,0.75,1.6634936568428929,0.027604514294372596,0.653889666757204,1.6489362786690838,0.023309863272641593,0.5521589173771776,1.7143369651470117,0.024581609791494905,0.5822837693685837,1.7447893337736262,0.01966373669138378,0.46579027238858295,1.6418286251382925,0.02760451404294408,0.6538896608014204,1.6220236815994522
2022-06-20 00:00:00+00:00,-0.07930570133127082,0.75,1.5293707570168464,-0.07686939047192715,0.7270079883600441,1.5356219133874627,-0.067281044557719,0.6363242450391644,1.5379941234311099,-0.05705204088525145,0.5395813498868478,1.6165305425203467,-0.06009002472749556,0.5683137036659092,1.6399448995628985,-0.04830006270696699,0.45680772555468563,1.5625281995900195,-0.0672810439613691,0.6363242393990632,1.5128922349713776
2022-06-27 00:00:00+00:00,0.042297182746663685,0.75,1.5940588314137913,0.04231441071712298,0.75,1.6006008497367539,0.03851231138722285,0.6822250596777346,1.5972258320244075,0.032302870905772677,0.5722281327099042,1.6687491199506201,0.03413294695769705,0.6046469540884915,1.6959210518332246,0.0270960082465699,0.47999133724228915,1.6048664765716087,0.03851231102124298,0.6822250531945963,1.5711572112662189
2022-07-04 00:00:00+00:00,-0.03887418644096811,0.75,1.53209109120354,-0.037284556170304274,0.7195525575473838,1.5409231574485072,-0.03890496718411382,0.75,1.535085813443879,-0.038955729895143835,0.75,1.6037417799710647,-0.03029646453706486,0.5846897692093602,1.6445406398286975,-0.024215242053357296,0.4673285977050161,1.5660042463781085,-0.038904967187087844,0.75,1.5100313915161503
2022-07-11 00:00:00+00:00,-0.008207682458068181,0.75,1.5195161740301062,-0.008192479061028633,0.75,1.5282991767464562,-0.008525233792969935,0.7803598753419789,1.5219988479919984,-0.008525684098947458,0.7804010942369701,1.5900687841787478,-0.006587154999687124,0.602957241906136,1.6337077957308612,-0.0052321440832410245,0.4789259044058263,1.557810686526091,-0.00820769419704973,0.7499999999999999,1.4976375156266404
2022-07-18 00:00:00+00:00,0.02824650429123937,0.75,1.5624371941604553,0.02848140073666815,0.7561951126262427,1.5718272780448919,0.029644268855669318,0.787069829651148,1.5671173910398921,0.029645848141319642,0.7871117604571946,1.6372077218887635,0.022860420927145495,0.6069553508802739,1.6710550436132277,0.018133183769908055,0.48144489345653146,1.5860587539835953,0.028246504288827586,0.75,1.5399405401348973
2022-07-25 00:00:00+00:00,-0.001924581767214482,0.7499999999999999,1.5594301560241564,-0.0019272576432561763,0.75,1.5687979619094012,-0.0019719208343919764,0.764409469812215,1.5640271596065625,-0.0019720228629030345,0.7644490208726243,1.6339791108298776,-0.0015307483053265936,0.5933902011088813,1.6684970789371092,-0.0012198471308529015,0.4728702503083674,1.5841240047631844,-0.0018816005815153777,0.7293970821896711,1.5370429871190803
2022-08-01 00:00:00+00:00,0.038950367673815205,0.75,1.6201705339629322,0.03902618633865175,0.7514482343531685,1.6300221634985748,0.03894368797904423,0.7500000000000001,1.6249361453010311,0.03977982410445949,0.7659595105394661,1.6989785124490513,0.030864746954660918,0.5942999247114892,1.719994819073094,0.024588335702018696,0.47344778422956846,1.623074977585928,0.03895777602108549,0.75,1.5969227635460457
2022-08-08 00:00:00+00:00,0.022414079628682384,0.75,1.6564851653232224,0.022413901088054362,0.75,1.6665573190425682,0.02156653187622495,0.7218870557449576,1.6599803824754962,0.02200774189115546,0.7366554849236192,1.7363691930296494,0.01722324757177199,0.5765062065291747,1.7496187156641552,0.013804915037091397,0.4620858619331983,1.6454813897503306,0.021566239438731555,0.7218772671130947,1.6313623822298404
2022-08-15 00:00:00+00:00,-0.11388919672647727,0.75,1.4678294004552348,-0.11139758553492793,0.7335581012756662,1.4809068575456634,-0.10731090521700846,0.7066471279351023,1.4818463849895747,-0.1094590063437122,0.7207924702805955,1.5463079465147906,-0.08606547507976195,0.5667450167948489,1.5990369496920767,-0.06921648625624209,0.45579366905741653,1.5315869497517747,-0.10730948082323204,0.7066377482381448,1.4563017319582052
2022-08-22 00:00:00+00:00,0.030461202691655635,0.7499999999999999,1.512541249339273,0.03046672878288582,0.7499999999999999,1.526025245127223,0.03217458834152894,0.7915937721933132,1.5295241824119972,0.0328978075423141,0.8093871875804873,1.5971780877403852,0.025204800069064115,0.6201155567947393,1.6393403563121116,0.01990353589912344,0.4896881630661276,1.5620709455887882,0.03047460024135073,0.75,1.5006819450704183
2022-08-29 00:00:00+00:00,-0.053508396083420326,0.7499999999999999,1.4316075930771157,-0.051921816878043925,0.7278255367699709,1.446791241798455,-0.05471064033809053,0.7669184856267632,1.4458429349796422,-0.055901255451125356,0.7836081959611766,1.50789382745667,-0.04315037630813799,0.6048699311132414,1.568602203040127,-0.03425177642659176,0.4801318417181775,1.5085672407980064,-0.05192142026426532,0.7278199771487236,1.4227644071174221
2022-09-05 00:00:00+00:00,-0.031119358619833854,0.75,1.3870568829852719,-0.031103489043104827,0.75,1.4017909862615168,-0.03113149792598108,0.75,1.400831678648029,-0.03440920851449765,0.8300066073444613,1.4560083943299895,-0.026206645783035602,0.63214732611739,1.527494400730565,-0.020610556784860137,0.49716047101968275,1.4774748300177594,-0.031103485071527732,0.75,1.3785114756203445
2022-09-12 00:00:00+00:00,0.10008306663008394,0.75,1.5258777894248035,0.10330764268706215,0.7740764792921897,1.5466067085921658,0.103310629193134,0.7740988569599532,1.5455524807628311,0.11471943901597598,0.8595842200064344,1.623040860530078,0.08663633647531388,0.6491596223982296,1.659830919596416,0.06774695075751172,0.5076228608178625,1.5775692445724354,0.10008307311928305,0.75,1.516477140430626
2022-09-19 00:00:00+00:00,-0.011612618235377766,0.75,1.508158353182371,-0.011603924142987075,0.75,1.5286600016666274,-0.010836431228491443,0.7016146101357349,1.5288042075950203,-0.01190996580991991,0.7711215844277701,1.6037104993730618,-0.00922688123587466,0.597402829822429,1.6445158568296672,-0.007342779514565143,0.475414947762417,1.5659855014405808,-0.010529880347134883,0.681766694103725,1.5005088175927264
2022-09-26 00:00:00+00:00,-0.0030190707247401715,0.75,1.5036051164500057,-0.0030537853685245787,0.7588051170171777,1.5239918021200891,-0.002854557334222238,0.7093009005650148,1.52444014833164,-0.0031407589036032296,0.7804163160696634,1.5986736313433538,-0.0024266174680011073,0.6029663285249602,1.6405252459250794,-0.0019274440740240672,0.47893163717675563,1.5629671519658215,-0.002772945643240879,0.6890220134620221,1.496347988204338
2022-10-03 00:00:00+00:00,-0.028371036106227952,0.75,1.4609462814016936,-0.028372129393114287,0.75,1.4807529095162926,-0.028373159970567767,0.7499999999999999,1.4811869641374704,-0.028378367332019344,0.7499999999999999,1.5533058837890787,-0.02286438952904328,0.6044330563377067,1.6030156376700189,-0.018151930295719442,0.479856533809228,1.5345962811688387,-0.02837842484623173,0.75,1.453883989277271
2022-10-10 00:00:00+00:00,0.028295784920691926,0.75,1.5022849031609207,0.02913026580057074,0.7719004597218322,1.5238876353554707,0.02913029669823012,0.771901278455092,1.5243343798683455,0.029130452820715462,0.7719054154244912,1.5985543875529362,0.023344066661381807,0.6185764287583214,1.6404365415750253,0.01844379429126683,0.4887278883725405,1.5629000592988598,0.02829578232695495,0.75,1.4950227741665056
2022-10-17 00:00:00+00:00,0.00023717901383674876,0.75,1.502641213612754,0.00024531925506192625,0.75,1.5242614743349743,0.00024531610431793426,0.7500520399910403,1.5247083236400927,0.0002453173818628503,0.7500559460744717,1.598946540730056,0.00019769985638220882,0.6044657402240107,1.6407608556436988,0.00015695122818355127,0.4798771332419433,1.5631453583826949,0.00023854914903959692,0.7293621279889013,1.4953794105770777
2022-10-24 00:00:00+00:00,-0.06223263277890877,0.75,1.4091278947675376,-0.06221738623049953,0.7498160556837862,1.4294259094700046,-0.062221703482792094,0.7498680852736087,1.429838374428814,-0.062222027438389824,0.7498719894412897,1.4994568452002321,-0.05014675860298463,0.6043462610549949,1.5584820170905076,-0.03981245187442476,0.47980182775579233,1.5009127090293535,-0.06050574982185505,0.7291881807688894,1.404900358071948
2022-10-31 00:00:00+00:00,-0.00011618028231586904,0.7499999999999999,1.4089641818909044,-0.00011606914183928513,0.75,1.4292599972313695,-9.983396236585703e-05,0.7996219234956978,1.429695627998352,-9.983451663650554e-05,0.7996263629363767,1.4993071476508741,-7.943702044058249e-05,0.6362522489960036,1.5583582159226597,-6.238776735284163e-05,0.49969594866381545,1.5008190704364457,-0.0001046640786352507,0.75,1.404753315470396
2022-11-07 00:00:00+00:00,-0.007079438136762044,0.75,1.3989895071282943,-0.007080242086468793,0.7500870619615867,1.4191404904464657,-0.007100811137998364,0.75,1.4195436293591137,-0.007548608408028725,0.7997062012184266,1.4879894651098993,-0.006006206555641047,0.636302794994136,1.548998394590148,-0.004717037801756535,0.4997271255234625,1.4937396501476,-0.007079436367427786,0.75,1.3948084537615901
2022-11-14 00:00:00+00:00,0.02273210358827405,0.75,1.4307914815232432,0.022732105075410944,0.7499999999999999,1.4514005411920652,0.022894583636214667,0.7553636949382572,1.4520434897067316,0.024422935414967824,0.8057887852176155,1.524330535714431,0.019402460169762926,0.6401476540303513,1.57905277424421,0.015218189809371799,0.502095529114388,1.5164716636693305,0.022732103588251378,0.75,1.4265153840182672
2022-11-21 00:00:00+00:00,-0.03199179614521289,0.7499999999999999,1.3850178921200444,-0.03127665823183508,0.733329868377114,1.4060055825077005,-0.03149533259522987,0.7384570287321973,1.40631089705568,-0.03354771121912427,0.7865782357666669,1.4731927350997902,-0.02678276750395723,0.6279636150022105,1.5367613709151486,-0.021093465364047742,0.4945690829364148,1.4844840211561616,-0.031276658277314615,0.7333298694434526,1.3818987498249955
2022-11-28 00:00:00+00:00,-0.01771838003509775,0.7499999999999999,1.3604776187520515,-0.017709581480008486,0.75,1.3811058120829336,-0.018000997599505682,0.7624713164377263,1.3809958979736219,-0.019214742557613126,0.813882118028703,1.4448857159571018,-0.015233431853949079,0.6452450635215853,1.5133512212955313,-0.011927757461618766,0.505226051147305,1.4667774557961624,-0.017709581480512496,0.75,1.3574259013171515
2022-12-05 00:00:00+00:00,0.024625217765875857,0.75,1.393979676379421,0.02507327616070681,0.7635216488520966,1.4157346595164464,0.024619775893874058,0.75,1.4149957074920918,0.027250677619903404,0.8298270307927339,1.484259830800252,0.021516970422878222,0.655226410393218,1.5459139547635738,0.01679139452017235,0.5113250118729854,1.4914066947297304,0.02462522010733549,0.75,1.3908528129164848
2022-12-12 00:00:00+00:00,0.008841963625146027,0.75,1.4063051939721607,0.008841524016312961,0.75,1.4282519115092875,0.008628795415061497,0.7319788448799976,1.4272054159652312,0.009522758784906162,0.8078135637889364,1.4983940791430885,0.007561317090935012,0.6414248900064514,1.5576031003708426,0.005928117699657097,0.502880939619165,1.5002479291541448,0.008628749567074124,0.7319749556051656,1.4028541335238016
2022-12-19 00:00:00+00:00,0.013562592982018524,0.75,1.4253783389265036,0.013445357908044825,0.7434269725676682,1.4474552696423792,0.01312505767268295,0.7257167832282446,1.4459375693605403,0.014472017545877703,0.8001935139741144,1.5200788645470866,0.01151352680719932,0.6366112703278396,1.575536605421939,0.009041329169202307,0.49991737060610886,1.5138121645170417,0.013124988530994459,0.7257129602138999,1.4212665779369598
2022-12-26 00:00:00+00:00,0.019384072884632033,0.7500000000000001,1.4530079765364305,0.019382776170277304,0.75,1.475510971150346,0.018514806354024128,0.716315106148235,1.472708823457259,0.02038778376434163,0.7887783005684798,1.5510699037422184,0.01626738301426849,0.6293650588512413,1.6011664628353384,0.01280572988244305,0.4954379529902086,1.5331976341886036,0.01851471008315168,0.7163113815464814,1.4475809165783358
2023-01-02 00:00:00+00:00,-0.08307248701876148,0.75,1.332302990267451,-0.08148892172526756,0.735739329261259,1.3552731731175018,-0.0830863998839965,0.75,1.3503467492387993,-0.08306852249369061,0.7499999999999999,1.4222248185539215,-0.08312790485206638,0.75,1.4680648494604427,-0.05417984048702697,0.48917372638454,1.450129230933178,-0.08308640158826502,0.7500000000000001,1.3273066272119993
2023-01-09 00:00:00+00:00,-0.1071090352085507,0.75,1.1896013023744374,-0.1070984618518147,0.75,1.2101255008875893,-0.11676941021270139,0.8179614741292021,1.1926675557475461,-0.11676713356240268,0.8179455263546006,1.2561557032100719,-0.11677469613062609,0.8179985016110568,1.2966320227646462,-0.073833047439952,0.5171952843936294,1.3430617706316275,-0.1071090430837168,0.75,1.1851400844926465
2023-01-16 00:00:00+00:00,0.03809031024219469,0.75,1.2349135850463986,0.04273292475691988,0.8399582349868575,1.2618377028634487,0.04711548573135949,0.9261018397541975,1.2488606669526252,0.04711444567783201,0.9260813964653234,1.3153387828518617,0.04711790054432392,0.926149305310252,1.3577266014558562,0.028409932498547646,0.5584255440814782,1.3812180648766519,0.03809031023671907,0.75,1.230282437984943
2023-01-23 00:00:00+00:00,0.06399065700669643,0.75,1.3139365167000125,0.0639554080994742,0.75,1.3425390481053836,0.07545184114770988,0.8844314236336215,1.3430895036111576,0.07545025052305704,0.8844127786488898,1.4145814235407275,0.07545553427336016,0.8844747137154386,1.4601745875658612,0.04632385470084405,0.5429989797208291,1.4452014098241788,0.06163562487442607,0.722480493849302,1.3061116648221773
2023-01-30 00:00:00+00:00,0.008065898973629715,0.75,1.3245345959014778,0.007574646218195691,0.7049167608816543,1.352708306428895,0.008836854689844497,0.8223812446029813,1.3549581903900247,0.00883668146696402,0.822365124020145,1.4270816289896415,0.00883725687820423,0.8224186733234312,1.4730785254832066,0.005576444745698104,0.5189588073341583,1.4532604956324682,0.007312656255213909,0.6805352768137933,1.315662810457947
2023-02-06 00:00:00+00:00,-0.045953950926571056,0.75,1.2636669980808757,-0.04596737949285651,0.7500000000000001,1.2905278503641386,-0.045969897486991214,0.75,1.2926709012786362,-0.04994560786692465,0.8151617988595854,1.3558051695540327,-0.04994883164644018,0.8152144141349063,1.3994999742118597,-0.0316206853989857,0.5160809106516002,1.4073074026973,-0.045976943039925555,0.75,1.2551726563617738
2023-02-13 00:00:00+00:00,0.07217974655924765,0.75,1.3548781617376386,0.0756577748192163,0.7861366413250273,1.3881663158649158,0.07565797450456453,0.7861387161939928,1.3904717633703676,0.08257543573939574,0.8580159258349124,1.4677613722076823,0.08258104585623201,0.85807421883147,1.5150721457580447,0.05128942335851665,0.5329326048896786,1.4794873878698163,0.07217974505942168,0.75,1.3457706987035238
2023-02-20 00:00:00+00:00,-0.006010290542910931,0.75,1.3467349503353503,-0.006024520764235225,0.75,1.3798032790707757,-0.005881887593422214,0.7308445015304044,1.3822931647563954,-0.0063786521201359804,0.7925691804090216,1.458399033018996,-0.006379052423767493,0.7926189194942022,1.5054074211144644,-0.004079826859283333,0.5069323376117852,1.4734513354868142,-0.005629701932736741,0.6995095770611055,1.3381944108000121
2023-02-27 00:00:00+00:00,-0.010054801581056904,0.75,1.333193797627454,-0.010115155349104982,0.7545457766992909,1.3658463545517703,-0.009855393332657557,0.7351686810746901,1.3686701219166773,-0.010693090223217922,0.7976571579305973,1.44280424057747,-0.01069376559530167,0.7977075376959994,1.4893089470276386,-0.0068235822544821375,0.5090090062270073,1.4633971191011435,-0.009430451499863952,0.703469902933271,1.3255746333115734
2023-03-06 00:00:00+00:00,0.020577348830604122,0.75,1.3606273914600318,0.020577804156890495,0.75,1.3939524733441393,0.02057574275504469,0.75,1.3968315262617503,0.02212057010539365,0.8062787695585522,1.474719892929523,0.02212198233542896,0.8063302443211724,1.5222554132457804,0.014060804146607278,0.5125061339882024,1.483973659381534,0.020572312374468594,0.75,1.3528447687437308
2023-03-13 00:00:00+00:00,-0.03744165363700847,0.75,1.3096832519399588,-0.036681186767887404,0.7348778279766554,1.3428206423238442,-0.036681260858092514,0.7348793123138266,1.3455939846721356,-0.03937416252450168,0.7888294132221745,1.4166540321872003,-0.039376621859720684,0.7888786840087347,1.4623141374644884,-0.02522686626462176,0.5053998062961391,1.4465376543360946,-0.0366813841523297,0.7348817824138755,1.3032205500829723
2023-03-20 00:00:00+00:00,0.01276895631477547,0.75,1.3264065401701732,0.01277906263086213,0.75,1.3599806314141152,0.013006319928745078,0.7628620543273483,1.3630952105309764,0.014000297097043736,0.8211619784194013,1.436487609521546,0.014001207409530092,0.8212153711436484,1.4827883010010168,0.008839749124389302,0.5184794172151856,1.459324684299408,0.012779059990878085,0.75,1.3198744836738279
2023-03-27 00:00:00+00:00,-0.004129908225991345,0.75,1.3209286028889158,-0.0040760017613329855,0.7405366359487627,1.3544373479650926,-0.004144972679838952,0.7530674185537244,1.357445218123306,-0.0044573687531528055,0.8098241990365147,1.4300846545365735,-0.004457654573630088,0.8098761275064041,1.4761785429493344,-0.0028287668176505735,0.5139363488256622,1.4551965950562835,-0.004076001771957792,0.7405366378790997,1.3144946729396114
2023-04-03 00:00:00+00:00,-0.003663993454035789,0.75,1.3160887291346821,-0.0036620731010294496,0.7500000000000001,1.34947729938608,-0.0036647803559129843,0.75,1.3524704795536997,-0.003691578507549953,0.75,1.4248053847619093,-0.003973515316261532,0.8135024403804252,1.4703129248993885,-0.002517419690593531,0.5153942790602749,1.4515332544942041,-0.003662073101412917,0.75,1.3096808973558887
2023-04-10 00:00:00+00:00,0.05430679638119342,0.75,1.387561291767383,0.05450719241381545,0.7527566498791436,1.423033518201793,0.05450734052146028,0.7527586952792019,1.4261900485279557,0.054508806629690536,0.7527789425653103,1.5024698259648381,0.05914079870335442,0.8167478002743382,1.5572684056218034,0.03741394344395368,0.5166950172707839,1.5058408375848684,0.054306796795034896,0.75,1.3808054717149338
2023-04-17 00:00:00+00:00,-0.06602640359339451,0.7499999999999999,1.2959456099065778,-0.06602722597226357,0.75,1.3290745625293778,-0.06286204827261477,0.7138487010502538,1.3365368208514685,-0.06286365170021767,0.7138669092496844,1.408019086135298,-0.06790732608471592,0.7711418550529221,1.4515184721998178,-0.04385958790220741,0.4980606059288988,1.4397952790020812,-0.06264358608287235,0.7113678886258813,1.2943068652838583
2023-04-24 00:00:00+00:00,-0.004209119511558592,0.75,1.2904908199540013,-0.004498871859021902,0.803021266632476,1.3230952263814726,-0.0042675559525712945,0.761732784094858,1.330833075185813,-0.004267672107400033,0.761753517025384,1.4020101223547115,-0.0046350215505063025,0.8273231585585981,1.4447906528002137,-0.0029183481092383357,0.5209073893615093,1.4355934551719152,-0.004202684127692233,0.75,1.2888673023647668
2023-05-01 00:00:00+00:00,0.006907635589523991,0.75,1.2994050602698695,0.006886093961088657,0.75,1.3322061844298032,0.006904871148376683,0.75,1.3400223060899692,0.00704640518344902,0.7650183645614717,1.4118892537481198,0.007655764699403994,0.8311756757278532,1.4558516300779505,0.004811999188254409,0.5224320278822852,1.4425015297128658,0.006907636449303087,0.75,1.2977703291208964
2023-05-08 00:00:00+00:00,0.04133070325040924,0.75,1.3531103852179638,0.04104951885602803,0.7448707500264513,1.3868926073176715,0.041048753347263774,0.7448568593621199,1.395028551212488,0.04186484886923486,0.7596654539689378,1.4709977839763815,0.045457733889771215,0.8248607360230833,1.5220313460610237,0.028653134051202997,0.5199301245450254,1.483833719412794,0.0410486406138297,0.7448548137391765,1.3510420369602716
2023-05-15 00:00:00+00:00,-1.5703973295262414e-06,0.7500000000000001,1.3531082602970284,-3.558637466890901e-06,0.75,1.3868876718696765,9.194170104465744e-06,0.7154870095825926,1.3950413773422883,9.36961557941772e-06,0.7291401133202873,1.4710115666601355,1.0138762108431054e-05,0.7889948194788075,1.5220467775747633,6.495114460033978e-06,0.5054474704192609,1.4838433570826413,9.194145849855543e-06,0.715485122097648,1.3510544586378086
2023-05-22 00:00:00+00:00,-0.02583607109253351,0.75,1.3181492590881,-0.02583616302116024,0.7500026689875982,1.3510558158872141,-0.02464693770669206,0.7154804313338007,1.360657879416675,-0.02511725238732999,0.7291332816217323,1.4340637978756512,-0.027179092754322103,0.7889868201291315,1.4806789270306417,-0.01741158927342463,0.5054441875014098,1.4580072860030187,-0.024646872687627407,0.7154785438835632,1.3177551914017112
2023-05-29 00:00:00+00:00,0.010199404041044236,0.75,1.3315935959679428,0.010199402638388812,0.75,1.3648357781403848,0.00998461420501408,0.7335604500502829,1.3742435234076633,0.010180050162951178,0.7479189506710029,1.4486626392748976,0.011039063547787558,0.8110298763653928,1.4970242358000028,0.007001594417312787,0.5144007215876473,1.4682156616770987,0.009984587199828995,0.7335584660040975,1.3309124330182889
2023-06-05 00:00:00+00:00,0.09089873352762785,0.75,1.4526337674149286,0.08998194060813063,0.7424276811500651,1.4876463500688646,0.09089454285463326,0.7499999999999999,1.4991547602387434,0.08973398384015298,0.7403818265371176,1.5786569091374245,0.09722324588020366,0.8021746197614242,1.6425697911658104,0.06191168301988042,0.5108241381537215,1.5591153643276754,0.09089454228413044,0.75,1.4518851094377447
2023-06-12 00:00:00+00:00,-0.00658536315859039,0.75,1.44306764652007,-0.006587349838429459,0.75,1.4778467031250984,-0.0060187938592591575,0.6875091684274205,1.4901316567737393,-0.0059479352248327545,0.6794151944569622,1.5692671600996404,-0.0064003672173705405,0.7310951739068484,1.6320567413221894,-0.004211278732708876,0.48104201726176715,1.5525494949520426,-0.006018793862406793,0.6875091687869658,1.443146512252141
2023-06-19 00:00:00+00:00,-0.13237859750266887,0.7499999999999999,1.252036375372266,-0.1332559113971514,0.7549732730683655,1.280914893794888,-0.1220830098184278,0.6916722008223503,1.3082118990890808,-0.12063713929062929,0.6834804921517175,1.37995525912249,-0.1298725600169805,0.7358045935055119,1.4200973542337056,-0.08526498415744788,0.48307638657482355,1.420171386861303,-0.12208300988265991,0.691672201186263,1.2669628423347365
2023-06-26 00:00:00+00:00,-0.003601257465904203,0.75,1.2475274700278731,-0.003605868998991634,0.75,1.2762960824890064,-0.003703385743941747,0.7878560371400234,1.3033670857919393,-0.003653508205915945,0.7772451199500994,1.374913581259489,-0.00397495039516943,0.8456285363439073,1.4144525376943153,-0.002482404719185117,0.528105274432801,1.4166459467085069,-0.003549591247328216,0.75,1.2624656421188951
2023-07-03 00:00:00+00:00,0.009038642707939692,0.75,1.2588034250977949,0.009071772297047961,0.7527141887583448,1.287874349932961,0.009028248576000394,0.75,1.3151342078282462,0.009032155762529867,0.75,1.3873320148854427,0.010232256241856938,0.8490032822762916,1.4289255785019483,0.0063806067391488,0.5294195079176846,1.425685007383063,0.009038649412946775,0.75,1.2738766264538985
2023-07-10 00:00:00+00:00,0.03345043469480753,0.75,1.3009109468626285,0.03344993245471977,0.75,1.3309536599483847,0.033149883381691114,0.7432893985460206,1.3587307534490254,0.033149755018311335,0.7432865203718129,1.4333217313079554,0.03748108932236559,0.8404040526627513,1.4824832657447928,0.02346182262975785,0.5260629073856037,1.4591341761521892,0.03314954168364808,0.7432817369645315,1.316105052782357
2023-07-17 00:00:00+00:00,0.003965716973501771,0.75,1.3060699914856158,0.003837219053193341,0.7257245624067628,1.3360608206912559,0.003803990096433678,0.7194400449556231,1.3638993517788653,0.003803975839200945,0.7194373485174365,1.4387740525436525,0.004283045802458802,0.8100427673449587,1.4888328094733565,0.0027177581309170908,0.5140034496195464,1.4630997499235256,0.0038039521442580788,0.719432867146473,1.3211114534199573
2023-07-24 00:00:00+00:00,-0.005769174186205591,0.75,1.298535046205359,-0.0057669086323467785,0.75,1.328355880011071,-0.005513900748219154,0.7167136732406371,1.3563789461225964,-0.005513880160610971,0.7167109972003964,1.4308408248397302,-0.006205332713249553,0.806588113511072,1.4795941065361722,-0.003943670137314526,0.5126102988119583,1.45732976713184,-0.005513845944839414,0.7167065497298245,1.3138270483898369
2023-07-31 00:00:00+00:00,-0.0021127747403521255,0.75,1.2957915341602744,-0.0021248473944377533,0.7543502690785623,1.3255333264805436,-0.0020300263163902906,0.7206874724341237,1.3536254611669698,-0.0020300186947246617,0.7206847666372119,1.4279361912161304,-0.0022861769973403453,0.8116245136565402,1.4762114925244088,-0.001449633186189651,0.5146398686935967,1.4552171735381836,-0.002030006027825558,0.7206802697125045,1.3111599715620852
2023-08-07 00:00:00+00:00,0.0029667635173867327,0.75,1.2996358412099596,0.0029669679132356733,0.75,1.3294661413281357,0.002962131813382638,0.75,1.357635078208897,0.0028564740183000506,0.7221507461523105,1.4320150538461296,0.003217744674836068,0.8134842827113729,1.4809615641934109,0.002038618053605137,0.5153869907791606,1.4581838055400749,0.002962130189558151,0.75,1.3150437980971894
2023-08-14 00:00:00+00:00,0.05082670233396252,0.75,1.3656920452536871,0.05067600394637884,0.7477813567085301,1.3968381727526575,0.05067624829679593,0.7477849623733848,1.4264349305286512,0.048799661529776356,0.7200938168736724,1.5018969037793652,0.054951770433359054,0.8108750936966733,1.5623430240895955,0.034855933683363,0.5143384511270297,1.5090101635641335,0.05067624837884223,0.7477849635840701,1.3816852842386187
2023-08-21 00:00:00+00:00,0.009915450250412386,0.75,1.379233496785784,0.009914791274698527,0.75,1.4106875316800316,0.009420626443050582,0.7117177756569498,1.4398728411544803,0.009088004084562302,0.6865885290460004,1.5155461489755035,0.010174037312846064,0.7686371229687377,1.5782383603121477,0.006578714943375544,0.4970145451032442,1.5189375112768786,0.009420626457567199,0.711717776753664,1.3947016251833482
2023-08-28 00:00:00+00:00,0.02098190542375839,0.75,1.4081724435726228,0.020777312554118955,0.7426369100440263,1.439997827441946,0.019726429306221767,0.7050755225449156,1.468276390965463,0.01903620365893878,0.6804050055761676,1.5443963941219216,0.021288153637913546,0.7608957413055097,1.6118361410037214,0.013814469071675514,0.49376619803767996,1.5399208265482207,0.019726429336335307,0.7050755236212546,1.4222141082377995
2023-09-04 00:00:00+00:00,0.014375441119188478,0.75,1.428415543620865,0.014373688360069444,0.75,1.4606959074527734,0.014359321700985259,0.75,1.4893598440092977,0.012799575727592303,0.66769463453125,1.5641640127219056,0.014282181466751056,0.7450353150529904,1.6348566772642044,0.00933642383400546,0.487038026286811,1.554298180055687,0.014359321701430401,0.75,1.442636138146299
2023-09-11 00:00:00+00:00,-0.012165389457561333,0.75,1.411038312225483,-0.0119894255617208,0.7393724902432354,1.4431830026020582,-0.011989595371359239,0.7393829621857475,1.4715030221172756,-0.01069028942885906,0.6592564319071521,1.5474426467117028,-0.011911135107258183,0.7345444183743783,1.6153836785003073,-0.007824597612232614,0.4825328946683378,1.5421364222273257,-0.011989595371353972,0.7393829621854229,1.4253395145818322
2023-09-18 00:00:00+00:00,-0.0025227415964677556,0.75,1.4074786271810222,-0.0025196694754294462,0.75,1.4395466584429433,-0.0025145343789144013,0.7483554411187159,1.4678028771794853,-0.0022390910846111327,0.6663802294294222,1.5439777816775035,-0.0024978808294392,0.743399146041499,1.6113486425775922,-0.0016341357304707335,0.48633829613904467,1.5396163619985037,-0.0025145343789132846,0.7483554411183835,1.4217554493707927
2023-09-25 00:00:00+00:00,-0.026883017418388975,0.75,1.3696413547305046,-0.026950695806749334,0.7518945256851112,1.400749874351625,-0.026891461359484756,0.750241950295237,1.4283315128244727,-0.023939147365647867,0.6678756638740313,1.5070162700326397,-0.026712915488774698,0.7452607185031823,1.5683048224654652,-0.017460706202347843,0.48713433976920084,1.5127335730373201,-0.02688281810188399,0.7500000000000001,1.3835346562399953
2023-10-02 00:00:00+00:00,-0.03731923517635723,0.7500000000000001,1.3185273869060523,-0.037320374525853725,0.75,1.3484733644237799,-0.03731938058418993,0.75,1.3750270654969845,-0.037275040539395385,0.75,1.4508421774736446,-0.03808916078481032,0.765715204037095,1.5085694079229848,-0.02466226450472722,0.49579120432563906,1.4754261375338926,-0.03731923508645508,0.7500000000000001,1.331902201153517
2023-10-09 00:00:00+00:00,-0.011636503255799189,0.75,1.3031843386754596,-0.01209353210700706,0.779075385157969,1.332165558495677,-0.012093519620762733,0.7790745807837365,1.3583981487013168,-0.012092962631773887,0.7790386990903506,1.4332971972368544,-0.012356803225138399,0.796035529303144,1.4899283125978169,-0.007890735200673972,0.5083277169357937,1.4637839405744595,-0.01163650325580537,0.75,1.3164035168533799
2023-10-16 00:00:00+00:00,0.006410792609733143,0.75,1.3115387832029604,0.006406571644433348,0.75,1.340700172588426,0.006741391451516976,0.78861167150626,1.3675556423687283,0.006741077163832743,0.7885749059604854,1.4429591642421333,0.006889992054193338,0.8059950515556525,1.5001939068329335,0.004379964907044612,0.5123706984417822,1.4701952628656711,0.006410792609733143,0.75,1.3248427067906503
2023-10-23 00:00:00+00:00,0.022703447050696553,0.75,1.3413152345223438,0.022556972037282085,0.745225658428011,1.3709423088918824,0.023710367065485172,0.7833309310638772,1.3999808886317664,0.023709269075686087,0.7832946562407486,1.4771706713323773,0.02422943867751442,0.8004797524219228,1.5365427631029227,0.015441135928074745,0.51013631926559,1.4928967477603916,0.022556877431583355,0.7452225328935196,1.3547270213438543
2023-10-30 00:00:00+00:00,0.07359519896376795,0.75,1.4400295960801488,0.07359658090055081,0.75,1.4718389754382317,0.07507747679757147,0.7651880417205627,1.5050879213150614,0.07507408059911147,0.7651534277383172,1.5880679013706278,0.07668220473946774,0.7815433946670218,1.6543682498541286,0.049291607950767875,0.5023790165831176,1.5664840289619733,0.07150559060477552,0.7287834538508401,1.4515975771132947
2023-11-06 00:00:00+00:00,0.1014381654868101,0.75,1.5861035565532313,0.09447885572999914,0.6985864274743567,1.6108966376564502,0.1014380096962903,0.75,1.657761044471188,0.09625529243864883,0.7117215841646156,1.7409278416294889,0.09817028297362948,0.7258812221719011,1.8167780490848966,0.0647514909847739,0.47877921902401116,1.6679162054410968,0.10143731438588677,0.75,1.5988437369047277
2023-11-13 00:00:00+00:00,-0.020624781416660604,0.75,1.553390517395133,-0.020629839465883554,0.7499999999999999,1.577664098625466,-0.018739591124694588,0.680928017189823,1.6266952803153514,-0.017867234637637855,0.6492297816700817,1.7098222753958985,-0.01819092492440592,0.6609914996118428,1.7837291759896847,-0.012375020929452083,0.4496628772796504,1.647275707490191,-0.018739602954539553,0.680928447043005,1.5688820400887808
2023-11-20 00:00:00+00:00,-0.0022875645143416575,0.75,1.549837036370625,-0.0023400561651811726,0.7657982959078256,1.5739722760248924,-0.0021204537919885923,0.6939320195036551,1.6232459481397967,-0.002019947674420437,0.6610407518891253,1.7063685238670403,-0.0020572199067066567,0.6732383274833245,1.7800596528206651,-0.0013912553749998052,0.45529718952919485,1.6449839263080386,-0.0021204551561428506,0.6939324659318321,1.5655552960774946
2023-11-27 00:00:00+00:00,0.04216384912798973,0.75,1.6151841313451267,0.04216338788516054,0.75,1.640336279619419,0.03909464488194069,0.6954065970593635,1.6867061720383711,0.037237870669001784,0.6623787222487171,1.7699100542724566,0.037926403230491436,0.674626181894303,1.8475709129878701,0.02563173892777114,0.455931506688507,1.6871477248475462,0.03909467008619327,0.6954070453868407,1.6267601638793368
2023-12-04 00:00:00+00:00,0.06919480222091563,0.75,1.7269464778639143,0.06639054591427553,0.7196568299352357,1.749239100706344,0.06918461282791934,0.75,1.803400285505308,0.05891268227030321,0.6385986676532486,1.874180202946825,0.05996218091161756,0.6499749691255222,1.958355294319491,0.041009921795567006,0.44453724410396334,1.756337521101113,0.06918461297087189,0.75,1.739306936213761
2023-12-11 00:00:00+00:00,-0.04108468746286974,0.75,1.6559954215557717,-0.041078181903604016,0.75,1.677383538734632,-0.03845183018250755,0.7014691298411991,1.7340562439759724,-0.03305797984812463,0.6030701854321892,1.8122235915660547,-0.03361357573859857,0.6132058113304695,1.8925279703107973,-0.023407861343436167,0.4270249829484923,1.7152254159349036,-0.03845183017736646,0.7014691297474109,1.672427401276154
2023-12-18 00:00:00+00:00,0.05831227779371014,0.75,1.7525602866026442,0.060805130192707585,0.7821284132306665,1.7793770631904957,0.056715227339943025,0.729520529350435,1.8324036380733173,0.04848747672451416,0.6236880525033615,1.9000937407817293,0.049330736681526224,0.6345347947112729,1.9858877692766228,0.033993996038239736,0.4372603116956518,1.773532781928883,0.056715227332056826,0.7295205292489958,1.767279501535892
2023-12-25 00:00:00+00:00,0.014080534694017596,0.7499999999999999,1.7772372725215102,0.01407445527634783,0.75,1.8044208260861296,0.012951609846784166,0.6903662505052081,1.8561362150754708,0.011159593577730996,0.5948454953909125,1.9212980146884437,0.011344549344926548,0.6047042867704115,2.0084167710686676,0.007933525905105808,0.4228847685489663,1.7876031501978704,0.012951609845079913,0.6903662504143655,1.790168616126992
2024-01-01 00:00:00+00:00,-0.07597237423781271,0.7499999999999999,1.6422163373441165,-0.07491797800048793,0.7395906642728868,1.6692372663337867,-0.0759860078770208,0.75,1.7150958340159224,-0.07601670192085885,0.75,1.7752472762047344,-0.07601347306850262,0.75,1.8557500369307105,-0.04249959378447102,0.41955620850018205,1.7116307424666202,-0.07598600787704916,0.7499999999999999,1.6541408495607204
2024-01-08 00:00:00+00:00,-0.04229145267900132,0.75,1.5727646228246448,-0.04228740702497656,0.75,1.5986495506310705,-0.04574710634139067,0.8116760204862578,1.6366351625115199,-0.04574862602653046,0.8117029837651469,1.6940321524610271,-0.045748466158875865,0.8117001472853766,1.7708523191668533,-0.024696311715964175,0.438178621937568,1.6693597761080372,-0.042291456657704236,0.75,1.584184823515785
2024-01-15 00:00:00+00:00,-0.039992117135864015,0.75,1.5098664358014986,-0.04174091303601095,0.7831159426130252,1.531920458763121,-0.045337243265641244,0.8505879582657473,1.5624346360116328,-0.045338821539282446,0.8506175688123392,1.61722673101879,-0.045338655508005136,0.8506144538411805,1.6905642559125955,-0.023946784047991734,0.44927403351514666,1.629383978051174,-0.039992117137618896,0.75,1.5208299184861036
2024-01-22 00:00:00+00:00,0.005575645174853372,0.75,1.5182849153089484,0.005561565659879688,0.75,1.5404403349802451,0.0066314575786406045,0.890982655671388,1.5727958550197427,0.006631699395695576,0.8910151454821523,1.6279516925535902,0.00663167395698022,0.8910117276130196,1.7017755268611328,0.0034259227639570513,0.46029665818675725,1.6349661217128064,0.005575645174852917,0.7499999999999999,1.5293095264828827
2024-01-29 00:00:00+00:00,0.012128115729400955,0.75,1.536698850472019,0.01206170150602695,0.745851895709466,1.559020666488621,0.014313792941540317,0.885113065922423,1.595308529227808,0.014314311457418457,0.8851451290646315,1.651254700118434,0.01431425691050076,0.8851417560809817,1.726135178956626,0.007418369891491304,0.458725101419406,1.6470949051637291,0.012061532624742112,0.7458414527030309,1.547755343229885
2024-02-05 00:00:00+00:00,-0.013064341412907288,0.7499999999999999,1.5166228920406304,-0.013064576080152839,0.75,1.5386527223807498,-0.01311618694423548,0.7500000000000001,1.5743841643247227,-0.015200459427619351,0.8726536923183208,1.6261548700446178,-0.015200402321330611,0.8726504138638792,1.6998972297754833,-0.007931538259722344,0.45534716770036177,1.6340309089060292,-0.013064576670904276,0.75,1.5275345748804563
2024-02-12 00:00:00+00:00,-0.00359580680745265,0.75,1.511169409121092,-0.003637879146181069,0.7599281389872479,1.5330552897287861,-0.003638069395614367,0.7599678807961366,1.568656445479553,-0.0042419918958928335,0.8861231716366572,1.619256734264422,-0.004241975713259485,0.8861197911949357,1.6926863070117386,-0.002197236158592066,0.4589876457735546,1.630440557108724,-0.003595806911941059,0.75,1.5220418554978723
2024-02-19 00:00:00+00:00,0.03589536687168406,0.75,1.56541338946676,0.035889014889387824,0.75,1.5880751338481172,0.036506979271677974,0.7627427920044535,1.625923353819059,0.04259298452526874,0.8898981122168513,1.688225711289384,0.04259282134651289,0.8898947029120468,1.7647825924819784,0.022016794081592097,0.4599983708268287,1.666337631116863,0.03589536687163428,0.75,1.5766761062949513
2024-02-26 00:00:00+00:00,0.1614108788977344,0.75,1.8180881404988711,0.15581679531631756,0.7240157866526705,1.835523911925863,0.15836970715315812,0.7358781052689195,1.8834203592168641,0.18369262459187075,0.853543161545495,1.9983403230996089,0.1836919495937961,0.8535400251104205,2.088958947504187,0.09686446707397303,0.45008885714074187,1.8277465377203046,0.1558158398670037,0.7240113470774296,1.8223472179955365
2024-03-04 00:00:00+00:00,0.07027199255060997,0.7500000000000001,1.94584881676436,0.07027286191692127,0.75,1.9645114303338365,0.07027247496020769,0.75,2.015772969249477,0.06752258516304153,0.72108513968294,2.133273427750842,0.06752237554860883,0.7210829011748597,2.2300104180631912,0.038424463216417355,0.41034135998717486,1.8979767173278728,0.07027286206206314,0.7499999999999999,1.9504087726749213
2024-03-11 00:00:00+00:00,-0.018506457857387748,0.75,1.9098380476400627,-0.017294675595118877,0.7007558788856013,1.9305358424433097,-0.017294681848004003,0.700756132243693,1.9809108170685008,-0.016670750196555704,0.6754753011364247,2.0977101593358576,-0.016670701717932432,0.6754733368509388,2.192834579555778,-0.009752502112445584,0.3951576397922897,1.8794666953827601,-0.017294675592773506,0.7007558787905703,1.916677085678209
2024-03-18 00:00:00+00:00,-0.008390538115165443,0.7499999999999999,1.8938134787075456,-0.008397874431144566,0.75,1.9143234448536468,-0.007978828209625673,0.7130887757496661,1.965105469960522,-0.007686099986139748,0.6869268876843072,2.081586949309261,-0.007686077255995874,0.686924856231813,2.175980283567693,-0.004465006988715442,0.3990493696124048,1.8710748634528183,-0.007978825273013843,0.7130885132969748,1.9013842541067931
2024-03-25 00:00:00+00:00,0.0416196772336605,0.75,1.9726333844321096,0.041971501527835006,0.7563517469970581,1.994670474244092,0.03988901861644519,0.7188241501566965,2.0434915986350553,0.03841423005910441,0.6922475717358313,2.1615495092680566,0.03841411557657847,0.6922455086917338,2.259568641673018,0.022243380498156717,0.4008391190804495,1.912693893581136,0.03988900381719066,0.7188238834652129,1.977228577876805
2024-04-01 00:00:00+00:00,-0.03328478333962933,0.75,1.906974709622767,-0.03328673514734947,0.75,1.9282744064616908,-0.03328105178691963,0.75,1.9754820489147467,-0.03328397112461744,0.75,2.0896045578171476,-0.02959614692648757,0.6666372291244955,2.1926941161635796,-0.017408502051891397,0.3921171090245786,1.8793967580100885,-0.03328105179500644,0.75,1.9114243311659203
2024-04-08 00:00:00+00:00,0.09464136836524426,0.75,2.08745340557938,0.09790263648591645,0.7758246703217808,2.1170575547226056,0.09790206091431809,0.7758201092327074,2.16888581280274,0.09790235656388693,0.7758224520933035,2.2941817683140853,0.08668977050461296,0.6869688604523654,2.3827782658806154,0.05035859349634703,0.3990642193051894,1.9740405353650712,0.09464136878776862,0.7500000000000001,2.0923241462017077
2024-04-15 00:00:00+00:00,-0.02680259673693456,0.75,2.031504233742495,-0.026796681758814556,0.75,2.0603274371636098,-0.025236724172521322,0.7066387220246356,2.114150239783343,-0.025236793587737366,0.706640665679415,2.2362839765743923,-0.022577040997561346,0.6321664923130417,2.3289821832837307,-0.013568778286107018,0.3799314079745065,1.9472552170129145,-0.024469492123999792,0.6851559071173856,2.04112603698537
2024-04-22 00:00:00+00:00,0.018634045160699542,0.75,2.069359375378205,0.01915714231544417,0.7706508865541396,2.0997974230937673,0.01802068587557906,0.7249336731780015,2.152248677148259,0.01802073672592211,0.7249357187786087,2.2765834613606377,0.016077628140513934,0.6467686138232654,2.366426692772449,0.009574396980180352,0.38515752503695866,1.9658990114823232,0.017459089604636793,0.7023418556218807,2.076762239359455
2024-04-29 00:00:00+00:00,-0.02046068488769393,0.75,2.0270188652791963,-0.02045524179506503,0.75,2.0568455590837296,-0.019422901983938083,0.7121011225371128,2.110445762046948,-0.019422955820840575,0.7121030963574374,2.232365481368174,-0.017361789859123174,0.6365346464786285,2.3253412898155137,-0.010405728904820348,0.3815048461896761,1.9454423993145837,-0.018827993638165355,0.6902900203042031,2.037660973128813
2024-05-06 00:00:00+00:00,0.03845961634598924,0.75,2.1049772331639165,0.03926614443412315,0.7656617971948652,2.137609953885396,0.03846351481855494,0.75,2.1916209238891975,0.03724280931985406,0.7262082062644435,2.315505043322993,0.03322076895111944,0.6477812890945602,2.402590915536973,0.01977079659048987,0.38551642560285476,1.9839053452699469,0.0384591785162645,0.75,2.116027740249999
2024-05-13 00:00:00+00:00,-0.03540875567402604,0.75,2.030442608615428,-0.03540417516237664,0.75,2.0619296366491975,-0.034088811451969785,0.7222208477213986,2.116911171440547,-0.033046278458494956,0.7001332761618625,2.238986218889292,-0.02959219026388217,0.626953414566143,2.331492988038128,-0.017843586661430533,0.37804222957922856,1.9485053583135474,-0.03408895379689218,0.7222238635047641,2.0438945683796748
2024-05-20 00:00:00+00:00,-0.04670613058116902,0.75,1.9356084909998665,-0.04840715626454901,0.7775277278711551,1.9621174865214148,-0.046550731362513594,0.7477093715075916,2.0183674081805143,-0.04507842303582113,0.724060790671263,2.138056250942827,-0.04022301988099087,0.6460721031672548,2.2377132992278796,-0.023963670731426658,0.3849104118703236,1.901812017488501,-0.04655093260491756,0.747712603912905,1.9487493700754754
2024-05-27 00:00:00+00:00,-0.015417289418060266,0.75,1.9057666546940666,-0.015435092455516483,0.7500000000000001,1.9318320217083713,-0.016100226209584886,0.7842151607878366,1.9858712363347546,-0.015566969251399256,0.7582411039167712,2.104773195026638,-0.013819979651543343,0.6731481547798157,2.2067881469665624,-0.008096371360474678,0.3943607428616613,1.8864142411371003,-0.01541580625945158,0.75,1.9187078273381635
2024-06-03 00:00:00+00:00,0.007116016033340015,0.75,1.9193281207646744,0.007228246371163853,0.7617578021041892,1.945795779508983,0.007104916673593413,0.75,1.999980685993399,0.007308650295396408,0.7702312704198634,2.1201562462602124,0.006476949274471428,0.6825814160602905,2.2210814018539695,0.0037725954167117967,0.3975796957236243,1.893530918857234,0.007116016175750374,0.75,1.9323613832740407
2024-06-10 00:00:00+00:00,0.0005517542851099361,0.7499999999999999,1.9203871182798382,0.0005535224260014274,0.75,1.9468728211093602,0.0005488365072442615,0.7447089052818892,2.0010783484076557,0.0005635273874515146,0.7646427638579204,2.1213510123706567,0.000499812452066948,0.6781888214651473,2.2221915259956706,0.0002919075360170193,0.39608542566214494,1.8940836548021298,0.0005488304584754034,0.7447006977884448,1.933421922057963
2024-06-17 00:00:00+00:00,0.07027080753216589,0.75,2.0553342718557315,0.0702319240848144,0.7495850878436823,2.0836054452843014,0.0697367790014908,0.744300406046694,2.140627106955229,0.0716023940748163,0.7642121094044488,2.273244823529431,0.06351075037271765,0.6778500235827267,2.3633245772835503,0.037100155978674346,0.39596983908208144,1.9643544538319464,0.06973601084873497,0.7442922075549329,2.0682510541897794
2024-06-24 00:00:00+00:00,-0.030240763792180957,0.75,1.993179393626568,-0.030240891473860197,0.75,2.0205953591391146,-0.02803900046459248,0.6957790184062248,2.080606062508792,-0.02873898591054491,0.71314893810427,2.2079140725747997,-0.025685198762535378,0.6373701660704112,2.3026221157756375,-0.015386243708514536,0.381804820681392,1.9341304174753822,-0.028038711748081604,0.6957718539963956,2.0102599590586863
2024-07-01 00:00:00+00:00,0.1062190791713382,0.75,2.2048930734408683,0.10954223715654181,0.7733879407844549,2.241935895167339,0.1062318894081981,0.75,2.3016327756432524,0.10623214145411472,0.75,2.4424655126510966,0.09265666003752068,0.6541727224721369,2.5159753903519375,0.05492369143832002,0.3877711622874811,2.040359999726269,0.10623188896785234,0.75,2.223813671825928
2024-07-08 00:00:00+00:00,-0.0967062736355134,0.75,1.9916660805436475,-0.09669647203753412,0.75,2.0251486035703468,-0.0873887820514322,0.6779772009657289,2.1004958906501314,-0.08738876214061526,0.6779770464941866,2.229021474929374,-0.07717014401974377,0.5986992496340737,2.3218172071283476,-0.047380000340531324,0.3675821914273063,1.9436877422444316,-0.08738878208621814,0.677977201235604,2.0294773034583793
2024-07-15 00:00:00+00:00,-0.056694917140152394,0.75,1.8787487371363734,-0.06270598552811198,0.8302856977562518,1.8981596645425884,-0.05610618348895954,0.7428981669650457,1.9826450827915096,-0.05610616948153445,0.742897981493681,2.103959618279007,-0.0489968903793272,0.6487644994949998,2.2080553839498442,-0.02914178894110847,0.38586444915990137,1.8870452042925248,-0.056106183513431725,0.7428981672890803,1.9156110774341988
2024-07-22 00:00:00+00:00,-0.034176736274033725,0.75,1.8145392370220896,-0.03423421818360567,0.75,1.8331776524393175,-0.03583822511157981,0.7870569273470353,1.9115906019980606,-0.0358382156323964,0.7870567191710737,2.0285574597972693,-0.031063149547580375,0.682189672075597,2.13946622934887,-0.018097530069149825,0.3974467587177827,1.8528943469659958,-0.03417181659506234,0.75,1.8501511670286477
2024-07-29 00:00:00+00:00,0.04882394234515872,0.75,1.9031321961134842,0.05056188178461663,0.7765858079889867,1.9258665641921555,0.05314837805749775,0.8163121043023296,2.013188542004213,0.05314836347726236,0.8163118803628028,2.1363719690050864,0.04583987727486809,0.7040599929263363,2.237539098735947,0.02635386921644298,0.4047721345947654,1.901725282257824,0.04882394351684189,0.7500000000000001,1.9404828431052734
2024-08-05 00:00:00+00:00,0.01350886991796171,0.75,1.928841361387466,0.013517125727983812,0.75,1.951898744675661,0.013526484252032777,0.75,2.040419905114006,0.013972877605369229,0.7751157469091269,2.166223233047536,0.012135670177390707,0.6732005617924004,2.2646931352472226,0.007109397189361948,0.3943787291451278,1.915245402634446,0.013508869917688312,0.7499999999999999,1.9666965734102888
2024-08-12 00:00:00+00:00,-0.019811813781623243,0.75,1.890627515521365,-0.019546800605957006,0.739997362611208,1.913745369110468,-0.01954662011811935,0.7399905297526473,2.0005365923472933,-0.020192297325805474,0.7644343986198774,2.1224822094517726,-0.017569170194197837,0.6651287783132993,2.224904356116433,-0.010343853137606924,0.3915947266957878,1.8954343854671185,-0.01954695982970183,0.7400033904596324,1.9282536344926258
2024-08-19 00:00:00+00:00,-0.08796527357045263,0.7500000000000001,1.724317948898703,-0.08796267689268851,0.75,1.745407203552525,-0.08851827414280079,0.7547432085366437,1.8234525458331912,-0.09150252874284859,0.780188190533206,1.928269720075227,-0.07940310405601893,0.6770235197573918,2.04824004401303,-0.046407292602570135,0.39568766175736914,1.8074724073317732,-0.08796267812371089,0.7500000000000001,1.7586392807008753
2024-08-26 00:00:00+00:00,0.07100815810837895,0.75,1.846758590443218,0.07790963732445808,0.8223347674465226,1.8813912457647988,0.07845014999840971,0.8280398686291253,1.9665026715687872,0.08136135634689748,0.8587675972874257,2.0851563599032,0.06967496843216167,0.7354179910232818,2.190951104421127,0.03931263170681274,0.4149440937287474,1.8785289044014333,0.07100815972617586,0.75,1.88351701964561
2024-09-02 00:00:00+00:00,-0.0022477895974502586,0.75,1.8426074656946176,-0.002230963649111233,0.75,1.8771939302857414,-0.0022296450060793685,0.75,1.9621180687076822,-0.00236597481127109,0.7941541393605484,2.0802229324781076,-0.0020482724798365675,0.6875153787147089,2.1864634395692737,-0.0011894568572485783,0.3992485812929117,1.8762944753145534,-0.002247789597734473,0.75,1.8792832696816948
2024-09-09 00:00:00+00:00,-0.002651561996855814,0.7499999999999999,1.837721677763459,-0.0026571984192891632,0.7516769639825193,1.872205853541487,-0.002657194907563081,0.7516759705739801,1.9569043385674747,-0.002814014271201819,0.7960375441388068,2.074369155458833,-0.002435373787302836,0.6889264878804648,2.181138583821651,-0.0014130352890170807,0.39972403578828714,1.8736432050083462,-0.002651561996855853,0.75,1.8743002335824797
2024-09-16 00:00:00+00:00,-0.007874342019383057,0.75,1.8232508287363152,-0.007875134529194583,0.7499999999999999,1.8574619805785022,-0.007912110727765117,0.7536786416224383,1.941421094757085,-0.008380376555543655,0.7982839265004501,2.0569851608208825,-0.007249999734512259,0.6906083774201256,2.1653253296680095,-0.00420223677822715,0.400289659202569,1.8657697126229846,-0.007874342019383057,0.75,1.8595413524962416
2024-09-23 00:00:00+00:00,-0.03700506825615676,0.75,1.7557813073708335,-0.03729513690394792,0.7559532334108903,1.7881876817189486,-0.037479461009548486,0.75968938818043,1.8686576785330218,-0.03971637009516627,0.8050303842591963,1.9752891768934553,-0.03432015362171619,0.6956518531709277,2.09101103171281,-0.01983172544457606,0.40197886959244056,1.82876827993944,-0.03700506825615675,0.7499999999999999,1.7907288978219722
2024-09-30 00:00:00+00:00,-0.06368718151123204,0.75,1.6439605445542789,-0.06369135762931441,0.75,1.6742955805742523,-0.06700225332022203,0.7892708336148724,1.7434534033871742,-0.07116658084841027,0.8383256354572831,1.8347145999870773,-0.06115361470899134,0.7203752421466829,1.9631381487271944,-0.03481496294377394,0.41011210016439936,1.7650997800405992,-0.06368718151123204,0.75,1.6766824214689757
2024-10-07 00:00:00+00:00,-0.0031092136147237606,0.75,1.638849120047082,-0.0033362041247836094,0.8010179187292754,1.6687097887522335,-0.003115102546373734,0.75,1.738022367250799,-0.003137446272676277,0.7500000000000001,1.8289582815039231,-0.0031957634374182487,0.7672983071915354,1.956864423608891,-0.001769711146117628,0.42490515747656443,1.7619760632858514,-0.0031092136147237606,0.75,1.6714692576565764
2024-10-14 00:00:00+00:00,0.03534212253291819,0.75,1.6967695264607512,0.03532582934247028,0.7500000000000001,1.7276583459718047,0.035452721373372346,0.7523436275499288,1.7996399899776307,0.03545351601241269,0.7523604906169953,1.8938012832232574,0.036273352443866855,0.7697582725345515,2.0278464565313206,0.02005832158970288,0.4256584499799331,1.7973183457965975,0.03534212253291819,0.75,1.730542528970681
2024-10-21 00:00:00+00:00,-0.030784278210061012,0.75,1.6445357012998298,-0.029745392749873915,0.7244096290694504,1.676268469933276,-0.02983468563474916,0.7265842389713922,1.745948296620925,-0.029835331454286858,0.72659996705055,1.8372990942297378,-0.030501101786083572,0.7428139213646797,1.96599490535411,-0.01713451236388031,0.41728834613747245,1.7665221723787168,-0.02974492464629879,0.7243982290270954,1.679067671849233
2024-10-28 00:00:00+00:00,0.038914384931376174,0.75,1.7085317966136022,0.038920069901724676,0.75,1.7415089559571362,0.038863858033801824,0.748928278730284,1.8138025833551588,0.03886472517569824,0.7489449890395729,1.9087052185925357,0.039759269474783594,0.7661833579523888,2.0441614265821357,0.022031692031729763,0.42456302656540384,1.805441644847787,0.038743347184224404,0.7466059672638351,1.7441203736054953
2024-11-04 00:00:00+00:00,-0.15443993863952082,0.75,1.4446662507809274,-0.14864539633047233,0.7219034666169701,1.4826416669858205,-0.15444032495265245,0.75,1.5336783229818276,-0.14844420746468132,0.72092638328143,1.6253689851348654,-0.15173027667255284,0.7368853353328728,1.7340002477634682,-0.08553623762192747,0.41541082324110834,1.651010959301563,-0.15444115922590357,0.75,1.4747564012763466
2024-11-11 00:00:00+00:00,0.08463885477155944,0.75,1.5669411477741477,0.08466893499201983,0.75,1.6081753579043028,0.10021607242677817,0.8869864802363042,1.687377540877154,0.09565291068428676,0.846599118461788,1.7808402594989805,0.09814910088618314,0.8686922509061683,1.9041908130178715,0.05132532231739727,0.4542671238943665,1.735749628937271,0.08463885378500405,0.75,1.5995780926924739
2024-11-18 00:00:00+00:00,0.19758181629301433,0.75,1.8765402257756243,0.18215381611735776,0.6914552226993741,1.901110636332469,0.2123798100490647,0.8061929856013217,2.045742462489702,0.2035537126510455,0.7726891520171721,2.1433369059584493,0.20839094782063236,0.7910512791069555,2.301006941374006,0.11382781389601378,0.4320899670646593,1.9333262146700176,0.1821588679432556,0.691474399412087,1.8909554272441669
2024-11-25 00:00:00+00:00,0.09908341338674259,0.75,2.062474236703002,0.09909171497489122,0.7500000000000001,2.0894949496436603,0.08779846608756739,0.6649673467992636,2.225355512706501,0.08476683089975344,0.6420063715438042,2.3250207830270297,0.08643383495935468,0.6546319140619509,2.4998917955850564,0.05122037247399092,0.3879324628761685,2.0323519034991473,0.07723014852041822,0.5849251045378768,2.036994195735725
2024-12-02 00:00:00+00:00,0.18689844020682705,0.75,2.447947454509559,0.17003331933655577,0.6823816336538701,2.4447787116685413,0.1868822570852311,0.75,2.6412349737381535,0.14747202534746226,0.5918381289473019,2.6678963068749684,0.15014144634887924,0.6025511107967673,2.8752291654898934,0.09195366817662284,0.36903057915743215,2.2192341160516356,0.18685224494169192,0.75,2.4176111341421413
2024-12-09 00:00:00+00:00,-0.07876304450481916,0.75,2.2551396602045637,-0.07876900563463782,0.75,2.2522059235536793,-0.06637432276258193,0.6319076686190126,2.4659247910994377,-0.05417604678813157,0.5157756493175416,2.5233602317278265,-0.05502868243519581,0.5238930504674569,2.717009092813737,-0.035498060093414635,0.33795442967250666,2.140455610038679,-0.06637600118187173,0.6319236477804753,2.2571397746450166
2024-12-16 00:00:00+00:00,-0.15988864320873533,0.75,1.8945684396882476,-0.17358292723191107,0.8141280575526841,1.861261426614182,-0.14430956713571658,0.6768319295681929,2.1100682519066454,-0.11626923410755552,0.5453188699292815,2.2299710702073683,-0.11820566659063811,0.5544010074480693,2.3958432218648644,-0.07470838073386353,0.3503926904545557,1.980545637379975,-0.1443134757559562,0.6768502615404332,1.9314040884989785
2024-12-23 00:00:00+00:00,-0.008142130362871093,0.7499999999999999,1.8791426164709246,-0.008172955151345772,0.75,1.8460494204495346,-0.008556377500124538,0.7909775586745887,2.0920137113923043,-0.006675077715707546,0.6170644849945737,2.2150858400099547,-0.006801152017095271,0.6287191768453967,2.3795487279038343,-0.004096398365305336,0.3786835232901577,1.9724325334685993,-0.008120931185726377,0.75,1.9157192888044476
2024-12-30 00:00:00+00:00,-0.07411563335760209,0.75,1.7398687712819205,-0.07472488703593885,0.7561802270822778,1.7081035860436828,-0.07883808900204314,0.7978038697552751,1.927083348220063,-0.061387390091374276,0.621211117481625,2.079107501463384,-0.06255477266586792,0.6330244725135026,2.2306965981824547,-0.03757500580015891,0.3802411424846536,1.8983183695830945,-0.07411562919932164,0.7499999999999999,1.773734548345429
2025-01-06 00:00:00+00:00,0.08183291479406493,0.75,1.8822473041950882,0.08182803770282514,0.7500000000000001,1.8478743506827962,0.08179501630882292,0.75,2.0847091621161846,0.08190665962034033,0.75,2.249400251899842,0.08190553569240666,0.75,2.4134029980238183,0.0431285934390357,0.3950865207950939,1.980190170762697,0.08183291479652487,0.75,1.918884416511833
2025-01-13 00:00:00+00:00,0.003932896184933103,0.75,1.889649987436858,0.003659490838466492,0.693270994891725,1.854636629939757,0.003659602543075039,0.6932921567332265,2.092338369067437,0.0036592249040771486,0.6932206150419555,2.2576313133208314,0.0036592287054303656,0.6932213351880198,2.422234191551959,0.0019992725199948005,0.3787515012818831,1.9841491105554667,0.003659474340835971,0.6932678695037328,1.9259065247970881
2025-01-20 00:00:00+00:00,0.012009036948140012,0.75,1.9123428639550395,0.012005316774288623,0.7500000000000001,1.8769021301833828,0.011060506566915514,0.6907642341851373,2.1154806913387167,0.01105936938052628,0.6906932132350089,2.2825992919398894,0.01105938082756636,0.690693928139505,2.4490226019298844,0.0060524628404335125,0.3779957846968648,1.9961580993169827,0.011060120510904568,0.6907401237447032,1.9472072830540814
2025-01-27 00:00:00+00:00,0.07135848903091306,0.75,2.04880476123592,0.07051294771951329,0.7411028258137852,2.0092480319636468,0.0650044513959008,0.6832076119070725,2.252996353117811,0.06499784106691117,0.6831381362483144,2.4309633179368424,0.06499790760726537,0.6831388355985208,2.6082039467382274,0.03574840991702595,0.3757217428101634,2.0675175773105576,0.06500220729997326,0.6831840260850771,2.0737800545231804
2025-02-03 00:00:00+00:00,0.05095719488234293,0.75,2.1532061047300908,0.05095530478636014,0.75,2.111629877823749,0.05094293329527531,0.75,2.36777059604919,0.04359083794335621,0.6414455597055004,2.5369310459752707,0.04359087984515237,0.6414461762965632,2.7218978515921455,0.024651733680779105,0.36275386880899246,2.118485470006747,0.05094292822919796,0.75,2.179424483003897
2025-02-10 00:00:00+00:00,-0.026903021181828007,0.75,2.095278355285696,-0.025584826182067876,0.713636437804994,2.057604194438767,-0.0255851273615506,0.7136448385911344,2.307190883786337,-0.022036113450518976,0.614652348778398,2.481026945630016,-0.022036133748000137,0.6146529149351524,2.6619177464860666,-0.01269232627684511,0.3540265017713864,2.0915969612086656,-0.025585127484883882,0.7136448420312641,2.1236636297625653
2025-02-17 00:00:00+00:00,0.005822456240260006,0.75,2.1074780218205107,0.005839260839005788,0.75,2.0696190820335274,0.005696007151491599,0.7323829496349733,2.32033265956024,0.004888088142414304,0.6285020921856904,2.4931544240239605,0.004888092746287645,0.6285026841439251,2.6749294473138794,0.0027887883916612307,0.3585776867674351,2.0974299825341185,0.005696007179670191,0.732382953258129,2.1357600330448974
2025-02-24 00:00:00+00:00,-0.011295832599304782,0.75,2.0836723028793123,-0.011230165702252132,0.7456459786371817,2.046376916801748,-0.010967937918720918,0.7282349183321873,2.2948833949994025,-0.009419818044365083,0.6254448625692318,2.4696693629931508,-0.009419826873317012,0.6254454487825325,2.649732075021845,-0.005385515446577771,0.3575804705022137,2.0861342409650656,-0.010967937972672853,0.7282349219144179,2.112335149477947
2025-03-03 00:00:00+00:00,0.07729835430625466,0.75,2.244736742805407,0.07729871377112638,0.75,2.204559220361446,0.07729962417520686,0.75,2.472277018958779,0.06507463190406128,0.6313924647013013,2.630382187714668,0.06507469347683635,0.6313930621166852,2.8221625775996326,0.0370536792322742,0.35951665299019436,2.163433189965249,0.07729962417509054,0.75,2.275617862664426
2025-03-10 00:00:00+00:00,-0.0032729019700278297,0.75,2.2373899394976853,-0.0030289164545548707,0.6961857379134851,2.1978817946638527,-0.003028913894878957,0.6961851495810265,2.464788704744065,-0.00257917925067027,0.5928152317106123,2.6235979605547812,-0.0025791815419518717,0.5928157583535874,2.8148837079711004,-0.0015082729689769514,0.34667120920523886,2.160170142164637,-0.003028913894879284,0.6961851495811017,2.2687252121007666
2025-03-17 00:00:00+00:00,-0.045538070840761044,0.75,2.1355035179344335,-0.04555078912188443,0.75,2.0977665445202907,-0.04239884643173149,0.6983002408834357,2.360284506964955,-0.036087165632999754,0.5943481621581246,2.5289197463978406,-0.03608719777488052,0.5943486915282603,2.713302442888258,-0.021080706086483082,0.3471948738484318,2.114632230300868,-0.042398846431736074,0.6983002408835112,2.1725338802370984
2025-03-24 00:00:00+00:00,0.06190953715731529,0.75,2.267711552327573,0.06488664914101926,0.7857935146805585,2.233883586274347,0.06021496498357302,0.7292182536345002,2.5024089559031197,0.05091550646102196,0.6165994900860843,2.6576809760849662,0.05091555350790249,0.6166000598355489,2.8514517386022575,0.029286894516101968,0.35467160163982303,2.176563241370039,0.06021496498357983,0.7292182536345827,2.3033529317612165
2025-03-31 00:00:00+00:00,0.10400422938888544,0.75,2.503563144803675,0.10402033815642862,0.75,2.4662529123207,0.09539942153836237,0.6878022643698476,2.741137322748695,0.08137996544783434,0.586726036770068,2.8739629620901277,0.08138003700126255,0.5867265526496106,3.0835029865970234,0.047793860661322365,0.34457992570338186,2.280589601648635,0.09539942153837253,0.6878022643699209,2.523091469049951
2025-04-07 00:00:00+00:00,-0.04860215537432375,0.75,2.381884579850496,-0.04399420424067488,0.6793353112066786,2.357752077986904,-0.048625613372687164,0.75,2.6078478390912743,-0.048664522505193354,0.75,2.7341029268424006,-0.03513732310673867,0.5425720214667932,2.9751569458563702,-0.021297341795999302,0.32886232553977535,2.232019105405922,-0.048625613372687136,0.75,2.4004045987720026
2025-04-14 00:00:00+00:00,-0.020523061258186044,0.75,2.3330010167082955,-0.02048557046706265,0.75,2.3094521816494398,-0.021549072789858386,0.7883331846454277,2.5516511361818215,-0.021549954135869763,0.7883654270678603,2.6751831341661996,-0.015371302432244821,0.5623308212250556,2.929424908658218,-0.009185062913747068,0.33601862913427105,2.211517869498083,-0.02052307337987534,0.75,2.3511409190500148
2025-04-21 00:00:00+00:00,-0.061241595421962926,0.75,2.1901243123240177,-0.06251684945096522,0.7656855043550744,2.1650725072950583,-0.06578356683596379,0.8056951684773841,2.3837944231227417,-0.06578631660751752,0.8057288467615182,2.4991926895188508,-0.04663006884138201,0.5711095183536026,2.7928256235018263,-0.02768965015871955,0.33913359251771136,2.1502817133719243,-0.061241595426110636,0.75,2.20715329809578
2025-04-28 00:00:00+00:00,-0.018382531056893196,0.75,2.1498642841342646,-0.01839431907983385,0.75,2.1252474727648973,-0.021101209556909604,0.8624288118638933,2.3334934774598364,-0.021102153705444913,0.8624674002157758,2.4464543412451,-0.014656897192002551,0.599042931487823,2.7518914654629696,-0.008533948062358201,0.3487915073341257,2.13193132091057,-0.01838253105689553,0.75,2.166580234046205
2025-05-05 00:00:00+00:00,0.13454459962632218,0.75,2.439116913494039,0.1370658388855556,0.7640542578125089,2.4165463004588252,0.13450753256796769,0.75,2.6473659273764056,0.1580557659264468,0.8810596565111404,2.833130555954675,0.10906251170164385,0.6079536455684225,3.0520196606166787,0.06310925909784197,0.3517936964684525,2.2664759270207195,0.13454459962632218,0.75,2.458081904194255
2025-05-12 00:00:00+00:00,-0.037063561527406544,0.75,2.3487145536982146,-0.03706917918582616,0.75,2.3269669126362715,-0.03271433562719459,0.661079788780572,2.5607591099002147,-0.037649574079176636,0.7608093517036211,2.7264643972122804,-0.027126806324793952,0.5481689617617984,2.9692281143836667,-0.01637549278575223,0.3309101989827328,2.2293612668287106,-0.03271326680699297,0.6610581904378398,2.377670015028907
2025-05-19 00:00:00+00:00,-0.01637886529535246,0.75,2.3102452744059576,-0.01701742362755576,0.778872151340906,2.2873679309166346,-0.014932301926060673,0.683438009193717,2.5225210817112744,-0.017273097867597332,0.7905741310143257,2.679369910846713,-0.012310787606703944,0.5634536600715557,2.9326745777116354,-0.007350357228164682,0.3364192296508689,2.212974665126886,-0.014931797569028874,0.6834149252266607,2.342167127678546
2025-05-26 00:00:00+00:00,-0.018036461771097457,0.75,2.268576623832276,-0.018045527032915367,0.75,2.246091171085055,-0.016684588481705745,0.693798010563146,2.4804338555264946,-0.019346045443282577,0.8044698168930473,2.6275346987921084,-0.013718933254224894,0.5704766772801296,2.8924414109236474,-0.008150181317736507,0.33891034173091045,2.194938520354545,-0.01668401639676402,0.6937742214601136,2.303090372916395
2025-06-02 00:00:00+00:00,-0.0012702921667078406,0.75,2.2656948687174454,-0.0012971490825689324,0.7637828643254627,2.2431776559831156,-0.0012873654192559147,0.75,2.477240630756138,-0.0013932015614699367,0.8203401548068909,2.623874013346935,-0.0009823294852924326,0.5784118711336637,2.889600080441216,-0.0005803084377634268,0.34169521972709,2.193664779010811,-0.0012873737278095844,0.75,2.3001254348775313
2025-06-09 00:00:00+00:00,0.022246830698728907,0.75,2.3160993988767813,0.022241688582561522,0.75,2.2930697148428525,0.02227583314960632,0.750966768648969,2.532423229718287,0.024367596182601873,0.8214846485019074,2.687811515738196,0.017174229600778818,0.5789806208689562,2.9392267356771424,0.010141547708285816,0.3418936234816139,2.2159119350231355,0.022246826318612908,0.75,2.3512959259382757
2025-06-16 00:00:00+00:00,0.06538910489927288,0.75,2.467547065427078,0.06397182776455736,0.7336816805426402,2.439761575692902,0.06405214959324361,0.734602877518154,2.6946303812616077,0.06992374881989223,0.8019432199566288,2.875753373039888,0.04963062714175266,0.5692049641251675,3.0851024018806052,0.029511402597807268,0.3384611040475169,2.28130660425889,0.06397150624693822,0.7336779931134174,2.5017118679528365
2025-06-23 00:00:00+00:00,-0.08478219404304722,0.75,2.258343011315688,-0.0847884361114427,0.75,2.2328980072051117,-0.07802542100360044,0.6903824007112542,2.4843807113145786,-0.0847104914546982,0.7495330586325973,2.632146891507173,-0.06128844369479708,0.5422907348608611,2.8960212770302625,-0.037155577391062324,0.3287589658487166,2.196543340171607,-0.07793309140350448,0.6895654524634772,2.3067457282824364
2025-06-30 00:00:00+00:00,0.011334917505514816,0.75,2.283941143048107,0.012435843627638181,0.8194826525283343,2.2606659776591793,0.011363346586026963,0.7488084991049956,2.5126115903888864,0.012427042856414189,0.8189027096179149,2.66485669373231,0.008766687140246126,0.5776968774043156,2.9214097895174826,0.005181517562879092,0.3414455732712315,2.207924768066331,0.011348763526430024,0.7478475217303748,2.3329244400683162
2025-07-07 00:00:00+00:00,-0.10419591312275886,0.75,2.045963810129572,-0.10421245270031058,0.75,2.0250764313911707,-0.10419608854886722,0.75,2.250807290627816,-0.10421215199578683,0.75,2.3871462429180887,-0.07955983797657204,0.5726764025505533,2.6889829000003003,-0.04719126226390106,0.3396854869547205,2.10373001127755,-0.1041962260146806,0.75,2.089842517835786
2025-07-14 00:00:00+00:00,0.11789790940874899,0.75,2.287178666069807,0.13168119440434448,0.8372520942726215,2.291740914636848,0.13167878891026266,0.8372367997199948,2.547190868728076,0.1316811502006517,0.8372518132178016,2.701488405882707,0.09785459921220035,0.6221766782662151,2.95211224396829,0.05607106117639486,0.35650962622553506,2.221688385438511,0.11789790919978521,0.75,2.33623058124544
2025-07-21 00:00:00+00:00,-0.024427681625487786,0.75,2.2313081937944457,-0.02444759086000093,0.75,2.235713370398682,-0.024121624890638953,0.7398184077711685,2.485748486067757,-0.024122007112966967,0.7398301306594649,2.6363230833404065,-0.018477802843620352,0.5667204734695079,2.8975636959520066,-0.011006761228121172,0.3375810959429249,2.1972347918566997,-0.02187462144849714,0.6709020509188229,2.2851264216642933
2025-07-28 00:00:00+00:00,-0.09317485172429701,0.75,2.0234063836864395,-0.09551445258797793,0.7687951902667788,2.022170431681429,-0.09418632938387032,0.7581051354768071,2.251624960393522,-0.09418785871610115,0.7581174450617078,2.3880134572367444,-0.07173435704447276,0.5773893602318766,2.6897088272274834,-0.0424075545659606,0.34133812316263096,2.1040554375268097,-0.08521636904502872,0.6859059846830228,2.090396245201203
2025-08-04 00:00:00+00:00,0.07502081819936514,0.75,2.175203986140415,0.07502396881394595,0.75,2.1738816830843803,0.07502233111652998,0.75,2.4205471137224084,0.08369582482447702,0.8369477626863683,2.5878802132321246,0.06220165513380133,0.622008758606548,2.8570131681090287,0.035645895201775815,0.35645448623805265,2.1790563771516167,0.075000864406866,0.75,2.2471777705441602
2025-08-11 00:00:00+00:00,0.0026568175911447635,0.75,2.180983106355121,0.0024489897304708548,0.6976588632041953,2.179205497001513,0.0024489934612809397,0.697659926023157,2.4264750177766374,0.0027110329784189122,0.772308745234786,2.594896041834395,0.002055575223229903,0.5855844373808625,2.862885973589835,0.00120819391698198,0.3441856795740057,2.1816890998112517,0.0024490423652710107,0.6976738576055137,2.2526812041065183
2025-08-18 00:00:00+00:00,-0.019735358168800256,0.75,2.1379406235911,-0.019728287349301918,0.75,2.136213504763489,-0.018313742706641822,0.6959555354674547,2.382037178616982,-0.020267994322568518,0.7702206516475102,2.5423027035908397,-0.015377768991439816,0.5843831937668834,2.818861174439137,-0.009046154827044975,0.34377033834238163,2.1619532024298826,-0.018314107520621518,0.695969399062278,2.2114253583248282
2025-08-25 00:00:00+00:00,0.017497842260629094,0.75,2.175349971385288,0.017852870344249625,0.7650939941661346,2.1743510474916663,0.016542534164640372,0.7089388593320011,2.421442110025697,0.018344299038259567,0.786154425071522,2.5889394646312858,0.013849093219637254,0.593510054275631,2.857899845617161,0.008094839318639706,0.3469085265846888,2.179453866217971,0.01654286984339408,0.7089532450186429,2.248008680195977
2025-09-01 00:00:00+00:00,-0.006599924355660791,0.75,2.1609928261270563,-0.006599006427213399,0.75,2.1600024909542506,-0.0066034178749388465,0.75,2.4054523159132235,-0.006792622141340195,0.7719927590442434,2.571353777101242,-0.005150851069129497,0.5854027569239584,2.843179229141899,-0.003027874095561541,0.34412290694708886,2.1728547543139785,-0.0066034159837455066,0.75,2.2331641437455723
2025-09-08 00:00:00+00:00,-0.01957522723838039,0.75,2.1186909004951096,-0.019703730474349132,0.7549821319411106,2.1174423840485654,-0.019703817974123686,0.7549854846446217,2.358055721335035,-0.020285470012572755,0.7772724772832922,2.519192657164139,-0.01535710364991421,0.5884336912315502,2.799516231024684,-0.009008289850689398,0.3451680322906778,2.15328104888367,-0.01957522809528327,0.75,2.189449446257545
2025-09-15 00:00:00+00:00,0.003003315788207891,0.75,2.125053998326899,0.003000601887590309,0.75,2.1237959856630053,0.0030920996553047402,0.7701605886951142,2.3653470646181645,0.003185267661354731,0.793366285272167,2.527216960067726,0.00239933544686884,0.5976112694386767,2.806233209551866,0.0013984042551792274,0.34830567072924556,2.156292206265025,0.0030033157878577733,0.75,2.1960250543462068
2025-09-22 00:00:00+00:00,0.023561956343691574,0.75,2.1751244278634645,0.02349109042619114,0.7477562810914993,2.173686269208997,0.024120349019933696,0.7677865162727994,2.4224000613700305,0.024844811270464635,0.7908472251807268,2.590005188480126,0.01872928142561894,0.5961808316365873,2.8587919410794806,0.010926894679676651,0.3478192787697806,2.1798537841014904,0.023491026864610052,0.7477542578320152,2.2476119378932102
2025-09-29 00:00:00+00:00,-0.005884212468634759,0.75,2.162325533584198,-0.005885037512502466,0.75,2.1608940439742903,-0.005875236647964438,0.7497034084007396,2.408167887753438,-0.006047423279663396,0.7716751028873736,2.574342330808862,-0.004586222261993973,0.5852200800611979,2.845680885836893,-0.0026963097270279635,0.3440597738573282,2.173976223139919,-0.005725464603431574,0.7305919037929485,2.2347433153005523
2025-10-06 00:00:00+00:00,0.01081014416378234,0.75,2.1857005843312707,0.010876374365100435,0.7544399071545334,2.1843967365598704,0.010810296926757923,0.75,2.4342008976695357,0.010797792834410635,0.75,2.60213954598179,0.008475690045368281,0.5879163953216131,2.8697999949932753,0.004973544042880685,0.34498997367908624,2.184788589633881,0.010818496502022282,0.75,2.2589198780400492
2025-10-13 00:00:00+00:00,0.035664688420596745,0.75,2.2636529146521616,0.03566426171204304,0.75,2.2623016334554746,0.03528243733042984,0.7419789868388571,2.5200854382912374,0.035282873792457876,0.7419881655033108,2.6939505071730294,0.027721524545464345,0.5829752775648609,2.949355225995055,0.016323707988720283,0.34328264233826045,2.2204524405881525,0.03528215112573392,0.741972968040657,2.3386194305579826
2025-10-20 00:00:00+00:00,-0.031528124469952984,0.75,2.1922841838022364,-0.03043127595288308,0.7241729078883004,2.193456908159133,-0.030116926449176965,0.7166923344629679,2.4441882105005783,-0.030117286314091052,0.7167008981663657,2.6128160284325084,-0.023837053671378578,0.5672502362181198,2.8790512871770497,-0.014193767165015253,0.3377689998175959,2.1889358556454543,-0.030116690471947392,0.7166867189141226,2.2681879530361857
2025-10-27 00:00:00+00:00,0.032402262688830834,0.75,2.263319151814365,0.032413614685698894,0.75,2.2645547752098873,0.03193470264815379,0.7389471514737311,2.5222426342190376,0.031935096082722,0.7389562552802289,2.6962565593469767,0.025113188951610226,0.5811019956776328,2.9513534461533038,0.014807363079797953,0.34263224208497717,2.221348223618385,0.03193444465817268,0.7389411817622308,2.3406212756967535
2025-11-03 00:00:00+00:00,-0.00788871339681837,0.75,2.2454644757001714,-0.007633112101887358,0.72645303135442,2.247269174749846,-0.007892741836112067,0.75,2.5023352242591113,-0.007524202010335492,0.716087918789994,2.675969380322758,-0.005956273700388528,0.5668661782333807,2.9337743772414298,-0.003547633267319959,0.337632790764482,2.2134676947619742,-0.007892744011413664,0.75,2.3221473511400106
2025-11-10 00:00:00+00:00,0.04701466275245575,0.75,2.3510342307478345,0.04701193051849436,0.75,2.35291763704954,0.04738810038574669,0.7559666496020194,2.6209161370650915,0.045228593762354226,0.7215167566206498,2.7969997123458747,0.035747174506885526,0.5702628196684815,3.0386485218685086,0.0212400110715661,0.33883485255954976,2.260481773105272,0.047014663053425935,0.75,2.4313223264142634
2025-11-17 00:00:00+00:00,0.05280272740329311,0.75,2.475175250349823,0.050443550801834706,0.716324215740875,2.471607157406581,0.05082659517392313,0.7217636416946132,2.7541283805485013,0.04861061956245044,0.6902956548705896,2.9329636012790035,0.03877192076869597,0.5505811009718476,3.15646276160231,0.023364488108516622,0.33178767859282887,2.313296772612509,0.05044341915251833,0.7163223462532634,2.553966537620454
2025-11-24 00:00:00+00:00,-0.010236699440262394,0.75,2.449837625250016,-0.010248444271220979,0.75,2.446277029193549,-0.009361662715395618,0.6868532305990538,2.7283451595749075,-0.008972426987541245,0.6582955026324515,2.9066477995094115,-0.007224206360665883,0.5300307892077166,3.1336598232427377,-0.004418948664726393,0.32421261676381957,2.303074432928057,-0.00929447534689318,0.6819237792276155,2.5302287585997503
2025-12-01 00:00:00+00:00,0.02716175353134806,0.75,2.5163795110188794,0.02744429456009494,0.7577659218204068,2.513413376558331,0.027152501125306032,0.75,2.8024265545904883,0.02405759180946923,0.664255486486021,2.9765747458039007,0.019336012603561818,0.5338877041559614,3.1942523090802344,0.011794248960594209,0.3256516547085599,2.3302374661647898,0.027150480138392923,0.75,2.598925684255703
2025-12-08 00:00:00+00:00,0.02778192755535305,0.75,2.5862893842957804,0.027784201527335937,0.75,2.5832465603341297,0.027053218858888478,0.7301739509744959,2.8782412135077857,0.024032745045354985,0.6486505171181904,3.048110007778248,0.019405514491115095,0.523760268993459,3.256238418552369,0.011924871099138225,0.3218556095205112,2.3580252475791874,0.027053272087896617,0.730175387640328,2.6692351279280957
2025-12-15 00:00:00+00:00,0.0399743177572702,0.75,2.6896745379558746,0.03889542232074132,0.7297251688491266,2.6837230262569283,0.037894183428801916,0.7109407161838786,2.9873098140047873,0.033762616068026025,0.6334275151420684,3.151022175703973,0.027385756229857592,0.5137899114219712,3.345412970109141,0.016953211427244978,0.3180627521990998,2.3980013481521794,0.03789425602418649,0.710942078161101,2.770383807254555
2025-12-22 00:00:00+00:00,-0.01739768093467228,0.7500000000000001,2.642880438526406,-0.017403735319110082,0.75,2.6370162210381514,-0.01588173906744957,0.6849838138944037,2.9398661390251317,-0.014206720912702848,0.6127398159853618,3.106256483064009,-0.011594974001147892,0.5000944468097342,3.306622993697623,-0.007251528991287263,0.31276045802806796,2.380612171854908,-0.01588176838187627,0.6849850782337634,2.7263852132988378
2025-12-29 00:00:00+00:00,-0.05147195956912184,0.75,2.506846203448552,-0.05237933522893362,0.7632839925801791,2.498891064392258,-0.04776467713936298,0.6960381095309756,2.799444382061651,-0.04265442350551238,0.6215702916464095,2.973760903518653,-0.03472089525777769,0.5059610520538925,3.1918140830764883,-0.021619539608720078,0.31504501609584756,2.3291444327124893,-0.04776476672593474,0.6960394150075703,2.5961600595805807
2026-01-05 00:00:00+00:00,-0.0010683687048261186,0.75,2.5041679674169757,-0.0010765157536184655,0.75,2.4962009687948634,-0.0010373357724774153,0.75,2.7965404182610776,-0.0010215195409310322,0.7500000000000001,2.9707231486456522,-0.001024720101917793,0.75,3.1885433670239753,-0.0004492555913732341,0.32200665165558684,2.328098051552977,-0.0010373363733135904,0.75,2.593466968319834
2026-01-12 00:00:00+00:00,0.0006050758973509587,0.75,2.505683179096978,0.0006059223970912533,0.7508082569165174,2.4977134728694974,0.0006058986324112091,0.750778809716537,2.7982348382759845,0.0006058890395788802,0.7507669230826136,2.9725230772410396,0.0006058909807528617,0.7507693284227381,3.1904752766917945,0.0002599848024792441,0.32215137996430443,2.328703321665063,0.000605081544459907,0.75,2.5950362273185306
2026-01-19 00:00:00+00:00,-0.06017368290458462,0.75,2.354906994018645,-0.06017372597681288,0.75,2.3474167467844547,-0.06019971733772414,0.7503241893163651,2.6297818919671982,-0.060198764808565994,0.7503123170734378,2.7935808596261715,-0.060198957559233345,0.750314719501466,2.998411990916442,-0.025840005700714142,0.32206764727064374,2.268529614557966,-0.06013731912516126,0.749546463268361,2.4389777055749216
2026-01-26 00:00:00+00:00,0.08729233816699837,0.75,2.56047233169235,0.09290059265379887,0.7980198263551591,2.565493153766183,0.09294331955348001,0.7983868521414348,2.874202550708261,0.09294175472769071,0.7983734102249844,3.0532211666935187,0.09294207138043438,0.7983761302847847,3.277090612204148,0.038487669408441255,0.33061062777712125,2.3558400324063316,0.08729253276145692,0.75,2.651882246843283
2026-02-02 00:00:00+00:00,0.052072221924043545,0.75,2.693801815178607,0.05208755924903843,0.75,2.6991234304159812,0.052087674314981396,0.75,3.023913077084842,0.05073920454542312,0.730481205216559,3.2081391799927967,0.05073936271352331,0.7304834823280252,3.4433681014218567,0.022113122614819777,0.3183577788318359,2.4079350119038336,0.05207222187573075,0.75,2.7899716475892182
2026-02-09 00:00:00+00:00,-0.01869621587983653,0.7500000000000001,2.643437914904532,-0.0177579999114081,0.7128684237415913,2.6511923967777746,-0.0177579979692306,0.712868345775772,2.9702144348028394,-0.01731804169387089,0.6952069572131212,3.1525804919139406,-0.017318093072087183,0.6952090197149932,3.3837355321599767,-0.007758918198197672,0.3114702001060288,2.389252041119896,-0.017758258791994594,0.7128788161166647,2.7404266090490013
2026-02-16 00:00:00+00:00,0.025949354323657182,0.75,2.712033421990979,0.02595059874533056,0.75,2.719992426863226,0.025113954514414758,0.7257563251234709,3.044808265016536,0.02448078844224506,0.7074587574717104,3.229758147983635,0.02448086235045482,0.7074608933102012,3.4665722959531284,0.010862344479695914,0.31390576929190706,2.4152049198393564,0.025114330047502673,0.7257671774770375,2.8092505873796165
2026-02-23 00:00:00+00:00,0.006127484940076989,0.75,2.728651365941214,0.005979992582286648,0.7310293506502166,2.7362579613997435,0.005791412713784539,0.7079762419849739,3.062442006313589,0.0056488902804705445,0.6905534642064137,3.2480026973940506,0.005648906927109918,0.6905554991892007,3.4861546402090657,0.0025402304044236943,0.3105326566036828,2.421340096809646,0.0057914971921136996,0.7079865691111802,2.82552035426837
2026-03-02 00:00:00+00:00,0.014137810913476274,0.75,2.7672285230016893,0.014134236887261281,0.75,2.774932879610822,0.014127054630070272,0.75,3.105705291838203,0.01294457296449523,0.6866745152115881,3.2900467052993454,0.012944610896410667,0.6866765273969044,3.5312815555512884,0.005839050989605031,0.30974583082657364,2.435478425098093,0.014127058647318946,0.75,2.8654366460223124
2026-03-09 00:00:00+00:00,-0.04557354761900275,0.75,2.6411161021360092,-0.04493719846876576,0.739547066571795,2.650235170062247,-0.04493751672328365,0.7395523041968173,2.9661426083486333,-0.041191292781754894,0.6778993970044763,3.154525428195712,-0.041191411943476766,0.6779013580902775,3.385823082308174,-0.018711868274972572,0.30794770845477415,2.3899060736211197,-0.04493751654527323,0.739552301267238,2.7366710393322524
2026-03-16 00:00:00+00:00,0.015481561850647684,0.75,2.682004704425969,0.015489029480175333,0.75,2.6912847407407385,0.01600726366313218,0.7743496547571349,3.01362243514292,0.014615486215748338,0.7070225707182404,3.200630351108734,0.014615530313119499,0.7070247039238182,3.4353086822025087,0.006487246790434424,0.3138198644198685,2.405409984126658,0.015489025743288642,0.75,2.779059407511382
2026-03-23 00:00:00+00:00,0.004129840188247346,0.75,2.6930809552393757,0.00407050220445487,0.7385604159445444,2.70223962121074,0.004200512322869313,0.7621497231872928,3.026281193318213,0.0038405529613994753,0.6968379453336067,3.2129225414820293,0.0038405643820721654,0.696840017524297,3.4485022063687993,0.0017184390022391856,0.31179715929893986,2.4095435344597567,0.004070502219433865,0.7385604186623645,2.7903715749975957
2026-03-30 00:00:00+00:00,-0.025455076649433882,0.75,2.6245283731006266,-0.025457700360270976,0.75,2.633446814632305,-0.025758593469474046,0.7589616952338772,2.948328446335214,-0.023559677575721853,0.6941719412289993,3.1372271223289436,-0.023559747367221145,0.6941739975941762,3.367256365591446,-0.010564009264804603,0.31126227406725704,2.384089094237774,-0.024964571027775988,0.7355662944283533,2.7207111456196813
2026-04-06 00:00:00+00:00,-0.004340020050563162,0.75,2.6131378673380983,-0.004444423280835506,0.7695920436468089,2.621742662300511,-0.00434511847859245,0.75,2.9355176099220834,-0.004328544148299672,0.7499999999999999,3.1236474962267,-0.004105608294749635,0.7109231678256531,3.353431729926325,-0.0018167435500402531,0.3145855588252608,2.3797578157530963,-0.004332757743862658,0.75,2.7089229633346843
2026-04-13 00:00:00+00:00,-0.03294612493819949,0.75,2.527045100680037,-0.03295104586571116,0.75,2.535353499586955,-0.03308926705819361,0.7532730606954536,2.8383834837733413,-0.03308871624151795,0.753260521422147,3.0202900105855264,-0.03135769214773748,0.7138539726168689,3.248275850100841,-0.013844051715838183,0.3151581203075724,2.3468123254806406,-0.03294612387156975,0.75,2.61967445182612
2026-04-20 00:00:00+00:00,0.012626743719436987,0.75,2.5589534515337826,0.013070314660446301,0.7755553602468936,2.5684913676020202,0.0131292311443985,0.7790512971178173,2.8756492766082444,0.013129005111008672,0.7790378849382613,3.059943413571232,0.012419931083182652,0.7369634454638605,3.28861921229826,0.005385873418745569,0.31958243608013936,2.359451959603231,0.01262674371990161,0.75,2.6527524097589024
2026-04-27 00:00:00+00:00,-0.01985717300702356,0.75,2.508139870129756,-0.01986875602627093,0.75,2.5174586392635527,-0.020363297939882046,0.7689555025846266,2.8170915736180646,-0.02036295190755734,0.768942435768979,2.9976339330008344,-0.01927667684399348,0.7279226957487761,3.2252255624798383,-0.008417769524052609,0.31787042620105777,2.3395906368042168,-0.01961366606421373,0.7406480271742204,2.600722209842853
2026-05-04 00:00:00+00:00,0.04434612917307936,0.75,2.619366164794681,0.0452454993107486,0.7652036445234498,2.6313623123911896,0.04434331564747493,0.75,2.942010754474852,0.04641164733181699,0.784925842960176,3.1367590619291565,0.04388712303790406,0.7422304319288462,3.3667714335653844,0.018954823474687875,0.32056890132902427,2.3839371643278735,0.04434654101256831,0.75,2.7160552439839463
2026-05-11 00:00:00+00:00,-0.08023544042947854,0.75,2.409200166916306,-0.08024184236876324,0.75,2.4202169525051915,-0.07684298489570524,0.7181546420249867,2.7159378665057385,-0.08026243242986836,0.7501119133771225,2.88499514967229,-0.07608016935270387,0.7110255654546429,3.1106268927278844,-0.03366299197439435,0.31460560757332495,2.303686706697644,-0.07684274757344542,0.7181524240725896,2.507346096474955
2026-05-18 00:00:00+00:00,0.007327938567455449,0.75,2.426854637736172,0.007964129730285294,0.815431745592303,2.4394918742903786,0.007597891870009408,0.777933363745118,2.7365732687411133,0.007965496439168208,0.8155716802553302,2.9079755682640225,0.0075162572966975755,0.7695749586373744,3.134007164807654,0.003179717652824382,0.3255651030235496,2.311011779985507,0.007326746114624181,0.75,2.5257167847453212
2026-05-25 00:00:00+00:00,-0.007679178193409608,0.75,2.4082183885234936,-0.007701830794692895,0.75,2.420703320649566,-0.00790625584447992,0.7720672800350394,2.7149372203412816,-0.008285756901689766,0.8091265853211185,2.8838807896293335,-0.007821941819953217,0.7638337873596681,3.1094931431012123,-0.0033233403495943115,0.3245331791448953,2.3033315012886932,-0.0076244165326070515,0.7445449084845972,2.506459667935026
2026-06-01 00:00:00+00:00,0.07706133733678702,0.75,2.593798918142156,0.07765866432797325,0.755821207047722,2.608691907265501,0.07706309030236702,0.75,2.924158672517699,0.08383025045884918,0.8158868252141342,3.125637238517424,0.07910065686287182,0.7698555527026764,3.355456093231114,0.033456126655005,0.32561530964187385,2.3803920517242707,0.07706059013873692,0.75,2.6996089291050414
2026-06-08 00:00:00+00:00,-0.024218515031321695,0.75,2.5309809600549045,-0.024217041449207256,0.75,2.5455171072190406,-0.022471449650177652,0.6963380388324795,2.8584485881390873,-0.024292914516539043,0.752781005022439,3.049706400272409,-0.023022806299635386,0.7134233009743286,3.2782040775497228,-0.010167723836190124,0.31507414900697844,2.356188882720476,-0.02247150181279659,0.6963396552309021,2.6389446621608155
2026-06-15 00:00:00+00:00,0.02476283784300364,0.75,2.5936552311524737,0.025381934902502366,0.7686135461044333,2.6101272567276803,0.0235237936518279,0.712345474291554,2.92569014289083,0.025478032359264702,0.7715235609357469,3.127406918624806,0.02411457185283949,0.7302353684144781,3.357256565326067,0.010511576433681702,0.3183106437265095,2.3809561422533836,0.023523849512509652,0.7123471658598626,2.701022799265327
2026-06-22 00:00:00+00:00,0.04731057908868586,0.75,2.7163625620946967,0.04731561068790821,0.75,2.733627021852905,0.04390731829215902,0.6959735364333626,3.05414935121897,0.04746429319726633,0.7523550350081535,3.2758470775575734,0.04498404495583494,0.7130406972857813,3.508279545588967,0.019872570850578242,0.3149995023806635,2.4282718618824335,0.043907420160167694,0.6959751511399992,2.8196177421748616
